Power Unit: mW
PDB Frame : /stim#1/frame#0
-----------------------------------------------------------------------------------------------------------------------------------------------------------------------------------------------------------------------------------
 Cells Pct_cells     Leakage    Internal   Switching       Total Lvl Instance                                                                                                                                                      
-----------------------------------------------------------------------------------------------------------------------------------------------------------------------------------------------------------------------------------
488992    73.89% 3.39171e+00 3.85255e+01 2.40760e+00 4.43248e+01   4 /ChipTop/system/tile_prci_domain/tile_reset_domain_tile/gemmini                                                                                               
155908    23.56% 3.39056e+00 2.35339e+01 2.23735e+00 2.91618e+01   5 /ChipTop/system/tile_prci_domain/tile_reset_domain_tile/gemmini/spad                                                                                          
 63996     9.67% 1.88743e-04 5.99859e+00 8.16658e-01 6.81543e+00   6 /ChipTop/system/tile_prci_domain/tile_reset_domain_tile/gemmini/spad/acc_scale_unit                                                                           
  5337     0.81% 4.35807e-05 5.99855e+00 8.16557e-01 6.81515e+00   7 /ChipTop/system/tile_prci_domain/tile_reset_domain_tile/gemmini/spad/acc_scale_unit/pipe_out_p                                                                
  2872     0.43% 6.95111e-06 9.55150e-07 2.51236e-06 1.04186e-05   7 /ChipTop/system/tile_prci_domain/tile_reset_domain_tile/gemmini/spad/acc_scale_unit/activated_data_e_scaled_muladder_1                                        
   346     0.05% 7.14988e-07 2.82691e-07 1.26351e-06 2.26119e-06   8 /ChipTop/system/tile_prci_domain/tile_reset_domain_tile/gemmini/spad/acc_scale_unit/activated_data_e_scaled_muladder_1/roundRawFNToRecFN                      
   346     0.05% 7.14988e-07 2.82691e-07 1.26351e-06 2.26119e-06   9 /ChipTop/system/tile_prci_domain/tile_reset_domain_tile/gemmini/spad/acc_scale_unit/activated_data_e_scaled_muladder_1/roundRawFNToRecFN/roundAnyRawFNToRecFN 
   459     0.07% 1.11255e-06 4.13566e-07 5.38925e-07 2.06504e-06   8 /ChipTop/system/tile_prci_domain/tile_reset_domain_tile/gemmini/spad/acc_scale_unit/activated_data_e_scaled_muladder_1/mulAddRecFNToRaw_postMul               
    49     0.01% 1.27465e-07 6.08430e-08 1.88648e-07 3.76956e-07   8 /ChipTop/system/tile_prci_domain/tile_reset_domain_tile/gemmini/spad/acc_scale_unit/activated_data_e_scaled_muladder_1/mulAddRecFNToRaw_preMul                
  2493     0.38% 6.64751e-06 1.00568e-06 2.23523e-06 9.88841e-06   7 /ChipTop/system/tile_prci_domain/tile_reset_domain_tile/gemmini/spad/acc_scale_unit/activated_data_e_scaled_muladder_2                                        
   435     0.07% 1.13053e-06 4.52513e-07 5.30218e-07 2.11326e-06   8 /ChipTop/system/tile_prci_domain/tile_reset_domain_tile/gemmini/spad/acc_scale_unit/activated_data_e_scaled_muladder_2/mulAddRecFNToRaw_postMul               
   346     0.05% 6.46244e-07 2.61568e-07 1.01436e-06 1.92217e-06   8 /ChipTop/system/tile_prci_domain/tile_reset_domain_tile/gemmini/spad/acc_scale_unit/activated_data_e_scaled_muladder_2/roundRawFNToRecFN                      
   346     0.05% 6.46244e-07 2.61568e-07 1.01436e-06 1.92217e-06   9 /ChipTop/system/tile_prci_domain/tile_reset_domain_tile/gemmini/spad/acc_scale_unit/activated_data_e_scaled_muladder_2/roundRawFNToRecFN/roundAnyRawFNToRecFN 
    47     0.01% 1.41355e-07 8.71840e-08 2.00132e-07 4.28671e-07   8 /ChipTop/system/tile_prci_domain/tile_reset_domain_tile/gemmini/spad/acc_scale_unit/activated_data_e_scaled_muladder_2/mulAddRecFNToRaw_preMul                
  2476     0.37% 6.26533e-06 1.02321e-06 2.48834e-06 9.77688e-06   7 /ChipTop/system/tile_prci_domain/tile_reset_domain_tile/gemmini/spad/acc_scale_unit/activated_data_e_scaled_muladder_3                                        
   346     0.05% 6.68177e-07 2.78408e-07 1.20506e-06 2.15164e-06   8 /ChipTop/system/tile_prci_domain/tile_reset_domain_tile/gemmini/spad/acc_scale_unit/activated_data_e_scaled_muladder_3/roundRawFNToRecFN                      
   346     0.05% 6.68177e-07 2.78408e-07 1.20506e-06 2.15164e-06   9 /ChipTop/system/tile_prci_domain/tile_reset_domain_tile/gemmini/spad/acc_scale_unit/activated_data_e_scaled_muladder_3/roundRawFNToRecFN/roundAnyRawFNToRecFN 
   435     0.07% 1.13989e-06 4.65152e-07 5.20338e-07 2.12538e-06   8 /ChipTop/system/tile_prci_domain/tile_reset_domain_tile/gemmini/spad/acc_scale_unit/activated_data_e_scaled_muladder_3/mulAddRecFNToRaw_postMul               
    47     0.01% 1.41713e-07 7.44510e-08 2.69695e-07 4.85859e-07   8 /ChipTop/system/tile_prci_domain/tile_reset_domain_tile/gemmini/spad/acc_scale_unit/activated_data_e_scaled_muladder_3/mulAddRecFNToRaw_preMul                
  2517     0.38% 6.26905e-06 1.02407e-06 2.41460e-06 9.70772e-06   7 /ChipTop/system/tile_prci_domain/tile_reset_domain_tile/gemmini/spad/acc_scale_unit/activated_data_e_scaled_muladder_7                                        
   346     0.05% 6.70064e-07 2.81906e-07 1.18597e-06 2.13794e-06   8 /ChipTop/system/tile_prci_domain/tile_reset_domain_tile/gemmini/spad/acc_scale_unit/activated_data_e_scaled_muladder_7/roundRawFNToRecFN                      
   346     0.05% 6.70064e-07 2.81906e-07 1.18597e-06 2.13794e-06   9 /ChipTop/system/tile_prci_domain/tile_reset_domain_tile/gemmini/spad/acc_scale_unit/activated_data_e_scaled_muladder_7/roundRawFNToRecFN/roundAnyRawFNToRecFN 
   437     0.07% 1.08050e-06 4.65707e-07 4.77243e-07 2.02345e-06   8 /ChipTop/system/tile_prci_domain/tile_reset_domain_tile/gemmini/spad/acc_scale_unit/activated_data_e_scaled_muladder_7/mulAddRecFNToRaw_postMul               
    46     0.01% 1.61655e-07 8.68200e-08 2.44054e-07 4.92529e-07   8 /ChipTop/system/tile_prci_domain/tile_reset_domain_tile/gemmini/spad/acc_scale_unit/activated_data_e_scaled_muladder_7/mulAddRecFNToRaw_preMul                
  2467     0.37% 6.12741e-06 1.05067e-06 2.51005e-06 9.68814e-06   7 /ChipTop/system/tile_prci_domain/tile_reset_domain_tile/gemmini/spad/acc_scale_unit/activated_data_e_scaled_muladder_13                                       
   346     0.05% 6.67483e-07 2.77908e-07 1.20798e-06 2.15337e-06   8 /ChipTop/system/tile_prci_domain/tile_reset_domain_tile/gemmini/spad/acc_scale_unit/activated_data_e_scaled_muladder_13/roundRawFNToRecFN                     
   346     0.05% 6.67483e-07 2.77908e-07 1.20798e-06 2.15337e-06   9 /ChipTop/system/tile_prci_domain/tile_reset_domain_tile/gemmini/spad/acc_scale_unit/activated_data_e_scaled_muladder_13/roundRawFNToRecFN/roundAnyRawFNToRecFN
   436     0.07% 1.11883e-06 4.85680e-07 5.32706e-07 2.13722e-06   8 /ChipTop/system/tile_prci_domain/tile_reset_domain_tile/gemmini/spad/acc_scale_unit/activated_data_e_scaled_muladder_13/mulAddRecFNToRaw_postMul              
    47     0.01% 1.45506e-07 6.95960e-08 2.68694e-07 4.83796e-07   8 /ChipTop/system/tile_prci_domain/tile_reset_domain_tile/gemmini/spad/acc_scale_unit/activated_data_e_scaled_muladder_13/mulAddRecFNToRaw_preMul               
  2529     0.38% 6.19578e-06 1.02327e-06 2.46725e-06 9.68629e-06   7 /ChipTop/system/tile_prci_domain/tile_reset_domain_tile/gemmini/spad/acc_scale_unit/activated_data_e_scaled_muladder_10                                       
   436     0.07% 1.12304e-06 5.07765e-07 5.39480e-07 2.17029e-06   8 /ChipTop/system/tile_prci_domain/tile_reset_domain_tile/gemmini/spad/acc_scale_unit/activated_data_e_scaled_muladder_10/mulAddRecFNToRaw_postMul              
   346     0.05% 6.67729e-07 2.57967e-07 1.13163e-06 2.05733e-06   8 /ChipTop/system/tile_prci_domain/tile_reset_domain_tile/gemmini/spad/acc_scale_unit/activated_data_e_scaled_muladder_10/roundRawFNToRecFN                     
   346     0.05% 6.67729e-07 2.57967e-07 1.13163e-06 2.05733e-06   9 /ChipTop/system/tile_prci_domain/tile_reset_domain_tile/gemmini/spad/acc_scale_unit/activated_data_e_scaled_muladder_10/roundRawFNToRecFN/roundAnyRawFNToRecFN
    47     0.01% 1.36101e-07 8.02790e-08 2.46612e-07 4.62992e-07   8 /ChipTop/system/tile_prci_domain/tile_reset_domain_tile/gemmini/spad/acc_scale_unit/activated_data_e_scaled_muladder_10/mulAddRecFNToRaw_preMul               
  2488     0.38% 6.19226e-06 1.04128e-06 2.31758e-06 9.55112e-06   7 /ChipTop/system/tile_prci_domain/tile_reset_domain_tile/gemmini/spad/acc_scale_unit/activated_data_e_scaled_muladder_6                                        
   435     0.07% 1.07318e-06 5.26031e-07 5.19113e-07 2.11833e-06   8 /ChipTop/system/tile_prci_domain/tile_reset_domain_tile/gemmini/spad/acc_scale_unit/activated_data_e_scaled_muladder_6/mulAddRecFNToRaw_postMul               
   346     0.05% 6.79020e-07 2.47998e-07 1.04100e-06 1.96802e-06   8 /ChipTop/system/tile_prci_domain/tile_reset_domain_tile/gemmini/spad/acc_scale_unit/activated_data_e_scaled_muladder_6/roundRawFNToRecFN                      
   346     0.05% 6.79020e-07 2.47998e-07 1.04100e-06 1.96802e-06   9 /ChipTop/system/tile_prci_domain/tile_reset_domain_tile/gemmini/spad/acc_scale_unit/activated_data_e_scaled_muladder_6/roundRawFNToRecFN/roundAnyRawFNToRecFN 
    47     0.01% 1.40714e-07 8.21210e-08 2.11043e-07 4.33878e-07   8 /ChipTop/system/tile_prci_domain/tile_reset_domain_tile/gemmini/spad/acc_scale_unit/activated_data_e_scaled_muladder_6/mulAddRecFNToRaw_preMul                
  2439     0.37% 6.03727e-06 9.61899e-07 2.45901e-06 9.45818e-06   7 /ChipTop/system/tile_prci_domain/tile_reset_domain_tile/gemmini/spad/acc_scale_unit/activated_data_e_scaled_muladder_9                                        
   437     0.07% 1.13627e-06 4.91849e-07 5.35975e-07 2.16409e-06   8 /ChipTop/system/tile_prci_domain/tile_reset_domain_tile/gemmini/spad/acc_scale_unit/activated_data_e_scaled_muladder_9/mulAddRecFNToRaw_postMul               
   346     0.05% 6.81307e-07 2.28315e-07 1.14748e-06 2.05710e-06   8 /ChipTop/system/tile_prci_domain/tile_reset_domain_tile/gemmini/spad/acc_scale_unit/activated_data_e_scaled_muladder_9/roundRawFNToRecFN                      
   346     0.05% 6.81307e-07 2.28315e-07 1.14748e-06 2.05710e-06   9 /ChipTop/system/tile_prci_domain/tile_reset_domain_tile/gemmini/spad/acc_scale_unit/activated_data_e_scaled_muladder_9/roundRawFNToRecFN/roundAnyRawFNToRecFN 
    47     0.01% 1.38530e-07 7.26950e-08 2.54669e-07 4.65894e-07   8 /ChipTop/system/tile_prci_domain/tile_reset_domain_tile/gemmini/spad/acc_scale_unit/activated_data_e_scaled_muladder_9/mulAddRecFNToRaw_preMul                
  2476     0.37% 6.18705e-06 1.00506e-06 2.25106e-06 9.44317e-06   7 /ChipTop/system/tile_prci_domain/tile_reset_domain_tile/gemmini/spad/acc_scale_unit/activated_data_e_scaled_muladder                                          
   435     0.07% 1.14658e-06 4.58081e-07 4.86563e-07 2.09122e-06   8 /ChipTop/system/tile_prci_domain/tile_reset_domain_tile/gemmini/spad/acc_scale_unit/activated_data_e_scaled_muladder/mulAddRecFNToRaw_postMul                 
   346     0.05% 5.92515e-07 2.73490e-07 1.09748e-06 1.96349e-06   8 /ChipTop/system/tile_prci_domain/tile_reset_domain_tile/gemmini/spad/acc_scale_unit/activated_data_e_scaled_muladder/roundRawFNToRecFN                        
   346     0.05% 5.92515e-07 2.73490e-07 1.09748e-06 1.96349e-06   9 /ChipTop/system/tile_prci_domain/tile_reset_domain_tile/gemmini/spad/acc_scale_unit/activated_data_e_scaled_muladder/roundRawFNToRecFN/roundAnyRawFNToRecFN   
    47     0.01% 1.37145e-07 6.38410e-08 1.87767e-07 3.88753e-07   8 /ChipTop/system/tile_prci_domain/tile_reset_domain_tile/gemmini/spad/acc_scale_unit/activated_data_e_scaled_muladder/mulAddRecFNToRaw_preMul                  
  2432     0.37% 6.00077e-06 1.01091e-06 2.42737e-06 9.43905e-06   7 /ChipTop/system/tile_prci_domain/tile_reset_domain_tile/gemmini/spad/acc_scale_unit/activated_data_e_scaled_muladder_12                                       
   346     0.05% 6.63423e-07 2.69281e-07 1.16579e-06 2.09849e-06   8 /ChipTop/system/tile_prci_domain/tile_reset_domain_tile/gemmini/spad/acc_scale_unit/activated_data_e_scaled_muladder_12/roundRawFNToRecFN                     
   346     0.05% 6.63423e-07 2.69281e-07 1.16579e-06 2.09849e-06   9 /ChipTop/system/tile_prci_domain/tile_reset_domain_tile/gemmini/spad/acc_scale_unit/activated_data_e_scaled_muladder_12/roundRawFNToRecFN/roundAnyRawFNToRecFN
   436     0.07% 1.06985e-06 4.63090e-07 5.01980e-07 2.03491e-06   8 /ChipTop/system/tile_prci_domain/tile_reset_domain_tile/gemmini/spad/acc_scale_unit/activated_data_e_scaled_muladder_12/mulAddRecFNToRaw_postMul              
    46     0.01% 1.38488e-07 7.47040e-08 2.58597e-07 4.71789e-07   8 /ChipTop/system/tile_prci_domain/tile_reset_domain_tile/gemmini/spad/acc_scale_unit/activated_data_e_scaled_muladder_12/mulAddRecFNToRaw_preMul               
  2442     0.37% 5.98203e-06 9.65605e-07 2.45879e-06 9.40643e-06   7 /ChipTop/system/tile_prci_domain/tile_reset_domain_tile/gemmini/spad/acc_scale_unit/activated_data_e_scaled_muladder_14                                       
   436     0.07% 1.11753e-06 4.74678e-07 5.38579e-07 2.13078e-06   8 /ChipTop/system/tile_prci_domain/tile_reset_domain_tile/gemmini/spad/acc_scale_unit/activated_data_e_scaled_muladder_14/mulAddRecFNToRaw_postMul              
   346     0.05% 6.53346e-07 2.30197e-07 1.14742e-06 2.03096e-06   8 /ChipTop/system/tile_prci_domain/tile_reset_domain_tile/gemmini/spad/acc_scale_unit/activated_data_e_scaled_muladder_14/roundRawFNToRecFN                     
   346     0.05% 6.53346e-07 2.30197e-07 1.14742e-06 2.03096e-06   9 /ChipTop/system/tile_prci_domain/tile_reset_domain_tile/gemmini/spad/acc_scale_unit/activated_data_e_scaled_muladder_14/roundRawFNToRecFN/roundAnyRawFNToRecFN
    49     0.01% 1.33228e-07 7.19520e-08 2.57482e-07 4.62662e-07   8 /ChipTop/system/tile_prci_domain/tile_reset_domain_tile/gemmini/spad/acc_scale_unit/activated_data_e_scaled_muladder_14/mulAddRecFNToRaw_preMul               
  2439     0.37% 6.06211e-06 9.72547e-07 2.32391e-06 9.35856e-06   7 /ChipTop/system/tile_prci_domain/tile_reset_domain_tile/gemmini/spad/acc_scale_unit/activated_data_e_scaled_muladder_15                                       
   436     0.07% 1.13132e-06 4.61304e-07 5.11905e-07 2.10453e-06   8 /ChipTop/system/tile_prci_domain/tile_reset_domain_tile/gemmini/spad/acc_scale_unit/activated_data_e_scaled_muladder_15/mulAddRecFNToRaw_postMul              
   346     0.05% 6.85811e-07 2.72799e-07 1.11392e-06 2.07253e-06   8 /ChipTop/system/tile_prci_domain/tile_reset_domain_tile/gemmini/spad/acc_scale_unit/activated_data_e_scaled_muladder_15/roundRawFNToRecFN                     
   346     0.05% 6.85811e-07 2.72799e-07 1.11392e-06 2.07253e-06   9 /ChipTop/system/tile_prci_domain/tile_reset_domain_tile/gemmini/spad/acc_scale_unit/activated_data_e_scaled_muladder_15/roundRawFNToRecFN/roundAnyRawFNToRecFN
    46     0.01% 1.44524e-07 7.26520e-08 1.90412e-07 4.07588e-07   8 /ChipTop/system/tile_prci_domain/tile_reset_domain_tile/gemmini/spad/acc_scale_unit/activated_data_e_scaled_muladder_15/mulAddRecFNToRaw_preMul               
  2434     0.37% 5.99390e-06 9.88729e-07 2.34953e-06 9.33216e-06   7 /ChipTop/system/tile_prci_domain/tile_reset_domain_tile/gemmini/spad/acc_scale_unit/activated_data_e_scaled_muladder_8                                        
   436     0.07% 1.08857e-06 4.57130e-07 5.37662e-07 2.08336e-06   8 /ChipTop/system/tile_prci_domain/tile_reset_domain_tile/gemmini/spad/acc_scale_unit/activated_data_e_scaled_muladder_8/mulAddRecFNToRaw_postMul               
   346     0.05% 6.28678e-07 2.92212e-07 1.12456e-06 2.04545e-06   8 /ChipTop/system/tile_prci_domain/tile_reset_domain_tile/gemmini/spad/acc_scale_unit/activated_data_e_scaled_muladder_8/roundRawFNToRecFN                      
   346     0.05% 6.28678e-07 2.92212e-07 1.12456e-06 2.04545e-06   9 /ChipTop/system/tile_prci_domain/tile_reset_domain_tile/gemmini/spad/acc_scale_unit/activated_data_e_scaled_muladder_8/roundRawFNToRecFN/roundAnyRawFNToRecFN 
    46     0.01% 1.26814e-07 7.22300e-08 1.93163e-07 3.92207e-07   8 /ChipTop/system/tile_prci_domain/tile_reset_domain_tile/gemmini/spad/acc_scale_unit/activated_data_e_scaled_muladder_8/mulAddRecFNToRaw_preMul                
  2484     0.38% 6.06811e-06 9.45171e-07 2.23427e-06 9.24755e-06   7 /ChipTop/system/tile_prci_domain/tile_reset_domain_tile/gemmini/spad/acc_scale_unit/activated_data_e_scaled_muladder_4                                        
   435     0.07% 1.08511e-06 4.37497e-07 5.09709e-07 2.03231e-06   8 /ChipTop/system/tile_prci_domain/tile_reset_domain_tile/gemmini/spad/acc_scale_unit/activated_data_e_scaled_muladder_4/mulAddRecFNToRaw_postMul               
   346     0.05% 6.99518e-07 2.23846e-07 1.03983e-06 1.96320e-06   8 /ChipTop/system/tile_prci_domain/tile_reset_domain_tile/gemmini/spad/acc_scale_unit/activated_data_e_scaled_muladder_4/roundRawFNToRecFN                      
   346     0.05% 6.99518e-07 2.23846e-07 1.03983e-06 1.96320e-06   9 /ChipTop/system/tile_prci_domain/tile_reset_domain_tile/gemmini/spad/acc_scale_unit/activated_data_e_scaled_muladder_4/roundRawFNToRecFN/roundAnyRawFNToRecFN 
    47     0.01% 1.37724e-07 7.45920e-08 2.00886e-07 4.13202e-07   8 /ChipTop/system/tile_prci_domain/tile_reset_domain_tile/gemmini/spad/acc_scale_unit/activated_data_e_scaled_muladder_4/mulAddRecFNToRaw_preMul                
  2459     0.37% 6.04397e-06 9.02955e-07 2.27694e-06 9.22387e-06   7 /ChipTop/system/tile_prci_domain/tile_reset_domain_tile/gemmini/spad/acc_scale_unit/activated_data_e_scaled_muladder_11                                       
   435     0.07% 1.07870e-06 4.27519e-07 5.35881e-07 2.04210e-06   8 /ChipTop/system/tile_prci_domain/tile_reset_domain_tile/gemmini/spad/acc_scale_unit/activated_data_e_scaled_muladder_11/mulAddRecFNToRaw_postMul              
   346     0.05% 6.64452e-07 2.23943e-07 1.07228e-06 1.96068e-06   8 /ChipTop/system/tile_prci_domain/tile_reset_domain_tile/gemmini/spad/acc_scale_unit/activated_data_e_scaled_muladder_11/roundRawFNToRecFN                     
   346     0.05% 6.64452e-07 2.23943e-07 1.07228e-06 1.96068e-06   9 /ChipTop/system/tile_prci_domain/tile_reset_domain_tile/gemmini/spad/acc_scale_unit/activated_data_e_scaled_muladder_11/roundRawFNToRecFN/roundAnyRawFNToRecFN
    47     0.01% 1.36630e-07 6.45930e-08 2.00135e-07 4.01358e-07   8 /ChipTop/system/tile_prci_domain/tile_reset_domain_tile/gemmini/spad/acc_scale_unit/activated_data_e_scaled_muladder_11/mulAddRecFNToRaw_preMul               
  2440     0.37% 5.90839e-06 1.01970e-06 2.26549e-06 9.19358e-06   7 /ChipTop/system/tile_prci_domain/tile_reset_domain_tile/gemmini/spad/acc_scale_unit/activated_data_e_scaled_muladder_5                                        
   437     0.07% 1.10987e-06 4.56103e-07 5.11518e-07 2.07749e-06   8 /ChipTop/system/tile_prci_domain/tile_reset_domain_tile/gemmini/spad/acc_scale_unit/activated_data_e_scaled_muladder_5/mulAddRecFNToRaw_postMul               
   346     0.05% 5.79353e-07 2.71053e-07 1.08615e-06 1.93655e-06   8 /ChipTop/system/tile_prci_domain/tile_reset_domain_tile/gemmini/spad/acc_scale_unit/activated_data_e_scaled_muladder_5/roundRawFNToRecFN                      
   346     0.05% 5.79353e-07 2.71053e-07 1.08615e-06 1.93655e-06   9 /ChipTop/system/tile_prci_domain/tile_reset_domain_tile/gemmini/spad/acc_scale_unit/activated_data_e_scaled_muladder_5/roundRawFNToRecFN/roundAnyRawFNToRecFN 
    46     0.01% 1.44064e-07 8.72680e-08 1.92306e-07 4.23638e-07   8 /ChipTop/system/tile_prci_domain/tile_reset_domain_tile/gemmini/spad/acc_scale_unit/activated_data_e_scaled_muladder_5/mulAddRecFNToRaw_preMul                
   556     0.08% 1.43451e-06 6.62226e-07 2.97005e-06 5.06680e-06   7 /ChipTop/system/tile_prci_domain/tile_reset_domain_tile/gemmini/spad/acc_scale_unit/activated_data_e_scaled_in_to_rec_fn_1                                    
   116     0.02% 3.20282e-07 5.19476e-07 1.82356e-06 2.66332e-06   8 /ChipTop/system/tile_prci_domain/tile_reset_domain_tile/gemmini/spad/acc_scale_unit/activated_data_e_scaled_in_to_rec_fn_1/roundAnyRawFNToRecFN               
   574     0.09% 1.54610e-06 2.50784e-07 2.78989e-06 4.58677e-06   7 /ChipTop/system/tile_prci_domain/tile_reset_domain_tile/gemmini/spad/acc_scale_unit/activated_data_e_scaled_in_to_rec_fn_2                                    
   119     0.02% 4.36520e-07 5.90910e-08 1.77102e-06 2.26663e-06   8 /ChipTop/system/tile_prci_domain/tile_reset_domain_tile/gemmini/spad/acc_scale_unit/activated_data_e_scaled_in_to_rec_fn_2/roundAnyRawFNToRecFN               
   577     0.09% 1.40684e-06 6.64642e-07 2.46967e-06 4.54115e-06   7 /ChipTop/system/tile_prci_domain/tile_reset_domain_tile/gemmini/spad/acc_scale_unit/activated_data_e_scaled_in_to_rec_fn_7                                    
   108     0.02% 2.87339e-07 5.09383e-07 1.47444e-06 2.27116e-06   8 /ChipTop/system/tile_prci_domain/tile_reset_domain_tile/gemmini/spad/acc_scale_unit/activated_data_e_scaled_in_to_rec_fn_7/roundAnyRawFNToRecFN               
   577     0.09% 1.40109e-06 6.11234e-07 2.44023e-06 4.45256e-06   7 /ChipTop/system/tile_prci_domain/tile_reset_domain_tile/gemmini/spad/acc_scale_unit/activated_data_e_scaled_in_to_rec_fn_6                                    
   122     0.02% 3.04541e-07 4.85285e-07 1.54676e-06 2.33659e-06   8 /ChipTop/system/tile_prci_domain/tile_reset_domain_tile/gemmini/spad/acc_scale_unit/activated_data_e_scaled_in_to_rec_fn_6/roundAnyRawFNToRecFN               
   559     0.08% 1.29170e-06 6.62316e-07 2.47223e-06 4.42625e-06   7 /ChipTop/system/tile_prci_domain/tile_reset_domain_tile/gemmini/spad/acc_scale_unit/activated_data_e_scaled_in_to_rec_fn_12                                   
   113     0.02% 3.12916e-07 4.83802e-07 1.40598e-06 2.20270e-06   8 /ChipTop/system/tile_prci_domain/tile_reset_domain_tile/gemmini/spad/acc_scale_unit/activated_data_e_scaled_in_to_rec_fn_12/roundAnyRawFNToRecFN              
   535     0.08% 1.28062e-06 6.18188e-07 2.50386e-06 4.40266e-06   7 /ChipTop/system/tile_prci_domain/tile_reset_domain_tile/gemmini/spad/acc_scale_unit/activated_data_e_scaled_in_to_rec_fn_10                                   
   112     0.02% 2.94613e-07 4.90745e-07 1.58808e-06 2.37344e-06   8 /ChipTop/system/tile_prci_domain/tile_reset_domain_tile/gemmini/spad/acc_scale_unit/activated_data_e_scaled_in_to_rec_fn_10/roundAnyRawFNToRecFN              
   550     0.08% 1.26497e-06 6.08656e-07 2.49764e-06 4.37127e-06   7 /ChipTop/system/tile_prci_domain/tile_reset_domain_tile/gemmini/spad/acc_scale_unit/activated_data_e_scaled_in_to_rec_fn_5                                    
   111     0.02% 2.68385e-07 4.72769e-07 1.61016e-06 2.35131e-06   8 /ChipTop/system/tile_prci_domain/tile_reset_domain_tile/gemmini/spad/acc_scale_unit/activated_data_e_scaled_in_to_rec_fn_5/roundAnyRawFNToRecFN               
   553     0.08% 1.35574e-06 5.71758e-07 2.42627e-06 4.35377e-06   7 /ChipTop/system/tile_prci_domain/tile_reset_domain_tile/gemmini/spad/acc_scale_unit/activated_data_e_scaled_in_to_rec_fn_4                                    
   117     0.02% 3.21536e-07 4.45829e-07 1.64351e-06 2.41088e-06   8 /ChipTop/system/tile_prci_domain/tile_reset_domain_tile/gemmini/spad/acc_scale_unit/activated_data_e_scaled_in_to_rec_fn_4/roundAnyRawFNToRecFN               
   571     0.09% 1.41643e-06 6.02985e-07 2.28946e-06 4.30888e-06   7 /ChipTop/system/tile_prci_domain/tile_reset_domain_tile/gemmini/spad/acc_scale_unit/activated_data_e_scaled_in_to_rec_fn_3                                    
   114     0.02% 2.95466e-07 4.78976e-07 1.44232e-06 2.21676e-06   8 /ChipTop/system/tile_prci_domain/tile_reset_domain_tile/gemmini/spad/acc_scale_unit/activated_data_e_scaled_in_to_rec_fn_3/roundAnyRawFNToRecFN               
   552     0.08% 1.34134e-06 2.07249e-07 2.75569e-06 4.30428e-06   7 /ChipTop/system/tile_prci_domain/tile_reset_domain_tile/gemmini/spad/acc_scale_unit/activated_data_e_scaled_in_to_rec_fn_13                                   
   115     0.02% 3.37091e-07 5.74880e-08 1.63171e-06 2.02629e-06   8 /ChipTop/system/tile_prci_domain/tile_reset_domain_tile/gemmini/spad/acc_scale_unit/activated_data_e_scaled_in_to_rec_fn_13/roundAnyRawFNToRecFN              
   527     0.08% 1.18999e-06 6.67017e-07 2.38031e-06 4.23732e-06   7 /ChipTop/system/tile_prci_domain/tile_reset_domain_tile/gemmini/spad/acc_scale_unit/activated_data_e_scaled_in_to_rec_fn_14                                   
   109     0.02% 2.91844e-07 5.16020e-07 1.51103e-06 2.31889e-06   8 /ChipTop/system/tile_prci_domain/tile_reset_domain_tile/gemmini/spad/acc_scale_unit/activated_data_e_scaled_in_to_rec_fn_14/roundAnyRawFNToRecFN              
   569     0.09% 1.43174e-06 5.12916e-07 2.28251e-06 4.22716e-06   7 /ChipTop/system/tile_prci_domain/tile_reset_domain_tile/gemmini/spad/acc_scale_unit/activated_data_e_scaled_in_to_rec_fn                                      
   114     0.02% 2.92478e-07 4.10713e-07 1.49826e-06 2.20145e-06   8 /ChipTop/system/tile_prci_domain/tile_reset_domain_tile/gemmini/spad/acc_scale_unit/activated_data_e_scaled_in_to_rec_fn/roundAnyRawFNToRecFN                 
   547     0.08% 1.30320e-06 4.27841e-07 2.37724e-06 4.10828e-06   7 /ChipTop/system/tile_prci_domain/tile_reset_domain_tile/gemmini/spad/acc_scale_unit/activated_data_e_scaled_in_to_rec_fn_11                                   
   117     0.02% 3.06242e-07 3.15058e-07 1.55772e-06 2.17902e-06   8 /ChipTop/system/tile_prci_domain/tile_reset_domain_tile/gemmini/spad/acc_scale_unit/activated_data_e_scaled_in_to_rec_fn_11/roundAnyRawFNToRecFN              
   540     0.08% 1.33069e-06 2.39535e-07 2.50197e-06 4.07219e-06   7 /ChipTop/system/tile_prci_domain/tile_reset_domain_tile/gemmini/spad/acc_scale_unit/activated_data_e_scaled_in_to_rec_fn_15                                   
   112     0.02% 3.64334e-07 5.28850e-08 1.43825e-06 1.85547e-06   8 /ChipTop/system/tile_prci_domain/tile_reset_domain_tile/gemmini/spad/acc_scale_unit/activated_data_e_scaled_in_to_rec_fn_15/roundAnyRawFNToRecFN              
   531     0.08% 1.20485e-06 5.56765e-07 2.23079e-06 3.99240e-06   7 /ChipTop/system/tile_prci_domain/tile_reset_domain_tile/gemmini/spad/acc_scale_unit/activated_data_e_scaled_in_to_rec_fn_9                                    
   111     0.02% 2.80926e-07 4.47462e-07 1.39862e-06 2.12701e-06   8 /ChipTop/system/tile_prci_domain/tile_reset_domain_tile/gemmini/spad/acc_scale_unit/activated_data_e_scaled_in_to_rec_fn_9/roundAnyRawFNToRecFN               
   527     0.08% 1.28656e-06 2.27891e-07 2.30504e-06 3.81949e-06   7 /ChipTop/system/tile_prci_domain/tile_reset_domain_tile/gemmini/spad/acc_scale_unit/activated_data_e_scaled_in_to_rec_fn_8                                    
   111     0.02% 3.62185e-07 4.96310e-08 1.37006e-06 1.78188e-06   8 /ChipTop/system/tile_prci_domain/tile_reset_domain_tile/gemmini/spad/acc_scale_unit/activated_data_e_scaled_in_to_rec_fn_8/roundAnyRawFNToRecFN               
   331     0.05% 9.56815e-07 6.00040e-08 2.40306e-07 1.25713e-06   7 /ChipTop/system/tile_prci_domain/tile_reset_domain_tile/gemmini/spad/acc_scale_unit/activated_data_e_scaled_rec_fn_to_in_7                                    
   331     0.05% 9.05208e-07 5.89440e-08 2.42266e-07 1.20642e-06   7 /ChipTop/system/tile_prci_domain/tile_reset_domain_tile/gemmini/spad/acc_scale_unit/activated_data_e_scaled_rec_fn_to_in_12                                   
   331     0.05% 8.83475e-07 5.95650e-08 2.42049e-07 1.18509e-06   7 /ChipTop/system/tile_prci_domain/tile_reset_domain_tile/gemmini/spad/acc_scale_unit/activated_data_e_scaled_rec_fn_to_in_3                                    
   331     0.05% 8.51762e-07 5.90230e-08 2.42049e-07 1.15283e-06   7 /ChipTop/system/tile_prci_domain/tile_reset_domain_tile/gemmini/spad/acc_scale_unit/activated_data_e_scaled_rec_fn_to_in_13                                   
   331     0.05% 9.50473e-07 5.81840e-08 1.26450e-07 1.13511e-06   7 /ChipTop/system/tile_prci_domain/tile_reset_domain_tile/gemmini/spad/acc_scale_unit/activated_data_e_scaled_rec_fn_to_in_15                                   
   327     0.05% 8.89859e-07 6.71420e-08 1.28915e-07 1.08592e-06   7 /ChipTop/system/tile_prci_domain/tile_reset_domain_tile/gemmini/spad/acc_scale_unit/activated_data_e_scaled_rec_fn_to_in_1                                    
   331     0.05% 8.51078e-07 5.71080e-08 1.30401e-07 1.03859e-06   7 /ChipTop/system/tile_prci_domain/tile_reset_domain_tile/gemmini/spad/acc_scale_unit/activated_data_e_scaled_rec_fn_to_in_5                                    
   331     0.05% 7.29412e-07 5.89080e-08 2.42049e-07 1.03037e-06   7 /ChipTop/system/tile_prci_domain/tile_reset_domain_tile/gemmini/spad/acc_scale_unit/activated_data_e_scaled_rec_fn_to_in_14                                   
   331     0.05% 8.35040e-07 6.00920e-08 1.27936e-07 1.02307e-06   7 /ChipTop/system/tile_prci_domain/tile_reset_domain_tile/gemmini/spad/acc_scale_unit/activated_data_e_scaled_rec_fn_to_in_11                                   
   331     0.05% 7.12228e-07 5.99660e-08 2.42049e-07 1.01424e-06   7 /ChipTop/system/tile_prci_domain/tile_reset_domain_tile/gemmini/spad/acc_scale_unit/activated_data_e_scaled_rec_fn_to_in_10                                   
   331     0.05% 8.28728e-07 5.62640e-08 1.28803e-07 1.01380e-06   7 /ChipTop/system/tile_prci_domain/tile_reset_domain_tile/gemmini/spad/acc_scale_unit/activated_data_e_scaled_rec_fn_to_in_2                                    
   331     0.05% 7.08901e-07 5.68210e-08 2.42266e-07 1.00799e-06   7 /ChipTop/system/tile_prci_domain/tile_reset_domain_tile/gemmini/spad/acc_scale_unit/activated_data_e_scaled_rec_fn_to_in_9                                    
   331     0.05% 8.23215e-07 5.52150e-08 1.28803e-07 1.00723e-06   7 /ChipTop/system/tile_prci_domain/tile_reset_domain_tile/gemmini/spad/acc_scale_unit/activated_data_e_scaled_rec_fn_to_in_4                                    
   331     0.05% 7.95610e-07 6.03420e-08 1.28915e-07 9.84867e-07   7 /ChipTop/system/tile_prci_domain/tile_reset_domain_tile/gemmini/spad/acc_scale_unit/activated_data_e_scaled_rec_fn_to_in_8                                    
   331     0.05% 7.45695e-07 5.69910e-08 1.28803e-07 9.31489e-07   7 /ChipTop/system/tile_prci_domain/tile_reset_domain_tile/gemmini/spad/acc_scale_unit/activated_data_e_scaled_rec_fn_to_in_6                                    
   331     0.05% 7.24450e-07 5.61140e-08 1.26450e-07 9.07014e-07   7 /ChipTop/system/tile_prci_domain/tile_reset_domain_tile/gemmini/spad/acc_scale_unit/activated_data_e_scaled_rec_fn_to_in                                      
 13654     2.06% 1.12546e+00 4.07865e+00 2.88319e-04 5.20440e+00   6 /ChipTop/system/tile_prci_domain/tile_reset_domain_tile/gemmini/spad/acc_mems_0                                                                               
     9     0.00% 5.62694e-01 1.20357e+00 9.28648e-06 1.76628e+00   7 /ChipTop/system/tile_prci_domain/tile_reset_domain_tile/gemmini/spad/acc_mems_0/mem_1                                                                         
     9     0.00% 5.62694e-01 1.20357e+00 9.28648e-06 1.76628e+00   8 /ChipTop/system/tile_prci_domain/tile_reset_domain_tile/gemmini/spad/acc_mems_0/mem_1/mem_0_ext                                                               
     9     0.00% 5.62694e-01 1.20357e+00 9.28648e-06 1.76628e+00   7 /ChipTop/system/tile_prci_domain/tile_reset_domain_tile/gemmini/spad/acc_mems_0/mem                                                                           
     9     0.00% 5.62694e-01 1.20357e+00 9.28648e-06 1.76628e+00   8 /ChipTop/system/tile_prci_domain/tile_reset_domain_tile/gemmini/spad/acc_mems_0/mem/mem_0_ext                                                                 
  1348     0.20% 7.42215e-06 1.94836e-02 1.48417e-05 1.95059e-02   7 /ChipTop/system/tile_prci_domain/tile_reset_domain_tile/gemmini/spad/acc_mems_0/q                                                                             
   567     0.09% 4.76346e-06 1.81721e-02 2.99605e-06 1.81798e-02   8 /ChipTop/system/tile_prci_domain/tile_reset_domain_tile/gemmini/spad/acc_mems_0/q/ram_ext                                                                     
 13629     2.06% 1.12546e+00 4.07821e+00 4.16300e-05 5.20371e+00   6 /ChipTop/system/tile_prci_domain/tile_reset_domain_tile/gemmini/spad/acc_mems_1                                                                               
     9     0.00% 5.62694e-01 1.20348e+00 1.04444e-06 1.76618e+00   7 /ChipTop/system/tile_prci_domain/tile_reset_domain_tile/gemmini/spad/acc_mems_1/mem_1                                                                         
     9     0.00% 5.62694e-01 1.20348e+00 1.04444e-06 1.76618e+00   8 /ChipTop/system/tile_prci_domain/tile_reset_domain_tile/gemmini/spad/acc_mems_1/mem_1/mem_0_ext                                                               
     9     0.00% 5.62694e-01 1.20348e+00 9.25184e-07 1.76618e+00   7 /ChipTop/system/tile_prci_domain/tile_reset_domain_tile/gemmini/spad/acc_mems_1/mem                                                                           
     9     0.00% 5.62694e-01 1.20348e+00 9.25184e-07 1.76618e+00   8 /ChipTop/system/tile_prci_domain/tile_reset_domain_tile/gemmini/spad/acc_mems_1/mem/mem_0_ext                                                                 
  1345     0.20% 7.41436e-06 1.94420e-02 4.41361e-06 1.94539e-02   7 /ChipTop/system/tile_prci_domain/tile_reset_domain_tile/gemmini/spad/acc_mems_1/q                                                                             
   567     0.09% 4.77471e-06 1.81671e-02 2.99605e-06 1.81748e-02   8 /ChipTop/system/tile_prci_domain/tile_reset_domain_tile/gemmini/spad/acc_mems_1/q/ram_ext                                                                     
 17865     2.70% 6.75554e-05 9.08112e-01 5.58757e-01 1.46694e+00   6 /ChipTop/system/tile_prci_domain/tile_reset_domain_tile/gemmini/spad/reader                                                                                   
 13782     2.08% 4.40718e-05 4.55009e-01 4.82202e-01 9.37255e-01   7 /ChipTop/system/tile_prci_domain/tile_reset_domain_tile/gemmini/spad/reader/beatPacker                                                                        
  1176     0.18% 6.99286e-06 2.53020e-01 3.95444e-02 2.92571e-01   7 /ChipTop/system/tile_prci_domain/tile_reset_domain_tile/gemmini/spad/reader/core                                                                              
   209     0.03% 1.71912e-06 8.19332e-02 1.06180e-02 9.25530e-02   8 /ChipTop/system/tile_prci_domain/tile_reset_domain_tile/gemmini/spad/reader/core/tlb_q                                                                        
   206     0.03% 1.70556e-06 8.03547e-02 1.02541e-02 9.06105e-02   9 /ChipTop/system/tile_prci_domain/tile_reset_domain_tile/gemmini/spad/reader/core/tlb_q/ram_ext                                                                
   209     0.03% 1.72511e-06 8.19041e-02 1.04859e-02 9.23918e-02   8 /ChipTop/system/tile_prci_domain/tile_reset_domain_tile/gemmini/spad/reader/core/translate_q                                                                  
   206     0.03% 1.71155e-06 8.03445e-02 1.03444e-02 9.06906e-02   9 /ChipTop/system/tile_prci_domain/tile_reset_domain_tile/gemmini/spad/reader/core/translate_q/ram_ext                                                          
   226     0.03% 5.30348e-07 8.70548e-04 4.43469e-04 1.31455e-03   8 /ChipTop/system/tile_prci_domain/tile_reset_domain_tile/gemmini/spad/reader/core/tlb_arb                                                                      
  2838     0.43% 1.59590e-05 1.75536e-01 3.29049e-02 2.08457e-01   7 /ChipTop/system/tile_prci_domain/tile_reset_domain_tile/gemmini/spad/reader/xactTracker                                                                       
   335     0.05% 2.84791e-01 8.97298e-01 1.65831e-02 1.19867e+00   6 /ChipTop/system/tile_prci_domain/tile_reset_domain_tile/gemmini/spad/spad_mems_0                                                                              
     5     0.00% 2.84789e-01 8.71105e-01 6.68103e-03 1.16257e+00   7 /ChipTop/system/tile_prci_domain/tile_reset_domain_tile/gemmini/spad/spad_mems_0/mem                                                                          
     5     0.00% 2.84789e-01 8.71105e-01 6.68103e-03 1.16257e+00   8 /ChipTop/system/tile_prci_domain/tile_reset_domain_tile/gemmini/spad/spad_mems_0/mem/mem_ext                                                                  
   307     0.05% 1.75527e-06 2.20644e-02 5.03828e-03 2.71045e-02   7 /ChipTop/system/tile_prci_domain/tile_reset_domain_tile/gemmini/spad/spad_mems_0/q                                                                            
   134     0.02% 1.14292e-06 6.43581e-03 7.06668e-07 6.43766e-03   8 /ChipTop/system/tile_prci_domain/tile_reset_domain_tile/gemmini/spad/spad_mems_0/q/ram_ext                                                                    
 10045     1.52% 3.34055e-05 6.47549e-01 7.03620e-02 7.17944e-01   6 /ChipTop/system/tile_prci_domain/tile_reset_domain_tile/gemmini/spad/vsm                                                                                      
  1616     0.24% 3.75873e-06 8.57659e-03 3.24507e-05 8.61280e-03   7 /ChipTop/system/tile_prci_domain/tile_reset_domain_tile/gemmini/spad/vsm/pipe_1                                                                               
  1160     0.18% 2.62389e-06 1.89916e-05 2.31578e-05 4.47734e-05   8 /ChipTop/system/tile_prci_domain/tile_reset_domain_tile/gemmini/spad/vsm/pipe_1/out_bits_data_muladder                                                        
   307     0.05% 7.15583e-07 6.13304e-06 9.66588e-06 1.65145e-05   9 /ChipTop/system/tile_prci_domain/tile_reset_domain_tile/gemmini/spad/vsm/pipe_1/out_bits_data_muladder/mulAddRecFNToRaw_postMul                               
   312     0.05% 6.58234e-07 2.19088e-06 2.46962e-06 5.31873e-06   9 /ChipTop/system/tile_prci_domain/tile_reset_domain_tile/gemmini/spad/vsm/pipe_1/out_bits_data_muladder/roundRawFNToRecFN                                      
   312     0.05% 6.58234e-07 2.19088e-06 2.46962e-06 5.31873e-06  10 /ChipTop/system/tile_prci_domain/tile_reset_domain_tile/gemmini/spad/vsm/pipe_1/out_bits_data_muladder/roundRawFNToRecFN/roundAnyRawFNToRecFN                 
    41     0.01% 1.26104e-07 5.58948e-07 6.58484e-07 1.34354e-06   9 /ChipTop/system/tile_prci_domain/tile_reset_domain_tile/gemmini/spad/vsm/pipe_1/out_bits_data_muladder/mulAddRecFNToRaw_preMul                                
    97     0.01% 1.52309e-07 1.59406e-06 1.69348e-06 3.43985e-06   8 /ChipTop/system/tile_prci_domain/tile_reset_domain_tile/gemmini/spad/vsm/pipe_1/out_bits_data_rec_fn_to_in                                                    
    70     0.01% 1.01086e-07 8.91776e-07 1.57688e-06 2.56974e-06   8 /ChipTop/system/tile_prci_domain/tile_reset_domain_tile/gemmini/spad/vsm/pipe_1/out_bits_data_in_to_rec_fn                                                    
     8     0.00% 1.65430e-08 8.95620e-08 4.10515e-07 5.16620e-07   9 /ChipTop/system/tile_prci_domain/tile_reset_domain_tile/gemmini/spad/vsm/pipe_1/out_bits_data_in_to_rec_fn/roundAnyRawFNToRecFN                               
  1616     0.24% 3.75197e-06 8.57563e-03 3.20742e-05 8.61145e-03   7 /ChipTop/system/tile_prci_domain/tile_reset_domain_tile/gemmini/spad/vsm/pipe_3                                                                               
  1160     0.18% 2.61981e-06 1.91661e-05 2.32275e-05 4.50134e-05   8 /ChipTop/system/tile_prci_domain/tile_reset_domain_tile/gemmini/spad/vsm/pipe_3/out_bits_data_muladder                                                        
   307     0.05% 7.17125e-07 5.30181e-06 8.40872e-06 1.44277e-05   9 /ChipTop/system/tile_prci_domain/tile_reset_domain_tile/gemmini/spad/vsm/pipe_3/out_bits_data_muladder/mulAddRecFNToRaw_postMul                               
   312     0.05% 6.54920e-07 1.52125e-06 2.01224e-06 4.18840e-06   9 /ChipTop/system/tile_prci_domain/tile_reset_domain_tile/gemmini/spad/vsm/pipe_3/out_bits_data_muladder/roundRawFNToRecFN                                      
   312     0.05% 6.54920e-07 1.52125e-06 2.01224e-06 4.18840e-06  10 /ChipTop/system/tile_prci_domain/tile_reset_domain_tile/gemmini/spad/vsm/pipe_3/out_bits_data_muladder/roundRawFNToRecFN/roundAnyRawFNToRecFN                 
    41     0.01% 1.25979e-07 4.77983e-07 6.14776e-07 1.21874e-06   9 /ChipTop/system/tile_prci_domain/tile_reset_domain_tile/gemmini/spad/vsm/pipe_3/out_bits_data_muladder/mulAddRecFNToRaw_preMul                                
    97     0.01% 1.52766e-07 1.32913e-06 1.36809e-06 2.84998e-06   8 /ChipTop/system/tile_prci_domain/tile_reset_domain_tile/gemmini/spad/vsm/pipe_3/out_bits_data_rec_fn_to_in                                                    
    70     0.01% 9.96180e-08 5.73512e-07 1.29157e-06 1.96470e-06   8 /ChipTop/system/tile_prci_domain/tile_reset_domain_tile/gemmini/spad/vsm/pipe_3/out_bits_data_in_to_rec_fn                                                    
     8     0.00% 1.67070e-08 1.06007e-07 5.35171e-07 6.57885e-07   9 /ChipTop/system/tile_prci_domain/tile_reset_domain_tile/gemmini/spad/vsm/pipe_3/out_bits_data_in_to_rec_fn/roundAnyRawFNToRecFN                               
  1616     0.24% 3.75947e-06 8.57498e-03 3.08088e-05 8.60955e-03   7 /ChipTop/system/tile_prci_domain/tile_reset_domain_tile/gemmini/spad/vsm/pipe_2                                                                               
  1160     0.18% 2.62485e-06 1.83569e-05 2.18020e-05 4.27837e-05   8 /ChipTop/system/tile_prci_domain/tile_reset_domain_tile/gemmini/spad/vsm/pipe_2/out_bits_data_muladder                                                        
   307     0.05% 7.12703e-07 5.06205e-06 7.84177e-06 1.36165e-05   9 /ChipTop/system/tile_prci_domain/tile_reset_domain_tile/gemmini/spad/vsm/pipe_2/out_bits_data_muladder/mulAddRecFNToRaw_postMul                               
   312     0.05% 6.59596e-07 1.86637e-06 2.00271e-06 4.52867e-06   9 /ChipTop/system/tile_prci_domain/tile_reset_domain_tile/gemmini/spad/vsm/pipe_2/out_bits_data_muladder/roundRawFNToRecFN                                      
   312     0.05% 6.59596e-07 1.86637e-06 2.00271e-06 4.52867e-06  10 /ChipTop/system/tile_prci_domain/tile_reset_domain_tile/gemmini/spad/vsm/pipe_2/out_bits_data_muladder/roundRawFNToRecFN/roundAnyRawFNToRecFN                 
    41     0.01% 1.26515e-07 6.32736e-07 7.42104e-07 1.50135e-06   9 /ChipTop/system/tile_prci_domain/tile_reset_domain_tile/gemmini/spad/vsm/pipe_2/out_bits_data_muladder/mulAddRecFNToRaw_preMul                                
    97     0.01% 1.52198e-07 1.14962e-06 1.20261e-06 2.50443e-06   8 /ChipTop/system/tile_prci_domain/tile_reset_domain_tile/gemmini/spad/vsm/pipe_2/out_bits_data_rec_fn_to_in                                                    
    70     0.01% 1.00759e-07 7.23828e-07 1.36153e-06 2.18612e-06   8 /ChipTop/system/tile_prci_domain/tile_reset_domain_tile/gemmini/spad/vsm/pipe_2/out_bits_data_in_to_rec_fn                                                    
     8     0.00% 1.67320e-08 1.11551e-07 5.32969e-07 6.61252e-07   9 /ChipTop/system/tile_prci_domain/tile_reset_domain_tile/gemmini/spad/vsm/pipe_2/out_bits_data_in_to_rec_fn/roundAnyRawFNToRecFN                               
  1616     0.24% 3.75289e-06 8.57420e-03 2.99379e-05 8.60789e-03   7 /ChipTop/system/tile_prci_domain/tile_reset_domain_tile/gemmini/spad/vsm/pipe                                                                                 
  1160     0.18% 2.62413e-06 1.85044e-05 2.16643e-05 4.27928e-05   8 /ChipTop/system/tile_prci_domain/tile_reset_domain_tile/gemmini/spad/vsm/pipe/out_bits_data_muladder                                                          
   307     0.05% 7.14037e-07 4.87382e-06 7.61768e-06 1.32055e-05   9 /ChipTop/system/tile_prci_domain/tile_reset_domain_tile/gemmini/spad/vsm/pipe/out_bits_data_muladder/mulAddRecFNToRaw_postMul                                 
   312     0.05% 6.61395e-07 1.79766e-06 1.85625e-06 4.31530e-06   9 /ChipTop/system/tile_prci_domain/tile_reset_domain_tile/gemmini/spad/vsm/pipe/out_bits_data_muladder/roundRawFNToRecFN                                        
   312     0.05% 6.61395e-07 1.79766e-06 1.85625e-06 4.31530e-06  10 /ChipTop/system/tile_prci_domain/tile_reset_domain_tile/gemmini/spad/vsm/pipe/out_bits_data_muladder/roundRawFNToRecFN/roundAnyRawFNToRecFN                   
    41     0.01% 1.25653e-07 6.12255e-07 7.03200e-07 1.44111e-06   9 /ChipTop/system/tile_prci_domain/tile_reset_domain_tile/gemmini/spad/vsm/pipe/out_bits_data_muladder/mulAddRecFNToRaw_preMul                                  
    97     0.01% 1.49488e-07 8.86700e-07 8.98495e-07 1.93468e-06   8 /ChipTop/system/tile_prci_domain/tile_reset_domain_tile/gemmini/spad/vsm/pipe/out_bits_data_rec_fn_to_in                                                      
    70     0.01% 1.00473e-07 4.90613e-07 1.08727e-06 1.67836e-06   8 /ChipTop/system/tile_prci_domain/tile_reset_domain_tile/gemmini/spad/vsm/pipe/out_bits_data_in_to_rec_fn                                                      
     8     0.00% 1.65450e-08 1.03459e-07 4.65535e-07 5.85539e-07   9 /ChipTop/system/tile_prci_domain/tile_reset_domain_tile/gemmini/spad/vsm/pipe/out_bits_data_in_to_rec_fn/roundAnyRawFNToRecFN                                 
   243     0.04% 5.02970e-07 8.68138e-04 7.28923e-07 8.69370e-04   7 /ChipTop/system/tile_prci_domain/tile_reset_domain_tile/gemmini/spad/vsm/arb_3                                                                                
   243     0.04% 5.04390e-07 8.68104e-04 7.21529e-07 8.69330e-04   7 /ChipTop/system/tile_prci_domain/tile_reset_domain_tile/gemmini/spad/vsm/arb_1                                                                                
   243     0.04% 4.80687e-07 8.68079e-04 7.18727e-07 8.69278e-04   7 /ChipTop/system/tile_prci_domain/tile_reset_domain_tile/gemmini/spad/vsm/arb_2                                                                                
   243     0.04% 4.48183e-07 8.68104e-04 7.21529e-07 8.69274e-04   7 /ChipTop/system/tile_prci_domain/tile_reset_domain_tile/gemmini/spad/vsm/arb                                                                                  
   335     0.05% 2.84791e-01 4.19350e-01 2.63347e-06 7.04143e-01   6 /ChipTop/system/tile_prci_domain/tile_reset_domain_tile/gemmini/spad/spad_mems_1                                                                              
     5     0.00% 2.84789e-01 4.11197e-01 5.38367e-07 6.95986e-01   7 /ChipTop/system/tile_prci_domain/tile_reset_domain_tile/gemmini/spad/spad_mems_1/mem                                                                          
     5     0.00% 2.84789e-01 4.11197e-01 5.38367e-07 6.95986e-01   8 /ChipTop/system/tile_prci_domain/tile_reset_domain_tile/gemmini/spad/spad_mems_1/mem/mem_ext                                                                  
   307     0.05% 1.75031e-06 5.61209e-03 1.47734e-06 5.61532e-03   7 /ChipTop/system/tile_prci_domain/tile_reset_domain_tile/gemmini/spad/spad_mems_1/q                                                                            
   134     0.02% 1.13507e-06 4.34005e-03 7.06668e-07 4.34189e-03   8 /ChipTop/system/tile_prci_domain/tile_reset_domain_tile/gemmini/spad/spad_mems_1/q/ram_ext                                                                    
   335     0.05% 2.84791e-01 4.19349e-01 2.56147e-06 7.04143e-01   6 /ChipTop/system/tile_prci_domain/tile_reset_domain_tile/gemmini/spad/spad_mems_2                                                                              
     5     0.00% 2.84789e-01 4.11197e-01 5.38367e-07 6.95986e-01   7 /ChipTop/system/tile_prci_domain/tile_reset_domain_tile/gemmini/spad/spad_mems_2/mem                                                                          
     5     0.00% 2.84789e-01 4.11197e-01 5.38367e-07 6.95986e-01   8 /ChipTop/system/tile_prci_domain/tile_reset_domain_tile/gemmini/spad/spad_mems_2/mem/mem_ext                                                                  
   307     0.05% 1.74191e-06 5.61196e-03 1.42091e-06 5.61513e-03   7 /ChipTop/system/tile_prci_domain/tile_reset_domain_tile/gemmini/spad/spad_mems_2/q                                                                            
   134     0.02% 1.12984e-06 4.34005e-03 7.06668e-07 4.34188e-03   8 /ChipTop/system/tile_prci_domain/tile_reset_domain_tile/gemmini/spad/spad_mems_2/q/ram_ext                                                                    
   335     0.05% 2.84791e-01 4.19349e-01 2.33406e-06 7.04142e-01   6 /ChipTop/system/tile_prci_domain/tile_reset_domain_tile/gemmini/spad/spad_mems_3                                                                              
     5     0.00% 2.84789e-01 4.11197e-01 5.38367e-07 6.95986e-01   7 /ChipTop/system/tile_prci_domain/tile_reset_domain_tile/gemmini/spad/spad_mems_3/mem                                                                          
     5     0.00% 2.84789e-01 4.11197e-01 5.38367e-07 6.95986e-01   8 /ChipTop/system/tile_prci_domain/tile_reset_domain_tile/gemmini/spad/spad_mems_3/mem/mem_ext                                                                  
   307     0.05% 1.74250e-06 5.61139e-03 1.19701e-06 5.61433e-03   7 /ChipTop/system/tile_prci_domain/tile_reset_domain_tile/gemmini/spad/spad_mems_3/q                                                                            
   134     0.02% 1.13019e-06 4.34005e-03 7.06668e-07 4.34188e-03   8 /ChipTop/system/tile_prci_domain/tile_reset_domain_tile/gemmini/spad/spad_mems_3/q/ram_ext                                                                    
  2484     0.38% 1.40451e-05 6.50291e-01 1.21014e-06 6.50307e-01   6 /ChipTop/system/tile_prci_domain/tile_reset_domain_tile/gemmini/spad/acc_adders                                                                               
    65     0.01% 5.59897e-07 4.06432e-02 9.41220e-08 4.06438e-02   7 /ChipTop/system/tile_prci_domain/tile_reset_domain_tile/gemmini/spad/acc_adders/m_4                                                                           
    65     0.01% 5.59897e-07 4.06432e-02 9.41220e-08 4.06438e-02   7 /ChipTop/system/tile_prci_domain/tile_reset_domain_tile/gemmini/spad/acc_adders/m_7                                                                           
    65     0.01% 5.59897e-07 4.06432e-02 9.41220e-08 4.06438e-02   7 /ChipTop/system/tile_prci_domain/tile_reset_domain_tile/gemmini/spad/acc_adders/m_12                                                                          
    65     0.01% 5.59897e-07 4.06432e-02 8.51580e-08 4.06438e-02   7 /ChipTop/system/tile_prci_domain/tile_reset_domain_tile/gemmini/spad/acc_adders/m_1                                                                           
    65     0.01% 5.59897e-07 4.06432e-02 8.51580e-08 4.06438e-02   7 /ChipTop/system/tile_prci_domain/tile_reset_domain_tile/gemmini/spad/acc_adders/m_13                                                                          
    65     0.01% 5.59897e-07 4.06432e-02 8.51580e-08 4.06438e-02   7 /ChipTop/system/tile_prci_domain/tile_reset_domain_tile/gemmini/spad/acc_adders/m_14                                                                          
    65     0.01% 5.59897e-07 4.06431e-02 8.06760e-08 4.06438e-02   7 /ChipTop/system/tile_prci_domain/tile_reset_domain_tile/gemmini/spad/acc_adders/m_8                                                                           
    65     0.01% 5.59897e-07 4.06431e-02 7.61940e-08 4.06438e-02   7 /ChipTop/system/tile_prci_domain/tile_reset_domain_tile/gemmini/spad/acc_adders/m_3                                                                           
    65     0.01% 5.59897e-07 4.06431e-02 7.17120e-08 4.06438e-02   7 /ChipTop/system/tile_prci_domain/tile_reset_domain_tile/gemmini/spad/acc_adders/m_10                                                                          
    65     0.01% 5.59897e-07 4.06431e-02 6.72300e-08 4.06437e-02   7 /ChipTop/system/tile_prci_domain/tile_reset_domain_tile/gemmini/spad/acc_adders/m                                                                             
    65     0.01% 5.59897e-07 4.06431e-02 6.72300e-08 4.06437e-02   7 /ChipTop/system/tile_prci_domain/tile_reset_domain_tile/gemmini/spad/acc_adders/m_5                                                                           
    65     0.01% 5.59897e-07 4.06431e-02 6.72300e-08 4.06437e-02   7 /ChipTop/system/tile_prci_domain/tile_reset_domain_tile/gemmini/spad/acc_adders/m_6                                                                           
    65     0.01% 5.59897e-07 4.06431e-02 6.27480e-08 4.06437e-02   7 /ChipTop/system/tile_prci_domain/tile_reset_domain_tile/gemmini/spad/acc_adders/m_9                                                                           
    65     0.01% 5.59897e-07 4.06431e-02 6.27480e-08 4.06437e-02   7 /ChipTop/system/tile_prci_domain/tile_reset_domain_tile/gemmini/spad/acc_adders/m_15                                                                          
    65     0.01% 5.59897e-07 4.06431e-02 5.82660e-08 4.06437e-02   7 /ChipTop/system/tile_prci_domain/tile_reset_domain_tile/gemmini/spad/acc_adders/m_2                                                                           
    65     0.01% 5.59897e-07 4.06431e-02 5.82660e-08 4.06437e-02   7 /ChipTop/system/tile_prci_domain/tile_reset_domain_tile/gemmini/spad/acc_adders/m_11                                                                          
   545     0.08% 4.39742e-06 5.19736e-01 6.97740e-02 5.89515e-01   6 /ChipTop/system/tile_prci_domain/tile_reset_domain_tile/gemmini/spad/ex_read_pipe_p                                                                           
   545     0.08% 4.52809e-06 5.19734e-01 6.97719e-02 5.89511e-01   6 /ChipTop/system/tile_prci_domain/tile_reset_domain_tile/gemmini/spad/dma_read_pipe_p                                                                          
   545     0.08% 4.38107e-06 5.17833e-01 6.97742e-02 5.87612e-01   6 /ChipTop/system/tile_prci_domain/tile_reset_domain_tile/gemmini/spad/ex_read_pipe_p_1                                                                         
   545     0.08% 4.37534e-06 5.17833e-01 6.97728e-02 5.87611e-01   6 /ChipTop/system/tile_prci_domain/tile_reset_domain_tile/gemmini/spad/dma_read_pipe_p_2                                                                        
   545     0.08% 4.34755e-06 5.17833e-01 6.97728e-02 5.87610e-01   6 /ChipTop/system/tile_prci_domain/tile_reset_domain_tile/gemmini/spad/dma_read_pipe_p_1                                                                        
   545     0.08% 4.37440e-06 5.17828e-01 6.97735e-02 5.87606e-01   6 /ChipTop/system/tile_prci_domain/tile_reset_domain_tile/gemmini/spad/ex_read_pipe_p_3                                                                         
   545     0.08% 4.38012e-06 5.17828e-01 6.97731e-02 5.87605e-01   6 /ChipTop/system/tile_prci_domain/tile_reset_domain_tile/gemmini/spad/ex_read_pipe_p_2                                                                         
   545     0.08% 4.38012e-06 5.17828e-01 6.97720e-02 5.87604e-01   6 /ChipTop/system/tile_prci_domain/tile_reset_domain_tile/gemmini/spad/dma_read_pipe_p_3                                                                        
  1312     0.20% 8.06765e-06 1.82233e-01 6.04137e-02 2.42655e-01   6 /ChipTop/system/tile_prci_domain/tile_reset_domain_tile/gemmini/spad/buffer                                                                                   
   687     0.10% 4.34381e-06 1.05358e-01 3.24760e-02 1.37838e-01   7 /ChipTop/system/tile_prci_domain/tile_reset_domain_tile/gemmini/spad/buffer/x1_a_q                                                                            
   664     0.10% 4.26769e-06 9.79835e-02 2.98805e-02 1.27868e-01   8 /ChipTop/system/tile_prci_domain/tile_reset_domain_tile/gemmini/spad/buffer/x1_a_q/ram_ext                                                                    
   625     0.09% 3.72384e-06 7.68755e-02 2.79377e-02 1.04817e-01   7 /ChipTop/system/tile_prci_domain/tile_reset_domain_tile/gemmini/spad/buffer/bundleIn_0_d_q                                                                    
   602     0.09% 3.64245e-06 6.92087e-02 2.51316e-02 9.43439e-02   8 /ChipTop/system/tile_prci_domain/tile_reset_domain_tile/gemmini/spad/buffer/bundleIn_0_d_q/ram_ext                                                            
  1197     0.18% 8.17638e-06 1.80654e-01 5.69118e-02 2.37574e-01   6 /ChipTop/system/tile_prci_domain/tile_reset_domain_tile/gemmini/spad/buffer_2                                                                                 
   681     0.10% 4.20310e-06 1.06585e-01 3.24327e-02 1.39022e-01   7 /ChipTop/system/tile_prci_domain/tile_reset_domain_tile/gemmini/spad/buffer_2/x1_a_q                                                                          
   659     0.10% 4.13137e-06 9.89489e-02 2.99255e-02 1.28879e-01   8 /ChipTop/system/tile_prci_domain/tile_reset_domain_tile/gemmini/spad/buffer_2/x1_a_q/ram_ext                                                                  
   516     0.08% 3.97328e-06 7.40689e-02 2.44792e-02 9.85520e-02   7 /ChipTop/system/tile_prci_domain/tile_reset_domain_tile/gemmini/spad/buffer_2/bundleIn_0_d_q                                                                  
   495     0.07% 3.90117e-06 6.62061e-02 2.18205e-02 8.80304e-02   8 /ChipTop/system/tile_prci_domain/tile_reset_domain_tile/gemmini/spad/buffer_2/bundleIn_0_d_q/ram_ext                                                          
  1220     0.18% 3.99019e-06 9.66115e-02 3.07128e-02 1.27328e-01   6 /ChipTop/system/tile_prci_domain/tile_reset_domain_tile/gemmini/spad/mvin_scale_pixel_repeater                                                                
 10916     1.65% 4.62995e-05 1.25052e-01 2.47776e-05 1.25123e-01   6 /ChipTop/system/tile_prci_domain/tile_reset_domain_tile/gemmini/spad/writer                                                                                   
   214     0.03% 1.79047e-06 7.35255e-03 2.54864e-06 7.35689e-03   7 /ChipTop/system/tile_prci_domain/tile_reset_domain_tile/gemmini/spad/writer/tlb_q                                                                             
   206     0.03% 1.77513e-06 6.08242e-03 2.49992e-06 6.08670e-03   8 /ChipTop/system/tile_prci_domain/tile_reset_domain_tile/gemmini/spad/writer/tlb_q/ram_ext                                                                     
   212     0.03% 1.79532e-06 7.35242e-03 1.94438e-06 7.35616e-03   7 /ChipTop/system/tile_prci_domain/tile_reset_domain_tile/gemmini/spad/writer/shadow_retry_a                                                                    
   206     0.03% 1.77828e-06 6.08230e-03 1.90612e-06 6.08599e-03   8 /ChipTop/system/tile_prci_domain/tile_reset_domain_tile/gemmini/spad/writer/shadow_retry_a/ram_ext                                                            
   214     0.03% 1.72673e-06 7.34696e-03 1.63367e-06 7.35032e-03   7 /ChipTop/system/tile_prci_domain/tile_reset_domain_tile/gemmini/spad/writer/translate_q                                                                       
   206     0.03% 1.71139e-06 6.07684e-03 1.60195e-06 6.08016e-03   8 /ChipTop/system/tile_prci_domain/tile_reset_domain_tile/gemmini/spad/writer/translate_q/ram_ext                                                               
   491     0.07% 8.14825e-07 2.44950e-06 1.72248e-06 4.98680e-06   7 /ChipTop/system/tile_prci_domain/tile_reset_domain_tile/gemmini/spad/writer/tlb_arb                                                                           
  1191     0.18% 7.17369e-06 8.95325e-02 2.89117e-02 1.18451e-01   6 /ChipTop/system/tile_prci_domain/tile_reset_domain_tile/gemmini/spad/read_issue_q                                                                             
  1152     0.17% 7.02062e-06 8.17051e-02 2.66869e-02 1.08399e-01   7 /ChipTop/system/tile_prci_domain/tile_reset_domain_tile/gemmini/spad/read_issue_q/ram_ext                                                                     
   364     0.06% 1.31578e-06 2.33106e-02 1.39029e-02 3.72148e-02   6 /ChipTop/system/tile_prci_domain/tile_reset_domain_tile/gemmini/spad/xbar                                                                                     
  1906     0.29% 1.23013e-05 3.65179e-02 5.52683e-04 3.70829e-02   6 /ChipTop/system/tile_prci_domain/tile_reset_domain_tile/gemmini/spad/norm_unit_passthru_q                                                                     
  1885     0.28% 1.22337e-05 3.12717e-02 9.47239e-06 3.12934e-02   7 /ChipTop/system/tile_prci_domain/tile_reset_domain_tile/gemmini/spad/norm_unit_passthru_q/ram_ext                                                             
   692     0.10% 5.51223e-06 2.75162e-02 4.80867e-06 2.75265e-02   6 /ChipTop/system/tile_prci_domain/tile_reset_domain_tile/gemmini/spad/vsm_1                                                                                    
   731     0.11% 4.58187e-06 2.29692e-02 1.09336e-03 2.40672e-02   6 /ChipTop/system/tile_prci_domain/tile_reset_domain_tile/gemmini/spad/buffer_1                                                                                 
   681     0.10% 4.32654e-06 1.57525e-02 5.47995e-04 1.63048e-02   7 /ChipTop/system/tile_prci_domain/tile_reset_domain_tile/gemmini/spad/buffer_1/x1_a_q                                                                          
   658     0.10% 4.24863e-06 1.04208e-02 2.76263e-06 1.04278e-02   8 /ChipTop/system/tile_prci_domain/tile_reset_domain_tile/gemmini/spad/buffer_1/x1_a_q/ram_ext                                                                  
    50     0.01% 2.55333e-07 7.21676e-03 5.45363e-04 7.76238e-03   7 /ChipTop/system/tile_prci_domain/tile_reset_domain_tile/gemmini/spad/buffer_1/bundleIn_0_d_q                                                                  
    29     0.00% 1.93661e-07 1.88515e-03 1.47772e-07 1.88549e-03   8 /ChipTop/system/tile_prci_domain/tile_reset_domain_tile/gemmini/spad/buffer_1/bundleIn_0_d_q/ram_ext                                                          
   790     0.12% 4.77488e-06 1.86346e-02 4.33291e-06 1.86437e-02   6 /ChipTop/system/tile_prci_domain/tile_reset_domain_tile/gemmini/spad/write_norm_q                                                                             
   750     0.11% 4.61518e-06 1.56255e-02 3.49961e-06 1.56337e-02   7 /ChipTop/system/tile_prci_domain/tile_reset_domain_tile/gemmini/spad/write_norm_q/ram_ext                                                                     
   804     0.12% 4.83669e-06 1.86320e-02 4.05966e-06 1.86409e-02   6 /ChipTop/system/tile_prci_domain/tile_reset_domain_tile/gemmini/spad/write_scale_q                                                                            
   765     0.12% 4.67966e-06 1.56231e-02 3.31738e-06 1.56311e-02   7 /ChipTop/system/tile_prci_domain/tile_reset_domain_tile/gemmini/spad/write_scale_q/ram_ext                                                                    
   650     0.10% 4.14773e-06 1.60285e-02 3.27090e-06 1.60360e-02   6 /ChipTop/system/tile_prci_domain/tile_reset_domain_tile/gemmini/spad/write_issue_q                                                                            
   612     0.09% 3.97962e-06 1.30195e-02 2.20593e-06 1.30257e-02   7 /ChipTop/system/tile_prci_domain/tile_reset_domain_tile/gemmini/spad/write_issue_q/ram_ext                                                                    
   416     0.06% 2.59651e-06 1.22806e-02 5.48630e-04 1.28318e-02   6 /ChipTop/system/tile_prci_domain/tile_reset_domain_tile/gemmini/spad/write_dispatch_q                                                                         
   394     0.06% 2.52840e-06 6.94891e-03 3.37346e-06 6.95481e-03   7 /ChipTop/system/tile_prci_domain/tile_reset_domain_tile/gemmini/spad/write_dispatch_q/ram_ext                                                                 
   171     0.03% 7.37461e-07 5.58577e-03 5.45781e-07 5.58706e-03   6 /ChipTop/system/tile_prci_domain/tile_reset_domain_tile/gemmini/spad/zero_writer                                                                              
   257     0.04% 8.69356e-07 3.87328e-03 9.04963e-07 3.87505e-03   6 /ChipTop/system/tile_prci_domain/tile_reset_domain_tile/gemmini/spad/zero_writer_pixel_repeater                                                               
223763    33.81% 7.64198e-04 1.23966e+01 1.57258e-02 1.24131e+01   5 /ChipTop/system/tile_prci_domain/tile_reset_domain_tile/gemmini/ex_controller                                                                                 
215654    32.59% 7.32559e-04 1.22771e+01 9.73405e-03 1.22876e+01   6 /ChipTop/system/tile_prci_domain/tile_reset_domain_tile/gemmini/ex_controller/mesh                                                                            
205621    31.07% 6.55072e-04 5.05193e+00 9.52280e-03 5.06211e+00   7 /ChipTop/system/tile_prci_domain/tile_reset_domain_tile/gemmini/ex_controller/mesh/mesh                                                                       
   741     0.11% 2.05120e-06 3.08823e-03 5.34101e-05 3.14369e-03   8 /ChipTop/system/tile_prci_domain/tile_reset_domain_tile/gemmini/ex_controller/mesh/mesh/mesh_15_10                                                            
   741     0.11% 2.05120e-06 3.08823e-03 5.34101e-05 3.14369e-03   9 /ChipTop/system/tile_prci_domain/tile_reset_domain_tile/gemmini/ex_controller/mesh/mesh/mesh_15_10/tile_0_0                                                   
   166     0.03% 5.25665e-07 1.70971e-05 1.61955e-05 3.38183e-05  10 /ChipTop/system/tile_prci_domain/tile_reset_domain_tile/gemmini/ex_controller/mesh/mesh/mesh_15_10/tile_0_0/mac_unit                                          
   738     0.11% 2.06106e-06 3.08247e-03 4.71952e-05 3.13173e-03   8 /ChipTop/system/tile_prci_domain/tile_reset_domain_tile/gemmini/ex_controller/mesh/mesh/mesh_14_14                                                            
   738     0.11% 2.06106e-06 3.08247e-03 4.71952e-05 3.13173e-03   9 /ChipTop/system/tile_prci_domain/tile_reset_domain_tile/gemmini/ex_controller/mesh/mesh/mesh_14_14/tile_0_0                                                   
   163     0.02% 5.35982e-07 1.88046e-05 1.68412e-05 3.61818e-05  10 /ChipTop/system/tile_prci_domain/tile_reset_domain_tile/gemmini/ex_controller/mesh/mesh/mesh_14_14/tile_0_0/mac_unit                                          
   738     0.11% 2.04314e-06 3.07883e-03 4.79887e-05 3.12886e-03   8 /ChipTop/system/tile_prci_domain/tile_reset_domain_tile/gemmini/ex_controller/mesh/mesh/mesh_14_11                                                            
   738     0.11% 2.04314e-06 3.07883e-03 4.79887e-05 3.12886e-03   9 /ChipTop/system/tile_prci_domain/tile_reset_domain_tile/gemmini/ex_controller/mesh/mesh/mesh_14_11/tile_0_0                                                   
   163     0.02% 5.37385e-07 1.71646e-05 1.61935e-05 3.38954e-05  10 /ChipTop/system/tile_prci_domain/tile_reset_domain_tile/gemmini/ex_controller/mesh/mesh/mesh_14_11/tile_0_0/mac_unit                                          
   741     0.11% 2.05706e-06 3.07869e-03 4.75820e-05 3.12833e-03   8 /ChipTop/system/tile_prci_domain/tile_reset_domain_tile/gemmini/ex_controller/mesh/mesh/mesh_12_10                                                            
   741     0.11% 2.05706e-06 3.07869e-03 4.75820e-05 3.12833e-03   9 /ChipTop/system/tile_prci_domain/tile_reset_domain_tile/gemmini/ex_controller/mesh/mesh/mesh_12_10/tile_0_0                                                   
   166     0.03% 5.28954e-07 1.63035e-05 1.52782e-05 3.21106e-05  10 /ChipTop/system/tile_prci_domain/tile_reset_domain_tile/gemmini/ex_controller/mesh/mesh/mesh_12_10/tile_0_0/mac_unit                                          
   741     0.11% 2.04009e-06 3.07898e-03 4.66848e-05 3.12771e-03   8 /ChipTop/system/tile_prci_domain/tile_reset_domain_tile/gemmini/ex_controller/mesh/mesh/mesh_13_10                                                            
   741     0.11% 2.04009e-06 3.07898e-03 4.66848e-05 3.12771e-03   9 /ChipTop/system/tile_prci_domain/tile_reset_domain_tile/gemmini/ex_controller/mesh/mesh/mesh_13_10/tile_0_0                                                   
   166     0.03% 5.22149e-07 1.55229e-05 1.44021e-05 3.04471e-05  10 /ChipTop/system/tile_prci_domain/tile_reset_domain_tile/gemmini/ex_controller/mesh/mesh/mesh_13_10/tile_0_0/mac_unit                                          
   738     0.11% 2.05679e-06 3.08024e-03 4.42618e-05 3.12655e-03   8 /ChipTop/system/tile_prci_domain/tile_reset_domain_tile/gemmini/ex_controller/mesh/mesh/mesh_15_14                                                            
   738     0.11% 2.05679e-06 3.08024e-03 4.42618e-05 3.12655e-03   9 /ChipTop/system/tile_prci_domain/tile_reset_domain_tile/gemmini/ex_controller/mesh/mesh/mesh_15_14/tile_0_0                                                   
   163     0.02% 5.36003e-07 1.45182e-05 1.29195e-05 2.79737e-05  10 /ChipTop/system/tile_prci_domain/tile_reset_domain_tile/gemmini/ex_controller/mesh/mesh/mesh_15_14/tile_0_0/mac_unit                                          
   741     0.11% 2.02850e-06 3.07851e-03 4.54653e-05 3.12601e-03   8 /ChipTop/system/tile_prci_domain/tile_reset_domain_tile/gemmini/ex_controller/mesh/mesh/mesh_14_10                                                            
   741     0.11% 2.02850e-06 3.07851e-03 4.54653e-05 3.12601e-03   9 /ChipTop/system/tile_prci_domain/tile_reset_domain_tile/gemmini/ex_controller/mesh/mesh/mesh_14_10/tile_0_0                                                   
   166     0.03% 5.22718e-07 1.39437e-05 1.24606e-05 2.69270e-05  10 /ChipTop/system/tile_prci_domain/tile_reset_domain_tile/gemmini/ex_controller/mesh/mesh/mesh_14_10/tile_0_0/mac_unit                                          
   738     0.11% 2.04888e-06 3.07977e-03 4.31380e-05 3.12496e-03   8 /ChipTop/system/tile_prci_domain/tile_reset_domain_tile/gemmini/ex_controller/mesh/mesh/mesh_15_8                                                             
   738     0.11% 2.04888e-06 3.07977e-03 4.31380e-05 3.12496e-03   9 /ChipTop/system/tile_prci_domain/tile_reset_domain_tile/gemmini/ex_controller/mesh/mesh/mesh_15_8/tile_0_0                                                    
   163     0.02% 5.34647e-07 1.29739e-05 1.16493e-05 2.51578e-05  10 /ChipTop/system/tile_prci_domain/tile_reset_domain_tile/gemmini/ex_controller/mesh/mesh/mesh_15_8/tile_0_0/mac_unit                                           
   741     0.11% 2.02759e-06 3.07682e-03 4.60077e-05 3.12485e-03   8 /ChipTop/system/tile_prci_domain/tile_reset_domain_tile/gemmini/ex_controller/mesh/mesh/mesh_15_5                                                             
   741     0.11% 2.02759e-06 3.07682e-03 4.60077e-05 3.12485e-03   9 /ChipTop/system/tile_prci_domain/tile_reset_domain_tile/gemmini/ex_controller/mesh/mesh/mesh_15_5/tile_0_0                                                    
   166     0.03% 5.26954e-07 1.47607e-05 1.37221e-05 2.90097e-05  10 /ChipTop/system/tile_prci_domain/tile_reset_domain_tile/gemmini/ex_controller/mesh/mesh/mesh_15_5/tile_0_0/mac_unit                                           
   741     0.11% 2.04619e-06 3.07713e-03 4.56073e-05 3.12479e-03   8 /ChipTop/system/tile_prci_domain/tile_reset_domain_tile/gemmini/ex_controller/mesh/mesh/mesh_11_10                                                            
   741     0.11% 2.04619e-06 3.07713e-03 4.56073e-05 3.12479e-03   9 /ChipTop/system/tile_prci_domain/tile_reset_domain_tile/gemmini/ex_controller/mesh/mesh/mesh_11_10/tile_0_0                                                   
   166     0.03% 5.29130e-07 1.54353e-05 1.42552e-05 3.02196e-05  10 /ChipTop/system/tile_prci_domain/tile_reset_domain_tile/gemmini/ex_controller/mesh/mesh/mesh_11_10/tile_0_0/mac_unit                                          
   738     0.11% 2.03510e-06 3.07658e-03 4.55792e-05 3.12420e-03   8 /ChipTop/system/tile_prci_domain/tile_reset_domain_tile/gemmini/ex_controller/mesh/mesh/mesh_15_11                                                            
   738     0.11% 2.03510e-06 3.07658e-03 4.55792e-05 3.12420e-03   9 /ChipTop/system/tile_prci_domain/tile_reset_domain_tile/gemmini/ex_controller/mesh/mesh/mesh_15_11/tile_0_0                                                   
   163     0.02% 5.34469e-07 1.44646e-05 1.33776e-05 2.83767e-05  10 /ChipTop/system/tile_prci_domain/tile_reset_domain_tile/gemmini/ex_controller/mesh/mesh/mesh_15_11/tile_0_0/mac_unit                                          
   738     0.11% 2.04708e-06 3.07833e-03 4.16217e-05 3.12200e-03   8 /ChipTop/system/tile_prci_domain/tile_reset_domain_tile/gemmini/ex_controller/mesh/mesh/mesh_14_8                                                             
   738     0.11% 2.04708e-06 3.07833e-03 4.16217e-05 3.12200e-03   9 /ChipTop/system/tile_prci_domain/tile_reset_domain_tile/gemmini/ex_controller/mesh/mesh/mesh_14_8/tile_0_0                                                    
   163     0.02% 5.34252e-07 1.33956e-05 1.17713e-05 2.57012e-05  10 /ChipTop/system/tile_prci_domain/tile_reset_domain_tile/gemmini/ex_controller/mesh/mesh/mesh_14_8/tile_0_0/mac_unit                                           
   738     0.11% 2.05038e-06 3.07798e-03 4.15007e-05 3.12153e-03   8 /ChipTop/system/tile_prci_domain/tile_reset_domain_tile/gemmini/ex_controller/mesh/mesh/mesh_13_14                                                            
   738     0.11% 2.05038e-06 3.07798e-03 4.15007e-05 3.12153e-03   9 /ChipTop/system/tile_prci_domain/tile_reset_domain_tile/gemmini/ex_controller/mesh/mesh/mesh_13_14/tile_0_0                                                   
   163     0.02% 5.27650e-07 1.41258e-05 1.22707e-05 2.69242e-05  10 /ChipTop/system/tile_prci_domain/tile_reset_domain_tile/gemmini/ex_controller/mesh/mesh/mesh_13_14/tile_0_0/mac_unit                                          
   741     0.11% 2.02108e-06 3.07436e-03 4.24793e-05 3.11886e-03   8 /ChipTop/system/tile_prci_domain/tile_reset_domain_tile/gemmini/ex_controller/mesh/mesh/mesh_15_13                                                            
   741     0.11% 2.02108e-06 3.07436e-03 4.24793e-05 3.11886e-03   9 /ChipTop/system/tile_prci_domain/tile_reset_domain_tile/gemmini/ex_controller/mesh/mesh/mesh_15_13/tile_0_0                                                   
   166     0.03% 5.26638e-07 1.46378e-05 1.30970e-05 2.82614e-05  10 /ChipTop/system/tile_prci_domain/tile_reset_domain_tile/gemmini/ex_controller/mesh/mesh/mesh_15_13/tile_0_0/mac_unit                                          
   738     0.11% 2.05997e-06 3.07527e-03 4.06490e-05 3.11798e-03   8 /ChipTop/system/tile_prci_domain/tile_reset_domain_tile/gemmini/ex_controller/mesh/mesh/mesh_12_14                                                            
   738     0.11% 2.05997e-06 3.07527e-03 4.06490e-05 3.11798e-03   9 /ChipTop/system/tile_prci_domain/tile_reset_domain_tile/gemmini/ex_controller/mesh/mesh/mesh_12_14/tile_0_0                                                   
   163     0.02% 5.37728e-07 1.42488e-05 1.27937e-05 2.75803e-05  10 /ChipTop/system/tile_prci_domain/tile_reset_domain_tile/gemmini/ex_controller/mesh/mesh/mesh_12_14/tile_0_0/mac_unit                                          
   738     0.11% 2.05660e-06 3.07372e-03 4.18918e-05 3.11766e-03   8 /ChipTop/system/tile_prci_domain/tile_reset_domain_tile/gemmini/ex_controller/mesh/mesh/mesh_15_15                                                            
   738     0.11% 2.05660e-06 3.07372e-03 4.18918e-05 3.11766e-03   9 /ChipTop/system/tile_prci_domain/tile_reset_domain_tile/gemmini/ex_controller/mesh/mesh/mesh_15_15/tile_0_0                                                   
   163     0.02% 5.37510e-07 1.61373e-05 1.45174e-05 3.11922e-05  10 /ChipTop/system/tile_prci_domain/tile_reset_domain_tile/gemmini/ex_controller/mesh/mesh/mesh_15_15/tile_0_0/mac_unit                                          
   738     0.11% 2.03223e-06 3.07173e-03 4.26470e-05 3.11640e-03   8 /ChipTop/system/tile_prci_domain/tile_reset_domain_tile/gemmini/ex_controller/mesh/mesh/mesh_13_11                                                            
   738     0.11% 2.03223e-06 3.07173e-03 4.26470e-05 3.11640e-03   9 /ChipTop/system/tile_prci_domain/tile_reset_domain_tile/gemmini/ex_controller/mesh/mesh/mesh_13_11/tile_0_0                                                   
   163     0.02% 5.29931e-07 1.38824e-05 1.26480e-05 2.70602e-05  10 /ChipTop/system/tile_prci_domain/tile_reset_domain_tile/gemmini/ex_controller/mesh/mesh/mesh_13_11/tile_0_0/mac_unit                                          
   738     0.11% 2.04106e-06 3.07082e-03 4.35076e-05 3.11637e-03   8 /ChipTop/system/tile_prci_domain/tile_reset_domain_tile/gemmini/ex_controller/mesh/mesh/mesh_12_11                                                            
   738     0.11% 2.04106e-06 3.07082e-03 4.35076e-05 3.11637e-03   9 /ChipTop/system/tile_prci_domain/tile_reset_domain_tile/gemmini/ex_controller/mesh/mesh/mesh_12_11/tile_0_0                                                   
   163     0.02% 5.35329e-07 1.45445e-05 1.35043e-05 2.85841e-05  10 /ChipTop/system/tile_prci_domain/tile_reset_domain_tile/gemmini/ex_controller/mesh/mesh/mesh_12_11/tile_0_0/mac_unit                                          
   741     0.11% 2.07262e-06 3.07129e-03 4.23264e-05 3.11569e-03   8 /ChipTop/system/tile_prci_domain/tile_reset_domain_tile/gemmini/ex_controller/mesh/mesh/mesh_13_13                                                            
   741     0.11% 2.07262e-06 3.07129e-03 4.23264e-05 3.11569e-03   9 /ChipTop/system/tile_prci_domain/tile_reset_domain_tile/gemmini/ex_controller/mesh/mesh/mesh_13_13/tile_0_0                                                   
   166     0.03% 5.29758e-07 1.67783e-05 1.53149e-05 3.26229e-05  10 /ChipTop/system/tile_prci_domain/tile_reset_domain_tile/gemmini/ex_controller/mesh/mesh/mesh_13_13/tile_0_0/mac_unit                                          
   741     0.11% 2.02029e-06 3.07233e-03 4.08555e-05 3.11521e-03   8 /ChipTop/system/tile_prci_domain/tile_reset_domain_tile/gemmini/ex_controller/mesh/mesh/mesh_14_13                                                            
   741     0.11% 2.02029e-06 3.07233e-03 4.08555e-05 3.11521e-03   9 /ChipTop/system/tile_prci_domain/tile_reset_domain_tile/gemmini/ex_controller/mesh/mesh/mesh_14_13/tile_0_0                                                   
   166     0.03% 5.24037e-07 1.40524e-05 1.23938e-05 2.69702e-05  10 /ChipTop/system/tile_prci_domain/tile_reset_domain_tile/gemmini/ex_controller/mesh/mesh/mesh_14_13/tile_0_0/mac_unit                                          
   738     0.11% 2.04999e-06 3.07413e-03 3.90074e-05 3.11519e-03   8 /ChipTop/system/tile_prci_domain/tile_reset_domain_tile/gemmini/ex_controller/mesh/mesh/mesh_13_8                                                             
   738     0.11% 2.04999e-06 3.07413e-03 3.90074e-05 3.11519e-03   9 /ChipTop/system/tile_prci_domain/tile_reset_domain_tile/gemmini/ex_controller/mesh/mesh/mesh_13_8/tile_0_0                                                    
   163     0.02% 5.31193e-07 1.21216e-05 1.06700e-05 2.33228e-05  10 /ChipTop/system/tile_prci_domain/tile_reset_domain_tile/gemmini/ex_controller/mesh/mesh/mesh_13_8/tile_0_0/mac_unit                                           
   738     0.11% 2.06424e-06 3.07320e-03 3.93983e-05 3.11466e-03   8 /ChipTop/system/tile_prci_domain/tile_reset_domain_tile/gemmini/ex_controller/mesh/mesh/mesh_11_14                                                            
   738     0.11% 2.06424e-06 3.07320e-03 3.93983e-05 3.11466e-03   9 /ChipTop/system/tile_prci_domain/tile_reset_domain_tile/gemmini/ex_controller/mesh/mesh/mesh_11_14/tile_0_0                                                   
   163     0.02% 5.40030e-07 1.42210e-05 1.26773e-05 2.74383e-05  10 /ChipTop/system/tile_prci_domain/tile_reset_domain_tile/gemmini/ex_controller/mesh/mesh/mesh_11_14/tile_0_0/mac_unit                                          
   740     0.11% 2.06987e-06 3.06925e-03 4.32692e-05 3.11459e-03   8 /ChipTop/system/tile_prci_domain/tile_reset_domain_tile/gemmini/ex_controller/mesh/mesh/mesh_11_11                                                            
   740     0.11% 2.06987e-06 3.06925e-03 4.32692e-05 3.11459e-03   9 /ChipTop/system/tile_prci_domain/tile_reset_domain_tile/gemmini/ex_controller/mesh/mesh/mesh_11_11/tile_0_0                                                   
   163     0.02% 5.47335e-07 1.58797e-05 1.60788e-05 3.25058e-05  10 /ChipTop/system/tile_prci_domain/tile_reset_domain_tile/gemmini/ex_controller/mesh/mesh/mesh_11_11/tile_0_0/mac_unit                                          
   738     0.11% 2.04486e-06 3.07114e-03 3.99043e-05 3.11309e-03   8 /ChipTop/system/tile_prci_domain/tile_reset_domain_tile/gemmini/ex_controller/mesh/mesh/mesh_14_15                                                            
   738     0.11% 2.04486e-06 3.07114e-03 3.99043e-05 3.11309e-03   9 /ChipTop/system/tile_prci_domain/tile_reset_domain_tile/gemmini/ex_controller/mesh/mesh/mesh_14_15/tile_0_0                                                   
   163     0.02% 5.31256e-07 1.20134e-05 1.03133e-05 2.28580e-05  10 /ChipTop/system/tile_prci_domain/tile_reset_domain_tile/gemmini/ex_controller/mesh/mesh/mesh_14_15/tile_0_0/mac_unit                                          
   741     0.11% 2.04977e-06 3.07035e-03 4.02346e-05 3.11263e-03   8 /ChipTop/system/tile_prci_domain/tile_reset_domain_tile/gemmini/ex_controller/mesh/mesh/mesh_10_10                                                            
   741     0.11% 2.04977e-06 3.07035e-03 4.02346e-05 3.11263e-03   9 /ChipTop/system/tile_prci_domain/tile_reset_domain_tile/gemmini/ex_controller/mesh/mesh/mesh_10_10/tile_0_0                                                   
   166     0.03% 5.30456e-07 1.24532e-05 1.11152e-05 2.40989e-05  10 /ChipTop/system/tile_prci_domain/tile_reset_domain_tile/gemmini/ex_controller/mesh/mesh/mesh_10_10/tile_0_0/mac_unit                                          
   741     0.11% 2.03846e-06 3.06953e-03 4.09999e-05 3.11256e-03   8 /ChipTop/system/tile_prci_domain/tile_reset_domain_tile/gemmini/ex_controller/mesh/mesh/mesh_9_10                                                             
   741     0.11% 2.03846e-06 3.06953e-03 4.09999e-05 3.11256e-03   9 /ChipTop/system/tile_prci_domain/tile_reset_domain_tile/gemmini/ex_controller/mesh/mesh/mesh_9_10/tile_0_0                                                    
   166     0.03% 5.25869e-07 1.49423e-05 1.41579e-05 2.96261e-05  10 /ChipTop/system/tile_prci_domain/tile_reset_domain_tile/gemmini/ex_controller/mesh/mesh/mesh_9_10/tile_0_0/mac_unit                                           
   741     0.11% 2.03475e-06 3.07111e-03 3.92109e-05 3.11235e-03   8 /ChipTop/system/tile_prci_domain/tile_reset_domain_tile/gemmini/ex_controller/mesh/mesh/mesh_15_6                                                             
   741     0.11% 2.03475e-06 3.07111e-03 3.92109e-05 3.11235e-03   9 /ChipTop/system/tile_prci_domain/tile_reset_domain_tile/gemmini/ex_controller/mesh/mesh/mesh_15_6/tile_0_0                                                    
   166     0.03% 5.26566e-07 1.23086e-05 1.09505e-05 2.37857e-05  10 /ChipTop/system/tile_prci_domain/tile_reset_domain_tile/gemmini/ex_controller/mesh/mesh/mesh_15_6/tile_0_0/mac_unit                                           
   741     0.11% 2.04001e-06 3.07052e-03 3.85166e-05 3.11108e-03   8 /ChipTop/system/tile_prci_domain/tile_reset_domain_tile/gemmini/ex_controller/mesh/mesh/mesh_14_6                                                             
   741     0.11% 2.04001e-06 3.07052e-03 3.85166e-05 3.11108e-03   9 /ChipTop/system/tile_prci_domain/tile_reset_domain_tile/gemmini/ex_controller/mesh/mesh/mesh_14_6/tile_0_0                                                    
   166     0.03% 5.28327e-07 1.19011e-05 1.04845e-05 2.29140e-05  10 /ChipTop/system/tile_prci_domain/tile_reset_domain_tile/gemmini/ex_controller/mesh/mesh/mesh_14_6/tile_0_0/mac_unit                                           
   738     0.11% 2.05219e-06 3.07086e-03 3.70875e-05 3.11000e-03   8 /ChipTop/system/tile_prci_domain/tile_reset_domain_tile/gemmini/ex_controller/mesh/mesh/mesh_12_8                                                             
   738     0.11% 2.05219e-06 3.07086e-03 3.70875e-05 3.11000e-03   9 /ChipTop/system/tile_prci_domain/tile_reset_domain_tile/gemmini/ex_controller/mesh/mesh/mesh_12_8/tile_0_0                                                    
   163     0.02% 5.38414e-07 1.18003e-05 1.03467e-05 2.26854e-05  10 /ChipTop/system/tile_prci_domain/tile_reset_domain_tile/gemmini/ex_controller/mesh/mesh/mesh_12_8/tile_0_0/mac_unit                                           
   741     0.11% 2.04356e-06 3.07029e-03 3.67771e-05 3.10911e-03   8 /ChipTop/system/tile_prci_domain/tile_reset_domain_tile/gemmini/ex_controller/mesh/mesh/mesh_10_14                                                            
   741     0.11% 2.04356e-06 3.07029e-03 3.67771e-05 3.10911e-03   9 /ChipTop/system/tile_prci_domain/tile_reset_domain_tile/gemmini/ex_controller/mesh/mesh/mesh_10_14/tile_0_0                                                   
   166     0.03% 5.29137e-07 1.39076e-05 1.20903e-05 2.65270e-05  10 /ChipTop/system/tile_prci_domain/tile_reset_domain_tile/gemmini/ex_controller/mesh/mesh/mesh_10_14/tile_0_0/mac_unit                                          
   738     0.11% 2.03582e-06 3.06761e-03 3.93610e-05 3.10901e-03   8 /ChipTop/system/tile_prci_domain/tile_reset_domain_tile/gemmini/ex_controller/mesh/mesh/mesh_15_7                                                             
   738     0.11% 2.03582e-06 3.06761e-03 3.93610e-05 3.10901e-03   9 /ChipTop/system/tile_prci_domain/tile_reset_domain_tile/gemmini/ex_controller/mesh/mesh/mesh_15_7/tile_0_0                                                    
   163     0.02% 5.33447e-07 1.28220e-05 1.14946e-05 2.48500e-05  10 /ChipTop/system/tile_prci_domain/tile_reset_domain_tile/gemmini/ex_controller/mesh/mesh/mesh_15_7/tile_0_0/mac_unit                                           
   741     0.11% 2.05220e-06 3.06800e-03 3.87802e-05 3.10883e-03   8 /ChipTop/system/tile_prci_domain/tile_reset_domain_tile/gemmini/ex_controller/mesh/mesh/mesh_12_13                                                            
   741     0.11% 2.05220e-06 3.06800e-03 3.87802e-05 3.10883e-03   9 /ChipTop/system/tile_prci_domain/tile_reset_domain_tile/gemmini/ex_controller/mesh/mesh/mesh_12_13/tile_0_0                                                   
   166     0.03% 5.25079e-07 1.35146e-05 1.18812e-05 2.59209e-05  10 /ChipTop/system/tile_prci_domain/tile_reset_domain_tile/gemmini/ex_controller/mesh/mesh/mesh_12_13/tile_0_0/mac_unit                                          
   741     0.11% 2.03401e-06 3.06680e-03 3.97428e-05 3.10858e-03   8 /ChipTop/system/tile_prci_domain/tile_reset_domain_tile/gemmini/ex_controller/mesh/mesh/mesh_15_9                                                             
   741     0.11% 2.03401e-06 3.06680e-03 3.97428e-05 3.10858e-03   9 /ChipTop/system/tile_prci_domain/tile_reset_domain_tile/gemmini/ex_controller/mesh/mesh/mesh_15_9/tile_0_0                                                    
   166     0.03% 5.27721e-07 1.49302e-05 1.41755e-05 2.96335e-05  10 /ChipTop/system/tile_prci_domain/tile_reset_domain_tile/gemmini/ex_controller/mesh/mesh/mesh_15_9/tile_0_0/mac_unit                                           
   738     0.11% 2.04739e-06 3.06835e-03 3.79113e-05 3.10831e-03   8 /ChipTop/system/tile_prci_domain/tile_reset_domain_tile/gemmini/ex_controller/mesh/mesh/mesh_15_4                                                             
   738     0.11% 2.04739e-06 3.06835e-03 3.79113e-05 3.10831e-03   9 /ChipTop/system/tile_prci_domain/tile_reset_domain_tile/gemmini/ex_controller/mesh/mesh/mesh_15_4/tile_0_0                                                    
   163     0.02% 5.34994e-07 1.10353e-05 1.00870e-05 2.16573e-05  10 /ChipTop/system/tile_prci_domain/tile_reset_domain_tile/gemmini/ex_controller/mesh/mesh/mesh_15_4/tile_0_0/mac_unit                                           
   741     0.11% 2.03610e-06 3.06578e-03 3.91929e-05 3.10701e-03   8 /ChipTop/system/tile_prci_domain/tile_reset_domain_tile/gemmini/ex_controller/mesh/mesh/mesh_10_11                                                            
   741     0.11% 2.03610e-06 3.06578e-03 3.91929e-05 3.10701e-03   9 /ChipTop/system/tile_prci_domain/tile_reset_domain_tile/gemmini/ex_controller/mesh/mesh/mesh_10_11/tile_0_0                                                   
   166     0.03% 5.31191e-07 1.38699e-05 1.29019e-05 2.73029e-05  10 /ChipTop/system/tile_prci_domain/tile_reset_domain_tile/gemmini/ex_controller/mesh/mesh/mesh_10_11/tile_0_0/mac_unit                                          
   740     0.11% 2.04745e-06 3.06725e-03 3.75773e-05 3.10687e-03   8 /ChipTop/system/tile_prci_domain/tile_reset_domain_tile/gemmini/ex_controller/mesh/mesh/mesh_13_6                                                             
   740     0.11% 2.04745e-06 3.06725e-03 3.75773e-05 3.10687e-03   9 /ChipTop/system/tile_prci_domain/tile_reset_domain_tile/gemmini/ex_controller/mesh/mesh/mesh_13_6/tile_0_0                                                    
   163     0.02% 5.19667e-07 1.20236e-05 1.14933e-05 2.40366e-05  10 /ChipTop/system/tile_prci_domain/tile_reset_domain_tile/gemmini/ex_controller/mesh/mesh/mesh_13_6/tile_0_0/mac_unit                                           
   741     0.11% 2.02600e-06 3.06536e-03 3.87484e-05 3.10614e-03   8 /ChipTop/system/tile_prci_domain/tile_reset_domain_tile/gemmini/ex_controller/mesh/mesh/mesh_9_11                                                             
   741     0.11% 2.02600e-06 3.06536e-03 3.87484e-05 3.10614e-03   9 /ChipTop/system/tile_prci_domain/tile_reset_domain_tile/gemmini/ex_controller/mesh/mesh/mesh_9_11/tile_0_0                                                    
   166     0.03% 5.24419e-07 1.33701e-05 1.25837e-05 2.64782e-05  10 /ChipTop/system/tile_prci_domain/tile_reset_domain_tile/gemmini/ex_controller/mesh/mesh/mesh_9_11/tile_0_0/mac_unit                                           
   738     0.11% 2.05966e-06 3.06580e-03 3.82010e-05 3.10606e-03   8 /ChipTop/system/tile_prci_domain/tile_reset_domain_tile/gemmini/ex_controller/mesh/mesh/mesh_11_15                                                            
   738     0.11% 2.05966e-06 3.06580e-03 3.82010e-05 3.10606e-03   9 /ChipTop/system/tile_prci_domain/tile_reset_domain_tile/gemmini/ex_controller/mesh/mesh/mesh_11_15/tile_0_0                                                   
   163     0.02% 5.38696e-07 1.46229e-05 1.31375e-05 2.82991e-05  10 /ChipTop/system/tile_prci_domain/tile_reset_domain_tile/gemmini/ex_controller/mesh/mesh/mesh_11_15/tile_0_0/mac_unit                                          
   741     0.11% 2.02057e-06 3.06730e-03 3.66927e-05 3.10601e-03   8 /ChipTop/system/tile_prci_domain/tile_reset_domain_tile/gemmini/ex_controller/mesh/mesh/mesh_14_5                                                             
   741     0.11% 2.02057e-06 3.06730e-03 3.66927e-05 3.10601e-03   9 /ChipTop/system/tile_prci_domain/tile_reset_domain_tile/gemmini/ex_controller/mesh/mesh/mesh_14_5/tile_0_0                                                    
   166     0.03% 5.24272e-07 1.19530e-05 1.08015e-05 2.32788e-05  10 /ChipTop/system/tile_prci_domain/tile_reset_domain_tile/gemmini/ex_controller/mesh/mesh/mesh_14_5/tile_0_0/mac_unit                                           
   740     0.11% 2.05740e-06 3.06571e-03 3.78537e-05 3.10562e-03   8 /ChipTop/system/tile_prci_domain/tile_reset_domain_tile/gemmini/ex_controller/mesh/mesh/mesh_11_13                                                            
   740     0.11% 2.05740e-06 3.06571e-03 3.78537e-05 3.10562e-03   9 /ChipTop/system/tile_prci_domain/tile_reset_domain_tile/gemmini/ex_controller/mesh/mesh/mesh_11_13/tile_0_0                                                   
   163     0.02% 5.24771e-07 1.35732e-05 1.26283e-05 2.67262e-05  10 /ChipTop/system/tile_prci_domain/tile_reset_domain_tile/gemmini/ex_controller/mesh/mesh/mesh_11_13/tile_0_0/mac_unit                                          
   741     0.11% 2.04025e-06 3.06729e-03 3.54371e-05 3.10477e-03   8 /ChipTop/system/tile_prci_domain/tile_reset_domain_tile/gemmini/ex_controller/mesh/mesh/mesh_9_14                                                             
   741     0.11% 2.04025e-06 3.06729e-03 3.54371e-05 3.10477e-03   9 /ChipTop/system/tile_prci_domain/tile_reset_domain_tile/gemmini/ex_controller/mesh/mesh/mesh_9_14/tile_0_0                                                    
   166     0.03% 5.25710e-07 1.41268e-05 1.28038e-05 2.74563e-05  10 /ChipTop/system/tile_prci_domain/tile_reset_domain_tile/gemmini/ex_controller/mesh/mesh/mesh_9_14/tile_0_0/mac_unit                                           
   741     0.11% 2.02412e-06 3.06626e-03 3.58467e-05 3.10414e-03   8 /ChipTop/system/tile_prci_domain/tile_reset_domain_tile/gemmini/ex_controller/mesh/mesh/mesh_15_3                                                             
   741     0.11% 2.02412e-06 3.06626e-03 3.58467e-05 3.10414e-03   9 /ChipTop/system/tile_prci_domain/tile_reset_domain_tile/gemmini/ex_controller/mesh/mesh/mesh_15_3/tile_0_0                                                    
   166     0.03% 5.21647e-07 8.37705e-06 7.43136e-06 1.63301e-05  10 /ChipTop/system/tile_prci_domain/tile_reset_domain_tile/gemmini/ex_controller/mesh/mesh/mesh_15_3/tile_0_0/mac_unit                                           
   738     0.11% 2.02887e-06 3.06610e-03 3.54372e-05 3.10356e-03   8 /ChipTop/system/tile_prci_domain/tile_reset_domain_tile/gemmini/ex_controller/mesh/mesh/mesh_13_15                                                            
   738     0.11% 2.02887e-06 3.06610e-03 3.54372e-05 3.10356e-03   9 /ChipTop/system/tile_prci_domain/tile_reset_domain_tile/gemmini/ex_controller/mesh/mesh/mesh_13_15/tile_0_0                                                   
   163     0.02% 5.26972e-07 1.15959e-05 9.67030e-06 2.17932e-05  10 /ChipTop/system/tile_prci_domain/tile_reset_domain_tile/gemmini/ex_controller/mesh/mesh/mesh_13_15/tile_0_0/mac_unit                                          
   738     0.11% 2.05179e-06 3.06609e-03 3.51347e-05 3.10327e-03   8 /ChipTop/system/tile_prci_domain/tile_reset_domain_tile/gemmini/ex_controller/mesh/mesh/mesh_14_4                                                             
   738     0.11% 2.05179e-06 3.06609e-03 3.51347e-05 3.10327e-03   9 /ChipTop/system/tile_prci_domain/tile_reset_domain_tile/gemmini/ex_controller/mesh/mesh/mesh_14_4/tile_0_0                                                    
   163     0.02% 5.35268e-07 1.04060e-05 9.02529e-06 1.99665e-05  10 /ChipTop/system/tile_prci_domain/tile_reset_domain_tile/gemmini/ex_controller/mesh/mesh/mesh_14_4/tile_0_0/mac_unit                                           
   741     0.11% 2.02437e-06 3.06458e-03 3.63893e-05 3.10299e-03   8 /ChipTop/system/tile_prci_domain/tile_reset_domain_tile/gemmini/ex_controller/mesh/mesh/mesh_13_5                                                             
   741     0.11% 2.02437e-06 3.06458e-03 3.63893e-05 3.10299e-03   9 /ChipTop/system/tile_prci_domain/tile_reset_domain_tile/gemmini/ex_controller/mesh/mesh/mesh_13_5/tile_0_0                                                    
   166     0.03% 5.23581e-07 1.27989e-05 1.17667e-05 2.50892e-05  10 /ChipTop/system/tile_prci_domain/tile_reset_domain_tile/gemmini/ex_controller/mesh/mesh/mesh_13_5/tile_0_0/mac_unit                                           
   738     0.11% 2.05129e-06 3.06686e-03 3.40747e-05 3.10299e-03   8 /ChipTop/system/tile_prci_domain/tile_reset_domain_tile/gemmini/ex_controller/mesh/mesh/mesh_11_8                                                             
   738     0.11% 2.05129e-06 3.06686e-03 3.40747e-05 3.10299e-03   9 /ChipTop/system/tile_prci_domain/tile_reset_domain_tile/gemmini/ex_controller/mesh/mesh/mesh_11_8/tile_0_0                                                    
   163     0.02% 5.38939e-07 1.09038e-05 9.55997e-06 2.10027e-05  10 /ChipTop/system/tile_prci_domain/tile_reset_domain_tile/gemmini/ex_controller/mesh/mesh/mesh_11_8/tile_0_0/mac_unit                                           
   738     0.11% 2.03762e-06 3.06396e-03 3.69206e-05 3.10292e-03   8 /ChipTop/system/tile_prci_domain/tile_reset_domain_tile/gemmini/ex_controller/mesh/mesh/mesh_14_7                                                             
   738     0.11% 2.03762e-06 3.06396e-03 3.69206e-05 3.10292e-03   9 /ChipTop/system/tile_prci_domain/tile_reset_domain_tile/gemmini/ex_controller/mesh/mesh/mesh_14_7/tile_0_0                                                    
   163     0.02% 5.36533e-07 1.31242e-05 1.18585e-05 2.55192e-05  10 /ChipTop/system/tile_prci_domain/tile_reset_domain_tile/gemmini/ex_controller/mesh/mesh/mesh_14_7/tile_0_0/mac_unit                                           
   738     0.11% 2.02971e-06 3.06378e-03 3.58602e-05 3.10167e-03   8 /ChipTop/system/tile_prci_domain/tile_reset_domain_tile/gemmini/ex_controller/mesh/mesh/mesh_13_7                                                             
   738     0.11% 2.02971e-06 3.06378e-03 3.58602e-05 3.10167e-03   9 /ChipTop/system/tile_prci_domain/tile_reset_domain_tile/gemmini/ex_controller/mesh/mesh/mesh_13_7/tile_0_0                                                    
   163     0.02% 5.30369e-07 1.22231e-05 1.08290e-05 2.35824e-05  10 /ChipTop/system/tile_prci_domain/tile_reset_domain_tile/gemmini/ex_controller/mesh/mesh/mesh_13_7/tile_0_0/mac_unit                                           
   741     0.11% 2.02774e-06 3.06357e-03 3.59175e-05 3.10151e-03   8 /ChipTop/system/tile_prci_domain/tile_reset_domain_tile/gemmini/ex_controller/mesh/mesh/mesh_12_5                                                             
   741     0.11% 2.02774e-06 3.06357e-03 3.59175e-05 3.10151e-03   9 /ChipTop/system/tile_prci_domain/tile_reset_domain_tile/gemmini/ex_controller/mesh/mesh/mesh_12_5/tile_0_0                                                    
   166     0.03% 5.26711e-07 1.24011e-05 1.14864e-05 2.44142e-05  10 /ChipTop/system/tile_prci_domain/tile_reset_domain_tile/gemmini/ex_controller/mesh/mesh/mesh_12_5/tile_0_0/mac_unit                                           
   738     0.11% 2.03836e-06 3.06619e-03 3.31977e-05 3.10143e-03   8 /ChipTop/system/tile_prci_domain/tile_reset_domain_tile/gemmini/ex_controller/mesh/mesh/mesh_15_12                                                            
   738     0.11% 2.03836e-06 3.06619e-03 3.31977e-05 3.10143e-03   9 /ChipTop/system/tile_prci_domain/tile_reset_domain_tile/gemmini/ex_controller/mesh/mesh/mesh_15_12/tile_0_0                                                   
   163     0.02% 5.32214e-07 1.03408e-05 8.64263e-06 1.95157e-05  10 /ChipTop/system/tile_prci_domain/tile_reset_domain_tile/gemmini/ex_controller/mesh/mesh/mesh_15_12/tile_0_0/mac_unit                                          
   738     0.11% 2.05257e-06 3.06396e-03 3.53078e-05 3.10132e-03   8 /ChipTop/system/tile_prci_domain/tile_reset_domain_tile/gemmini/ex_controller/mesh/mesh/mesh_10_13                                                            
   738     0.11% 2.05257e-06 3.06396e-03 3.53078e-05 3.10132e-03   9 /ChipTop/system/tile_prci_domain/tile_reset_domain_tile/gemmini/ex_controller/mesh/mesh/mesh_10_13/tile_0_0                                                   
   163     0.02% 5.35107e-07 1.28723e-05 1.15044e-05 2.49118e-05  10 /ChipTop/system/tile_prci_domain/tile_reset_domain_tile/gemmini/ex_controller/mesh/mesh/mesh_10_13/tile_0_0/mac_unit                                          
   740     0.11% 2.04374e-06 3.06365e-03 3.52696e-05 3.10096e-03   8 /ChipTop/system/tile_prci_domain/tile_reset_domain_tile/gemmini/ex_controller/mesh/mesh/mesh_8_10                                                             
   740     0.11% 2.04374e-06 3.06365e-03 3.52696e-05 3.10096e-03   9 /ChipTop/system/tile_prci_domain/tile_reset_domain_tile/gemmini/ex_controller/mesh/mesh/mesh_8_10/tile_0_0                                                    
   163     0.02% 5.16309e-07 1.10502e-05 1.03518e-05 2.19183e-05  10 /ChipTop/system/tile_prci_domain/tile_reset_domain_tile/gemmini/ex_controller/mesh/mesh/mesh_8_10/tile_0_0/mac_unit                                           
   738     0.11% 2.03724e-06 3.06369e-03 3.48016e-05 3.10053e-03   8 /ChipTop/system/tile_prci_domain/tile_reset_domain_tile/gemmini/ex_controller/mesh/mesh/mesh_13_4                                                             
   738     0.11% 2.03724e-06 3.06369e-03 3.48016e-05 3.10053e-03   9 /ChipTop/system/tile_prci_domain/tile_reset_domain_tile/gemmini/ex_controller/mesh/mesh/mesh_13_4/tile_0_0                                                    
   163     0.02% 5.30521e-07 1.03877e-05 9.21693e-06 2.01352e-05  10 /ChipTop/system/tile_prci_domain/tile_reset_domain_tile/gemmini/ex_controller/mesh/mesh/mesh_13_4/tile_0_0/mac_unit                                           
   741     0.11% 2.04569e-06 3.06380e-03 3.45301e-05 3.10038e-03   8 /ChipTop/system/tile_prci_domain/tile_reset_domain_tile/gemmini/ex_controller/mesh/mesh/mesh_14_3                                                             
   741     0.11% 2.04569e-06 3.06380e-03 3.45301e-05 3.10038e-03   9 /ChipTop/system/tile_prci_domain/tile_reset_domain_tile/gemmini/ex_controller/mesh/mesh/mesh_14_3/tile_0_0                                                    
   166     0.03% 5.26079e-07 9.25213e-06 7.98926e-06 1.77675e-05  10 /ChipTop/system/tile_prci_domain/tile_reset_domain_tile/gemmini/ex_controller/mesh/mesh/mesh_14_3/tile_0_0/mac_unit                                           
   741     0.11% 2.04317e-06 3.06379e-03 3.43158e-05 3.10015e-03   8 /ChipTop/system/tile_prci_domain/tile_reset_domain_tile/gemmini/ex_controller/mesh/mesh/mesh_12_6                                                             
   741     0.11% 2.04317e-06 3.06379e-03 3.43158e-05 3.10015e-03   9 /ChipTop/system/tile_prci_domain/tile_reset_domain_tile/gemmini/ex_controller/mesh/mesh/mesh_12_6/tile_0_0                                                    
   166     0.03% 5.26483e-07 1.04687e-05 9.18128e-06 2.01764e-05  10 /ChipTop/system/tile_prci_domain/tile_reset_domain_tile/gemmini/ex_controller/mesh/mesh/mesh_12_6/tile_0_0/mac_unit                                           
   738     0.11% 2.05447e-06 3.06194e-03 3.45192e-05 3.09851e-03   8 /ChipTop/system/tile_prci_domain/tile_reset_domain_tile/gemmini/ex_controller/mesh/mesh/mesh_9_13                                                             
   738     0.11% 2.05447e-06 3.06194e-03 3.45192e-05 3.09851e-03   9 /ChipTop/system/tile_prci_domain/tile_reset_domain_tile/gemmini/ex_controller/mesh/mesh/mesh_9_13/tile_0_0                                                    
   163     0.02% 5.35142e-07 1.27921e-05 1.14840e-05 2.48112e-05  10 /ChipTop/system/tile_prci_domain/tile_reset_domain_tile/gemmini/ex_controller/mesh/mesh/mesh_9_13/tile_0_0/mac_unit                                           
   738     0.11% 2.03449e-06 3.06141e-03 3.47961e-05 3.09824e-03   8 /ChipTop/system/tile_prci_domain/tile_reset_domain_tile/gemmini/ex_controller/mesh/mesh/mesh_15_2                                                             
   738     0.11% 2.03449e-06 3.06141e-03 3.47961e-05 3.09824e-03   9 /ChipTop/system/tile_prci_domain/tile_reset_domain_tile/gemmini/ex_controller/mesh/mesh/mesh_15_2/tile_0_0                                                    
   163     0.02% 5.32831e-07 1.01389e-05 9.17986e-06 1.98516e-05  10 /ChipTop/system/tile_prci_domain/tile_reset_domain_tile/gemmini/ex_controller/mesh/mesh/mesh_15_2/tile_0_0/mac_unit                                           
   741     0.11% 2.02180e-06 3.06109e-03 3.49164e-05 3.09803e-03   8 /ChipTop/system/tile_prci_domain/tile_reset_domain_tile/gemmini/ex_controller/mesh/mesh/mesh_8_11                                                             
   741     0.11% 2.02180e-06 3.06109e-03 3.49164e-05 3.09803e-03   9 /ChipTop/system/tile_prci_domain/tile_reset_domain_tile/gemmini/ex_controller/mesh/mesh/mesh_8_11/tile_0_0                                                    
   166     0.03% 5.21659e-07 1.24679e-05 1.16987e-05 2.46882e-05  10 /ChipTop/system/tile_prci_domain/tile_reset_domain_tile/gemmini/ex_controller/mesh/mesh/mesh_8_11/tile_0_0/mac_unit                                           
   738     0.11% 2.06718e-06 3.06168e-03 3.38857e-05 3.09764e-03   8 /ChipTop/system/tile_prci_domain/tile_reset_domain_tile/gemmini/ex_controller/mesh/mesh/mesh_7_10                                                             
   738     0.11% 2.06718e-06 3.06168e-03 3.38857e-05 3.09764e-03   9 /ChipTop/system/tile_prci_domain/tile_reset_domain_tile/gemmini/ex_controller/mesh/mesh/mesh_7_10/tile_0_0                                                    
   163     0.02% 5.38468e-07 1.27355e-05 1.18813e-05 2.51553e-05  10 /ChipTop/system/tile_prci_domain/tile_reset_domain_tile/gemmini/ex_controller/mesh/mesh/mesh_7_10/tile_0_0/mac_unit                                           
   741     0.11% 2.04098e-06 3.06285e-03 3.26697e-05 3.09756e-03   8 /ChipTop/system/tile_prci_domain/tile_reset_domain_tile/gemmini/ex_controller/mesh/mesh/mesh_12_3                                                             
   741     0.11% 2.04098e-06 3.06285e-03 3.26697e-05 3.09756e-03   9 /ChipTop/system/tile_prci_domain/tile_reset_domain_tile/gemmini/ex_controller/mesh/mesh/mesh_12_3/tile_0_0                                                    
   166     0.03% 5.27132e-07 8.97534e-06 7.55092e-06 1.70534e-05  10 /ChipTop/system/tile_prci_domain/tile_reset_domain_tile/gemmini/ex_controller/mesh/mesh/mesh_12_3/tile_0_0/mac_unit                                           
   741     0.11% 2.02052e-06 3.06117e-03 3.40459e-05 3.09723e-03   8 /ChipTop/system/tile_prci_domain/tile_reset_domain_tile/gemmini/ex_controller/mesh/mesh/mesh_13_9                                                             
   741     0.11% 2.02052e-06 3.06117e-03 3.40459e-05 3.09723e-03   9 /ChipTop/system/tile_prci_domain/tile_reset_domain_tile/gemmini/ex_controller/mesh/mesh/mesh_13_9/tile_0_0                                                    
   166     0.03% 5.19077e-07 1.19669e-05 1.07828e-05 2.32688e-05  10 /ChipTop/system/tile_prci_domain/tile_reset_domain_tile/gemmini/ex_controller/mesh/mesh/mesh_13_9/tile_0_0/mac_unit                                           
   738     0.11% 2.03240e-06 3.06215e-03 3.28210e-05 3.09700e-03   8 /ChipTop/system/tile_prci_domain/tile_reset_domain_tile/gemmini/ex_controller/mesh/mesh/mesh_15_1                                                             
   738     0.11% 2.03240e-06 3.06215e-03 3.28210e-05 3.09700e-03   9 /ChipTop/system/tile_prci_domain/tile_reset_domain_tile/gemmini/ex_controller/mesh/mesh/mesh_15_1/tile_0_0                                                    
   163     0.02% 5.36021e-07 9.95572e-06 8.96096e-06 1.94527e-05  10 /ChipTop/system/tile_prci_domain/tile_reset_domain_tile/gemmini/ex_controller/mesh/mesh/mesh_15_1/tile_0_0/mac_unit                                           
   741     0.11% 2.02992e-06 3.06056e-03 3.43788e-05 3.09696e-03   8 /ChipTop/system/tile_prci_domain/tile_reset_domain_tile/gemmini/ex_controller/mesh/mesh/mesh_14_9                                                             
   741     0.11% 2.02992e-06 3.06056e-03 3.43788e-05 3.09696e-03   9 /ChipTop/system/tile_prci_domain/tile_reset_domain_tile/gemmini/ex_controller/mesh/mesh/mesh_14_9/tile_0_0                                                    
   166     0.03% 5.28064e-07 1.33933e-05 1.23875e-05 2.63089e-05  10 /ChipTop/system/tile_prci_domain/tile_reset_domain_tile/gemmini/ex_controller/mesh/mesh/mesh_14_9/tile_0_0/mac_unit                                           
   738     0.11% 2.05841e-06 3.06141e-03 3.32548e-05 3.09672e-03   8 /ChipTop/system/tile_prci_domain/tile_reset_domain_tile/gemmini/ex_controller/mesh/mesh/mesh_11_4                                                             
   738     0.11% 2.05841e-06 3.06141e-03 3.32548e-05 3.09672e-03   9 /ChipTop/system/tile_prci_domain/tile_reset_domain_tile/gemmini/ex_controller/mesh/mesh/mesh_11_4/tile_0_0                                                    
   163     0.02% 5.38169e-07 1.07441e-05 9.78011e-06 2.10624e-05  10 /ChipTop/system/tile_prci_domain/tile_reset_domain_tile/gemmini/ex_controller/mesh/mesh/mesh_11_4/tile_0_0/mac_unit                                           
   741     0.11% 2.03428e-06 3.06028e-03 3.42529e-05 3.09657e-03   8 /ChipTop/system/tile_prci_domain/tile_reset_domain_tile/gemmini/ex_controller/mesh/mesh/mesh_7_11                                                             
   741     0.11% 2.03428e-06 3.06028e-03 3.42529e-05 3.09657e-03   9 /ChipTop/system/tile_prci_domain/tile_reset_domain_tile/gemmini/ex_controller/mesh/mesh/mesh_7_11/tile_0_0                                                    
   166     0.03% 5.28504e-07 1.18768e-05 1.12393e-05 2.36446e-05  10 /ChipTop/system/tile_prci_domain/tile_reset_domain_tile/gemmini/ex_controller/mesh/mesh/mesh_7_11/tile_0_0/mac_unit                                           
   738     0.11% 2.04715e-06 3.06200e-03 3.21925e-05 3.09624e-03   8 /ChipTop/system/tile_prci_domain/tile_reset_domain_tile/gemmini/ex_controller/mesh/mesh/mesh_10_8                                                             
   738     0.11% 2.04715e-06 3.06200e-03 3.21925e-05 3.09624e-03   9 /ChipTop/system/tile_prci_domain/tile_reset_domain_tile/gemmini/ex_controller/mesh/mesh/mesh_10_8/tile_0_0                                                    
   163     0.02% 5.32954e-07 9.62332e-06 8.36787e-06 1.85242e-05  10 /ChipTop/system/tile_prci_domain/tile_reset_domain_tile/gemmini/ex_controller/mesh/mesh/mesh_10_8/tile_0_0/mac_unit                                           
   741     0.11% 2.02581e-06 3.05977e-03 3.39266e-05 3.09573e-03   8 /ChipTop/system/tile_prci_domain/tile_reset_domain_tile/gemmini/ex_controller/mesh/mesh/mesh_10_9                                                             
   741     0.11% 2.02581e-06 3.05977e-03 3.39266e-05 3.09573e-03   9 /ChipTop/system/tile_prci_domain/tile_reset_domain_tile/gemmini/ex_controller/mesh/mesh/mesh_10_9/tile_0_0                                                    
   166     0.03% 5.29471e-07 1.25348e-05 1.15785e-05 2.46428e-05  10 /ChipTop/system/tile_prci_domain/tile_reset_domain_tile/gemmini/ex_controller/mesh/mesh/mesh_10_9/tile_0_0/mac_unit                                           
   738     0.11% 2.03358e-06 3.06068e-03 3.29994e-05 3.09571e-03   8 /ChipTop/system/tile_prci_domain/tile_reset_domain_tile/gemmini/ex_controller/mesh/mesh/mesh_8_13                                                             
   738     0.11% 2.03358e-06 3.06068e-03 3.29994e-05 3.09571e-03   9 /ChipTop/system/tile_prci_domain/tile_reset_domain_tile/gemmini/ex_controller/mesh/mesh/mesh_8_13/tile_0_0                                                    
   163     0.02% 5.36422e-07 1.18376e-05 1.07557e-05 2.31297e-05  10 /ChipTop/system/tile_prci_domain/tile_reset_domain_tile/gemmini/ex_controller/mesh/mesh/mesh_8_13/tile_0_0/mac_unit                                           
   741     0.11% 2.02141e-06 3.06044e-03 3.26856e-05 3.09515e-03   8 /ChipTop/system/tile_prci_domain/tile_reset_domain_tile/gemmini/ex_controller/mesh/mesh/mesh_12_7                                                             
   741     0.11% 2.02141e-06 3.06044e-03 3.26856e-05 3.09515e-03   9 /ChipTop/system/tile_prci_domain/tile_reset_domain_tile/gemmini/ex_controller/mesh/mesh/mesh_12_7/tile_0_0                                                    
   166     0.03% 5.25279e-07 1.07981e-05 9.50281e-06 2.08262e-05  10 /ChipTop/system/tile_prci_domain/tile_reset_domain_tile/gemmini/ex_controller/mesh/mesh/mesh_12_7/tile_0_0/mac_unit                                           
   741     0.11% 2.03198e-06 3.05947e-03 3.36073e-05 3.09511e-03   8 /ChipTop/system/tile_prci_domain/tile_reset_domain_tile/gemmini/ex_controller/mesh/mesh/mesh_11_7                                                             
   741     0.11% 2.03198e-06 3.05947e-03 3.36073e-05 3.09511e-03   9 /ChipTop/system/tile_prci_domain/tile_reset_domain_tile/gemmini/ex_controller/mesh/mesh/mesh_11_7/tile_0_0                                                    
   166     0.03% 5.29730e-07 1.31655e-05 1.21045e-05 2.57998e-05  10 /ChipTop/system/tile_prci_domain/tile_reset_domain_tile/gemmini/ex_controller/mesh/mesh/mesh_11_7/tile_0_0/mac_unit                                           
   741     0.11% 2.04640e-06 3.06133e-03 3.16660e-05 3.09504e-03   8 /ChipTop/system/tile_prci_domain/tile_reset_domain_tile/gemmini/ex_controller/mesh/mesh/mesh_11_6                                                             
   741     0.11% 2.04640e-06 3.06133e-03 3.16660e-05 3.09504e-03   9 /ChipTop/system/tile_prci_domain/tile_reset_domain_tile/gemmini/ex_controller/mesh/mesh/mesh_11_6/tile_0_0                                                    
   166     0.03% 5.26883e-07 1.11688e-05 1.00192e-05 2.17149e-05  10 /ChipTop/system/tile_prci_domain/tile_reset_domain_tile/gemmini/ex_controller/mesh/mesh/mesh_11_6/tile_0_0/mac_unit                                           
   738     0.11% 2.05660e-06 3.06177e-03 3.11796e-05 3.09501e-03   8 /ChipTop/system/tile_prci_domain/tile_reset_domain_tile/gemmini/ex_controller/mesh/mesh/mesh_12_4                                                             
   738     0.11% 2.05660e-06 3.06177e-03 3.11796e-05 3.09501e-03   9 /ChipTop/system/tile_prci_domain/tile_reset_domain_tile/gemmini/ex_controller/mesh/mesh/mesh_12_4/tile_0_0                                                    
   163     0.02% 5.38170e-07 8.47303e-06 7.20107e-06 1.62123e-05  10 /ChipTop/system/tile_prci_domain/tile_reset_domain_tile/gemmini/ex_controller/mesh/mesh/mesh_12_4/tile_0_0/mac_unit                                           
   741     0.11% 2.03362e-06 3.06074e-03 3.22153e-05 3.09499e-03   8 /ChipTop/system/tile_prci_domain/tile_reset_domain_tile/gemmini/ex_controller/mesh/mesh/mesh_13_3                                                             
   741     0.11% 2.03362e-06 3.06074e-03 3.22153e-05 3.09499e-03   9 /ChipTop/system/tile_prci_domain/tile_reset_domain_tile/gemmini/ex_controller/mesh/mesh/mesh_13_3/tile_0_0                                                    
   166     0.03% 5.19384e-07 8.98397e-06 7.48348e-06 1.69868e-05  10 /ChipTop/system/tile_prci_domain/tile_reset_domain_tile/gemmini/ex_controller/mesh/mesh/mesh_13_3/tile_0_0/mac_unit                                           
   741     0.11% 2.02835e-06 3.05948e-03 3.26937e-05 3.09420e-03   8 /ChipTop/system/tile_prci_domain/tile_reset_domain_tile/gemmini/ex_controller/mesh/mesh/mesh_12_9                                                             
   741     0.11% 2.02835e-06 3.05948e-03 3.26937e-05 3.09420e-03   9 /ChipTop/system/tile_prci_domain/tile_reset_domain_tile/gemmini/ex_controller/mesh/mesh/mesh_12_9/tile_0_0                                                    
   166     0.03% 5.27670e-07 1.22110e-05 1.07953e-05 2.35340e-05  10 /ChipTop/system/tile_prci_domain/tile_reset_domain_tile/gemmini/ex_controller/mesh/mesh/mesh_12_9/tile_0_0/mac_unit                                           
   738     0.11% 2.04275e-06 3.06063e-03 3.15151e-05 3.09418e-03   8 /ChipTop/system/tile_prci_domain/tile_reset_domain_tile/gemmini/ex_controller/mesh/mesh/mesh_14_12                                                            
   738     0.11% 2.04275e-06 3.06063e-03 3.15151e-05 3.09418e-03   9 /ChipTop/system/tile_prci_domain/tile_reset_domain_tile/gemmini/ex_controller/mesh/mesh/mesh_14_12/tile_0_0                                                   
   163     0.02% 5.32218e-07 1.04297e-05 8.71330e-06 1.96752e-05  10 /ChipTop/system/tile_prci_domain/tile_reset_domain_tile/gemmini/ex_controller/mesh/mesh/mesh_14_12/tile_0_0/mac_unit                                          
   738     0.11% 2.05126e-06 3.06040e-03 3.13679e-05 3.09382e-03   8 /ChipTop/system/tile_prci_domain/tile_reset_domain_tile/gemmini/ex_controller/mesh/mesh/mesh_9_8                                                              
   738     0.11% 2.05126e-06 3.06040e-03 3.13679e-05 3.09382e-03   9 /ChipTop/system/tile_prci_domain/tile_reset_domain_tile/gemmini/ex_controller/mesh/mesh/mesh_9_8/tile_0_0                                                     
   163     0.02% 5.35763e-07 1.03332e-05 9.31448e-06 2.01834e-05  10 /ChipTop/system/tile_prci_domain/tile_reset_domain_tile/gemmini/ex_controller/mesh/mesh/mesh_9_8/tile_0_0/mac_unit                                            
   738     0.11% 2.05418e-06 3.06095e-03 3.06180e-05 3.09363e-03   8 /ChipTop/system/tile_prci_domain/tile_reset_domain_tile/gemmini/ex_controller/mesh/mesh/mesh_12_1                                                             
   738     0.11% 2.05418e-06 3.06095e-03 3.06180e-05 3.09363e-03   9 /ChipTop/system/tile_prci_domain/tile_reset_domain_tile/gemmini/ex_controller/mesh/mesh/mesh_12_1/tile_0_0                                                    
   163     0.02% 5.38592e-07 8.43805e-06 7.70858e-06 1.66852e-05  10 /ChipTop/system/tile_prci_domain/tile_reset_domain_tile/gemmini/ex_controller/mesh/mesh/mesh_12_1/tile_0_0/mac_unit                                           
   740     0.11% 2.07465e-06 3.05930e-03 3.19010e-05 3.09327e-03   8 /ChipTop/system/tile_prci_domain/tile_reset_domain_tile/gemmini/ex_controller/mesh/mesh/mesh_10_4                                                             
   740     0.11% 2.07465e-06 3.05930e-03 3.19010e-05 3.09327e-03   9 /ChipTop/system/tile_prci_domain/tile_reset_domain_tile/gemmini/ex_controller/mesh/mesh/mesh_10_4/tile_0_0                                                    
   163     0.02% 5.42882e-07 9.98077e-06 9.30142e-06 1.98251e-05  10 /ChipTop/system/tile_prci_domain/tile_reset_domain_tile/gemmini/ex_controller/mesh/mesh/mesh_10_4/tile_0_0/mac_unit                                           
   741     0.11% 2.03749e-06 3.05971e-03 3.13775e-05 3.09313e-03   8 /ChipTop/system/tile_prci_domain/tile_reset_domain_tile/gemmini/ex_controller/mesh/mesh/mesh_15_0                                                             
   741     0.11% 2.03749e-06 3.05971e-03 3.13775e-05 3.09313e-03   9 /ChipTop/system/tile_prci_domain/tile_reset_domain_tile/gemmini/ex_controller/mesh/mesh/mesh_15_0/tile_0_0                                                    
   166     0.03% 5.28604e-07 1.00562e-05 9.38020e-06 1.99650e-05  10 /ChipTop/system/tile_prci_domain/tile_reset_domain_tile/gemmini/ex_controller/mesh/mesh/mesh_15_0/tile_0_0/mac_unit                                           
   738     0.11% 2.03857e-06 3.05767e-03 3.30382e-05 3.09275e-03   8 /ChipTop/system/tile_prci_domain/tile_reset_domain_tile/gemmini/ex_controller/mesh/mesh/mesh_14_2                                                             
   738     0.11% 2.03857e-06 3.05767e-03 3.30382e-05 3.09275e-03   9 /ChipTop/system/tile_prci_domain/tile_reset_domain_tile/gemmini/ex_controller/mesh/mesh/mesh_14_2/tile_0_0                                                    
   163     0.02% 5.36238e-07 1.02886e-05 9.37121e-06 2.01960e-05  10 /ChipTop/system/tile_prci_domain/tile_reset_domain_tile/gemmini/ex_controller/mesh/mesh/mesh_14_2/tile_0_0/mac_unit                                           
   741     0.11% 2.03616e-06 3.05966e-03 3.10192e-05 3.09272e-03   8 /ChipTop/system/tile_prci_domain/tile_reset_domain_tile/gemmini/ex_controller/mesh/mesh/mesh_10_6                                                             
   741     0.11% 2.03616e-06 3.05966e-03 3.10192e-05 3.09272e-03   9 /ChipTop/system/tile_prci_domain/tile_reset_domain_tile/gemmini/ex_controller/mesh/mesh/mesh_10_6/tile_0_0                                                    
   166     0.03% 5.24320e-07 1.07517e-05 9.48284e-06 2.07588e-05  10 /ChipTop/system/tile_prci_domain/tile_reset_domain_tile/gemmini/ex_controller/mesh/mesh/mesh_10_6/tile_0_0/mac_unit                                           
   738     0.11% 2.06630e-06 3.05882e-03 3.18033e-05 3.09269e-03   8 /ChipTop/system/tile_prci_domain/tile_reset_domain_tile/gemmini/ex_controller/mesh/mesh/mesh_12_12                                                            
   738     0.11% 2.06630e-06 3.05882e-03 3.18033e-05 3.09269e-03   9 /ChipTop/system/tile_prci_domain/tile_reset_domain_tile/gemmini/ex_controller/mesh/mesh/mesh_12_12/tile_0_0                                                   
   163     0.02% 5.41536e-07 1.18221e-05 1.05277e-05 2.28913e-05  10 /ChipTop/system/tile_prci_domain/tile_reset_domain_tile/gemmini/ex_controller/mesh/mesh/mesh_12_12/tile_0_0/mac_unit                                          
   741     0.11% 2.03523e-06 3.06067e-03 2.98595e-05 3.09256e-03   8 /ChipTop/system/tile_prci_domain/tile_reset_domain_tile/gemmini/ex_controller/mesh/mesh/mesh_8_14                                                             
   741     0.11% 2.03523e-06 3.06067e-03 2.98595e-05 3.09256e-03   9 /ChipTop/system/tile_prci_domain/tile_reset_domain_tile/gemmini/ex_controller/mesh/mesh/mesh_8_14/tile_0_0                                                    
   166     0.03% 5.24391e-07 1.10200e-05 9.50684e-06 2.10512e-05  10 /ChipTop/system/tile_prci_domain/tile_reset_domain_tile/gemmini/ex_controller/mesh/mesh/mesh_8_14/tile_0_0/mac_unit                                           
   738     0.11% 2.03830e-06 3.05778e-03 3.26279e-05 3.09245e-03   8 /ChipTop/system/tile_prci_domain/tile_reset_domain_tile/gemmini/ex_controller/mesh/mesh/mesh_13_2                                                             
   738     0.11% 2.03830e-06 3.05778e-03 3.26279e-05 3.09245e-03   9 /ChipTop/system/tile_prci_domain/tile_reset_domain_tile/gemmini/ex_controller/mesh/mesh/mesh_13_2/tile_0_0                                                    
   163     0.02% 5.34490e-07 9.75637e-06 8.80221e-06 1.90931e-05  10 /ChipTop/system/tile_prci_domain/tile_reset_domain_tile/gemmini/ex_controller/mesh/mesh/mesh_13_2/tile_0_0/mac_unit                                           
   738     0.11% 2.04863e-06 3.05882e-03 3.14365e-05 3.09231e-03   8 /ChipTop/system/tile_prci_domain/tile_reset_domain_tile/gemmini/ex_controller/mesh/mesh/mesh_12_15                                                            
   738     0.11% 2.04863e-06 3.05882e-03 3.14365e-05 3.09231e-03   9 /ChipTop/system/tile_prci_domain/tile_reset_domain_tile/gemmini/ex_controller/mesh/mesh/mesh_12_15/tile_0_0                                                   
   163     0.02% 5.34046e-07 1.11137e-05 9.07001e-06 2.07177e-05  10 /ChipTop/system/tile_prci_domain/tile_reset_domain_tile/gemmini/ex_controller/mesh/mesh/mesh_12_15/tile_0_0/mac_unit                                          
   741     0.11% 2.03288e-06 3.05777e-03 3.23382e-05 3.09214e-03   8 /ChipTop/system/tile_prci_domain/tile_reset_domain_tile/gemmini/ex_controller/mesh/mesh/mesh_6_11                                                             
   741     0.11% 2.03288e-06 3.05777e-03 3.23382e-05 3.09214e-03   9 /ChipTop/system/tile_prci_domain/tile_reset_domain_tile/gemmini/ex_controller/mesh/mesh/mesh_6_11/tile_0_0                                                    
   166     0.03% 5.27102e-07 1.16881e-05 1.12116e-05 2.34268e-05  10 /ChipTop/system/tile_prci_domain/tile_reset_domain_tile/gemmini/ex_controller/mesh/mesh/mesh_6_11/tile_0_0/mac_unit                                           
   740     0.11% 2.06952e-06 3.05865e-03 3.10098e-05 3.09173e-03   8 /ChipTop/system/tile_prci_domain/tile_reset_domain_tile/gemmini/ex_controller/mesh/mesh/mesh_8_8                                                              
   740     0.11% 2.06952e-06 3.05865e-03 3.10098e-05 3.09173e-03   9 /ChipTop/system/tile_prci_domain/tile_reset_domain_tile/gemmini/ex_controller/mesh/mesh/mesh_8_8/tile_0_0                                                     
   163     0.02% 5.39915e-07 1.12196e-05 1.10423e-05 2.28018e-05  10 /ChipTop/system/tile_prci_domain/tile_reset_domain_tile/gemmini/ex_controller/mesh/mesh/mesh_8_8/tile_0_0/mac_unit                                            
   738     0.11% 2.03713e-06 3.05902e-03 3.05238e-05 3.09158e-03   8 /ChipTop/system/tile_prci_domain/tile_reset_domain_tile/gemmini/ex_controller/mesh/mesh/mesh_14_1                                                             
   738     0.11% 2.03713e-06 3.05902e-03 3.05238e-05 3.09158e-03   9 /ChipTop/system/tile_prci_domain/tile_reset_domain_tile/gemmini/ex_controller/mesh/mesh/mesh_14_1/tile_0_0                                                    
   163     0.02% 5.34457e-07 8.90764e-06 7.90270e-06 1.73448e-05  10 /ChipTop/system/tile_prci_domain/tile_reset_domain_tile/gemmini/ex_controller/mesh/mesh/mesh_14_1/tile_0_0/mac_unit                                           
   740     0.11% 2.06022e-06 3.05785e-03 3.10874e-05 3.09100e-03   8 /ChipTop/system/tile_prci_domain/tile_reset_domain_tile/gemmini/ex_controller/mesh/mesh/mesh_7_13                                                             
   740     0.11% 2.06022e-06 3.05785e-03 3.10874e-05 3.09100e-03   9 /ChipTop/system/tile_prci_domain/tile_reset_domain_tile/gemmini/ex_controller/mesh/mesh/mesh_7_13/tile_0_0                                                    
   163     0.02% 5.42571e-07 1.12016e-05 1.07770e-05 2.25212e-05  10 /ChipTop/system/tile_prci_domain/tile_reset_domain_tile/gemmini/ex_controller/mesh/mesh/mesh_7_13/tile_0_0/mac_unit                                           
   741     0.11% 2.02873e-06 3.05757e-03 3.07891e-05 3.09039e-03   8 /ChipTop/system/tile_prci_domain/tile_reset_domain_tile/gemmini/ex_controller/mesh/mesh/mesh_11_9                                                             
   741     0.11% 2.02873e-06 3.05757e-03 3.07891e-05 3.09039e-03   9 /ChipTop/system/tile_prci_domain/tile_reset_domain_tile/gemmini/ex_controller/mesh/mesh/mesh_11_9/tile_0_0                                                    
   166     0.03% 5.25155e-07 1.00487e-05 8.76913e-06 1.93430e-05  10 /ChipTop/system/tile_prci_domain/tile_reset_domain_tile/gemmini/ex_controller/mesh/mesh/mesh_11_9/tile_0_0/mac_unit                                           
   738     0.11% 2.03861e-06 3.05746e-03 3.06771e-05 3.09018e-03   8 /ChipTop/system/tile_prci_domain/tile_reset_domain_tile/gemmini/ex_controller/mesh/mesh/mesh_10_15                                                            
   738     0.11% 2.03861e-06 3.05746e-03 3.06771e-05 3.09018e-03   9 /ChipTop/system/tile_prci_domain/tile_reset_domain_tile/gemmini/ex_controller/mesh/mesh/mesh_10_15/tile_0_0                                                   
   163     0.02% 5.33605e-07 9.95063e-06 8.33523e-06 1.88195e-05  10 /ChipTop/system/tile_prci_domain/tile_reset_domain_tile/gemmini/ex_controller/mesh/mesh/mesh_10_15/tile_0_0/mac_unit                                          
   741     0.11% 2.04786e-06 3.05699e-03 3.09055e-05 3.08994e-03   8 /ChipTop/system/tile_prci_domain/tile_reset_domain_tile/gemmini/ex_controller/mesh/mesh/mesh_6_13                                                             
   741     0.11% 2.04786e-06 3.05699e-03 3.09055e-05 3.08994e-03   9 /ChipTop/system/tile_prci_domain/tile_reset_domain_tile/gemmini/ex_controller/mesh/mesh/mesh_6_13/tile_0_0                                                    
   166     0.03% 5.28922e-07 1.19993e-05 1.13192e-05 2.38474e-05  10 /ChipTop/system/tile_prci_domain/tile_reset_domain_tile/gemmini/ex_controller/mesh/mesh/mesh_6_13/tile_0_0/mac_unit                                           
   741     0.11% 2.02914e-06 3.05649e-03 3.14166e-05 3.08994e-03   8 /ChipTop/system/tile_prci_domain/tile_reset_domain_tile/gemmini/ex_controller/mesh/mesh/mesh_10_5                                                             
   741     0.11% 2.02914e-06 3.05649e-03 3.14166e-05 3.08994e-03   9 /ChipTop/system/tile_prci_domain/tile_reset_domain_tile/gemmini/ex_controller/mesh/mesh/mesh_10_5/tile_0_0                                                    
   166     0.03% 5.27153e-07 1.12237e-05 1.07116e-05 2.24625e-05  10 /ChipTop/system/tile_prci_domain/tile_reset_domain_tile/gemmini/ex_controller/mesh/mesh/mesh_10_5/tile_0_0/mac_unit                                           
   738     0.11% 2.04162e-06 3.05828e-03 2.95540e-05 3.08987e-03   8 /ChipTop/system/tile_prci_domain/tile_reset_domain_tile/gemmini/ex_controller/mesh/mesh/mesh_13_12                                                            
   738     0.11% 2.04162e-06 3.05828e-03 2.95540e-05 3.08987e-03   9 /ChipTop/system/tile_prci_domain/tile_reset_domain_tile/gemmini/ex_controller/mesh/mesh/mesh_13_12/tile_0_0                                                   
   163     0.02% 5.27954e-07 9.86788e-06 8.10014e-06 1.84960e-05  10 /ChipTop/system/tile_prci_domain/tile_reset_domain_tile/gemmini/ex_controller/mesh/mesh/mesh_13_12/tile_0_0/mac_unit                                          
   738     0.11% 2.05070e-06 3.05742e-03 3.02194e-05 3.08969e-03   8 /ChipTop/system/tile_prci_domain/tile_reset_domain_tile/gemmini/ex_controller/mesh/mesh/mesh_9_4                                                              
   738     0.11% 2.05070e-06 3.05742e-03 3.02194e-05 3.08969e-03   9 /ChipTop/system/tile_prci_domain/tile_reset_domain_tile/gemmini/ex_controller/mesh/mesh/mesh_9_4/tile_0_0                                                     
   163     0.02% 5.36640e-07 9.51243e-06 8.35378e-06 1.84028e-05  10 /ChipTop/system/tile_prci_domain/tile_reset_domain_tile/gemmini/ex_controller/mesh/mesh/mesh_9_4/tile_0_0/mac_unit                                            
   738     0.11% 2.03876e-06 3.05815e-03 2.94882e-05 3.08968e-03   8 /ChipTop/system/tile_prci_domain/tile_reset_domain_tile/gemmini/ex_controller/mesh/mesh/mesh_13_0                                                             
   738     0.11% 2.03876e-06 3.05815e-03 2.94882e-05 3.08968e-03   9 /ChipTop/system/tile_prci_domain/tile_reset_domain_tile/gemmini/ex_controller/mesh/mesh/mesh_13_0/tile_0_0                                                    
   163     0.02% 5.31850e-07 8.64765e-06 7.79724e-06 1.69767e-05  10 /ChipTop/system/tile_prci_domain/tile_reset_domain_tile/gemmini/ex_controller/mesh/mesh/mesh_13_0/tile_0_0/mac_unit                                           
   741     0.11% 2.05927e-06 3.05687e-03 3.06762e-05 3.08961e-03   8 /ChipTop/system/tile_prci_domain/tile_reset_domain_tile/gemmini/ex_controller/mesh/mesh/mesh_8_5                                                              
   741     0.11% 2.05927e-06 3.05687e-03 3.06762e-05 3.08961e-03   9 /ChipTop/system/tile_prci_domain/tile_reset_domain_tile/gemmini/ex_controller/mesh/mesh/mesh_8_5/tile_0_0                                                     
   166     0.03% 5.25201e-07 9.38838e-06 8.83625e-06 1.87498e-05  10 /ChipTop/system/tile_prci_domain/tile_reset_domain_tile/gemmini/ex_controller/mesh/mesh/mesh_8_5/tile_0_0/mac_unit                                            
   738     0.11% 2.05114e-06 3.05757e-03 2.99102e-05 3.08953e-03   8 /ChipTop/system/tile_prci_domain/tile_reset_domain_tile/gemmini/ex_controller/mesh/mesh/mesh_10_12                                                            
   738     0.11% 2.05114e-06 3.05757e-03 2.99102e-05 3.08953e-03   9 /ChipTop/system/tile_prci_domain/tile_reset_domain_tile/gemmini/ex_controller/mesh/mesh/mesh_10_12/tile_0_0                                                   
   163     0.02% 5.33700e-07 9.61897e-06 7.94020e-06 1.80929e-05  10 /ChipTop/system/tile_prci_domain/tile_reset_domain_tile/gemmini/ex_controller/mesh/mesh/mesh_10_12/tile_0_0/mac_unit                                          
   738     0.11% 2.03914e-06 3.05704e-03 3.01438e-05 3.08922e-03   8 /ChipTop/system/tile_prci_domain/tile_reset_domain_tile/gemmini/ex_controller/mesh/mesh/mesh_8_15                                                             
   738     0.11% 2.03914e-06 3.05704e-03 3.01438e-05 3.08922e-03   9 /ChipTop/system/tile_prci_domain/tile_reset_domain_tile/gemmini/ex_controller/mesh/mesh/mesh_8_15/tile_0_0                                                    
   163     0.02% 5.28049e-07 1.05832e-05 8.93463e-06 2.00459e-05  10 /ChipTop/system/tile_prci_domain/tile_reset_domain_tile/gemmini/ex_controller/mesh/mesh/mesh_8_15/tile_0_0/mac_unit                                           
   738     0.11% 2.05360e-06 3.05850e-03 2.83681e-05 3.08892e-03   8 /ChipTop/system/tile_prci_domain/tile_reset_domain_tile/gemmini/ex_controller/mesh/mesh/mesh_10_1                                                             
   738     0.11% 2.05360e-06 3.05850e-03 2.83681e-05 3.08892e-03   9 /ChipTop/system/tile_prci_domain/tile_reset_domain_tile/gemmini/ex_controller/mesh/mesh/mesh_10_1/tile_0_0                                                    
   163     0.02% 5.35568e-07 7.58456e-06 6.52593e-06 1.46461e-05  10 /ChipTop/system/tile_prci_domain/tile_reset_domain_tile/gemmini/ex_controller/mesh/mesh/mesh_10_1/tile_0_0/mac_unit                                           
   738     0.11% 2.03770e-06 3.05704e-03 2.95562e-05 3.08864e-03   8 /ChipTop/system/tile_prci_domain/tile_reset_domain_tile/gemmini/ex_controller/mesh/mesh/mesh_13_1                                                             
   738     0.11% 2.03770e-06 3.05704e-03 2.95562e-05 3.08864e-03   9 /ChipTop/system/tile_prci_domain/tile_reset_domain_tile/gemmini/ex_controller/mesh/mesh/mesh_13_1/tile_0_0                                                    
   163     0.02% 5.31274e-07 9.60378e-06 8.69529e-06 1.88303e-05  10 /ChipTop/system/tile_prci_domain/tile_reset_domain_tile/gemmini/ex_controller/mesh/mesh/mesh_13_1/tile_0_0/mac_unit                                           
   740     0.11% 2.06584e-06 3.05735e-03 2.88568e-05 3.08827e-03   8 /ChipTop/system/tile_prci_domain/tile_reset_domain_tile/gemmini/ex_controller/mesh/mesh/mesh_11_12                                                            
   740     0.11% 2.06584e-06 3.05735e-03 2.88568e-05 3.08827e-03   9 /ChipTop/system/tile_prci_domain/tile_reset_domain_tile/gemmini/ex_controller/mesh/mesh/mesh_11_12/tile_0_0                                                   
   163     0.02% 5.40395e-07 8.26489e-06 6.83597e-06 1.56413e-05  10 /ChipTop/system/tile_prci_domain/tile_reset_domain_tile/gemmini/ex_controller/mesh/mesh/mesh_11_12/tile_0_0/mac_unit                                          
   741     0.11% 2.04430e-06 3.05699e-03 2.92182e-05 3.08826e-03   8 /ChipTop/system/tile_prci_domain/tile_reset_domain_tile/gemmini/ex_controller/mesh/mesh/mesh_9_6                                                              
   741     0.11% 2.04430e-06 3.05699e-03 2.92182e-05 3.08826e-03   9 /ChipTop/system/tile_prci_domain/tile_reset_domain_tile/gemmini/ex_controller/mesh/mesh/mesh_9_6/tile_0_0                                                     
   166     0.03% 5.24259e-07 9.53335e-06 8.58304e-06 1.86406e-05  10 /ChipTop/system/tile_prci_domain/tile_reset_domain_tile/gemmini/ex_controller/mesh/mesh/mesh_9_6/tile_0_0/mac_unit                                            
   738     0.11% 2.04704e-06 3.05834e-03 2.76300e-05 3.08802e-03   8 /ChipTop/system/tile_prci_domain/tile_reset_domain_tile/gemmini/ex_controller/mesh/mesh/mesh_12_0                                                             
   738     0.11% 2.04704e-06 3.05834e-03 2.76300e-05 3.08802e-03   9 /ChipTop/system/tile_prci_domain/tile_reset_domain_tile/gemmini/ex_controller/mesh/mesh/mesh_12_0/tile_0_0                                                    
   163     0.02% 5.38965e-07 8.02221e-06 6.99665e-06 1.55578e-05  10 /ChipTop/system/tile_prci_domain/tile_reset_domain_tile/gemmini/ex_controller/mesh/mesh/mesh_12_0/tile_0_0/mac_unit                                           
   741     0.11% 2.03838e-06 3.05449e-03 3.11683e-05 3.08769e-03   8 /ChipTop/system/tile_prci_domain/tile_reset_domain_tile/gemmini/ex_controller/mesh/mesh/mesh_5_11                                                             
   741     0.11% 2.03838e-06 3.05449e-03 3.11683e-05 3.08769e-03   9 /ChipTop/system/tile_prci_domain/tile_reset_domain_tile/gemmini/ex_controller/mesh/mesh/mesh_5_11/tile_0_0                                                    
   166     0.03% 5.31790e-07 1.12013e-05 1.07306e-05 2.24637e-05  10 /ChipTop/system/tile_prci_domain/tile_reset_domain_tile/gemmini/ex_controller/mesh/mesh/mesh_5_11/tile_0_0/mac_unit                                           
   741     0.11% 2.03362e-06 3.05588e-03 2.93301e-05 3.08724e-03   8 /ChipTop/system/tile_prci_domain/tile_reset_domain_tile/gemmini/ex_controller/mesh/mesh/mesh_11_3                                                             
   741     0.11% 2.03362e-06 3.05588e-03 2.93301e-05 3.08724e-03   9 /ChipTop/system/tile_prci_domain/tile_reset_domain_tile/gemmini/ex_controller/mesh/mesh/mesh_11_3/tile_0_0                                                    
   166     0.03% 5.26978e-07 8.52173e-06 7.28838e-06 1.63371e-05  10 /ChipTop/system/tile_prci_domain/tile_reset_domain_tile/gemmini/ex_controller/mesh/mesh/mesh_11_3/tile_0_0/mac_unit                                           
   738     0.11% 2.03843e-06 3.05573e-03 2.89364e-05 3.08670e-03   8 /ChipTop/system/tile_prci_domain/tile_reset_domain_tile/gemmini/ex_controller/mesh/mesh/mesh_12_2                                                             
   738     0.11% 2.03843e-06 3.05573e-03 2.89364e-05 3.08670e-03   9 /ChipTop/system/tile_prci_domain/tile_reset_domain_tile/gemmini/ex_controller/mesh/mesh/mesh_12_2/tile_0_0                                                    
   163     0.02% 5.35586e-07 8.41070e-06 7.43736e-06 1.63836e-05  10 /ChipTop/system/tile_prci_domain/tile_reset_domain_tile/gemmini/ex_controller/mesh/mesh/mesh_12_2/tile_0_0/mac_unit                                           
   740     0.11% 2.04216e-06 3.05559e-03 2.87981e-05 3.08643e-03   8 /ChipTop/system/tile_prci_domain/tile_reset_domain_tile/gemmini/ex_controller/mesh/mesh/mesh_8_6                                                              
   740     0.11% 2.04216e-06 3.05559e-03 2.87981e-05 3.08643e-03   9 /ChipTop/system/tile_prci_domain/tile_reset_domain_tile/gemmini/ex_controller/mesh/mesh/mesh_8_6/tile_0_0                                                     
   163     0.02% 5.19900e-07 9.56988e-06 9.15284e-06 1.92426e-05  10 /ChipTop/system/tile_prci_domain/tile_reset_domain_tile/gemmini/ex_controller/mesh/mesh/mesh_8_6/tile_0_0/mac_unit                                            
   740     0.11% 2.03955e-06 3.05613e-03 2.81982e-05 3.08636e-03   8 /ChipTop/system/tile_prci_domain/tile_reset_domain_tile/gemmini/ex_controller/mesh/mesh/mesh_7_14                                                             
   740     0.11% 2.03955e-06 3.05613e-03 2.81982e-05 3.08636e-03   9 /ChipTop/system/tile_prci_domain/tile_reset_domain_tile/gemmini/ex_controller/mesh/mesh/mesh_7_14/tile_0_0                                                    
   163     0.02% 5.22927e-07 1.02327e-05 9.14741e-06 1.99031e-05  10 /ChipTop/system/tile_prci_domain/tile_reset_domain_tile/gemmini/ex_controller/mesh/mesh/mesh_7_14/tile_0_0/mac_unit                                           
   738     0.11% 2.05687e-06 3.05575e-03 2.83819e-05 3.08619e-03   8 /ChipTop/system/tile_prci_domain/tile_reset_domain_tile/gemmini/ex_controller/mesh/mesh/mesh_7_8                                                              
   738     0.11% 2.05687e-06 3.05575e-03 2.83819e-05 3.08619e-03   9 /ChipTop/system/tile_prci_domain/tile_reset_domain_tile/gemmini/ex_controller/mesh/mesh/mesh_7_8/tile_0_0                                                     
   163     0.02% 5.37987e-07 8.86686e-06 8.11559e-06 1.75204e-05  10 /ChipTop/system/tile_prci_domain/tile_reset_domain_tile/gemmini/ex_controller/mesh/mesh/mesh_7_8/tile_0_0/mac_unit                                            
   738     0.11% 2.13725e-06 3.05749e-03 2.65327e-05 3.08616e-03   8 /ChipTop/system/tile_prci_domain/tile_reset_domain_tile/gemmini/ex_controller/mesh/mesh/mesh_10_0                                                             
   738     0.11% 2.13725e-06 3.05749e-03 2.65327e-05 3.08616e-03   9 /ChipTop/system/tile_prci_domain/tile_reset_domain_tile/gemmini/ex_controller/mesh/mesh/mesh_10_0/tile_0_0                                                    
   163     0.02% 5.34848e-07 6.13608e-06 5.03051e-06 1.17014e-05  10 /ChipTop/system/tile_prci_domain/tile_reset_domain_tile/gemmini/ex_controller/mesh/mesh/mesh_10_0/tile_0_0/mac_unit                                           
   740     0.11% 2.05383e-06 3.05510e-03 2.89564e-05 3.08611e-03   8 /ChipTop/system/tile_prci_domain/tile_reset_domain_tile/gemmini/ex_controller/mesh/mesh/mesh_11_1                                                             
   740     0.11% 2.05383e-06 3.05510e-03 2.89564e-05 3.08611e-03   9 /ChipTop/system/tile_prci_domain/tile_reset_domain_tile/gemmini/ex_controller/mesh/mesh/mesh_11_1/tile_0_0                                                    
   163     0.02% 5.43157e-07 9.38188e-06 9.32574e-06 1.92508e-05  10 /ChipTop/system/tile_prci_domain/tile_reset_domain_tile/gemmini/ex_controller/mesh/mesh/mesh_11_1/tile_0_0/mac_unit                                           
   738     0.11% 2.04034e-06 3.05499e-03 2.89741e-05 3.08600e-03   8 /ChipTop/system/tile_prci_domain/tile_reset_domain_tile/gemmini/ex_controller/mesh/mesh/mesh_9_15                                                             
   738     0.11% 2.04034e-06 3.05499e-03 2.89741e-05 3.08600e-03   9 /ChipTop/system/tile_prci_domain/tile_reset_domain_tile/gemmini/ex_controller/mesh/mesh/mesh_9_15/tile_0_0                                                    
   163     0.02% 5.30604e-07 9.78635e-06 8.38033e-06 1.86973e-05  10 /ChipTop/system/tile_prci_domain/tile_reset_domain_tile/gemmini/ex_controller/mesh/mesh/mesh_9_15/tile_0_0/mac_unit                                           
   740     0.11% 2.14948e-06 3.05566e-03 2.81421e-05 3.08595e-03   8 /ChipTop/system/tile_prci_domain/tile_reset_domain_tile/gemmini/ex_controller/mesh/mesh/mesh_11_0                                                             
   740     0.11% 2.14948e-06 3.05566e-03 2.81421e-05 3.08595e-03   9 /ChipTop/system/tile_prci_domain/tile_reset_domain_tile/gemmini/ex_controller/mesh/mesh/mesh_11_0/tile_0_0                                                    
   163     0.02% 5.43991e-07 7.53207e-06 7.14600e-06 1.52221e-05  10 /ChipTop/system/tile_prci_domain/tile_reset_domain_tile/gemmini/ex_controller/mesh/mesh/mesh_11_0/tile_0_0/mac_unit                                           
   741     0.11% 2.03606e-06 3.05388e-03 2.99190e-05 3.08583e-03   8 /ChipTop/system/tile_prci_domain/tile_reset_domain_tile/gemmini/ex_controller/mesh/mesh/mesh_9_9                                                              
   741     0.11% 2.03606e-06 3.05388e-03 2.99190e-05 3.08583e-03   9 /ChipTop/system/tile_prci_domain/tile_reset_domain_tile/gemmini/ex_controller/mesh/mesh/mesh_9_9/tile_0_0                                                     
   166     0.03% 5.28453e-07 1.18538e-05 1.06093e-05 2.29916e-05  10 /ChipTop/system/tile_prci_domain/tile_reset_domain_tile/gemmini/ex_controller/mesh/mesh/mesh_9_9/tile_0_0/mac_unit                                            
   740     0.11% 2.03753e-06 3.05481e-03 2.82383e-05 3.08509e-03   8 /ChipTop/system/tile_prci_domain/tile_reset_domain_tile/gemmini/ex_controller/mesh/mesh/mesh_10_2                                                             
   740     0.11% 2.03753e-06 3.05481e-03 2.82383e-05 3.08509e-03   9 /ChipTop/system/tile_prci_domain/tile_reset_domain_tile/gemmini/ex_controller/mesh/mesh/mesh_10_2/tile_0_0                                                    
   163     0.02% 5.25413e-07 9.56620e-06 8.84269e-06 1.89343e-05  10 /ChipTop/system/tile_prci_domain/tile_reset_domain_tile/gemmini/ex_controller/mesh/mesh/mesh_10_2/tile_0_0/mac_unit                                           
   738     0.11% 2.04599e-06 3.05454e-03 2.84328e-05 3.08502e-03   8 /ChipTop/system/tile_prci_domain/tile_reset_domain_tile/gemmini/ex_controller/mesh/mesh/mesh_9_12                                                             
   738     0.11% 2.04599e-06 3.05454e-03 2.84328e-05 3.08502e-03   9 /ChipTop/system/tile_prci_domain/tile_reset_domain_tile/gemmini/ex_controller/mesh/mesh/mesh_9_12/tile_0_0                                                    
   163     0.02% 5.32234e-07 9.29196e-06 8.00031e-06 1.78245e-05  10 /ChipTop/system/tile_prci_domain/tile_reset_domain_tile/gemmini/ex_controller/mesh/mesh/mesh_9_12/tile_0_0/mac_unit                                           
   741     0.11% 2.04813e-06 3.05436e-03 2.85407e-05 3.08495e-03   8 /ChipTop/system/tile_prci_domain/tile_reset_domain_tile/gemmini/ex_controller/mesh/mesh/mesh_6_6                                                              
   741     0.11% 2.04813e-06 3.05436e-03 2.85407e-05 3.08495e-03   9 /ChipTop/system/tile_prci_domain/tile_reset_domain_tile/gemmini/ex_controller/mesh/mesh/mesh_6_6/tile_0_0                                                     
   166     0.03% 5.27491e-07 1.10008e-05 1.01874e-05 2.17158e-05  10 /ChipTop/system/tile_prci_domain/tile_reset_domain_tile/gemmini/ex_controller/mesh/mesh/mesh_6_6/tile_0_0/mac_unit                                            
   738     0.11% 2.04436e-06 3.05395e-03 2.85895e-05 3.08458e-03   8 /ChipTop/system/tile_prci_domain/tile_reset_domain_tile/gemmini/ex_controller/mesh/mesh/mesh_5_15                                                             
   738     0.11% 2.04436e-06 3.05395e-03 2.85895e-05 3.08458e-03   9 /ChipTop/system/tile_prci_domain/tile_reset_domain_tile/gemmini/ex_controller/mesh/mesh/mesh_5_15/tile_0_0                                                    
   163     0.02% 5.32947e-07 1.09582e-05 9.60891e-06 2.11001e-05  10 /ChipTop/system/tile_prci_domain/tile_reset_domain_tile/gemmini/ex_controller/mesh/mesh/mesh_5_15/tile_0_0/mac_unit                                           
   738     0.11% 2.05359e-06 3.05336e-03 2.86381e-05 3.08405e-03   8 /ChipTop/system/tile_prci_domain/tile_reset_domain_tile/gemmini/ex_controller/mesh/mesh/mesh_6_15                                                             
   738     0.11% 2.05359e-06 3.05336e-03 2.86381e-05 3.08405e-03   9 /ChipTop/system/tile_prci_domain/tile_reset_domain_tile/gemmini/ex_controller/mesh/mesh/mesh_6_15/tile_0_0                                                    
   163     0.02% 5.33415e-07 1.10210e-05 9.95122e-06 2.15056e-05  10 /ChipTop/system/tile_prci_domain/tile_reset_domain_tile/gemmini/ex_controller/mesh/mesh/mesh_6_15/tile_0_0/mac_unit                                           
   738     0.11% 2.04893e-06 3.05414e-03 2.75685e-05 3.08376e-03   8 /ChipTop/system/tile_prci_domain/tile_reset_domain_tile/gemmini/ex_controller/mesh/mesh/mesh_6_14                                                             
   738     0.11% 2.04893e-06 3.05414e-03 2.75685e-05 3.08376e-03   9 /ChipTop/system/tile_prci_domain/tile_reset_domain_tile/gemmini/ex_controller/mesh/mesh/mesh_6_14/tile_0_0                                                    
   163     0.02% 5.33861e-07 1.09680e-05 9.75798e-06 2.12598e-05  10 /ChipTop/system/tile_prci_domain/tile_reset_domain_tile/gemmini/ex_controller/mesh/mesh/mesh_6_14/tile_0_0/mac_unit                                           
   740     0.11% 2.04822e-06 3.05345e-03 2.75536e-05 3.08306e-03   8 /ChipTop/system/tile_prci_domain/tile_reset_domain_tile/gemmini/ex_controller/mesh/mesh/mesh_10_3                                                             
   740     0.11% 2.04822e-06 3.05345e-03 2.75536e-05 3.08306e-03   9 /ChipTop/system/tile_prci_domain/tile_reset_domain_tile/gemmini/ex_controller/mesh/mesh/mesh_10_3/tile_0_0                                                    
   163     0.02% 5.20641e-07 7.73698e-06 6.81162e-06 1.50692e-05  10 /ChipTop/system/tile_prci_domain/tile_reset_domain_tile/gemmini/ex_controller/mesh/mesh/mesh_10_3/tile_0_0/mac_unit                                           
   738     0.11% 2.04062e-06 3.05458e-03 2.64130e-05 3.08303e-03   8 /ChipTop/system/tile_prci_domain/tile_reset_domain_tile/gemmini/ex_controller/mesh/mesh/mesh_14_0                                                             
   738     0.11% 2.04062e-06 3.05458e-03 2.64130e-05 3.08303e-03   9 /ChipTop/system/tile_prci_domain/tile_reset_domain_tile/gemmini/ex_controller/mesh/mesh/mesh_14_0/tile_0_0                                                    
   163     0.02% 5.34788e-07 6.76843e-06 5.73908e-06 1.30423e-05  10 /ChipTop/system/tile_prci_domain/tile_reset_domain_tile/gemmini/ex_controller/mesh/mesh/mesh_14_0/tile_0_0/mac_unit                                           
   741     0.11% 2.04297e-06 3.05351e-03 2.71505e-05 3.08270e-03   8 /ChipTop/system/tile_prci_domain/tile_reset_domain_tile/gemmini/ex_controller/mesh/mesh/mesh_7_6                                                              
   741     0.11% 2.04297e-06 3.05351e-03 2.71505e-05 3.08270e-03   9 /ChipTop/system/tile_prci_domain/tile_reset_domain_tile/gemmini/ex_controller/mesh/mesh/mesh_7_6/tile_0_0                                                     
   166     0.03% 5.30615e-07 8.93635e-06 8.13203e-06 1.75990e-05  10 /ChipTop/system/tile_prci_domain/tile_reset_domain_tile/gemmini/ex_controller/mesh/mesh/mesh_7_6/tile_0_0/mac_unit                                            
   741     0.11% 2.02876e-06 3.05248e-03 2.78506e-05 3.08236e-03   8 /ChipTop/system/tile_prci_domain/tile_reset_domain_tile/gemmini/ex_controller/mesh/mesh/mesh_9_5                                                              
   741     0.11% 2.02876e-06 3.05248e-03 2.78506e-05 3.08236e-03   9 /ChipTop/system/tile_prci_domain/tile_reset_domain_tile/gemmini/ex_controller/mesh/mesh/mesh_9_5/tile_0_0                                                     
   166     0.03% 5.26583e-07 1.04077e-05 9.69538e-06 2.06297e-05  10 /ChipTop/system/tile_prci_domain/tile_reset_domain_tile/gemmini/ex_controller/mesh/mesh/mesh_9_5/tile_0_0/mac_unit                                            
   741     0.11% 2.02582e-06 3.05169e-03 2.84798e-05 3.08219e-03   8 /ChipTop/system/tile_prci_domain/tile_reset_domain_tile/gemmini/ex_controller/mesh/mesh/mesh_9_7                                                              
   741     0.11% 2.02582e-06 3.05169e-03 2.84798e-05 3.08219e-03   9 /ChipTop/system/tile_prci_domain/tile_reset_domain_tile/gemmini/ex_controller/mesh/mesh/mesh_9_7/tile_0_0                                                     
   166     0.03% 5.24706e-07 1.10925e-05 9.97072e-06 2.15879e-05  10 /ChipTop/system/tile_prci_domain/tile_reset_domain_tile/gemmini/ex_controller/mesh/mesh/mesh_9_7/tile_0_0/mac_unit                                            
   741     0.11% 2.03590e-06 3.05261e-03 2.74380e-05 3.08209e-03   8 /ChipTop/system/tile_prci_domain/tile_reset_domain_tile/gemmini/ex_controller/mesh/mesh/mesh_7_5                                                              
   741     0.11% 2.03590e-06 3.05261e-03 2.74380e-05 3.08209e-03   9 /ChipTop/system/tile_prci_domain/tile_reset_domain_tile/gemmini/ex_controller/mesh/mesh/mesh_7_5/tile_0_0                                                     
   166     0.03% 5.26498e-07 9.50869e-06 8.83745e-06 1.88726e-05  10 /ChipTop/system/tile_prci_domain/tile_reset_domain_tile/gemmini/ex_controller/mesh/mesh/mesh_7_5/tile_0_0/mac_unit                                            
   738     0.11% 2.04721e-06 3.05292e-03 2.70619e-05 3.08203e-03   8 /ChipTop/system/tile_prci_domain/tile_reset_domain_tile/gemmini/ex_controller/mesh/mesh/mesh_8_4                                                              
   738     0.11% 2.04721e-06 3.05292e-03 2.70619e-05 3.08203e-03   9 /ChipTop/system/tile_prci_domain/tile_reset_domain_tile/gemmini/ex_controller/mesh/mesh/mesh_8_4/tile_0_0                                                     
   163     0.02% 5.34229e-07 8.03472e-06 7.21530e-06 1.57843e-05  10 /ChipTop/system/tile_prci_domain/tile_reset_domain_tile/gemmini/ex_controller/mesh/mesh/mesh_8_4/tile_0_0/mac_unit                                            
   741     0.11% 2.02490e-06 3.05141e-03 2.84277e-05 3.08187e-03   8 /ChipTop/system/tile_prci_domain/tile_reset_domain_tile/gemmini/ex_controller/mesh/mesh/mesh_10_7                                                             
   741     0.11% 2.02490e-06 3.05141e-03 2.84277e-05 3.08187e-03   9 /ChipTop/system/tile_prci_domain/tile_reset_domain_tile/gemmini/ex_controller/mesh/mesh/mesh_10_7/tile_0_0                                                    
   166     0.03% 5.27241e-07 9.96276e-06 8.77234e-06 1.92623e-05  10 /ChipTop/system/tile_prci_domain/tile_reset_domain_tile/gemmini/ex_controller/mesh/mesh/mesh_10_7/tile_0_0/mac_unit                                           
   741     0.11% 2.02629e-06 3.05211e-03 2.68593e-05 3.08100e-03   8 /ChipTop/system/tile_prci_domain/tile_reset_domain_tile/gemmini/ex_controller/mesh/mesh/mesh_11_5                                                             
   741     0.11% 2.02629e-06 3.05211e-03 2.68593e-05 3.08100e-03   9 /ChipTop/system/tile_prci_domain/tile_reset_domain_tile/gemmini/ex_controller/mesh/mesh/mesh_11_5/tile_0_0                                                    
   166     0.03% 5.27769e-07 1.00118e-05 8.91674e-06 1.94563e-05  10 /ChipTop/system/tile_prci_domain/tile_reset_domain_tile/gemmini/ex_controller/mesh/mesh/mesh_11_5/tile_0_0/mac_unit                                           
   741     0.11% 2.03181e-06 3.05275e-03 2.61544e-05 3.08094e-03   8 /ChipTop/system/tile_prci_domain/tile_reset_domain_tile/gemmini/ex_controller/mesh/mesh/mesh_5_13                                                             
   741     0.11% 2.03181e-06 3.05275e-03 2.61544e-05 3.08094e-03   9 /ChipTop/system/tile_prci_domain/tile_reset_domain_tile/gemmini/ex_controller/mesh/mesh/mesh_5_13/tile_0_0                                                    
   166     0.03% 5.24816e-07 1.00365e-05 8.85726e-06 1.94186e-05  10 /ChipTop/system/tile_prci_domain/tile_reset_domain_tile/gemmini/ex_controller/mesh/mesh/mesh_5_13/tile_0_0/mac_unit                                           
   741     0.11% 2.03201e-06 3.05083e-03 2.75807e-05 3.08045e-03   8 /ChipTop/system/tile_prci_domain/tile_reset_domain_tile/gemmini/ex_controller/mesh/mesh/mesh_4_11                                                             
   741     0.11% 2.03201e-06 3.05083e-03 2.75807e-05 3.08045e-03   9 /ChipTop/system/tile_prci_domain/tile_reset_domain_tile/gemmini/ex_controller/mesh/mesh/mesh_4_11/tile_0_0                                                    
   166     0.03% 5.28347e-07 9.71738e-06 8.64737e-06 1.88931e-05  10 /ChipTop/system/tile_prci_domain/tile_reset_domain_tile/gemmini/ex_controller/mesh/mesh/mesh_4_11/tile_0_0/mac_unit                                           
   738     0.11% 2.04036e-06 3.05123e-03 2.67952e-05 3.08007e-03   8 /ChipTop/system/tile_prci_domain/tile_reset_domain_tile/gemmini/ex_controller/mesh/mesh/mesh_11_2                                                             
   738     0.11% 2.04036e-06 3.05123e-03 2.67952e-05 3.08007e-03   9 /ChipTop/system/tile_prci_domain/tile_reset_domain_tile/gemmini/ex_controller/mesh/mesh/mesh_11_2/tile_0_0                                                    
   163     0.02% 5.38977e-07 8.37188e-06 7.54610e-06 1.64570e-05  10 /ChipTop/system/tile_prci_domain/tile_reset_domain_tile/gemmini/ex_controller/mesh/mesh/mesh_11_2/tile_0_0/mac_unit                                           
   738     0.11% 2.04471e-06 3.05182e-03 2.60637e-05 3.07993e-03   8 /ChipTop/system/tile_prci_domain/tile_reset_domain_tile/gemmini/ex_controller/mesh/mesh/mesh_9_1                                                              
   738     0.11% 2.04471e-06 3.05182e-03 2.60637e-05 3.07993e-03   9 /ChipTop/system/tile_prci_domain/tile_reset_domain_tile/gemmini/ex_controller/mesh/mesh/mesh_9_1/tile_0_0                                                     
   163     0.02% 5.32666e-07 6.86012e-06 6.26191e-06 1.36547e-05  10 /ChipTop/system/tile_prci_domain/tile_reset_domain_tile/gemmini/ex_controller/mesh/mesh/mesh_9_1/tile_0_0/mac_unit                                            
   740     0.11% 2.03261e-06 3.04986e-03 2.77957e-05 3.07969e-03   8 /ChipTop/system/tile_prci_domain/tile_reset_domain_tile/gemmini/ex_controller/mesh/mesh/mesh_8_9                                                              
   740     0.11% 2.03261e-06 3.04986e-03 2.77957e-05 3.07969e-03   9 /ChipTop/system/tile_prci_domain/tile_reset_domain_tile/gemmini/ex_controller/mesh/mesh/mesh_8_9/tile_0_0                                                     
   163     0.02% 5.20605e-07 1.13119e-05 1.08851e-05 2.27176e-05  10 /ChipTop/system/tile_prci_domain/tile_reset_domain_tile/gemmini/ex_controller/mesh/mesh/mesh_8_9/tile_0_0/mac_unit                                            
   738     0.11% 2.05287e-06 3.05091e-03 2.65999e-05 3.07956e-03   8 /ChipTop/system/tile_prci_domain/tile_reset_domain_tile/gemmini/ex_controller/mesh/mesh/mesh_4_15                                                             
   738     0.11% 2.05287e-06 3.05091e-03 2.65999e-05 3.07956e-03   9 /ChipTop/system/tile_prci_domain/tile_reset_domain_tile/gemmini/ex_controller/mesh/mesh/mesh_4_15/tile_0_0                                                    
   163     0.02% 5.37479e-07 1.07313e-05 9.40963e-06 2.06784e-05  10 /ChipTop/system/tile_prci_domain/tile_reset_domain_tile/gemmini/ex_controller/mesh/mesh/mesh_4_15/tile_0_0/mac_unit                                           
   738     0.11% 2.06029e-06 3.05249e-03 2.48371e-05 3.07938e-03   8 /ChipTop/system/tile_prci_domain/tile_reset_domain_tile/gemmini/ex_controller/mesh/mesh/mesh_5_8                                                              
   738     0.11% 2.06029e-06 3.05249e-03 2.48371e-05 3.07938e-03   9 /ChipTop/system/tile_prci_domain/tile_reset_domain_tile/gemmini/ex_controller/mesh/mesh/mesh_5_8/tile_0_0                                                     
   163     0.02% 5.36194e-07 7.72817e-06 6.90243e-06 1.51668e-05  10 /ChipTop/system/tile_prci_domain/tile_reset_domain_tile/gemmini/ex_controller/mesh/mesh/mesh_5_8/tile_0_0/mac_unit                                            
   741     0.11% 2.05040e-06 3.05069e-03 2.64215e-05 3.07916e-03   8 /ChipTop/system/tile_prci_domain/tile_reset_domain_tile/gemmini/ex_controller/mesh/mesh/mesh_6_5                                                              
   741     0.11% 2.05040e-06 3.05069e-03 2.64215e-05 3.07916e-03   9 /ChipTop/system/tile_prci_domain/tile_reset_domain_tile/gemmini/ex_controller/mesh/mesh/mesh_6_5/tile_0_0                                                     
   166     0.03% 5.26157e-07 9.10774e-06 8.65838e-06 1.82923e-05  10 /ChipTop/system/tile_prci_domain/tile_reset_domain_tile/gemmini/ex_controller/mesh/mesh/mesh_6_5/tile_0_0/mac_unit                                            
   738     0.11% 2.03826e-06 3.05102e-03 2.59246e-05 3.07899e-03   8 /ChipTop/system/tile_prci_domain/tile_reset_domain_tile/gemmini/ex_controller/mesh/mesh/mesh_6_10                                                             
   738     0.11% 2.03826e-06 3.05102e-03 2.59246e-05 3.07899e-03   9 /ChipTop/system/tile_prci_domain/tile_reset_domain_tile/gemmini/ex_controller/mesh/mesh/mesh_6_10/tile_0_0                                                    
   163     0.02% 5.31609e-07 9.30146e-06 8.13851e-06 1.79716e-05  10 /ChipTop/system/tile_prci_domain/tile_reset_domain_tile/gemmini/ex_controller/mesh/mesh/mesh_6_10/tile_0_0/mac_unit                                           
   738     0.11% 2.04152e-06 3.05154e-03 2.53261e-05 3.07890e-03   8 /ChipTop/system/tile_prci_domain/tile_reset_domain_tile/gemmini/ex_controller/mesh/mesh/mesh_8_12                                                             
   738     0.11% 2.04152e-06 3.05154e-03 2.53261e-05 3.07890e-03   9 /ChipTop/system/tile_prci_domain/tile_reset_domain_tile/gemmini/ex_controller/mesh/mesh/mesh_8_12/tile_0_0                                                    
   163     0.02% 5.30297e-07 7.54130e-06 6.06363e-06 1.41352e-05  10 /ChipTop/system/tile_prci_domain/tile_reset_domain_tile/gemmini/ex_controller/mesh/mesh/mesh_8_12/tile_0_0/mac_unit                                           
   741     0.11% 2.04243e-06 3.05217e-03 2.46238e-05 3.07883e-03   8 /ChipTop/system/tile_prci_domain/tile_reset_domain_tile/gemmini/ex_controller/mesh/mesh/mesh_5_6                                                              
   741     0.11% 2.04243e-06 3.05217e-03 2.46238e-05 3.07883e-03   9 /ChipTop/system/tile_prci_domain/tile_reset_domain_tile/gemmini/ex_controller/mesh/mesh/mesh_5_6/tile_0_0                                                     
   166     0.03% 5.25550e-07 8.38955e-06 7.36347e-06 1.62786e-05  10 /ChipTop/system/tile_prci_domain/tile_reset_domain_tile/gemmini/ex_controller/mesh/mesh/mesh_5_6/tile_0_0/mac_unit                                            
   740     0.11% 2.03532e-06 3.04999e-03 2.68093e-05 3.07883e-03   8 /ChipTop/system/tile_prci_domain/tile_reset_domain_tile/gemmini/ex_controller/mesh/mesh/mesh_8_7                                                              
   740     0.11% 2.03532e-06 3.04999e-03 2.68093e-05 3.07883e-03   9 /ChipTop/system/tile_prci_domain/tile_reset_domain_tile/gemmini/ex_controller/mesh/mesh/mesh_8_7/tile_0_0                                                     
   163     0.02% 5.22918e-07 1.02147e-05 9.86408e-06 2.06017e-05  10 /ChipTop/system/tile_prci_domain/tile_reset_domain_tile/gemmini/ex_controller/mesh/mesh/mesh_8_7/tile_0_0/mac_unit                                            
   738     0.11% 2.13403e-06 3.05096e-03 2.57341e-05 3.07883e-03   8 /ChipTop/system/tile_prci_domain/tile_reset_domain_tile/gemmini/ex_controller/mesh/mesh/mesh_9_0                                                              
   738     0.11% 2.13403e-06 3.05096e-03 2.57341e-05 3.07883e-03   9 /ChipTop/system/tile_prci_domain/tile_reset_domain_tile/gemmini/ex_controller/mesh/mesh/mesh_9_0/tile_0_0                                                     
   163     0.02% 5.35244e-07 6.81297e-06 6.10504e-06 1.34533e-05  10 /ChipTop/system/tile_prci_domain/tile_reset_domain_tile/gemmini/ex_controller/mesh/mesh/mesh_9_0/tile_0_0/mac_unit                                            
   738     0.11% 2.06349e-06 3.05061e-03 2.59063e-05 3.07858e-03   8 /ChipTop/system/tile_prci_domain/tile_reset_domain_tile/gemmini/ex_controller/mesh/mesh/mesh_6_12                                                             
   738     0.11% 2.06349e-06 3.05061e-03 2.59063e-05 3.07858e-03   9 /ChipTop/system/tile_prci_domain/tile_reset_domain_tile/gemmini/ex_controller/mesh/mesh/mesh_6_12/tile_0_0                                                    
   163     0.02% 5.34491e-07 9.36039e-06 8.49249e-06 1.83874e-05  10 /ChipTop/system/tile_prci_domain/tile_reset_domain_tile/gemmini/ex_controller/mesh/mesh/mesh_6_12/tile_0_0/mac_unit                                           
   738     0.11% 2.05345e-06 3.05113e-03 2.52353e-05 3.07842e-03   8 /ChipTop/system/tile_prci_domain/tile_reset_domain_tile/gemmini/ex_controller/mesh/mesh/mesh_8_1                                                              
   738     0.11% 2.05345e-06 3.05113e-03 2.52353e-05 3.07842e-03   9 /ChipTop/system/tile_prci_domain/tile_reset_domain_tile/gemmini/ex_controller/mesh/mesh/mesh_8_1/tile_0_0                                                     
   163     0.02% 5.32004e-07 6.75960e-06 6.05030e-06 1.33419e-05  10 /ChipTop/system/tile_prci_domain/tile_reset_domain_tile/gemmini/ex_controller/mesh/mesh/mesh_8_1/tile_0_0/mac_unit                                            
   741     0.11% 2.04320e-06 3.05103e-03 2.49079e-05 3.07798e-03   8 /ChipTop/system/tile_prci_domain/tile_reset_domain_tile/gemmini/ex_controller/mesh/mesh/mesh_4_13                                                             
   741     0.11% 2.04320e-06 3.05103e-03 2.49079e-05 3.07798e-03   9 /ChipTop/system/tile_prci_domain/tile_reset_domain_tile/gemmini/ex_controller/mesh/mesh/mesh_4_13/tile_0_0                                                    
   166     0.03% 5.26193e-07 9.66377e-06 8.20928e-06 1.83992e-05  10 /ChipTop/system/tile_prci_domain/tile_reset_domain_tile/gemmini/ex_controller/mesh/mesh/mesh_4_13/tile_0_0/mac_unit                                           
   740     0.11% 2.06573e-06 3.05013e-03 2.57298e-05 3.07793e-03   8 /ChipTop/system/tile_prci_domain/tile_reset_domain_tile/gemmini/ex_controller/mesh/mesh/mesh_7_15                                                             
   740     0.11% 2.06573e-06 3.05013e-03 2.57298e-05 3.07793e-03   9 /ChipTop/system/tile_prci_domain/tile_reset_domain_tile/gemmini/ex_controller/mesh/mesh/mesh_7_15/tile_0_0                                                    
   163     0.02% 5.40788e-07 8.44254e-06 7.21247e-06 1.61958e-05  10 /ChipTop/system/tile_prci_domain/tile_reset_domain_tile/gemmini/ex_controller/mesh/mesh/mesh_7_15/tile_0_0/mac_unit                                           
   738     0.11% 2.04748e-06 3.05010e-03 2.51027e-05 3.07725e-03   8 /ChipTop/system/tile_prci_domain/tile_reset_domain_tile/gemmini/ex_controller/mesh/mesh/mesh_7_4                                                              
   738     0.11% 2.04748e-06 3.05010e-03 2.51027e-05 3.07725e-03   9 /ChipTop/system/tile_prci_domain/tile_reset_domain_tile/gemmini/ex_controller/mesh/mesh/mesh_7_4/tile_0_0                                                     
   163     0.02% 5.36935e-07 6.88485e-06 6.16673e-06 1.35885e-05  10 /ChipTop/system/tile_prci_domain/tile_reset_domain_tile/gemmini/ex_controller/mesh/mesh/mesh_7_4/tile_0_0/mac_unit                                            
   738     0.11% 2.05218e-06 3.05013e-03 2.45094e-05 3.07669e-03   8 /ChipTop/system/tile_prci_domain/tile_reset_domain_tile/gemmini/ex_controller/mesh/mesh/mesh_7_12                                                             
   738     0.11% 2.05218e-06 3.05013e-03 2.45094e-05 3.07669e-03   9 /ChipTop/system/tile_prci_domain/tile_reset_domain_tile/gemmini/ex_controller/mesh/mesh/mesh_7_12/tile_0_0                                                    
   163     0.02% 5.37400e-07 7.60897e-06 6.35250e-06 1.44989e-05  10 /ChipTop/system/tile_prci_domain/tile_reset_domain_tile/gemmini/ex_controller/mesh/mesh/mesh_7_12/tile_0_0/mac_unit                                           
   738     0.11% 2.06258e-06 3.04996e-03 2.41141e-05 3.07613e-03   8 /ChipTop/system/tile_prci_domain/tile_reset_domain_tile/gemmini/ex_controller/mesh/mesh/mesh_7_1                                                              
   738     0.11% 2.06258e-06 3.04996e-03 2.41141e-05 3.07613e-03   9 /ChipTop/system/tile_prci_domain/tile_reset_domain_tile/gemmini/ex_controller/mesh/mesh/mesh_7_1/tile_0_0                                                     
   163     0.02% 5.37007e-07 6.85243e-06 6.31865e-06 1.37081e-05  10 /ChipTop/system/tile_prci_domain/tile_reset_domain_tile/gemmini/ex_controller/mesh/mesh/mesh_7_1/tile_0_0/mac_unit                                            
   738     0.11% 2.04719e-06 3.05018e-03 2.37075e-05 3.07593e-03   8 /ChipTop/system/tile_prci_domain/tile_reset_domain_tile/gemmini/ex_controller/mesh/mesh/mesh_6_8                                                              
   738     0.11% 2.04719e-06 3.05018e-03 2.37075e-05 3.07593e-03   9 /ChipTop/system/tile_prci_domain/tile_reset_domain_tile/gemmini/ex_controller/mesh/mesh/mesh_6_8/tile_0_0                                                     
   163     0.02% 5.32845e-07 7.18971e-06 6.23468e-06 1.39572e-05  10 /ChipTop/system/tile_prci_domain/tile_reset_domain_tile/gemmini/ex_controller/mesh/mesh/mesh_6_8/tile_0_0/mac_unit                                            
   738     0.11% 2.03968e-06 3.04740e-03 2.60324e-05 3.07547e-03   8 /ChipTop/system/tile_prci_domain/tile_reset_domain_tile/gemmini/ex_controller/mesh/mesh/mesh_7_9                                                              
   738     0.11% 2.03968e-06 3.04740e-03 2.60324e-05 3.07547e-03   9 /ChipTop/system/tile_prci_domain/tile_reset_domain_tile/gemmini/ex_controller/mesh/mesh/mesh_7_9/tile_0_0                                                     
   163     0.02% 5.39054e-07 1.06014e-05 9.79896e-06 2.09395e-05  10 /ChipTop/system/tile_prci_domain/tile_reset_domain_tile/gemmini/ex_controller/mesh/mesh/mesh_7_9/tile_0_0/mac_unit                                            
   738     0.11% 2.05001e-06 3.04888e-03 2.41187e-05 3.07505e-03   8 /ChipTop/system/tile_prci_domain/tile_reset_domain_tile/gemmini/ex_controller/mesh/mesh/mesh_5_12                                                             
   738     0.11% 2.05001e-06 3.04888e-03 2.41187e-05 3.07505e-03   9 /ChipTop/system/tile_prci_domain/tile_reset_domain_tile/gemmini/ex_controller/mesh/mesh/mesh_5_12/tile_0_0                                                    
   163     0.02% 5.34192e-07 8.73449e-06 7.68105e-06 1.69497e-05  10 /ChipTop/system/tile_prci_domain/tile_reset_domain_tile/gemmini/ex_controller/mesh/mesh/mesh_5_12/tile_0_0/mac_unit                                           
   741     0.11% 2.03858e-06 3.04745e-03 2.51786e-05 3.07467e-03   8 /ChipTop/system/tile_prci_domain/tile_reset_domain_tile/gemmini/ex_controller/mesh/mesh/mesh_2_11                                                             
   741     0.11% 2.03858e-06 3.04745e-03 2.51786e-05 3.07467e-03   9 /ChipTop/system/tile_prci_domain/tile_reset_domain_tile/gemmini/ex_controller/mesh/mesh/mesh_2_11/tile_0_0                                                    
   166     0.03% 5.27728e-07 9.66627e-06 9.02702e-06 1.92210e-05  10 /ChipTop/system/tile_prci_domain/tile_reset_domain_tile/gemmini/ex_controller/mesh/mesh/mesh_2_11/tile_0_0/mac_unit                                           
   741     0.11% 2.02993e-06 3.04825e-03 2.37304e-05 3.07402e-03   8 /ChipTop/system/tile_prci_domain/tile_reset_domain_tile/gemmini/ex_controller/mesh/mesh/mesh_9_3                                                              
   741     0.11% 2.02993e-06 3.04825e-03 2.37304e-05 3.07402e-03   9 /ChipTop/system/tile_prci_domain/tile_reset_domain_tile/gemmini/ex_controller/mesh/mesh/mesh_9_3/tile_0_0                                                     
   166     0.03% 5.21184e-07 5.81466e-06 5.20331e-06 1.15391e-05  10 /ChipTop/system/tile_prci_domain/tile_reset_domain_tile/gemmini/ex_controller/mesh/mesh/mesh_9_3/tile_0_0/mac_unit                                            
   741     0.11% 2.04673e-06 3.04906e-03 2.27284e-05 3.07384e-03   8 /ChipTop/system/tile_prci_domain/tile_reset_domain_tile/gemmini/ex_controller/mesh/mesh/mesh_4_6                                                              
   741     0.11% 2.04673e-06 3.04906e-03 2.27284e-05 3.07384e-03   9 /ChipTop/system/tile_prci_domain/tile_reset_domain_tile/gemmini/ex_controller/mesh/mesh/mesh_4_6/tile_0_0                                                     
   166     0.03% 5.25291e-07 7.80855e-06 6.92215e-06 1.52560e-05  10 /ChipTop/system/tile_prci_domain/tile_reset_domain_tile/gemmini/ex_controller/mesh/mesh/mesh_4_6/tile_0_0/mac_unit                                            
   738     0.11% 2.04813e-06 3.04850e-03 2.28395e-05 3.07339e-03   8 /ChipTop/system/tile_prci_domain/tile_reset_domain_tile/gemmini/ex_controller/mesh/mesh/mesh_5_14                                                             
   738     0.11% 2.04813e-06 3.04850e-03 2.28395e-05 3.07339e-03   9 /ChipTop/system/tile_prci_domain/tile_reset_domain_tile/gemmini/ex_controller/mesh/mesh/mesh_5_14/tile_0_0                                                    
   163     0.02% 5.34961e-07 8.77542e-06 7.66240e-06 1.69728e-05  10 /ChipTop/system/tile_prci_domain/tile_reset_domain_tile/gemmini/ex_controller/mesh/mesh/mesh_5_14/tile_0_0/mac_unit                                           
   738     0.11% 2.13036e-06 3.04772e-03 2.29202e-05 3.07277e-03   8 /ChipTop/system/tile_prci_domain/tile_reset_domain_tile/gemmini/ex_controller/mesh/mesh/mesh_8_0                                                              
   738     0.11% 2.13036e-06 3.04772e-03 2.29202e-05 3.07277e-03   9 /ChipTop/system/tile_prci_domain/tile_reset_domain_tile/gemmini/ex_controller/mesh/mesh/mesh_8_0/tile_0_0                                                     
   163     0.02% 5.33579e-07 5.81785e-06 5.19990e-06 1.15513e-05  10 /ChipTop/system/tile_prci_domain/tile_reset_domain_tile/gemmini/ex_controller/mesh/mesh/mesh_8_0/tile_0_0/mac_unit                                            
   741     0.11% 2.02578e-06 3.04645e-03 2.42272e-05 3.07271e-03   8 /ChipTop/system/tile_prci_domain/tile_reset_domain_tile/gemmini/ex_controller/mesh/mesh/mesh_3_11                                                             
   741     0.11% 2.02578e-06 3.04645e-03 2.42272e-05 3.07271e-03   9 /ChipTop/system/tile_prci_domain/tile_reset_domain_tile/gemmini/ex_controller/mesh/mesh/mesh_3_11/tile_0_0                                                    
   166     0.03% 5.23826e-07 8.43152e-06 7.67532e-06 1.66307e-05  10 /ChipTop/system/tile_prci_domain/tile_reset_domain_tile/gemmini/ex_controller/mesh/mesh/mesh_3_11/tile_0_0/mac_unit                                           
   741     0.11% 2.05372e-06 3.04866e-03 2.19490e-05 3.07267e-03   8 /ChipTop/system/tile_prci_domain/tile_reset_domain_tile/gemmini/ex_controller/mesh/mesh/mesh_5_5                                                              
   741     0.11% 2.05372e-06 3.04866e-03 2.19490e-05 3.07267e-03   9 /ChipTop/system/tile_prci_domain/tile_reset_domain_tile/gemmini/ex_controller/mesh/mesh/mesh_5_5/tile_0_0                                                     
   166     0.03% 5.29177e-07 6.69807e-06 5.92100e-06 1.31482e-05  10 /ChipTop/system/tile_prci_domain/tile_reset_domain_tile/gemmini/ex_controller/mesh/mesh/mesh_5_5/tile_0_0/mac_unit                                            
   738     0.11% 2.03584e-06 3.04699e-03 2.35725e-05 3.07260e-03   8 /ChipTop/system/tile_prci_domain/tile_reset_domain_tile/gemmini/ex_controller/mesh/mesh/mesh_5_10                                                             
   738     0.11% 2.03584e-06 3.04699e-03 2.35725e-05 3.07260e-03   9 /ChipTop/system/tile_prci_domain/tile_reset_domain_tile/gemmini/ex_controller/mesh/mesh/mesh_5_10/tile_0_0                                                    
   163     0.02% 5.37489e-07 8.86918e-06 7.68272e-06 1.70894e-05  10 /ChipTop/system/tile_prci_domain/tile_reset_domain_tile/gemmini/ex_controller/mesh/mesh/mesh_5_10/tile_0_0/mac_unit                                           
   738     0.11% 2.03591e-06 3.04624e-03 2.42709e-05 3.07254e-03   8 /ChipTop/system/tile_prci_domain/tile_reset_domain_tile/gemmini/ex_controller/mesh/mesh/mesh_6_9                                                              
   738     0.11% 2.03591e-06 3.04624e-03 2.42709e-05 3.07254e-03   9 /ChipTop/system/tile_prci_domain/tile_reset_domain_tile/gemmini/ex_controller/mesh/mesh/mesh_6_9/tile_0_0                                                     
   163     0.02% 5.35845e-07 9.10644e-06 8.39347e-06 1.80358e-05  10 /ChipTop/system/tile_prci_domain/tile_reset_domain_tile/gemmini/ex_controller/mesh/mesh/mesh_6_9/tile_0_0/mac_unit                                            
   738     0.11% 2.03024e-06 3.04651e-03 2.32443e-05 3.07178e-03   8 /ChipTop/system/tile_prci_domain/tile_reset_domain_tile/gemmini/ex_controller/mesh/mesh/mesh_6_7                                                              
   738     0.11% 2.03024e-06 3.04651e-03 2.32443e-05 3.07178e-03   9 /ChipTop/system/tile_prci_domain/tile_reset_domain_tile/gemmini/ex_controller/mesh/mesh/mesh_6_7/tile_0_0                                                     
   163     0.02% 5.31906e-07 7.81982e-06 6.81772e-06 1.51694e-05  10 /ChipTop/system/tile_prci_domain/tile_reset_domain_tile/gemmini/ex_controller/mesh/mesh/mesh_6_7/tile_0_0/mac_unit                                            
   738     0.11% 2.05504e-06 3.04731e-03 2.21832e-05 3.07155e-03   8 /ChipTop/system/tile_prci_domain/tile_reset_domain_tile/gemmini/ex_controller/mesh/mesh/mesh_5_4                                                              
   738     0.11% 2.05504e-06 3.04731e-03 2.21832e-05 3.07155e-03   9 /ChipTop/system/tile_prci_domain/tile_reset_domain_tile/gemmini/ex_controller/mesh/mesh/mesh_5_4/tile_0_0                                                     
   163     0.02% 5.36205e-07 6.78069e-06 6.05306e-06 1.33699e-05  10 /ChipTop/system/tile_prci_domain/tile_reset_domain_tile/gemmini/ex_controller/mesh/mesh/mesh_5_4/tile_0_0/mac_unit                                            
   741     0.11% 2.05983e-06 3.04533e-03 2.40394e-05 3.07143e-03   8 /ChipTop/system/tile_prci_domain/tile_reset_domain_tile/gemmini/ex_controller/mesh/mesh/mesh_1_11                                                             
   741     0.11% 2.05983e-06 3.04533e-03 2.40394e-05 3.07143e-03   9 /ChipTop/system/tile_prci_domain/tile_reset_domain_tile/gemmini/ex_controller/mesh/mesh/mesh_1_11/tile_0_0                                                    
   166     0.03% 5.30446e-07 9.76588e-06 9.16329e-06 1.94596e-05  10 /ChipTop/system/tile_prci_domain/tile_reset_domain_tile/gemmini/ex_controller/mesh/mesh/mesh_1_11/tile_0_0/mac_unit                                           
   738     0.11% 2.04532e-06 3.04716e-03 2.16753e-05 3.07088e-03   8 /ChipTop/system/tile_prci_domain/tile_reset_domain_tile/gemmini/ex_controller/mesh/mesh/mesh_4_14                                                             
   738     0.11% 2.04532e-06 3.04716e-03 2.16753e-05 3.07088e-03   9 /ChipTop/system/tile_prci_domain/tile_reset_domain_tile/gemmini/ex_controller/mesh/mesh/mesh_4_14/tile_0_0                                                    
   163     0.02% 5.33705e-07 9.39313e-06 7.94178e-06 1.78686e-05  10 /ChipTop/system/tile_prci_domain/tile_reset_domain_tile/gemmini/ex_controller/mesh/mesh/mesh_4_14/tile_0_0/mac_unit                                           
   738     0.11% 2.03805e-06 3.04790e-03 2.06828e-05 3.07062e-03   8 /ChipTop/system/tile_prci_domain/tile_reset_domain_tile/gemmini/ex_controller/mesh/mesh/mesh_4_8                                                              
   738     0.11% 2.03805e-06 3.04790e-03 2.06828e-05 3.07062e-03   9 /ChipTop/system/tile_prci_domain/tile_reset_domain_tile/gemmini/ex_controller/mesh/mesh/mesh_4_8/tile_0_0                                                     
   163     0.02% 5.33651e-07 6.78078e-06 5.72349e-06 1.30379e-05  10 /ChipTop/system/tile_prci_domain/tile_reset_domain_tile/gemmini/ex_controller/mesh/mesh/mesh_4_8/tile_0_0/mac_unit                                            
   738     0.11% 2.04353e-06 3.04608e-03 2.23085e-05 3.07043e-03   8 /ChipTop/system/tile_prci_domain/tile_reset_domain_tile/gemmini/ex_controller/mesh/mesh/mesh_5_9                                                              
   738     0.11% 2.04353e-06 3.04608e-03 2.23085e-05 3.07043e-03   9 /ChipTop/system/tile_prci_domain/tile_reset_domain_tile/gemmini/ex_controller/mesh/mesh/mesh_5_9/tile_0_0                                                     
   163     0.02% 5.35987e-07 8.51211e-06 7.79806e-06 1.68462e-05  10 /ChipTop/system/tile_prci_domain/tile_reset_domain_tile/gemmini/ex_controller/mesh/mesh/mesh_5_9/tile_0_0/mac_unit                                            
   741     0.11% 2.03978e-06 3.04589e-03 2.21881e-05 3.07012e-03   8 /ChipTop/system/tile_prci_domain/tile_reset_domain_tile/gemmini/ex_controller/mesh/mesh/mesh_8_3                                                              
   741     0.11% 2.03978e-06 3.04589e-03 2.21881e-05 3.07012e-03   9 /ChipTop/system/tile_prci_domain/tile_reset_domain_tile/gemmini/ex_controller/mesh/mesh/mesh_8_3/tile_0_0                                                     
   166     0.03% 5.26439e-07 6.52232e-06 6.02433e-06 1.30731e-05  10 /ChipTop/system/tile_prci_domain/tile_reset_domain_tile/gemmini/ex_controller/mesh/mesh/mesh_8_3/tile_0_0/mac_unit                                            
   738     0.11% 2.05511e-06 3.04554e-03 2.23917e-05 3.06999e-03   8 /ChipTop/system/tile_prci_domain/tile_reset_domain_tile/gemmini/ex_controller/mesh/mesh/mesh_3_15                                                             
   738     0.11% 2.05511e-06 3.04554e-03 2.23917e-05 3.06999e-03   9 /ChipTop/system/tile_prci_domain/tile_reset_domain_tile/gemmini/ex_controller/mesh/mesh/mesh_3_15/tile_0_0                                                    
   163     0.02% 5.30823e-07 7.87647e-06 6.77841e-06 1.51857e-05  10 /ChipTop/system/tile_prci_domain/tile_reset_domain_tile/gemmini/ex_controller/mesh/mesh/mesh_3_15/tile_0_0/mac_unit                                           
   738     0.11% 2.04422e-06 3.04648e-03 2.14066e-05 3.06994e-03   8 /ChipTop/system/tile_prci_domain/tile_reset_domain_tile/gemmini/ex_controller/mesh/mesh/mesh_4_7                                                              
   738     0.11% 2.04422e-06 3.04648e-03 2.14066e-05 3.06994e-03   9 /ChipTop/system/tile_prci_domain/tile_reset_domain_tile/gemmini/ex_controller/mesh/mesh/mesh_4_7/tile_0_0                                                     
   163     0.02% 5.35556e-07 7.92324e-06 7.00249e-06 1.54613e-05  10 /ChipTop/system/tile_prci_domain/tile_reset_domain_tile/gemmini/ex_controller/mesh/mesh/mesh_4_7/tile_0_0/mac_unit                                            
   738     0.11% 2.03945e-06 3.04570e-03 2.19490e-05 3.06968e-03   8 /ChipTop/system/tile_prci_domain/tile_reset_domain_tile/gemmini/ex_controller/mesh/mesh/mesh_4_10                                                             
   738     0.11% 2.03945e-06 3.04570e-03 2.19490e-05 3.06968e-03   9 /ChipTop/system/tile_prci_domain/tile_reset_domain_tile/gemmini/ex_controller/mesh/mesh/mesh_4_10/tile_0_0                                                    
   163     0.02% 5.33798e-07 7.75554e-06 6.51543e-06 1.48048e-05  10 /ChipTop/system/tile_prci_domain/tile_reset_domain_tile/gemmini/ex_controller/mesh/mesh/mesh_4_10/tile_0_0/mac_unit                                           
   741     0.11% 2.03739e-06 3.04546e-03 2.20807e-05 3.06958e-03   8 /ChipTop/system/tile_prci_domain/tile_reset_domain_tile/gemmini/ex_controller/mesh/mesh/mesh_7_3                                                              
   741     0.11% 2.03739e-06 3.04546e-03 2.20807e-05 3.06958e-03   9 /ChipTop/system/tile_prci_domain/tile_reset_domain_tile/gemmini/ex_controller/mesh/mesh/mesh_7_3/tile_0_0                                                     
   166     0.03% 5.28766e-07 6.42036e-06 5.74991e-06 1.26990e-05  10 /ChipTop/system/tile_prci_domain/tile_reset_domain_tile/gemmini/ex_controller/mesh/mesh/mesh_7_3/tile_0_0/mac_unit                                            
   738     0.11% 2.06569e-06 3.04558e-03 2.16253e-05 3.06927e-03   8 /ChipTop/system/tile_prci_domain/tile_reset_domain_tile/gemmini/ex_controller/mesh/mesh/mesh_4_12                                                             
   738     0.11% 2.06569e-06 3.04558e-03 2.16253e-05 3.06927e-03   9 /ChipTop/system/tile_prci_domain/tile_reset_domain_tile/gemmini/ex_controller/mesh/mesh/mesh_4_12/tile_0_0                                                    
   163     0.02% 5.37696e-07 9.27907e-06 8.13187e-06 1.79486e-05  10 /ChipTop/system/tile_prci_domain/tile_reset_domain_tile/gemmini/ex_controller/mesh/mesh/mesh_4_12/tile_0_0/mac_unit                                           
   740     0.11% 2.06987e-06 3.04551e-03 2.15439e-05 3.06913e-03   8 /ChipTop/system/tile_prci_domain/tile_reset_domain_tile/gemmini/ex_controller/mesh/mesh/mesh_4_4                                                              
   740     0.11% 2.06987e-06 3.04551e-03 2.15439e-05 3.06913e-03   9 /ChipTop/system/tile_prci_domain/tile_reset_domain_tile/gemmini/ex_controller/mesh/mesh/mesh_4_4/tile_0_0                                                     
   163     0.02% 5.39314e-07 7.54122e-06 7.37489e-06 1.54554e-05  10 /ChipTop/system/tile_prci_domain/tile_reset_domain_tile/gemmini/ex_controller/mesh/mesh/mesh_4_4/tile_0_0/mac_unit                                            
   738     0.11% 2.03608e-06 3.04609e-03 2.06709e-05 3.06880e-03   8 /ChipTop/system/tile_prci_domain/tile_reset_domain_tile/gemmini/ex_controller/mesh/mesh/mesh_5_7                                                              
   738     0.11% 2.03608e-06 3.04609e-03 2.06709e-05 3.06880e-03   9 /ChipTop/system/tile_prci_domain/tile_reset_domain_tile/gemmini/ex_controller/mesh/mesh/mesh_5_7/tile_0_0                                                     
   163     0.02% 5.37279e-07 7.17299e-06 6.10110e-06 1.38114e-05  10 /ChipTop/system/tile_prci_domain/tile_reset_domain_tile/gemmini/ex_controller/mesh/mesh/mesh_5_7/tile_0_0/mac_unit                                            
   741     0.11% 2.04762e-06 3.04480e-03 2.16732e-05 3.06852e-03   8 /ChipTop/system/tile_prci_domain/tile_reset_domain_tile/gemmini/ex_controller/mesh/mesh/mesh_6_3                                                              
   741     0.11% 2.04762e-06 3.04480e-03 2.16732e-05 3.06852e-03   9 /ChipTop/system/tile_prci_domain/tile_reset_domain_tile/gemmini/ex_controller/mesh/mesh/mesh_6_3/tile_0_0                                                     
   166     0.03% 5.24521e-07 6.09362e-06 5.62489e-06 1.22430e-05  10 /ChipTop/system/tile_prci_domain/tile_reset_domain_tile/gemmini/ex_controller/mesh/mesh/mesh_6_3/tile_0_0/mac_unit                                            
   738     0.11% 2.03763e-06 3.04469e-03 2.12720e-05 3.06800e-03   8 /ChipTop/system/tile_prci_domain/tile_reset_domain_tile/gemmini/ex_controller/mesh/mesh/mesh_6_4                                                              
   738     0.11% 2.03763e-06 3.04469e-03 2.12720e-05 3.06800e-03   9 /ChipTop/system/tile_prci_domain/tile_reset_domain_tile/gemmini/ex_controller/mesh/mesh/mesh_6_4/tile_0_0                                                     
   163     0.02% 5.31059e-07 6.41816e-06 5.71278e-06 1.26620e-05  10 /ChipTop/system/tile_prci_domain/tile_reset_domain_tile/gemmini/ex_controller/mesh/mesh/mesh_6_4/tile_0_0/mac_unit                                            
   738     0.11% 2.05224e-06 3.04473e-03 2.07129e-05 3.06749e-03   8 /ChipTop/system/tile_prci_domain/tile_reset_domain_tile/gemmini/ex_controller/mesh/mesh/mesh_6_1                                                              
   738     0.11% 2.05224e-06 3.04473e-03 2.07129e-05 3.06749e-03   9 /ChipTop/system/tile_prci_domain/tile_reset_domain_tile/gemmini/ex_controller/mesh/mesh/mesh_6_1/tile_0_0                                                     
   163     0.02% 5.36012e-07 5.65003e-06 5.26085e-06 1.14469e-05  10 /ChipTop/system/tile_prci_domain/tile_reset_domain_tile/gemmini/ex_controller/mesh/mesh/mesh_6_1/tile_0_0/mac_unit                                            
   741     0.11% 2.02512e-06 3.04416e-03 2.11753e-05 3.06736e-03   8 /ChipTop/system/tile_prci_domain/tile_reset_domain_tile/gemmini/ex_controller/mesh/mesh/mesh_3_13                                                             
   741     0.11% 2.02512e-06 3.04416e-03 2.11753e-05 3.06736e-03   9 /ChipTop/system/tile_prci_domain/tile_reset_domain_tile/gemmini/ex_controller/mesh/mesh/mesh_3_13/tile_0_0                                                    
   166     0.03% 5.23215e-07 7.98486e-06 7.04311e-06 1.55512e-05  10 /ChipTop/system/tile_prci_domain/tile_reset_domain_tile/gemmini/ex_controller/mesh/mesh/mesh_3_13/tile_0_0/mac_unit                                           
   738     0.11% 2.04102e-06 3.04336e-03 2.12203e-05 3.06662e-03   8 /ChipTop/system/tile_prci_domain/tile_reset_domain_tile/gemmini/ex_controller/mesh/mesh/mesh_7_7                                                              
   738     0.11% 2.04102e-06 3.04336e-03 2.12203e-05 3.06662e-03   9 /ChipTop/system/tile_prci_domain/tile_reset_domain_tile/gemmini/ex_controller/mesh/mesh/mesh_7_7/tile_0_0                                                     
   163     0.02% 5.36560e-07 8.41005e-06 7.39026e-06 1.63369e-05  10 /ChipTop/system/tile_prci_domain/tile_reset_domain_tile/gemmini/ex_controller/mesh/mesh/mesh_7_7/tile_0_0/mac_unit                                            
   738     0.11% 2.02937e-06 3.04381e-03 2.05171e-05 3.06636e-03   8 /ChipTop/system/tile_prci_domain/tile_reset_domain_tile/gemmini/ex_controller/mesh/mesh/mesh_9_2                                                              
   738     0.11% 2.02937e-06 3.04381e-03 2.05171e-05 3.06636e-03   9 /ChipTop/system/tile_prci_domain/tile_reset_domain_tile/gemmini/ex_controller/mesh/mesh/mesh_9_2/tile_0_0                                                     
   163     0.02% 5.31461e-07 5.18584e-06 4.67151e-06 1.03888e-05  10 /ChipTop/system/tile_prci_domain/tile_reset_domain_tile/gemmini/ex_controller/mesh/mesh/mesh_9_2/tile_0_0/mac_unit                                            
   738     0.11% 2.14086e-06 3.04386e-03 2.02884e-05 3.06629e-03   8 /ChipTop/system/tile_prci_domain/tile_reset_domain_tile/gemmini/ex_controller/mesh/mesh/mesh_7_0                                                              
   738     0.11% 2.14086e-06 3.04386e-03 2.02884e-05 3.06629e-03   9 /ChipTop/system/tile_prci_domain/tile_reset_domain_tile/gemmini/ex_controller/mesh/mesh/mesh_7_0/tile_0_0                                                     
   163     0.02% 5.38408e-07 4.88361e-06 4.34457e-06 9.76659e-06  10 /ChipTop/system/tile_prci_domain/tile_reset_domain_tile/gemmini/ex_controller/mesh/mesh/mesh_7_0/tile_0_0/mac_unit                                            
   738     0.11% 2.05762e-06 3.04528e-03 1.87369e-05 3.06607e-03   8 /ChipTop/system/tile_prci_domain/tile_reset_domain_tile/gemmini/ex_controller/mesh/mesh/mesh_2_8                                                              
   738     0.11% 2.05762e-06 3.04528e-03 1.87369e-05 3.06607e-03   9 /ChipTop/system/tile_prci_domain/tile_reset_domain_tile/gemmini/ex_controller/mesh/mesh/mesh_2_8/tile_0_0                                                     
   163     0.02% 5.30534e-07 6.25406e-06 5.36502e-06 1.21496e-05  10 /ChipTop/system/tile_prci_domain/tile_reset_domain_tile/gemmini/ex_controller/mesh/mesh/mesh_2_8/tile_0_0/mac_unit                                            
   738     0.11% 2.06659e-06 3.04367e-03 2.02982e-05 3.06603e-03   8 /ChipTop/system/tile_prci_domain/tile_reset_domain_tile/gemmini/ex_controller/mesh/mesh/mesh_2_13                                                             
   738     0.11% 2.06659e-06 3.04367e-03 2.02982e-05 3.06603e-03   9 /ChipTop/system/tile_prci_domain/tile_reset_domain_tile/gemmini/ex_controller/mesh/mesh/mesh_2_13/tile_0_0                                                    
   163     0.02% 5.36381e-07 7.21161e-06 6.31751e-06 1.40655e-05  10 /ChipTop/system/tile_prci_domain/tile_reset_domain_tile/gemmini/ex_controller/mesh/mesh/mesh_2_13/tile_0_0/mac_unit                                           
   741     0.11% 2.03522e-06 3.04428e-03 1.95006e-05 3.06581e-03   8 /ChipTop/system/tile_prci_domain/tile_reset_domain_tile/gemmini/ex_controller/mesh/mesh/mesh_3_6                                                              
   741     0.11% 2.03522e-06 3.04428e-03 1.95006e-05 3.06581e-03   9 /ChipTop/system/tile_prci_domain/tile_reset_domain_tile/gemmini/ex_controller/mesh/mesh/mesh_3_6/tile_0_0                                                     
   166     0.03% 5.25636e-07 6.16245e-06 5.48907e-06 1.21771e-05  10 /ChipTop/system/tile_prci_domain/tile_reset_domain_tile/gemmini/ex_controller/mesh/mesh/mesh_3_6/tile_0_0/mac_unit                                            
   738     0.11% 2.03553e-06 3.04295e-03 2.08230e-05 3.06581e-03   8 /ChipTop/system/tile_prci_domain/tile_reset_domain_tile/gemmini/ex_controller/mesh/mesh/mesh_8_2                                                              
   738     0.11% 2.03553e-06 3.04295e-03 2.08230e-05 3.06581e-03   9 /ChipTop/system/tile_prci_domain/tile_reset_domain_tile/gemmini/ex_controller/mesh/mesh/mesh_8_2/tile_0_0                                                     
   163     0.02% 5.33397e-07 6.62948e-06 5.95581e-06 1.31187e-05  10 /ChipTop/system/tile_prci_domain/tile_reset_domain_tile/gemmini/ex_controller/mesh/mesh/mesh_8_2/tile_0_0/mac_unit                                            
   738     0.11% 2.05236e-06 3.04412e-03 1.89182e-05 3.06509e-03   8 /ChipTop/system/tile_prci_domain/tile_reset_domain_tile/gemmini/ex_controller/mesh/mesh/mesh_3_7                                                              
   738     0.11% 2.05236e-06 3.04412e-03 1.89182e-05 3.06509e-03   9 /ChipTop/system/tile_prci_domain/tile_reset_domain_tile/gemmini/ex_controller/mesh/mesh/mesh_3_7/tile_0_0                                                     
   163     0.02% 5.27541e-07 4.67821e-06 3.93751e-06 9.14326e-06  10 /ChipTop/system/tile_prci_domain/tile_reset_domain_tile/gemmini/ex_controller/mesh/mesh/mesh_3_7/tile_0_0/mac_unit                                            
   812     0.12% 2.29580e-06 3.04155e-03 2.12197e-05 3.06507e-03   8 /ChipTop/system/tile_prci_domain/tile_reset_domain_tile/gemmini/ex_controller/mesh/mesh/mesh_0_11                                                             
   812     0.12% 2.29580e-06 3.04155e-03 2.12197e-05 3.06507e-03   9 /ChipTop/system/tile_prci_domain/tile_reset_domain_tile/gemmini/ex_controller/mesh/mesh/mesh_0_11/tile_0_0                                                    
   166     0.03% 5.11866e-07 7.00553e-06 6.37870e-06 1.38961e-05  10 /ChipTop/system/tile_prci_domain/tile_reset_domain_tile/gemmini/ex_controller/mesh/mesh/mesh_0_11/tile_0_0/mac_unit                                           
   738     0.11% 2.03925e-06 3.04274e-03 1.95287e-05 3.06430e-03   8 /ChipTop/system/tile_prci_domain/tile_reset_domain_tile/gemmini/ex_controller/mesh/mesh/mesh_1_14                                                             
   738     0.11% 2.03925e-06 3.04274e-03 1.95287e-05 3.06430e-03   9 /ChipTop/system/tile_prci_domain/tile_reset_domain_tile/gemmini/ex_controller/mesh/mesh/mesh_1_14/tile_0_0                                                    
   163     0.02% 5.35972e-07 9.03240e-06 7.85515e-06 1.74235e-05  10 /ChipTop/system/tile_prci_domain/tile_reset_domain_tile/gemmini/ex_controller/mesh/mesh/mesh_1_14/tile_0_0/mac_unit                                           
   738     0.11% 2.03808e-06 3.04249e-03 1.96288e-05 3.06416e-03   8 /ChipTop/system/tile_prci_domain/tile_reset_domain_tile/gemmini/ex_controller/mesh/mesh/mesh_2_15                                                             
   738     0.11% 2.03808e-06 3.04249e-03 1.96288e-05 3.06416e-03   9 /ChipTop/system/tile_prci_domain/tile_reset_domain_tile/gemmini/ex_controller/mesh/mesh/mesh_2_15/tile_0_0                                                    
   163     0.02% 5.32305e-07 8.41975e-06 7.06492e-06 1.60170e-05  10 /ChipTop/system/tile_prci_domain/tile_reset_domain_tile/gemmini/ex_controller/mesh/mesh/mesh_2_15/tile_0_0/mac_unit                                           
   738     0.11% 2.04703e-06 3.04299e-03 1.87752e-05 3.06381e-03   8 /ChipTop/system/tile_prci_domain/tile_reset_domain_tile/gemmini/ex_controller/mesh/mesh/mesh_2_14                                                             
   738     0.11% 2.04703e-06 3.04299e-03 1.87752e-05 3.06381e-03   9 /ChipTop/system/tile_prci_domain/tile_reset_domain_tile/gemmini/ex_controller/mesh/mesh/mesh_2_14/tile_0_0                                                    
   163     0.02% 5.35569e-07 8.03822e-06 6.91353e-06 1.54873e-05  10 /ChipTop/system/tile_prci_domain/tile_reset_domain_tile/gemmini/ex_controller/mesh/mesh/mesh_2_14/tile_0_0/mac_unit                                           
   738     0.11% 2.03971e-06 3.04030e-03 2.07075e-05 3.06305e-03   8 /ChipTop/system/tile_prci_domain/tile_reset_domain_tile/gemmini/ex_controller/mesh/mesh/mesh_7_2                                                              
   738     0.11% 2.03971e-06 3.04030e-03 2.07075e-05 3.06305e-03   9 /ChipTop/system/tile_prci_domain/tile_reset_domain_tile/gemmini/ex_controller/mesh/mesh/mesh_7_2/tile_0_0                                                     
   163     0.02% 5.36758e-07 6.62681e-06 6.19309e-06 1.33567e-05  10 /ChipTop/system/tile_prci_domain/tile_reset_domain_tile/gemmini/ex_controller/mesh/mesh/mesh_7_2/tile_0_0/mac_unit                                            
   738     0.11% 2.04756e-06 3.04247e-03 1.82720e-05 3.06279e-03   8 /ChipTop/system/tile_prci_domain/tile_reset_domain_tile/gemmini/ex_controller/mesh/mesh/mesh_2_7                                                              
   738     0.11% 2.04756e-06 3.04247e-03 1.82720e-05 3.06279e-03   9 /ChipTop/system/tile_prci_domain/tile_reset_domain_tile/gemmini/ex_controller/mesh/mesh/mesh_2_7/tile_0_0                                                     
   163     0.02% 5.35861e-07 6.25705e-06 5.54071e-06 1.23336e-05  10 /ChipTop/system/tile_prci_domain/tile_reset_domain_tile/gemmini/ex_controller/mesh/mesh/mesh_2_7/tile_0_0/mac_unit                                            
   741     0.11% 2.05025e-06 3.04278e-03 1.78756e-05 3.06270e-03   8 /ChipTop/system/tile_prci_domain/tile_reset_domain_tile/gemmini/ex_controller/mesh/mesh/mesh_2_6                                                              
   741     0.11% 2.05025e-06 3.04278e-03 1.78756e-05 3.06270e-03   9 /ChipTop/system/tile_prci_domain/tile_reset_domain_tile/gemmini/ex_controller/mesh/mesh/mesh_2_6/tile_0_0                                                     
   166     0.03% 5.26373e-07 5.38490e-06 4.70457e-06 1.06159e-05  10 /ChipTop/system/tile_prci_domain/tile_reset_domain_tile/gemmini/ex_controller/mesh/mesh/mesh_2_6/tile_0_0/mac_unit                                            
   741     0.11% 2.05573e-06 3.04111e-03 1.94619e-05 3.06263e-03   8 /ChipTop/system/tile_prci_domain/tile_reset_domain_tile/gemmini/ex_controller/mesh/mesh/mesh_1_12                                                             
   741     0.11% 2.05573e-06 3.04111e-03 1.94619e-05 3.06263e-03   9 /ChipTop/system/tile_prci_domain/tile_reset_domain_tile/gemmini/ex_controller/mesh/mesh/mesh_1_12/tile_0_0                                                    
   166     0.03% 5.30271e-07 9.07573e-06 8.32603e-06 1.79320e-05  10 /ChipTop/system/tile_prci_domain/tile_reset_domain_tile/gemmini/ex_controller/mesh/mesh/mesh_1_12/tile_0_0/mac_unit                                           
   738     0.11% 2.03281e-06 3.04222e-03 1.81953e-05 3.06245e-03   8 /ChipTop/system/tile_prci_domain/tile_reset_domain_tile/gemmini/ex_controller/mesh/mesh/mesh_3_14                                                             
   738     0.11% 2.03281e-06 3.04222e-03 1.81953e-05 3.06245e-03   9 /ChipTop/system/tile_prci_domain/tile_reset_domain_tile/gemmini/ex_controller/mesh/mesh/mesh_3_14/tile_0_0                                                    
   163     0.02% 5.26836e-07 6.26016e-06 5.46327e-06 1.22503e-05  10 /ChipTop/system/tile_prci_domain/tile_reset_domain_tile/gemmini/ex_controller/mesh/mesh/mesh_3_14/tile_0_0/mac_unit                                           
   738     0.11% 2.03809e-06 3.04091e-03 1.92143e-05 3.06216e-03   8 /ChipTop/system/tile_prci_domain/tile_reset_domain_tile/gemmini/ex_controller/mesh/mesh/mesh_3_10                                                             
   738     0.11% 2.03809e-06 3.04091e-03 1.92143e-05 3.06216e-03   9 /ChipTop/system/tile_prci_domain/tile_reset_domain_tile/gemmini/ex_controller/mesh/mesh/mesh_3_10/tile_0_0                                                    
   163     0.02% 5.29127e-07 5.69132e-06 4.98932e-06 1.12098e-05  10 /ChipTop/system/tile_prci_domain/tile_reset_domain_tile/gemmini/ex_controller/mesh/mesh/mesh_3_10/tile_0_0/mac_unit                                           
   738     0.11% 2.05163e-06 3.04034e-03 1.94346e-05 3.06183e-03   8 /ChipTop/system/tile_prci_domain/tile_reset_domain_tile/gemmini/ex_controller/mesh/mesh/mesh_5_1                                                              
   738     0.11% 2.05163e-06 3.04034e-03 1.94346e-05 3.06183e-03   9 /ChipTop/system/tile_prci_domain/tile_reset_domain_tile/gemmini/ex_controller/mesh/mesh/mesh_5_1/tile_0_0                                                     
   163     0.02% 5.35442e-07 6.03017e-06 5.84747e-06 1.24131e-05  10 /ChipTop/system/tile_prci_domain/tile_reset_domain_tile/gemmini/ex_controller/mesh/mesh/mesh_5_1/tile_0_0/mac_unit                                            
   810     0.12% 2.31533e-06 3.03938e-03 2.01129e-05 3.06181e-03   8 /ChipTop/system/tile_prci_domain/tile_reset_domain_tile/gemmini/ex_controller/mesh/mesh/mesh_0_15                                                             
   810     0.12% 2.31533e-06 3.03938e-03 2.01129e-05 3.06181e-03   9 /ChipTop/system/tile_prci_domain/tile_reset_domain_tile/gemmini/ex_controller/mesh/mesh/mesh_0_15/tile_0_0                                                    
   164     0.02% 5.32787e-07 8.60150e-06 7.93931e-06 1.70736e-05  10 /ChipTop/system/tile_prci_domain/tile_reset_domain_tile/gemmini/ex_controller/mesh/mesh/mesh_0_15/tile_0_0/mac_unit                                           
   738     0.11% 2.03321e-06 3.04066e-03 1.89605e-05 3.06165e-03   8 /ChipTop/system/tile_prci_domain/tile_reset_domain_tile/gemmini/ex_controller/mesh/mesh/mesh_4_9                                                              
   738     0.11% 2.03321e-06 3.04066e-03 1.89605e-05 3.06165e-03   9 /ChipTop/system/tile_prci_domain/tile_reset_domain_tile/gemmini/ex_controller/mesh/mesh/mesh_4_9/tile_0_0                                                     
   163     0.02% 5.32120e-07 6.71500e-06 5.50901e-06 1.27561e-05  10 /ChipTop/system/tile_prci_domain/tile_reset_domain_tile/gemmini/ex_controller/mesh/mesh/mesh_4_9/tile_0_0/mac_unit                                            
   741     0.11% 2.04598e-06 3.04135e-03 1.82504e-05 3.06165e-03   8 /ChipTop/system/tile_prci_domain/tile_reset_domain_tile/gemmini/ex_controller/mesh/mesh/mesh_4_5                                                              
   741     0.11% 2.04598e-06 3.04135e-03 1.82504e-05 3.06165e-03   9 /ChipTop/system/tile_prci_domain/tile_reset_domain_tile/gemmini/ex_controller/mesh/mesh/mesh_4_5/tile_0_0                                                     
   166     0.03% 5.28631e-07 6.45130e-06 5.62801e-06 1.26079e-05  10 /ChipTop/system/tile_prci_domain/tile_reset_domain_tile/gemmini/ex_controller/mesh/mesh/mesh_4_5/tile_0_0/mac_unit                                            
   741     0.11% 2.03862e-06 3.04159e-03 1.78687e-05 3.06150e-03   8 /ChipTop/system/tile_prci_domain/tile_reset_domain_tile/gemmini/ex_controller/mesh/mesh/mesh_5_3                                                              
   741     0.11% 2.03862e-06 3.04159e-03 1.78687e-05 3.06150e-03   9 /ChipTop/system/tile_prci_domain/tile_reset_domain_tile/gemmini/ex_controller/mesh/mesh/mesh_5_3/tile_0_0                                                     
   166     0.03% 5.25553e-07 5.58932e-06 4.93336e-06 1.10482e-05  10 /ChipTop/system/tile_prci_domain/tile_reset_domain_tile/gemmini/ex_controller/mesh/mesh/mesh_5_3/tile_0_0/mac_unit                                            
   738     0.11% 2.03762e-06 3.04046e-03 1.89259e-05 3.06142e-03   8 /ChipTop/system/tile_prci_domain/tile_reset_domain_tile/gemmini/ex_controller/mesh/mesh/mesh_1_15                                                             
   738     0.11% 2.03762e-06 3.04046e-03 1.89259e-05 3.06142e-03   9 /ChipTop/system/tile_prci_domain/tile_reset_domain_tile/gemmini/ex_controller/mesh/mesh/mesh_1_15/tile_0_0                                                    
   163     0.02% 5.35292e-07 9.12451e-06 7.87515e-06 1.75349e-05  10 /ChipTop/system/tile_prci_domain/tile_reset_domain_tile/gemmini/ex_controller/mesh/mesh/mesh_1_15/tile_0_0/mac_unit                                           
   741     0.11% 2.04136e-06 3.04147e-03 1.76243e-05 3.06113e-03   8 /ChipTop/system/tile_prci_domain/tile_reset_domain_tile/gemmini/ex_controller/mesh/mesh/mesh_3_4                                                              
   741     0.11% 2.04136e-06 3.04147e-03 1.76243e-05 3.06113e-03   9 /ChipTop/system/tile_prci_domain/tile_reset_domain_tile/gemmini/ex_controller/mesh/mesh/mesh_3_4/tile_0_0                                                     
   166     0.03% 5.23853e-07 5.42207e-06 4.87090e-06 1.08168e-05  10 /ChipTop/system/tile_prci_domain/tile_reset_domain_tile/gemmini/ex_controller/mesh/mesh/mesh_3_4/tile_0_0/mac_unit                                            
   741     0.11% 2.02912e-06 3.04040e-03 1.86519e-05 3.06108e-03   8 /ChipTop/system/tile_prci_domain/tile_reset_domain_tile/gemmini/ex_controller/mesh/mesh/mesh_2_12                                                             
   741     0.11% 2.02912e-06 3.04040e-03 1.86519e-05 3.06108e-03   9 /ChipTop/system/tile_prci_domain/tile_reset_domain_tile/gemmini/ex_controller/mesh/mesh/mesh_2_12/tile_0_0                                                    
   166     0.03% 5.27062e-07 7.96772e-06 7.14443e-06 1.56392e-05  10 /ChipTop/system/tile_prci_domain/tile_reset_domain_tile/gemmini/ex_controller/mesh/mesh/mesh_2_12/tile_0_0/mac_unit                                           
   738     0.11% 2.06857e-06 3.03993e-03 1.90661e-05 3.06107e-03   8 /ChipTop/system/tile_prci_domain/tile_reset_domain_tile/gemmini/ex_controller/mesh/mesh/mesh_2_9                                                              
   738     0.11% 2.06857e-06 3.03993e-03 1.90661e-05 3.06107e-03   9 /ChipTop/system/tile_prci_domain/tile_reset_domain_tile/gemmini/ex_controller/mesh/mesh/mesh_2_9/tile_0_0                                                     
   163     0.02% 5.36139e-07 7.00502e-06 6.32299e-06 1.38642e-05  10 /ChipTop/system/tile_prci_domain/tile_reset_domain_tile/gemmini/ex_controller/mesh/mesh/mesh_2_9/tile_0_0/mac_unit                                            
   738     0.11% 2.12590e-06 3.04051e-03 1.77117e-05 3.06034e-03   8 /ChipTop/system/tile_prci_domain/tile_reset_domain_tile/gemmini/ex_controller/mesh/mesh/mesh_6_0                                                              
   738     0.11% 2.12590e-06 3.04051e-03 1.77117e-05 3.06034e-03   9 /ChipTop/system/tile_prci_domain/tile_reset_domain_tile/gemmini/ex_controller/mesh/mesh/mesh_6_0/tile_0_0                                                     
   163     0.02% 5.31943e-07 3.95329e-06 3.57263e-06 8.05786e-06  10 /ChipTop/system/tile_prci_domain/tile_reset_domain_tile/gemmini/ex_controller/mesh/mesh/mesh_6_0/tile_0_0/mac_unit                                            
   738     0.11% 2.03440e-06 3.03908e-03 1.89732e-05 3.06008e-03   8 /ChipTop/system/tile_prci_domain/tile_reset_domain_tile/gemmini/ex_controller/mesh/mesh/mesh_3_9                                                              
   738     0.11% 2.03440e-06 3.03908e-03 1.89732e-05 3.06008e-03   9 /ChipTop/system/tile_prci_domain/tile_reset_domain_tile/gemmini/ex_controller/mesh/mesh/mesh_3_9/tile_0_0                                                     
   163     0.02% 5.32230e-07 6.99835e-06 6.21719e-06 1.37478e-05  10 /ChipTop/system/tile_prci_domain/tile_reset_domain_tile/gemmini/ex_controller/mesh/mesh/mesh_3_9/tile_0_0/mac_unit                                            
   738     0.11% 2.02823e-06 3.04041e-03 1.67417e-05 3.05918e-03   8 /ChipTop/system/tile_prci_domain/tile_reset_domain_tile/gemmini/ex_controller/mesh/mesh/mesh_3_8                                                              
   738     0.11% 2.02823e-06 3.04041e-03 1.67417e-05 3.05918e-03   9 /ChipTop/system/tile_prci_domain/tile_reset_domain_tile/gemmini/ex_controller/mesh/mesh/mesh_3_8/tile_0_0                                                     
   163     0.02% 5.29947e-07 5.47107e-06 4.52813e-06 1.05292e-05  10 /ChipTop/system/tile_prci_domain/tile_reset_domain_tile/gemmini/ex_controller/mesh/mesh/mesh_3_8/tile_0_0/mac_unit                                            
   738     0.11% 2.03282e-06 3.03923e-03 1.76547e-05 3.05892e-03   8 /ChipTop/system/tile_prci_domain/tile_reset_domain_tile/gemmini/ex_controller/mesh/mesh/mesh_1_13                                                             
   738     0.11% 2.03282e-06 3.03923e-03 1.76547e-05 3.05892e-03   9 /ChipTop/system/tile_prci_domain/tile_reset_domain_tile/gemmini/ex_controller/mesh/mesh/mesh_1_13/tile_0_0                                                    
   163     0.02% 5.36348e-07 7.74711e-06 6.66966e-06 1.49531e-05  10 /ChipTop/system/tile_prci_domain/tile_reset_domain_tile/gemmini/ex_controller/mesh/mesh/mesh_1_13/tile_0_0/mac_unit                                           
   738     0.11% 2.03420e-06 3.03871e-03 1.74677e-05 3.05821e-03   8 /ChipTop/system/tile_prci_domain/tile_reset_domain_tile/gemmini/ex_controller/mesh/mesh/mesh_2_10                                                             
   738     0.11% 2.03420e-06 3.03871e-03 1.74677e-05 3.05821e-03   9 /ChipTop/system/tile_prci_domain/tile_reset_domain_tile/gemmini/ex_controller/mesh/mesh/mesh_2_10/tile_0_0                                                    
   163     0.02% 5.33381e-07 5.46154e-06 4.57766e-06 1.05726e-05  10 /ChipTop/system/tile_prci_domain/tile_reset_domain_tile/gemmini/ex_controller/mesh/mesh/mesh_2_10/tile_0_0/mac_unit                                           
   740     0.11% 2.06482e-06 3.03930e-03 1.64956e-05 3.05786e-03   8 /ChipTop/system/tile_prci_domain/tile_reset_domain_tile/gemmini/ex_controller/mesh/mesh/mesh_3_12                                                             
   740     0.11% 2.06482e-06 3.03930e-03 1.64956e-05 3.05786e-03   9 /ChipTop/system/tile_prci_domain/tile_reset_domain_tile/gemmini/ex_controller/mesh/mesh/mesh_3_12/tile_0_0                                                    
   163     0.02% 5.34707e-07 4.74807e-06 4.30997e-06 9.59274e-06  10 /ChipTop/system/tile_prci_domain/tile_reset_domain_tile/gemmini/ex_controller/mesh/mesh/mesh_3_12/tile_0_0/mac_unit                                           
   812     0.12% 2.31824e-06 3.03711e-03 1.81744e-05 3.05760e-03   8 /ChipTop/system/tile_prci_domain/tile_reset_domain_tile/gemmini/ex_controller/mesh/mesh/mesh_0_10                                                             
   812     0.12% 2.31824e-06 3.03711e-03 1.81744e-05 3.05760e-03   9 /ChipTop/system/tile_prci_domain/tile_reset_domain_tile/gemmini/ex_controller/mesh/mesh/mesh_0_10/tile_0_0                                                    
   166     0.03% 5.32827e-07 7.02862e-06 6.25570e-06 1.38171e-05  10 /ChipTop/system/tile_prci_domain/tile_reset_domain_tile/gemmini/ex_controller/mesh/mesh/mesh_0_10/tile_0_0/mac_unit                                           
   738     0.11% 2.04813e-06 3.03887e-03 1.66829e-05 3.05760e-03   8 /ChipTop/system/tile_prci_domain/tile_reset_domain_tile/gemmini/ex_controller/mesh/mesh/mesh_1_8                                                              
   738     0.11% 2.04813e-06 3.03887e-03 1.66829e-05 3.05760e-03   9 /ChipTop/system/tile_prci_domain/tile_reset_domain_tile/gemmini/ex_controller/mesh/mesh/mesh_1_8/tile_0_0                                                     
   163     0.02% 5.34807e-07 7.16987e-06 6.26286e-06 1.39675e-05  10 /ChipTop/system/tile_prci_domain/tile_reset_domain_tile/gemmini/ex_controller/mesh/mesh/mesh_1_8/tile_0_0/mac_unit                                            
   738     0.11% 2.05807e-06 3.03854e-03 1.65682e-05 3.05717e-03   8 /ChipTop/system/tile_prci_domain/tile_reset_domain_tile/gemmini/ex_controller/mesh/mesh/mesh_1_7                                                              
   738     0.11% 2.05807e-06 3.03854e-03 1.65682e-05 3.05717e-03   9 /ChipTop/system/tile_prci_domain/tile_reset_domain_tile/gemmini/ex_controller/mesh/mesh/mesh_1_7/tile_0_0                                                     
   163     0.02% 5.36830e-07 5.17533e-06 4.33578e-06 1.00479e-05  10 /ChipTop/system/tile_prci_domain/tile_reset_domain_tile/gemmini/ex_controller/mesh/mesh/mesh_1_7/tile_0_0/mac_unit                                            
   741     0.11% 2.02783e-06 3.03890e-03 1.61690e-05 3.05710e-03   8 /ChipTop/system/tile_prci_domain/tile_reset_domain_tile/gemmini/ex_controller/mesh/mesh/mesh_2_4                                                              
   741     0.11% 2.02783e-06 3.03890e-03 1.61690e-05 3.05710e-03   9 /ChipTop/system/tile_prci_domain/tile_reset_domain_tile/gemmini/ex_controller/mesh/mesh/mesh_2_4/tile_0_0                                                     
   166     0.03% 5.28279e-07 6.00753e-06 5.40215e-06 1.19380e-05  10 /ChipTop/system/tile_prci_domain/tile_reset_domain_tile/gemmini/ex_controller/mesh/mesh/mesh_2_4/tile_0_0/mac_unit                                            
   738     0.11% 2.05535e-06 3.03817e-03 1.64600e-05 3.05669e-03   8 /ChipTop/system/tile_prci_domain/tile_reset_domain_tile/gemmini/ex_controller/mesh/mesh/mesh_3_5                                                              
   738     0.11% 2.05535e-06 3.03817e-03 1.64600e-05 3.05669e-03   9 /ChipTop/system/tile_prci_domain/tile_reset_domain_tile/gemmini/ex_controller/mesh/mesh/mesh_3_5/tile_0_0                                                     
   163     0.02% 5.34697e-07 5.55643e-06 5.05607e-06 1.11472e-05  10 /ChipTop/system/tile_prci_domain/tile_reset_domain_tile/gemmini/ex_controller/mesh/mesh/mesh_3_5/tile_0_0/mac_unit                                            
   738     0.11% 2.03806e-06 3.03768e-03 1.69163e-05 3.05663e-03   8 /ChipTop/system/tile_prci_domain/tile_reset_domain_tile/gemmini/ex_controller/mesh/mesh/mesh_1_10                                                             
   738     0.11% 2.03806e-06 3.03768e-03 1.69163e-05 3.05663e-03   9 /ChipTop/system/tile_prci_domain/tile_reset_domain_tile/gemmini/ex_controller/mesh/mesh/mesh_1_10/tile_0_0                                                    
   163     0.02% 5.33784e-07 5.69987e-06 4.72715e-06 1.09608e-05  10 /ChipTop/system/tile_prci_domain/tile_reset_domain_tile/gemmini/ex_controller/mesh/mesh/mesh_1_10/tile_0_0/mac_unit                                           
   738     0.11% 2.13844e-06 3.03740e-03 1.68165e-05 3.05636e-03   8 /ChipTop/system/tile_prci_domain/tile_reset_domain_tile/gemmini/ex_controller/mesh/mesh/mesh_4_0                                                              
   738     0.11% 2.13844e-06 3.03740e-03 1.68165e-05 3.05636e-03   9 /ChipTop/system/tile_prci_domain/tile_reset_domain_tile/gemmini/ex_controller/mesh/mesh/mesh_4_0/tile_0_0                                                     
   163     0.02% 5.37767e-07 4.79623e-06 4.32585e-06 9.65985e-06  10 /ChipTop/system/tile_prci_domain/tile_reset_domain_tile/gemmini/ex_controller/mesh/mesh/mesh_4_0/tile_0_0/mac_unit                                            
   738     0.11% 2.04012e-06 3.03661e-03 1.74797e-05 3.05613e-03   8 /ChipTop/system/tile_prci_domain/tile_reset_domain_tile/gemmini/ex_controller/mesh/mesh/mesh_5_2                                                              
   738     0.11% 2.04012e-06 3.03661e-03 1.74797e-05 3.05613e-03   9 /ChipTop/system/tile_prci_domain/tile_reset_domain_tile/gemmini/ex_controller/mesh/mesh/mesh_5_2/tile_0_0                                                     
   163     0.02% 5.34290e-07 5.30411e-06 4.77247e-06 1.06109e-05  10 /ChipTop/system/tile_prci_domain/tile_reset_domain_tile/gemmini/ex_controller/mesh/mesh/mesh_5_2/tile_0_0/mac_unit                                            
   738     0.11% 2.05104e-06 3.03703e-03 1.67534e-05 3.05584e-03   8 /ChipTop/system/tile_prci_domain/tile_reset_domain_tile/gemmini/ex_controller/mesh/mesh/mesh_4_1                                                              
   738     0.11% 2.05104e-06 3.03703e-03 1.67534e-05 3.05584e-03   9 /ChipTop/system/tile_prci_domain/tile_reset_domain_tile/gemmini/ex_controller/mesh/mesh/mesh_4_1/tile_0_0                                                     
   163     0.02% 5.33386e-07 5.06233e-06 4.60751e-06 1.02032e-05  10 /ChipTop/system/tile_prci_domain/tile_reset_domain_tile/gemmini/ex_controller/mesh/mesh/mesh_4_1/tile_0_0/mac_unit                                            
   738     0.11% 2.13423e-06 3.03728e-03 1.62338e-05 3.05565e-03   8 /ChipTop/system/tile_prci_domain/tile_reset_domain_tile/gemmini/ex_controller/mesh/mesh/mesh_5_0                                                              
   738     0.11% 2.13423e-06 3.03728e-03 1.62338e-05 3.05565e-03   9 /ChipTop/system/tile_prci_domain/tile_reset_domain_tile/gemmini/ex_controller/mesh/mesh/mesh_5_0/tile_0_0                                                     
   163     0.02% 5.35065e-07 3.64773e-06 3.28960e-06 7.47240e-06  10 /ChipTop/system/tile_prci_domain/tile_reset_domain_tile/gemmini/ex_controller/mesh/mesh/mesh_5_0/tile_0_0/mac_unit                                            
   812     0.12% 2.31076e-06 3.03622e-03 1.68730e-05 3.05541e-03   8 /ChipTop/system/tile_prci_domain/tile_reset_domain_tile/gemmini/ex_controller/mesh/mesh/mesh_0_13                                                             
   812     0.12% 2.31076e-06 3.03622e-03 1.68730e-05 3.05541e-03   9 /ChipTop/system/tile_prci_domain/tile_reset_domain_tile/gemmini/ex_controller/mesh/mesh/mesh_0_13/tile_0_0                                                    
   166     0.03% 5.28938e-07 6.65189e-06 6.01945e-06 1.32003e-05  10 /ChipTop/system/tile_prci_domain/tile_reset_domain_tile/gemmini/ex_controller/mesh/mesh/mesh_0_13/tile_0_0/mac_unit                                           
   812     0.12% 2.31180e-06 3.03601e-03 1.61084e-05 3.05443e-03   8 /ChipTop/system/tile_prci_domain/tile_reset_domain_tile/gemmini/ex_controller/mesh/mesh/mesh_0_7                                                              
   812     0.12% 2.31180e-06 3.03601e-03 1.61084e-05 3.05443e-03   9 /ChipTop/system/tile_prci_domain/tile_reset_domain_tile/gemmini/ex_controller/mesh/mesh/mesh_0_7/tile_0_0                                                     
   166     0.03% 5.28011e-07 4.21269e-06 3.85293e-06 8.59363e-06  10 /ChipTop/system/tile_prci_domain/tile_reset_domain_tile/gemmini/ex_controller/mesh/mesh/mesh_0_7/tile_0_0/mac_unit                                            
   812     0.12% 2.28828e-06 3.03545e-03 1.62707e-05 3.05401e-03   8 /ChipTop/system/tile_prci_domain/tile_reset_domain_tile/gemmini/ex_controller/mesh/mesh/mesh_0_12                                                             
   812     0.12% 2.28828e-06 3.03545e-03 1.62707e-05 3.05401e-03   9 /ChipTop/system/tile_prci_domain/tile_reset_domain_tile/gemmini/ex_controller/mesh/mesh/mesh_0_12/tile_0_0                                                    
   166     0.03% 5.13713e-07 6.71439e-06 6.34076e-06 1.35689e-05  10 /ChipTop/system/tile_prci_domain/tile_reset_domain_tile/gemmini/ex_controller/mesh/mesh/mesh_0_12/tile_0_0/mac_unit                                           
   738     0.11% 2.03361e-06 3.03521e-03 1.66950e-05 3.05394e-03   8 /ChipTop/system/tile_prci_domain/tile_reset_domain_tile/gemmini/ex_controller/mesh/mesh/mesh_6_2                                                              
   738     0.11% 2.03361e-06 3.03521e-03 1.66950e-05 3.05394e-03   9 /ChipTop/system/tile_prci_domain/tile_reset_domain_tile/gemmini/ex_controller/mesh/mesh/mesh_6_2/tile_0_0                                                     
   163     0.02% 5.30959e-07 5.52132e-06 4.85503e-06 1.09073e-05  10 /ChipTop/system/tile_prci_domain/tile_reset_domain_tile/gemmini/ex_controller/mesh/mesh/mesh_6_2/tile_0_0/mac_unit                                            
   812     0.12% 2.29486e-06 3.03369e-03 1.78103e-05 3.05379e-03   8 /ChipTop/system/tile_prci_domain/tile_reset_domain_tile/gemmini/ex_controller/mesh/mesh/mesh_0_6                                                              
   812     0.12% 2.29486e-06 3.03369e-03 1.78103e-05 3.05379e-03   9 /ChipTop/system/tile_prci_domain/tile_reset_domain_tile/gemmini/ex_controller/mesh/mesh/mesh_0_6/tile_0_0                                                     
   166     0.03% 5.16056e-07 7.77811e-06 7.49689e-06 1.57911e-05  10 /ChipTop/system/tile_prci_domain/tile_reset_domain_tile/gemmini/ex_controller/mesh/mesh/mesh_0_6/tile_0_0/mac_unit                                            
   738     0.11% 2.04208e-06 3.03521e-03 1.55034e-05 3.05275e-03   8 /ChipTop/system/tile_prci_domain/tile_reset_domain_tile/gemmini/ex_controller/mesh/mesh/mesh_1_9                                                              
   738     0.11% 2.04208e-06 3.03521e-03 1.55034e-05 3.05275e-03   9 /ChipTop/system/tile_prci_domain/tile_reset_domain_tile/gemmini/ex_controller/mesh/mesh/mesh_1_9/tile_0_0                                                     
   163     0.02% 5.36878e-07 6.29610e-06 5.75251e-06 1.25855e-05  10 /ChipTop/system/tile_prci_domain/tile_reset_domain_tile/gemmini/ex_controller/mesh/mesh/mesh_1_9/tile_0_0/mac_unit                                            
   812     0.12% 2.31378e-06 3.03533e-03 1.49581e-05 3.05260e-03   8 /ChipTop/system/tile_prci_domain/tile_reset_domain_tile/gemmini/ex_controller/mesh/mesh/mesh_0_14                                                             
   812     0.12% 2.31378e-06 3.03533e-03 1.49581e-05 3.05260e-03   9 /ChipTop/system/tile_prci_domain/tile_reset_domain_tile/gemmini/ex_controller/mesh/mesh/mesh_0_14/tile_0_0                                                    
   166     0.03% 5.30608e-07 5.94870e-06 5.11642e-06 1.15957e-05  10 /ChipTop/system/tile_prci_domain/tile_reset_domain_tile/gemmini/ex_controller/mesh/mesh/mesh_0_14/tile_0_0/mac_unit                                           
   741     0.11% 2.03757e-06 3.03345e-03 1.59181e-05 3.05140e-03   8 /ChipTop/system/tile_prci_domain/tile_reset_domain_tile/gemmini/ex_controller/mesh/mesh/mesh_3_3                                                              
   741     0.11% 2.03757e-06 3.03345e-03 1.59181e-05 3.05140e-03   9 /ChipTop/system/tile_prci_domain/tile_reset_domain_tile/gemmini/ex_controller/mesh/mesh/mesh_3_3/tile_0_0                                                     
   166     0.03% 5.25938e-07 5.87503e-06 5.36533e-06 1.17663e-05  10 /ChipTop/system/tile_prci_domain/tile_reset_domain_tile/gemmini/ex_controller/mesh/mesh/mesh_3_3/tile_0_0/mac_unit                                            
   738     0.11% 2.05214e-06 3.03408e-03 1.49398e-05 3.05108e-03   8 /ChipTop/system/tile_prci_domain/tile_reset_domain_tile/gemmini/ex_controller/mesh/mesh/mesh_3_1                                                              
   738     0.11% 2.05214e-06 3.03408e-03 1.49398e-05 3.05108e-03   9 /ChipTop/system/tile_prci_domain/tile_reset_domain_tile/gemmini/ex_controller/mesh/mesh/mesh_3_1/tile_0_0                                                     
   163     0.02% 5.34809e-07 4.37248e-06 4.15996e-06 9.06725e-06  10 /ChipTop/system/tile_prci_domain/tile_reset_domain_tile/gemmini/ex_controller/mesh/mesh/mesh_3_1/tile_0_0/mac_unit                                            
   738     0.11% 2.07306e-06 3.03515e-03 1.36965e-05 3.05092e-03   8 /ChipTop/system/tile_prci_domain/tile_reset_domain_tile/gemmini/ex_controller/mesh/mesh/mesh_2_2                                                              
   738     0.11% 2.07306e-06 3.03515e-03 1.36965e-05 3.05092e-03   9 /ChipTop/system/tile_prci_domain/tile_reset_domain_tile/gemmini/ex_controller/mesh/mesh/mesh_2_2/tile_0_0                                                     
   163     0.02% 5.36657e-07 3.73278e-06 3.40751e-06 7.67694e-06  10 /ChipTop/system/tile_prci_domain/tile_reset_domain_tile/gemmini/ex_controller/mesh/mesh/mesh_2_2/tile_0_0/mac_unit                                            
   741     0.11% 2.04605e-06 3.03312e-03 1.50029e-05 3.05016e-03   8 /ChipTop/system/tile_prci_domain/tile_reset_domain_tile/gemmini/ex_controller/mesh/mesh/mesh_1_6                                                              
   741     0.11% 2.04605e-06 3.03312e-03 1.50029e-05 3.05016e-03   9 /ChipTop/system/tile_prci_domain/tile_reset_domain_tile/gemmini/ex_controller/mesh/mesh/mesh_1_6/tile_0_0                                                     
   166     0.03% 5.26168e-07 5.37177e-06 4.81614e-06 1.07141e-05  10 /ChipTop/system/tile_prci_domain/tile_reset_domain_tile/gemmini/ex_controller/mesh/mesh/mesh_1_6/tile_0_0/mac_unit                                            
   809     0.12% 2.30355e-06 3.03299e-03 1.48413e-05 3.05014e-03   8 /ChipTop/system/tile_prci_domain/tile_reset_domain_tile/gemmini/ex_controller/mesh/mesh/mesh_0_9                                                              
   809     0.12% 2.30355e-06 3.03299e-03 1.48413e-05 3.05014e-03   9 /ChipTop/system/tile_prci_domain/tile_reset_domain_tile/gemmini/ex_controller/mesh/mesh/mesh_0_9/tile_0_0                                                     
   163     0.02% 5.27246e-07 6.32913e-06 5.71294e-06 1.25693e-05  10 /ChipTop/system/tile_prci_domain/tile_reset_domain_tile/gemmini/ex_controller/mesh/mesh/mesh_0_9/tile_0_0/mac_unit                                            
   738     0.11% 2.03555e-06 3.03329e-03 1.45675e-05 3.04989e-03   8 /ChipTop/system/tile_prci_domain/tile_reset_domain_tile/gemmini/ex_controller/mesh/mesh/mesh_4_2                                                              
   738     0.11% 2.03555e-06 3.03329e-03 1.45675e-05 3.04989e-03   9 /ChipTop/system/tile_prci_domain/tile_reset_domain_tile/gemmini/ex_controller/mesh/mesh/mesh_4_2/tile_0_0                                                     
   163     0.02% 5.34102e-07 4.45101e-06 3.89239e-06 8.87750e-06  10 /ChipTop/system/tile_prci_domain/tile_reset_domain_tile/gemmini/ex_controller/mesh/mesh/mesh_4_2/tile_0_0/mac_unit                                            
   809     0.12% 2.30601e-06 3.03382e-03 1.36887e-05 3.04982e-03   8 /ChipTop/system/tile_prci_domain/tile_reset_domain_tile/gemmini/ex_controller/mesh/mesh/mesh_0_8                                                              
   809     0.12% 2.30601e-06 3.03382e-03 1.36887e-05 3.04982e-03   9 /ChipTop/system/tile_prci_domain/tile_reset_domain_tile/gemmini/ex_controller/mesh/mesh/mesh_0_8/tile_0_0                                                     
   163     0.02% 5.22197e-07 4.84021e-06 4.36518e-06 9.72759e-06  10 /ChipTop/system/tile_prci_domain/tile_reset_domain_tile/gemmini/ex_controller/mesh/mesh/mesh_0_8/tile_0_0/mac_unit                                            
   738     0.11% 2.13385e-06 3.03370e-03 1.39138e-05 3.04974e-03   8 /ChipTop/system/tile_prci_domain/tile_reset_domain_tile/gemmini/ex_controller/mesh/mesh/mesh_3_0                                                              
   738     0.11% 2.13385e-06 3.03370e-03 1.39138e-05 3.04974e-03   9 /ChipTop/system/tile_prci_domain/tile_reset_domain_tile/gemmini/ex_controller/mesh/mesh/mesh_3_0/tile_0_0                                                     
   163     0.02% 5.32532e-07 3.16837e-06 2.97903e-06 6.67994e-06  10 /ChipTop/system/tile_prci_domain/tile_reset_domain_tile/gemmini/ex_controller/mesh/mesh/mesh_3_0/tile_0_0/mac_unit                                            
   738     0.11% 2.04252e-06 3.03332e-03 1.26821e-05 3.04804e-03   8 /ChipTop/system/tile_prci_domain/tile_reset_domain_tile/gemmini/ex_controller/mesh/mesh/mesh_2_5                                                              
   738     0.11% 2.04252e-06 3.03332e-03 1.26821e-05 3.04804e-03   9 /ChipTop/system/tile_prci_domain/tile_reset_domain_tile/gemmini/ex_controller/mesh/mesh/mesh_2_5/tile_0_0                                                     
   163     0.02% 5.37076e-07 4.20577e-06 3.69508e-06 8.43792e-06  10 /ChipTop/system/tile_prci_domain/tile_reset_domain_tile/gemmini/ex_controller/mesh/mesh/mesh_2_5/tile_0_0/mac_unit                                            
   738     0.11% 2.04001e-06 3.03167e-03 1.36715e-05 3.04738e-03   8 /ChipTop/system/tile_prci_domain/tile_reset_domain_tile/gemmini/ex_controller/mesh/mesh/mesh_3_2                                                              
   738     0.11% 2.04001e-06 3.03167e-03 1.36715e-05 3.04738e-03   9 /ChipTop/system/tile_prci_domain/tile_reset_domain_tile/gemmini/ex_controller/mesh/mesh/mesh_3_2/tile_0_0                                                     
   163     0.02% 5.33393e-07 4.24243e-06 3.88912e-06 8.66494e-06  10 /ChipTop/system/tile_prci_domain/tile_reset_domain_tile/gemmini/ex_controller/mesh/mesh/mesh_3_2/tile_0_0/mac_unit                                            
   741     0.11% 2.04745e-06 3.03168e-03 1.34418e-05 3.04717e-03   8 /ChipTop/system/tile_prci_domain/tile_reset_domain_tile/gemmini/ex_controller/mesh/mesh/mesh_1_3                                                              
   741     0.11% 2.04745e-06 3.03168e-03 1.34418e-05 3.04717e-03   9 /ChipTop/system/tile_prci_domain/tile_reset_domain_tile/gemmini/ex_controller/mesh/mesh/mesh_1_3/tile_0_0                                                     
   166     0.03% 5.25399e-07 4.12016e-06 3.57274e-06 8.21830e-06  10 /ChipTop/system/tile_prci_domain/tile_reset_domain_tile/gemmini/ex_controller/mesh/mesh/mesh_1_3/tile_0_0/mac_unit                                            
   741     0.11% 2.02131e-06 3.03228e-03 1.25213e-05 3.04682e-03   8 /ChipTop/system/tile_prci_domain/tile_reset_domain_tile/gemmini/ex_controller/mesh/mesh/mesh_4_3                                                              
   741     0.11% 2.02131e-06 3.03228e-03 1.25213e-05 3.04682e-03   9 /ChipTop/system/tile_prci_domain/tile_reset_domain_tile/gemmini/ex_controller/mesh/mesh/mesh_4_3/tile_0_0                                                     
   166     0.03% 5.22773e-07 3.73208e-06 3.06833e-06 7.32319e-06  10 /ChipTop/system/tile_prci_domain/tile_reset_domain_tile/gemmini/ex_controller/mesh/mesh/mesh_4_3/tile_0_0/mac_unit                                            
   738     0.11% 2.04537e-06 3.03288e-03 1.18512e-05 3.04678e-03   8 /ChipTop/system/tile_prci_domain/tile_reset_domain_tile/gemmini/ex_controller/mesh/mesh/mesh_2_1                                                              
   738     0.11% 2.04537e-06 3.03288e-03 1.18512e-05 3.04678e-03   9 /ChipTop/system/tile_prci_domain/tile_reset_domain_tile/gemmini/ex_controller/mesh/mesh/mesh_2_1/tile_0_0                                                     
   163     0.02% 5.36398e-07 3.23895e-06 2.98649e-06 6.76183e-06  10 /ChipTop/system/tile_prci_domain/tile_reset_domain_tile/gemmini/ex_controller/mesh/mesh/mesh_2_1/tile_0_0/mac_unit                                            
   738     0.11% 2.06354e-06 3.03048e-03 1.26951e-05 3.04524e-03   8 /ChipTop/system/tile_prci_domain/tile_reset_domain_tile/gemmini/ex_controller/mesh/mesh/mesh_1_1                                                              
   738     0.11% 2.06354e-06 3.03048e-03 1.26951e-05 3.04524e-03   9 /ChipTop/system/tile_prci_domain/tile_reset_domain_tile/gemmini/ex_controller/mesh/mesh/mesh_1_1/tile_0_0                                                     
   163     0.02% 5.42617e-07 4.73520e-06 4.48607e-06 9.76389e-06  10 /ChipTop/system/tile_prci_domain/tile_reset_domain_tile/gemmini/ex_controller/mesh/mesh/mesh_1_1/tile_0_0/mac_unit                                            
   812     0.12% 2.30008e-06 3.02904e-03 1.26144e-05 3.04395e-03   8 /ChipTop/system/tile_prci_domain/tile_reset_domain_tile/gemmini/ex_controller/mesh/mesh/mesh_0_3                                                              
   812     0.12% 2.30008e-06 3.02904e-03 1.26144e-05 3.04395e-03   9 /ChipTop/system/tile_prci_domain/tile_reset_domain_tile/gemmini/ex_controller/mesh/mesh/mesh_0_3/tile_0_0                                                     
   166     0.03% 5.15668e-07 4.67987e-06 4.40773e-06 9.60327e-06  10 /ChipTop/system/tile_prci_domain/tile_reset_domain_tile/gemmini/ex_controller/mesh/mesh/mesh_0_3/tile_0_0/mac_unit                                            
   812     0.12% 2.30955e-06 3.02917e-03 1.22458e-05 3.04372e-03   8 /ChipTop/system/tile_prci_domain/tile_reset_domain_tile/gemmini/ex_controller/mesh/mesh/mesh_0_5                                                              
   812     0.12% 2.30955e-06 3.02917e-03 1.22458e-05 3.04372e-03   9 /ChipTop/system/tile_prci_domain/tile_reset_domain_tile/gemmini/ex_controller/mesh/mesh/mesh_0_5/tile_0_0                                                     
   166     0.03% 5.28173e-07 4.25650e-06 3.85297e-06 8.63763e-06  10 /ChipTop/system/tile_prci_domain/tile_reset_domain_tile/gemmini/ex_controller/mesh/mesh/mesh_0_5/tile_0_0/mac_unit                                            
   741     0.11% 2.02328e-06 3.03047e-03 1.11001e-05 3.04359e-03   8 /ChipTop/system/tile_prci_domain/tile_reset_domain_tile/gemmini/ex_controller/mesh/mesh/mesh_2_3                                                              
   741     0.11% 2.02328e-06 3.03047e-03 1.11001e-05 3.04359e-03   9 /ChipTop/system/tile_prci_domain/tile_reset_domain_tile/gemmini/ex_controller/mesh/mesh/mesh_2_3/tile_0_0                                                     
   166     0.03% 5.25644e-07 2.61126e-06 2.19884e-06 5.33575e-06  10 /ChipTop/system/tile_prci_domain/tile_reset_domain_tile/gemmini/ex_controller/mesh/mesh/mesh_2_3/tile_0_0/mac_unit                                            
   738     0.11% 2.04373e-06 3.02952e-03 1.18110e-05 3.04337e-03   8 /ChipTop/system/tile_prci_domain/tile_reset_domain_tile/gemmini/ex_controller/mesh/mesh/mesh_1_5                                                              
   738     0.11% 2.04373e-06 3.02952e-03 1.18110e-05 3.04337e-03   9 /ChipTop/system/tile_prci_domain/tile_reset_domain_tile/gemmini/ex_controller/mesh/mesh/mesh_1_5/tile_0_0                                                     
   163     0.02% 5.36701e-07 5.00676e-06 4.45242e-06 9.99588e-06  10 /ChipTop/system/tile_prci_domain/tile_reset_domain_tile/gemmini/ex_controller/mesh/mesh/mesh_1_5/tile_0_0/mac_unit                                            
   741     0.11% 2.02417e-06 3.02915e-03 1.20962e-05 3.04327e-03   8 /ChipTop/system/tile_prci_domain/tile_reset_domain_tile/gemmini/ex_controller/mesh/mesh/mesh_1_4                                                              
   741     0.11% 2.02417e-06 3.02915e-03 1.20962e-05 3.04327e-03   9 /ChipTop/system/tile_prci_domain/tile_reset_domain_tile/gemmini/ex_controller/mesh/mesh/mesh_1_4/tile_0_0                                                     
   166     0.03% 5.26946e-07 5.28469e-06 4.73315e-06 1.05448e-05  10 /ChipTop/system/tile_prci_domain/tile_reset_domain_tile/gemmini/ex_controller/mesh/mesh/mesh_1_4/tile_0_0/mac_unit                                            
   812     0.12% 2.31470e-06 3.02907e-03 1.17355e-05 3.04312e-03   8 /ChipTop/system/tile_prci_domain/tile_reset_domain_tile/gemmini/ex_controller/mesh/mesh/mesh_0_1                                                              
   812     0.12% 2.31470e-06 3.02907e-03 1.17355e-05 3.04312e-03   9 /ChipTop/system/tile_prci_domain/tile_reset_domain_tile/gemmini/ex_controller/mesh/mesh/mesh_0_1/tile_0_0                                                     
   166     0.03% 5.27612e-07 2.90181e-06 2.92183e-06 6.35125e-06  10 /ChipTop/system/tile_prci_domain/tile_reset_domain_tile/gemmini/ex_controller/mesh/mesh/mesh_0_1/tile_0_0/mac_unit                                            
   738     0.11% 2.13580e-06 3.03001e-03 1.09444e-05 3.04309e-03   8 /ChipTop/system/tile_prci_domain/tile_reset_domain_tile/gemmini/ex_controller/mesh/mesh/mesh_2_0                                                              
   738     0.11% 2.13580e-06 3.03001e-03 1.09444e-05 3.04309e-03   9 /ChipTop/system/tile_prci_domain/tile_reset_domain_tile/gemmini/ex_controller/mesh/mesh/mesh_2_0/tile_0_0                                                     
   163     0.02% 5.37717e-07 2.10915e-06 1.79278e-06 4.43964e-06  10 /ChipTop/system/tile_prci_domain/tile_reset_domain_tile/gemmini/ex_controller/mesh/mesh/mesh_2_0/tile_0_0/mac_unit                                            
   812     0.12% 2.29810e-06 3.02828e-03 1.21987e-05 3.04278e-03   8 /ChipTop/system/tile_prci_domain/tile_reset_domain_tile/gemmini/ex_controller/mesh/mesh/mesh_0_4                                                              
   812     0.12% 2.29810e-06 3.02828e-03 1.21987e-05 3.04278e-03   9 /ChipTop/system/tile_prci_domain/tile_reset_domain_tile/gemmini/ex_controller/mesh/mesh/mesh_0_4/tile_0_0                                                     
   166     0.03% 5.14586e-07 4.06632e-06 3.90635e-06 8.48726e-06  10 /ChipTop/system/tile_prci_domain/tile_reset_domain_tile/gemmini/ex_controller/mesh/mesh/mesh_0_4/tile_0_0/mac_unit                                            
   738     0.11% 2.13400e-06 3.02903e-03 1.07536e-05 3.04191e-03   8 /ChipTop/system/tile_prci_domain/tile_reset_domain_tile/gemmini/ex_controller/mesh/mesh/mesh_1_0                                                              
   738     0.11% 2.13400e-06 3.02903e-03 1.07536e-05 3.04191e-03   9 /ChipTop/system/tile_prci_domain/tile_reset_domain_tile/gemmini/ex_controller/mesh/mesh/mesh_1_0/tile_0_0                                                     
   163     0.02% 5.37156e-07 2.80749e-06 2.47812e-06 5.82277e-06  10 /ChipTop/system/tile_prci_domain/tile_reset_domain_tile/gemmini/ex_controller/mesh/mesh/mesh_1_0/tile_0_0/mac_unit                                            
   738     0.11% 2.05744e-06 3.02818e-03 1.07556e-05 3.04100e-03   8 /ChipTop/system/tile_prci_domain/tile_reset_domain_tile/gemmini/ex_controller/mesh/mesh/mesh_1_2                                                              
   738     0.11% 2.05744e-06 3.02818e-03 1.07556e-05 3.04100e-03   9 /ChipTop/system/tile_prci_domain/tile_reset_domain_tile/gemmini/ex_controller/mesh/mesh/mesh_1_2/tile_0_0                                                     
   163     0.02% 5.36451e-07 3.46849e-06 3.05903e-06 7.06398e-06  10 /ChipTop/system/tile_prci_domain/tile_reset_domain_tile/gemmini/ex_controller/mesh/mesh/mesh_1_2/tile_0_0/mac_unit                                            
   812     0.12% 2.31772e-06 3.02727e-03 1.08521e-05 3.04044e-03   8 /ChipTop/system/tile_prci_domain/tile_reset_domain_tile/gemmini/ex_controller/mesh/mesh/mesh_0_2                                                              
   812     0.12% 2.31772e-06 3.02727e-03 1.08521e-05 3.04044e-03   9 /ChipTop/system/tile_prci_domain/tile_reset_domain_tile/gemmini/ex_controller/mesh/mesh/mesh_0_2/tile_0_0                                                     
   166     0.03% 5.33895e-07 3.84225e-06 3.64351e-06 8.01965e-06  10 /ChipTop/system/tile_prci_domain/tile_reset_domain_tile/gemmini/ex_controller/mesh/mesh/mesh_0_2/tile_0_0/mac_unit                                            
   812     0.12% 2.20861e-06 3.02630e-03 1.04387e-05 3.03894e-03   8 /ChipTop/system/tile_prci_domain/tile_reset_domain_tile/gemmini/ex_controller/mesh/mesh/mesh_0_0                                                              
   812     0.12% 2.20861e-06 3.02630e-03 1.04387e-05 3.03894e-03   9 /ChipTop/system/tile_prci_domain/tile_reset_domain_tile/gemmini/ex_controller/mesh/mesh/mesh_0_0/tile_0_0                                                     
   166     0.03% 5.20081e-07 3.24315e-06 3.13516e-06 6.89839e-06  10 /ChipTop/system/tile_prci_domain/tile_reset_domain_tile/gemmini/ex_controller/mesh/mesh/mesh_0_0/tile_0_0/mac_unit                                            
  2685     0.41% 2.34799e-05 2.22930e-01 1.53078e-05 2.22969e-01   7 /ChipTop/system/tile_prci_domain/tile_reset_domain_tile/gemmini/ex_controller/mesh/transposer                                                                 
     9     0.00% 8.76400e-08 8.67417e-04 7.51510e-08 8.67580e-04   8 /ChipTop/system/tile_prci_domain/tile_reset_domain_tile/gemmini/ex_controller/mesh/transposer/pes_0_0                                                         
     9     0.00% 8.54960e-08 8.67432e-04 5.27750e-08 8.67570e-04   8 /ChipTop/system/tile_prci_domain/tile_reset_domain_tile/gemmini/ex_controller/mesh/transposer/pes_7_15                                                        
     9     0.00% 8.75800e-08 8.67429e-04 5.27750e-08 8.67570e-04   8 /ChipTop/system/tile_prci_domain/tile_reset_domain_tile/gemmini/ex_controller/mesh/transposer/pes_1_15                                                        
     9     0.00% 8.65440e-08 8.67429e-04 5.27750e-08 8.67569e-04   8 /ChipTop/system/tile_prci_domain/tile_reset_domain_tile/gemmini/ex_controller/mesh/transposer/pes_11_15                                                       
     9     0.00% 8.70590e-08 8.67427e-04 5.27750e-08 8.67567e-04   8 /ChipTop/system/tile_prci_domain/tile_reset_domain_tile/gemmini/ex_controller/mesh/transposer/pes_10_15                                                       
     9     0.00% 8.62130e-08 8.67427e-04 5.27750e-08 8.67566e-04   8 /ChipTop/system/tile_prci_domain/tile_reset_domain_tile/gemmini/ex_controller/mesh/transposer/pes_12_15                                                       
     9     0.00% 8.73860e-08 8.67424e-04 5.27750e-08 8.67564e-04   8 /ChipTop/system/tile_prci_domain/tile_reset_domain_tile/gemmini/ex_controller/mesh/transposer/pes_4_15                                                        
     9     0.00% 8.62160e-08 8.67424e-04 5.27750e-08 8.67563e-04   8 /ChipTop/system/tile_prci_domain/tile_reset_domain_tile/gemmini/ex_controller/mesh/transposer/pes_2_15                                                        
     9     0.00% 8.62000e-08 8.67424e-04 5.27750e-08 8.67563e-04   8 /ChipTop/system/tile_prci_domain/tile_reset_domain_tile/gemmini/ex_controller/mesh/transposer/pes_14_15                                                       
     9     0.00% 8.67030e-08 8.67420e-04 5.63830e-08 8.67563e-04   8 /ChipTop/system/tile_prci_domain/tile_reset_domain_tile/gemmini/ex_controller/mesh/transposer/pes_0_15                                                        
     9     0.00% 8.58130e-08 8.67424e-04 5.27750e-08 8.67563e-04   8 /ChipTop/system/tile_prci_domain/tile_reset_domain_tile/gemmini/ex_controller/mesh/transposer/pes_5_15                                                        
     9     0.00% 8.78220e-08 8.67422e-04 5.27750e-08 8.67562e-04   8 /ChipTop/system/tile_prci_domain/tile_reset_domain_tile/gemmini/ex_controller/mesh/transposer/pes_9_15                                                        
     9     0.00% 8.92620e-08 8.67415e-04 5.63830e-08 8.67561e-04   8 /ChipTop/system/tile_prci_domain/tile_reset_domain_tile/gemmini/ex_controller/mesh/transposer/pes_0_8                                                         
     9     0.00% 8.89450e-08 8.67415e-04 5.63830e-08 8.67561e-04   8 /ChipTop/system/tile_prci_domain/tile_reset_domain_tile/gemmini/ex_controller/mesh/transposer/pes_0_9                                                         
     9     0.00% 8.88950e-08 8.67415e-04 5.63830e-08 8.67561e-04   8 /ChipTop/system/tile_prci_domain/tile_reset_domain_tile/gemmini/ex_controller/mesh/transposer/pes_0_1                                                         
     9     0.00% 8.59990e-08 8.67422e-04 5.27750e-08 8.67561e-04   8 /ChipTop/system/tile_prci_domain/tile_reset_domain_tile/gemmini/ex_controller/mesh/transposer/pes_8_15                                                        
     9     0.00% 8.73520e-08 8.67415e-04 5.76630e-08 8.67560e-04   8 /ChipTop/system/tile_prci_domain/tile_reset_domain_tile/gemmini/ex_controller/mesh/transposer/pes_6_0                                                         
     9     0.00% 8.73420e-08 8.67415e-04 5.76630e-08 8.67560e-04   8 /ChipTop/system/tile_prci_domain/tile_reset_domain_tile/gemmini/ex_controller/mesh/transposer/pes_4_0                                                         
     9     0.00% 8.72740e-08 8.67415e-04 5.76630e-08 8.67560e-04   8 /ChipTop/system/tile_prci_domain/tile_reset_domain_tile/gemmini/ex_controller/mesh/transposer/pes_12_0                                                        
     9     0.00% 8.84260e-08 8.67415e-04 5.63830e-08 8.67560e-04   8 /ChipTop/system/tile_prci_domain/tile_reset_domain_tile/gemmini/ex_controller/mesh/transposer/pes_0_13                                                        
     9     0.00% 8.69950e-08 8.67415e-04 5.76630e-08 8.67560e-04   8 /ChipTop/system/tile_prci_domain/tile_reset_domain_tile/gemmini/ex_controller/mesh/transposer/pes_5_0                                                         
     9     0.00% 8.51940e-08 8.67422e-04 5.27750e-08 8.67560e-04   8 /ChipTop/system/tile_prci_domain/tile_reset_domain_tile/gemmini/ex_controller/mesh/transposer/pes_6_15                                                        
     9     0.00% 8.77430e-08 8.67415e-04 5.63830e-08 8.67559e-04   8 /ChipTop/system/tile_prci_domain/tile_reset_domain_tile/gemmini/ex_controller/mesh/transposer/pes_0_12                                                        
     9     0.00% 8.72880e-08 8.67419e-04 5.27750e-08 8.67559e-04   8 /ChipTop/system/tile_prci_domain/tile_reset_domain_tile/gemmini/ex_controller/mesh/transposer/pes_3_15                                                        
     9     0.00% 8.64090e-08 8.67415e-04 5.76630e-08 8.67559e-04   8 /ChipTop/system/tile_prci_domain/tile_reset_domain_tile/gemmini/ex_controller/mesh/transposer/pes_8_0                                                         
     9     0.00% 8.63970e-08 8.67415e-04 5.76630e-08 8.67559e-04   8 /ChipTop/system/tile_prci_domain/tile_reset_domain_tile/gemmini/ex_controller/mesh/transposer/pes_1_0                                                         
     9     0.00% 8.61840e-08 8.67415e-04 5.76630e-08 8.67559e-04   8 /ChipTop/system/tile_prci_domain/tile_reset_domain_tile/gemmini/ex_controller/mesh/transposer/pes_15_0                                                        
     9     0.00% 8.62390e-08 8.67415e-04 5.76630e-08 8.67559e-04   8 /ChipTop/system/tile_prci_domain/tile_reset_domain_tile/gemmini/ex_controller/mesh/transposer/pes_10_0                                                        
     9     0.00% 8.60690e-08 8.67415e-04 5.76630e-08 8.67559e-04   8 /ChipTop/system/tile_prci_domain/tile_reset_domain_tile/gemmini/ex_controller/mesh/transposer/pes_14_0                                                        
     9     0.00% 8.72450e-08 8.67415e-04 5.63830e-08 8.67559e-04   8 /ChipTop/system/tile_prci_domain/tile_reset_domain_tile/gemmini/ex_controller/mesh/transposer/pes_0_4                                                         
     9     0.00% 8.70340e-08 8.67415e-04 5.63830e-08 8.67559e-04   8 /ChipTop/system/tile_prci_domain/tile_reset_domain_tile/gemmini/ex_controller/mesh/transposer/pes_0_6                                                         
     9     0.00% 8.57920e-08 8.67415e-04 5.76630e-08 8.67559e-04   8 /ChipTop/system/tile_prci_domain/tile_reset_domain_tile/gemmini/ex_controller/mesh/transposer/pes_7_0                                                         
     9     0.00% 8.57020e-08 8.67415e-04 5.76630e-08 8.67559e-04   8 /ChipTop/system/tile_prci_domain/tile_reset_domain_tile/gemmini/ex_controller/mesh/transposer/pes_2_0                                                         
     9     0.00% 8.56350e-08 8.67415e-04 5.76630e-08 8.67559e-04   8 /ChipTop/system/tile_prci_domain/tile_reset_domain_tile/gemmini/ex_controller/mesh/transposer/pes_11_0                                                        
     9     0.00% 8.68270e-08 8.67415e-04 5.63830e-08 8.67558e-04   8 /ChipTop/system/tile_prci_domain/tile_reset_domain_tile/gemmini/ex_controller/mesh/transposer/pes_0_14                                                        
     9     0.00% 8.68160e-08 8.67415e-04 5.63830e-08 8.67558e-04   8 /ChipTop/system/tile_prci_domain/tile_reset_domain_tile/gemmini/ex_controller/mesh/transposer/pes_0_11                                                        
     9     0.00% 8.66750e-08 8.67415e-04 5.63830e-08 8.67558e-04   8 /ChipTop/system/tile_prci_domain/tile_reset_domain_tile/gemmini/ex_controller/mesh/transposer/pes_0_10                                                        
     9     0.00% 8.66560e-08 8.67415e-04 5.63830e-08 8.67558e-04   8 /ChipTop/system/tile_prci_domain/tile_reset_domain_tile/gemmini/ex_controller/mesh/transposer/pes_0_5                                                         
     9     0.00% 8.65160e-08 8.67415e-04 5.63830e-08 8.67558e-04   8 /ChipTop/system/tile_prci_domain/tile_reset_domain_tile/gemmini/ex_controller/mesh/transposer/pes_0_7                                                         
     9     0.00% 8.52650e-08 8.67415e-04 5.76630e-08 8.67558e-04   8 /ChipTop/system/tile_prci_domain/tile_reset_domain_tile/gemmini/ex_controller/mesh/transposer/pes_13_0                                                        
     9     0.00% 8.51740e-08 8.67415e-04 5.76630e-08 8.67558e-04   8 /ChipTop/system/tile_prci_domain/tile_reset_domain_tile/gemmini/ex_controller/mesh/transposer/pes_3_0                                                         
     9     0.00% 9.06350e-08 8.67415e-04 5.27750e-08 8.67558e-04   8 /ChipTop/system/tile_prci_domain/tile_reset_domain_tile/gemmini/ex_controller/mesh/transposer/pes_13_9                                                        
     9     0.00% 9.00870e-08 8.67415e-04 5.27750e-08 8.67557e-04   8 /ChipTop/system/tile_prci_domain/tile_reset_domain_tile/gemmini/ex_controller/mesh/transposer/pes_7_10                                                        
     9     0.00% 9.00580e-08 8.67415e-04 5.27750e-08 8.67557e-04   8 /ChipTop/system/tile_prci_domain/tile_reset_domain_tile/gemmini/ex_controller/mesh/transposer/pes_10_10                                                       
     9     0.00% 8.45600e-08 8.67415e-04 5.76630e-08 8.67557e-04   8 /ChipTop/system/tile_prci_domain/tile_reset_domain_tile/gemmini/ex_controller/mesh/transposer/pes_9_0                                                         
     9     0.00% 9.00190e-08 8.67415e-04 5.27750e-08 8.67557e-04   8 /ChipTop/system/tile_prci_domain/tile_reset_domain_tile/gemmini/ex_controller/mesh/transposer/pes_2_2                                                         
     9     0.00% 8.97080e-08 8.67415e-04 5.27750e-08 8.67557e-04   8 /ChipTop/system/tile_prci_domain/tile_reset_domain_tile/gemmini/ex_controller/mesh/transposer/pes_15_14                                                       
     9     0.00% 8.55620e-08 8.67415e-04 5.63830e-08 8.67557e-04   8 /ChipTop/system/tile_prci_domain/tile_reset_domain_tile/gemmini/ex_controller/mesh/transposer/pes_0_2                                                         
     9     0.00% 8.96010e-08 8.67415e-04 5.27750e-08 8.67557e-04   8 /ChipTop/system/tile_prci_domain/tile_reset_domain_tile/gemmini/ex_controller/mesh/transposer/pes_1_8                                                         
     9     0.00% 8.95900e-08 8.67415e-04 5.27750e-08 8.67557e-04   8 /ChipTop/system/tile_prci_domain/tile_reset_domain_tile/gemmini/ex_controller/mesh/transposer/pes_3_1                                                         
     9     0.00% 8.52830e-08 8.67415e-04 5.63830e-08 8.67557e-04   8 /ChipTop/system/tile_prci_domain/tile_reset_domain_tile/gemmini/ex_controller/mesh/transposer/pes_0_3                                                         
     9     0.00% 8.89740e-08 8.67415e-04 5.27750e-08 8.67556e-04   8 /ChipTop/system/tile_prci_domain/tile_reset_domain_tile/gemmini/ex_controller/mesh/transposer/pes_10_7                                                        
     9     0.00% 8.89240e-08 8.67415e-04 5.27750e-08 8.67556e-04   8 /ChipTop/system/tile_prci_domain/tile_reset_domain_tile/gemmini/ex_controller/mesh/transposer/pes_13_13                                                       
     9     0.00% 8.88770e-08 8.67415e-04 5.27750e-08 8.67556e-04   8 /ChipTop/system/tile_prci_domain/tile_reset_domain_tile/gemmini/ex_controller/mesh/transposer/pes_5_13                                                        
     9     0.00% 8.88540e-08 8.67415e-04 5.27750e-08 8.67556e-04   8 /ChipTop/system/tile_prci_domain/tile_reset_domain_tile/gemmini/ex_controller/mesh/transposer/pes_5_5                                                         
     9     0.00% 8.41570e-08 8.67419e-04 5.27750e-08 8.67556e-04   8 /ChipTop/system/tile_prci_domain/tile_reset_domain_tile/gemmini/ex_controller/mesh/transposer/pes_13_15                                                       
     9     0.00% 8.87590e-08 8.67415e-04 5.27750e-08 8.67556e-04   8 /ChipTop/system/tile_prci_domain/tile_reset_domain_tile/gemmini/ex_controller/mesh/transposer/pes_15_3                                                        
     9     0.00% 8.87650e-08 8.67415e-04 5.27750e-08 8.67556e-04   8 /ChipTop/system/tile_prci_domain/tile_reset_domain_tile/gemmini/ex_controller/mesh/transposer/pes_14_10                                                       
     9     0.00% 8.87490e-08 8.67415e-04 5.27750e-08 8.67556e-04   8 /ChipTop/system/tile_prci_domain/tile_reset_domain_tile/gemmini/ex_controller/mesh/transposer/pes_11_5                                                        
     9     0.00% 8.85670e-08 8.67415e-04 5.27750e-08 8.67556e-04   8 /ChipTop/system/tile_prci_domain/tile_reset_domain_tile/gemmini/ex_controller/mesh/transposer/pes_2_6                                                         
     9     0.00% 8.85670e-08 8.67415e-04 5.27750e-08 8.67556e-04   8 /ChipTop/system/tile_prci_domain/tile_reset_domain_tile/gemmini/ex_controller/mesh/transposer/pes_10_3                                                        
     9     0.00% 8.85170e-08 8.67415e-04 5.27750e-08 8.67556e-04   8 /ChipTop/system/tile_prci_domain/tile_reset_domain_tile/gemmini/ex_controller/mesh/transposer/pes_4_9                                                         
     9     0.00% 8.85160e-08 8.67415e-04 5.27750e-08 8.67556e-04   8 /ChipTop/system/tile_prci_domain/tile_reset_domain_tile/gemmini/ex_controller/mesh/transposer/pes_8_3                                                         
     9     0.00% 8.84880e-08 8.67415e-04 5.27750e-08 8.67556e-04   8 /ChipTop/system/tile_prci_domain/tile_reset_domain_tile/gemmini/ex_controller/mesh/transposer/pes_13_2                                                        
     9     0.00% 8.84260e-08 8.67415e-04 5.27750e-08 8.67556e-04   8 /ChipTop/system/tile_prci_domain/tile_reset_domain_tile/gemmini/ex_controller/mesh/transposer/pes_14_2                                                        
     9     0.00% 8.83970e-08 8.67415e-04 5.27750e-08 8.67556e-04   8 /ChipTop/system/tile_prci_domain/tile_reset_domain_tile/gemmini/ex_controller/mesh/transposer/pes_10_14                                                       
     9     0.00% 8.83700e-08 8.67415e-04 5.27750e-08 8.67556e-04   8 /ChipTop/system/tile_prci_domain/tile_reset_domain_tile/gemmini/ex_controller/mesh/transposer/pes_14_1                                                        
     9     0.00% 8.82110e-08 8.67415e-04 5.27750e-08 8.67556e-04   8 /ChipTop/system/tile_prci_domain/tile_reset_domain_tile/gemmini/ex_controller/mesh/transposer/pes_15_5                                                        
     9     0.00% 8.81380e-08 8.67415e-04 5.27750e-08 8.67556e-04   8 /ChipTop/system/tile_prci_domain/tile_reset_domain_tile/gemmini/ex_controller/mesh/transposer/pes_15_1                                                        
     9     0.00% 8.83080e-08 8.67415e-04 5.27750e-08 8.67556e-04   8 /ChipTop/system/tile_prci_domain/tile_reset_domain_tile/gemmini/ex_controller/mesh/transposer/pes_1_4                                                         
     9     0.00% 8.82790e-08 8.67415e-04 5.27750e-08 8.67556e-04   8 /ChipTop/system/tile_prci_domain/tile_reset_domain_tile/gemmini/ex_controller/mesh/transposer/pes_12_10                                                       
     9     0.00% 8.82690e-08 8.67415e-04 5.27750e-08 8.67556e-04   8 /ChipTop/system/tile_prci_domain/tile_reset_domain_tile/gemmini/ex_controller/mesh/transposer/pes_14_6                                                        
     9     0.00% 8.82450e-08 8.67415e-04 5.27750e-08 8.67556e-04   8 /ChipTop/system/tile_prci_domain/tile_reset_domain_tile/gemmini/ex_controller/mesh/transposer/pes_5_11                                                        
     9     0.00% 8.82000e-08 8.67415e-04 5.27750e-08 8.67556e-04   8 /ChipTop/system/tile_prci_domain/tile_reset_domain_tile/gemmini/ex_controller/mesh/transposer/pes_11_14                                                       
     9     0.00% 8.81900e-08 8.67415e-04 5.27750e-08 8.67556e-04   8 /ChipTop/system/tile_prci_domain/tile_reset_domain_tile/gemmini/ex_controller/mesh/transposer/pes_3_3                                                         
     9     0.00% 8.81380e-08 8.67415e-04 5.27750e-08 8.67556e-04   8 /ChipTop/system/tile_prci_domain/tile_reset_domain_tile/gemmini/ex_controller/mesh/transposer/pes_9_11                                                        
     9     0.00% 8.81380e-08 8.67415e-04 5.27750e-08 8.67556e-04   8 /ChipTop/system/tile_prci_domain/tile_reset_domain_tile/gemmini/ex_controller/mesh/transposer/pes_12_3                                                        
     9     0.00% 8.80310e-08 8.67415e-04 5.27750e-08 8.67555e-04   8 /ChipTop/system/tile_prci_domain/tile_reset_domain_tile/gemmini/ex_controller/mesh/transposer/pes_9_3                                                         
     9     0.00% 8.80180e-08 8.67415e-04 5.27750e-08 8.67555e-04   8 /ChipTop/system/tile_prci_domain/tile_reset_domain_tile/gemmini/ex_controller/mesh/transposer/pes_3_9                                                         
     9     0.00% 8.80120e-08 8.67415e-04 5.27750e-08 8.67555e-04   8 /ChipTop/system/tile_prci_domain/tile_reset_domain_tile/gemmini/ex_controller/mesh/transposer/pes_8_10                                                        
     9     0.00% 8.79890e-08 8.67415e-04 5.27750e-08 8.67555e-04   8 /ChipTop/system/tile_prci_domain/tile_reset_domain_tile/gemmini/ex_controller/mesh/transposer/pes_5_12                                                        
     9     0.00% 8.79620e-08 8.67415e-04 5.27750e-08 8.67555e-04   8 /ChipTop/system/tile_prci_domain/tile_reset_domain_tile/gemmini/ex_controller/mesh/transposer/pes_7_7                                                         
     9     0.00% 8.79500e-08 8.67415e-04 5.27750e-08 8.67555e-04   8 /ChipTop/system/tile_prci_domain/tile_reset_domain_tile/gemmini/ex_controller/mesh/transposer/pes_3_14                                                        
     9     0.00% 8.79500e-08 8.67415e-04 5.27750e-08 8.67555e-04   8 /ChipTop/system/tile_prci_domain/tile_reset_domain_tile/gemmini/ex_controller/mesh/transposer/pes_7_11                                                        
     9     0.00% 8.79500e-08 8.67415e-04 5.27750e-08 8.67555e-04   8 /ChipTop/system/tile_prci_domain/tile_reset_domain_tile/gemmini/ex_controller/mesh/transposer/pes_9_7                                                         
     9     0.00% 8.79400e-08 8.67415e-04 5.27750e-08 8.67555e-04   8 /ChipTop/system/tile_prci_domain/tile_reset_domain_tile/gemmini/ex_controller/mesh/transposer/pes_4_14                                                        
     9     0.00% 8.79400e-08 8.67415e-04 5.27750e-08 8.67555e-04   8 /ChipTop/system/tile_prci_domain/tile_reset_domain_tile/gemmini/ex_controller/mesh/transposer/pes_12_14                                                       
     9     0.00% 8.79000e-08 8.67415e-04 5.27750e-08 8.67555e-04   8 /ChipTop/system/tile_prci_domain/tile_reset_domain_tile/gemmini/ex_controller/mesh/transposer/pes_8_12                                                        
     9     0.00% 8.78590e-08 8.67415e-04 5.27750e-08 8.67555e-04   8 /ChipTop/system/tile_prci_domain/tile_reset_domain_tile/gemmini/ex_controller/mesh/transposer/pes_9_14                                                        
     9     0.00% 8.78610e-08 8.67415e-04 5.27750e-08 8.67555e-04   8 /ChipTop/system/tile_prci_domain/tile_reset_domain_tile/gemmini/ex_controller/mesh/transposer/pes_7_4                                                         
     9     0.00% 8.78500e-08 8.67415e-04 5.27750e-08 8.67555e-04   8 /ChipTop/system/tile_prci_domain/tile_reset_domain_tile/gemmini/ex_controller/mesh/transposer/pes_13_12                                                       
     9     0.00% 8.76580e-08 8.67415e-04 5.27750e-08 8.67555e-04   8 /ChipTop/system/tile_prci_domain/tile_reset_domain_tile/gemmini/ex_controller/mesh/transposer/pes_15_10                                                       
     9     0.00% 8.77810e-08 8.67415e-04 5.27750e-08 8.67555e-04   8 /ChipTop/system/tile_prci_domain/tile_reset_domain_tile/gemmini/ex_controller/mesh/transposer/pes_1_6                                                         
     9     0.00% 8.77810e-08 8.67415e-04 5.27750e-08 8.67555e-04   8 /ChipTop/system/tile_prci_domain/tile_reset_domain_tile/gemmini/ex_controller/mesh/transposer/pes_1_9                                                         
     9     0.00% 8.77430e-08 8.67415e-04 5.27750e-08 8.67555e-04   8 /ChipTop/system/tile_prci_domain/tile_reset_domain_tile/gemmini/ex_controller/mesh/transposer/pes_8_5                                                         
     9     0.00% 8.77410e-08 8.67415e-04 5.27750e-08 8.67555e-04   8 /ChipTop/system/tile_prci_domain/tile_reset_domain_tile/gemmini/ex_controller/mesh/transposer/pes_13_11                                                       
     9     0.00% 8.77310e-08 8.67415e-04 5.27750e-08 8.67555e-04   8 /ChipTop/system/tile_prci_domain/tile_reset_domain_tile/gemmini/ex_controller/mesh/transposer/pes_3_11                                                        
     9     0.00% 8.77310e-08 8.67415e-04 5.27750e-08 8.67555e-04   8 /ChipTop/system/tile_prci_domain/tile_reset_domain_tile/gemmini/ex_controller/mesh/transposer/pes_3_13                                                        
     9     0.00% 8.77020e-08 8.67415e-04 5.27750e-08 8.67555e-04   8 /ChipTop/system/tile_prci_domain/tile_reset_domain_tile/gemmini/ex_controller/mesh/transposer/pes_4_12                                                        
     9     0.00% 8.76400e-08 8.67415e-04 5.27750e-08 8.67555e-04   8 /ChipTop/system/tile_prci_domain/tile_reset_domain_tile/gemmini/ex_controller/mesh/transposer/pes_7_2                                                         
     9     0.00% 8.75840e-08 8.67415e-04 5.27750e-08 8.67555e-04   8 /ChipTop/system/tile_prci_domain/tile_reset_domain_tile/gemmini/ex_controller/mesh/transposer/pes_10_6                                                        
     9     0.00% 8.75590e-08 8.67415e-04 5.27750e-08 8.67555e-04   8 /ChipTop/system/tile_prci_domain/tile_reset_domain_tile/gemmini/ex_controller/mesh/transposer/pes_1_10                                                        
     9     0.00% 8.73110e-08 8.67415e-04 5.27750e-08 8.67555e-04   8 /ChipTop/system/tile_prci_domain/tile_reset_domain_tile/gemmini/ex_controller/mesh/transposer/pes_15_7                                                        
     9     0.00% 8.73890e-08 8.67415e-04 5.27750e-08 8.67555e-04   8 /ChipTop/system/tile_prci_domain/tile_reset_domain_tile/gemmini/ex_controller/mesh/transposer/pes_15_9                                                        
     9     0.00% 8.74800e-08 8.67415e-04 5.27750e-08 8.67555e-04   8 /ChipTop/system/tile_prci_domain/tile_reset_domain_tile/gemmini/ex_controller/mesh/transposer/pes_4_11                                                        
     9     0.00% 8.74590e-08 8.67415e-04 5.27750e-08 8.67555e-04   8 /ChipTop/system/tile_prci_domain/tile_reset_domain_tile/gemmini/ex_controller/mesh/transposer/pes_3_8                                                         
     9     0.00% 8.73060e-08 8.67415e-04 5.27750e-08 8.67555e-04   8 /ChipTop/system/tile_prci_domain/tile_reset_domain_tile/gemmini/ex_controller/mesh/transposer/pes_15_8                                                        
     9     0.00% 8.73060e-08 8.67415e-04 5.27750e-08 8.67555e-04   8 /ChipTop/system/tile_prci_domain/tile_reset_domain_tile/gemmini/ex_controller/mesh/transposer/pes_15_6                                                        
     9     0.00% 8.74040e-08 8.67415e-04 5.27750e-08 8.67555e-04   8 /ChipTop/system/tile_prci_domain/tile_reset_domain_tile/gemmini/ex_controller/mesh/transposer/pes_7_8                                                         
     9     0.00% 8.73930e-08 8.67415e-04 5.27750e-08 8.67555e-04   8 /ChipTop/system/tile_prci_domain/tile_reset_domain_tile/gemmini/ex_controller/mesh/transposer/pes_11_12                                                       
     9     0.00% 8.73730e-08 8.67415e-04 5.27750e-08 8.67555e-04   8 /ChipTop/system/tile_prci_domain/tile_reset_domain_tile/gemmini/ex_controller/mesh/transposer/pes_14_12                                                       
     9     0.00% 8.73520e-08 8.67415e-04 5.27750e-08 8.67555e-04   8 /ChipTop/system/tile_prci_domain/tile_reset_domain_tile/gemmini/ex_controller/mesh/transposer/pes_9_8                                                         
     9     0.00% 8.73460e-08 8.67415e-04 5.27750e-08 8.67555e-04   8 /ChipTop/system/tile_prci_domain/tile_reset_domain_tile/gemmini/ex_controller/mesh/transposer/pes_12_12                                                       
     9     0.00% 8.73410e-08 8.67415e-04 5.27750e-08 8.67555e-04   8 /ChipTop/system/tile_prci_domain/tile_reset_domain_tile/gemmini/ex_controller/mesh/transposer/pes_11_4                                                        
     9     0.00% 8.73230e-08 8.67415e-04 5.27750e-08 8.67555e-04   8 /ChipTop/system/tile_prci_domain/tile_reset_domain_tile/gemmini/ex_controller/mesh/transposer/pes_3_6                                                         
     9     0.00% 8.73230e-08 8.67415e-04 5.27750e-08 8.67555e-04   8 /ChipTop/system/tile_prci_domain/tile_reset_domain_tile/gemmini/ex_controller/mesh/transposer/pes_5_14                                                        
     9     0.00% 8.73110e-08 8.67415e-04 5.27750e-08 8.67555e-04   8 /ChipTop/system/tile_prci_domain/tile_reset_domain_tile/gemmini/ex_controller/mesh/transposer/pes_6_10                                                        
     9     0.00% 8.72840e-08 8.67415e-04 5.27750e-08 8.67555e-04   8 /ChipTop/system/tile_prci_domain/tile_reset_domain_tile/gemmini/ex_controller/mesh/transposer/pes_2_4                                                         
     9     0.00% 8.72840e-08 8.67415e-04 5.27750e-08 8.67555e-04   8 /ChipTop/system/tile_prci_domain/tile_reset_domain_tile/gemmini/ex_controller/mesh/transposer/pes_11_9                                                        
     9     0.00% 8.72450e-08 8.67415e-04 5.27750e-08 8.67555e-04   8 /ChipTop/system/tile_prci_domain/tile_reset_domain_tile/gemmini/ex_controller/mesh/transposer/pes_5_7                                                         
     9     0.00% 8.72450e-08 8.67415e-04 5.27750e-08 8.67555e-04   8 /ChipTop/system/tile_prci_domain/tile_reset_domain_tile/gemmini/ex_controller/mesh/transposer/pes_10_5                                                        
     9     0.00% 8.72220e-08 8.67415e-04 5.27750e-08 8.67555e-04   8 /ChipTop/system/tile_prci_domain/tile_reset_domain_tile/gemmini/ex_controller/mesh/transposer/pes_11_2                                                        
     9     0.00% 8.71830e-08 8.67415e-04 5.27750e-08 8.67555e-04   8 /ChipTop/system/tile_prci_domain/tile_reset_domain_tile/gemmini/ex_controller/mesh/transposer/pes_12_11                                                       
     9     0.00% 8.71760e-08 8.67415e-04 5.27750e-08 8.67555e-04   8 /ChipTop/system/tile_prci_domain/tile_reset_domain_tile/gemmini/ex_controller/mesh/transposer/pes_6_4                                                         
     9     0.00% 8.71660e-08 8.67415e-04 5.27750e-08 8.67555e-04   8 /ChipTop/system/tile_prci_domain/tile_reset_domain_tile/gemmini/ex_controller/mesh/transposer/pes_7_6                                                         
     9     0.00% 8.71430e-08 8.67415e-04 5.27750e-08 8.67555e-04   8 /ChipTop/system/tile_prci_domain/tile_reset_domain_tile/gemmini/ex_controller/mesh/transposer/pes_10_8                                                        
     9     0.00% 8.71020e-08 8.67415e-04 5.27750e-08 8.67555e-04   8 /ChipTop/system/tile_prci_domain/tile_reset_domain_tile/gemmini/ex_controller/mesh/transposer/pes_1_1                                                         
     9     0.00% 8.71350e-08 8.67415e-04 5.27750e-08 8.67555e-04   8 /ChipTop/system/tile_prci_domain/tile_reset_domain_tile/gemmini/ex_controller/mesh/transposer/pes_10_4                                                        
     9     0.00% 8.71320e-08 8.67415e-04 5.27750e-08 8.67555e-04   8 /ChipTop/system/tile_prci_domain/tile_reset_domain_tile/gemmini/ex_controller/mesh/transposer/pes_6_5                                                         
     9     0.00% 8.70850e-08 8.67415e-04 5.27750e-08 8.67554e-04   8 /ChipTop/system/tile_prci_domain/tile_reset_domain_tile/gemmini/ex_controller/mesh/transposer/pes_1_2                                                         
     9     0.00% 8.70250e-08 8.67415e-04 5.27750e-08 8.67554e-04   8 /ChipTop/system/tile_prci_domain/tile_reset_domain_tile/gemmini/ex_controller/mesh/transposer/pes_7_1                                                         
     9     0.00% 8.69730e-08 8.67415e-04 5.27750e-08 8.67554e-04   8 /ChipTop/system/tile_prci_domain/tile_reset_domain_tile/gemmini/ex_controller/mesh/transposer/pes_5_10                                                        
     9     0.00% 8.70070e-08 8.67415e-04 5.27750e-08 8.67554e-04   8 /ChipTop/system/tile_prci_domain/tile_reset_domain_tile/gemmini/ex_controller/mesh/transposer/pes_1_11                                                        
     9     0.00% 8.69960e-08 8.67415e-04 5.27750e-08 8.67554e-04   8 /ChipTop/system/tile_prci_domain/tile_reset_domain_tile/gemmini/ex_controller/mesh/transposer/pes_6_11                                                        
     9     0.00% 8.69570e-08 8.67415e-04 5.27750e-08 8.67554e-04   8 /ChipTop/system/tile_prci_domain/tile_reset_domain_tile/gemmini/ex_controller/mesh/transposer/pes_7_12                                                        
     9     0.00% 8.69570e-08 8.67415e-04 5.27750e-08 8.67554e-04   8 /ChipTop/system/tile_prci_domain/tile_reset_domain_tile/gemmini/ex_controller/mesh/transposer/pes_9_5                                                         
     9     0.00% 8.69450e-08 8.67415e-04 5.27750e-08 8.67554e-04   8 /ChipTop/system/tile_prci_domain/tile_reset_domain_tile/gemmini/ex_controller/mesh/transposer/pes_12_6                                                        
     9     0.00% 8.69320e-08 8.67415e-04 5.27750e-08 8.67554e-04   8 /ChipTop/system/tile_prci_domain/tile_reset_domain_tile/gemmini/ex_controller/mesh/transposer/pes_8_9                                                         
     9     0.00% 8.69280e-08 8.67415e-04 5.27750e-08 8.67554e-04   8 /ChipTop/system/tile_prci_domain/tile_reset_domain_tile/gemmini/ex_controller/mesh/transposer/pes_14_14                                                       
     9     0.00% 8.69050e-08 8.67415e-04 5.27750e-08 8.67554e-04   8 /ChipTop/system/tile_prci_domain/tile_reset_domain_tile/gemmini/ex_controller/mesh/transposer/pes_14_3                                                        
     9     0.00% 8.68660e-08 8.67415e-04 5.27750e-08 8.67554e-04   8 /ChipTop/system/tile_prci_domain/tile_reset_domain_tile/gemmini/ex_controller/mesh/transposer/pes_2_8                                                         
     9     0.00% 8.68660e-08 8.67415e-04 5.27750e-08 8.67554e-04   8 /ChipTop/system/tile_prci_domain/tile_reset_domain_tile/gemmini/ex_controller/mesh/transposer/pes_6_7                                                         
     9     0.00% 8.68560e-08 8.67415e-04 5.27750e-08 8.67554e-04   8 /ChipTop/system/tile_prci_domain/tile_reset_domain_tile/gemmini/ex_controller/mesh/transposer/pes_11_1                                                        
     9     0.00% 8.68160e-08 8.67415e-04 5.27750e-08 8.67554e-04   8 /ChipTop/system/tile_prci_domain/tile_reset_domain_tile/gemmini/ex_controller/mesh/transposer/pes_8_4                                                         
     9     0.00% 8.68140e-08 8.67415e-04 5.27750e-08 8.67554e-04   8 /ChipTop/system/tile_prci_domain/tile_reset_domain_tile/gemmini/ex_controller/mesh/transposer/pes_4_8                                                         
     9     0.00% 8.67980e-08 8.67415e-04 5.27750e-08 8.67554e-04   8 /ChipTop/system/tile_prci_domain/tile_reset_domain_tile/gemmini/ex_controller/mesh/transposer/pes_11_11                                                       
     9     0.00% 8.67870e-08 8.67415e-04 5.27750e-08 8.67554e-04   8 /ChipTop/system/tile_prci_domain/tile_reset_domain_tile/gemmini/ex_controller/mesh/transposer/pes_6_14                                                        
     9     0.00% 8.67870e-08 8.67415e-04 5.27750e-08 8.67554e-04   8 /ChipTop/system/tile_prci_domain/tile_reset_domain_tile/gemmini/ex_controller/mesh/transposer/pes_7_13                                                        
     9     0.00% 8.67750e-08 8.67415e-04 5.27750e-08 8.67554e-04   8 /ChipTop/system/tile_prci_domain/tile_reset_domain_tile/gemmini/ex_controller/mesh/transposer/pes_8_8                                                         
     9     0.00% 8.67360e-08 8.67415e-04 5.27750e-08 8.67554e-04   8 /ChipTop/system/tile_prci_domain/tile_reset_domain_tile/gemmini/ex_controller/mesh/transposer/pes_1_7                                                         
     9     0.00% 8.67090e-08 8.67415e-04 5.27750e-08 8.67554e-04   8 /ChipTop/system/tile_prci_domain/tile_reset_domain_tile/gemmini/ex_controller/mesh/transposer/pes_6_2                                                         
     9     0.00% 8.67070e-08 8.67415e-04 5.27750e-08 8.67554e-04   8 /ChipTop/system/tile_prci_domain/tile_reset_domain_tile/gemmini/ex_controller/mesh/transposer/pes_2_7                                                         
     9     0.00% 8.66960e-08 8.67415e-04 5.27750e-08 8.67554e-04   8 /ChipTop/system/tile_prci_domain/tile_reset_domain_tile/gemmini/ex_controller/mesh/transposer/pes_8_11                                                        
     9     0.00% 8.66840e-08 8.67415e-04 5.27750e-08 8.67554e-04   8 /ChipTop/system/tile_prci_domain/tile_reset_domain_tile/gemmini/ex_controller/mesh/transposer/pes_4_7                                                         
     9     0.00% 8.66570e-08 8.67415e-04 5.27750e-08 8.67554e-04   8 /ChipTop/system/tile_prci_domain/tile_reset_domain_tile/gemmini/ex_controller/mesh/transposer/pes_4_13                                                        
     9     0.00% 8.66570e-08 8.67415e-04 5.27750e-08 8.67554e-04   8 /ChipTop/system/tile_prci_domain/tile_reset_domain_tile/gemmini/ex_controller/mesh/transposer/pes_5_4                                                         
     9     0.00% 8.66370e-08 8.67415e-04 5.27750e-08 8.67554e-04   8 /ChipTop/system/tile_prci_domain/tile_reset_domain_tile/gemmini/ex_controller/mesh/transposer/pes_2_3                                                         
     9     0.00% 8.66300e-08 8.67415e-04 5.27750e-08 8.67554e-04   8 /ChipTop/system/tile_prci_domain/tile_reset_domain_tile/gemmini/ex_controller/mesh/transposer/pes_6_13                                                        
     9     0.00% 8.66180e-08 8.67415e-04 5.27750e-08 8.67554e-04   8 /ChipTop/system/tile_prci_domain/tile_reset_domain_tile/gemmini/ex_controller/mesh/transposer/pes_5_3                                                         
     9     0.00% 8.66180e-08 8.67415e-04 5.27750e-08 8.67554e-04   8 /ChipTop/system/tile_prci_domain/tile_reset_domain_tile/gemmini/ex_controller/mesh/transposer/pes_13_5                                                        
     9     0.00% 8.66160e-08 8.67415e-04 5.27750e-08 8.67554e-04   8 /ChipTop/system/tile_prci_domain/tile_reset_domain_tile/gemmini/ex_controller/mesh/transposer/pes_2_13                                                        
     9     0.00% 8.66280e-08 8.67415e-04 5.27750e-08 8.67554e-04   8 /ChipTop/system/tile_prci_domain/tile_reset_domain_tile/gemmini/ex_controller/mesh/transposer/pes_7_5                                                         
     9     0.00% 8.65500e-08 8.67415e-04 5.27750e-08 8.67554e-04   8 /ChipTop/system/tile_prci_domain/tile_reset_domain_tile/gemmini/ex_controller/mesh/transposer/pes_5_9                                                         
     9     0.00% 8.65680e-08 8.67415e-04 5.27750e-08 8.67554e-04   8 /ChipTop/system/tile_prci_domain/tile_reset_domain_tile/gemmini/ex_controller/mesh/transposer/pes_8_7                                                         
     9     0.00% 8.65680e-08 8.67415e-04 5.27750e-08 8.67554e-04   8 /ChipTop/system/tile_prci_domain/tile_reset_domain_tile/gemmini/ex_controller/mesh/transposer/pes_14_4                                                        
     9     0.00% 8.65660e-08 8.67415e-04 5.27750e-08 8.67554e-04   8 /ChipTop/system/tile_prci_domain/tile_reset_domain_tile/gemmini/ex_controller/mesh/transposer/pes_3_10                                                        
     9     0.00% 8.65380e-08 8.67415e-04 5.27750e-08 8.67554e-04   8 /ChipTop/system/tile_prci_domain/tile_reset_domain_tile/gemmini/ex_controller/mesh/transposer/pes_1_14                                                        
     9     0.00% 8.65380e-08 8.67415e-04 5.27750e-08 8.67554e-04   8 /ChipTop/system/tile_prci_domain/tile_reset_domain_tile/gemmini/ex_controller/mesh/transposer/pes_14_7                                                        
     9     0.00% 8.65250e-08 8.67415e-04 5.27750e-08 8.67554e-04   8 /ChipTop/system/tile_prci_domain/tile_reset_domain_tile/gemmini/ex_controller/mesh/transposer/pes_11_8                                                        
     9     0.00% 8.64690e-08 8.67415e-04 5.27750e-08 8.67554e-04   8 /ChipTop/system/tile_prci_domain/tile_reset_domain_tile/gemmini/ex_controller/mesh/transposer/pes_12_2                                                        
     9     0.00% 8.64590e-08 8.67415e-04 5.27750e-08 8.67554e-04   8 /ChipTop/system/tile_prci_domain/tile_reset_domain_tile/gemmini/ex_controller/mesh/transposer/pes_4_10                                                        
     9     0.00% 8.64580e-08 8.67415e-04 5.27750e-08 8.67554e-04   8 /ChipTop/system/tile_prci_domain/tile_reset_domain_tile/gemmini/ex_controller/mesh/transposer/pes_10_1                                                        
     9     0.00% 8.64090e-08 8.67415e-04 5.27750e-08 8.67554e-04   8 /ChipTop/system/tile_prci_domain/tile_reset_domain_tile/gemmini/ex_controller/mesh/transposer/pes_11_6                                                        
     9     0.00% 8.64090e-08 8.67415e-04 5.27750e-08 8.67554e-04   8 /ChipTop/system/tile_prci_domain/tile_reset_domain_tile/gemmini/ex_controller/mesh/transposer/pes_14_9                                                        
     9     0.00% 8.64080e-08 8.67415e-04 5.27750e-08 8.67554e-04   8 /ChipTop/system/tile_prci_domain/tile_reset_domain_tile/gemmini/ex_controller/mesh/transposer/pes_8_6                                                         
     9     0.00% 8.63970e-08 8.67415e-04 5.27750e-08 8.67554e-04   8 /ChipTop/system/tile_prci_domain/tile_reset_domain_tile/gemmini/ex_controller/mesh/transposer/pes_1_13                                                        
     9     0.00% 8.63800e-08 8.67415e-04 5.27750e-08 8.67554e-04   8 /ChipTop/system/tile_prci_domain/tile_reset_domain_tile/gemmini/ex_controller/mesh/transposer/pes_2_9                                                         
     9     0.00% 8.63580e-08 8.67415e-04 5.27750e-08 8.67554e-04   8 /ChipTop/system/tile_prci_domain/tile_reset_domain_tile/gemmini/ex_controller/mesh/transposer/pes_3_2                                                         
     9     0.00% 8.63310e-08 8.67415e-04 5.27750e-08 8.67554e-04   8 /ChipTop/system/tile_prci_domain/tile_reset_domain_tile/gemmini/ex_controller/mesh/transposer/pes_6_3                                                         
     9     0.00% 8.63300e-08 8.67415e-04 5.27750e-08 8.67554e-04   8 /ChipTop/system/tile_prci_domain/tile_reset_domain_tile/gemmini/ex_controller/mesh/transposer/pes_8_13                                                        
     9     0.00% 8.62890e-08 8.67415e-04 5.27750e-08 8.67554e-04   8 /ChipTop/system/tile_prci_domain/tile_reset_domain_tile/gemmini/ex_controller/mesh/transposer/pes_1_5                                                         
     9     0.00% 8.63180e-08 8.67415e-04 5.27750e-08 8.67554e-04   8 /ChipTop/system/tile_prci_domain/tile_reset_domain_tile/gemmini/ex_controller/mesh/transposer/pes_6_9                                                         
     9     0.00% 8.63180e-08 8.67415e-04 5.27750e-08 8.67554e-04   8 /ChipTop/system/tile_prci_domain/tile_reset_domain_tile/gemmini/ex_controller/mesh/transposer/pes_8_1                                                         
     9     0.00% 8.63180e-08 8.67415e-04 5.27750e-08 8.67554e-04   8 /ChipTop/system/tile_prci_domain/tile_reset_domain_tile/gemmini/ex_controller/mesh/transposer/pes_9_13                                                        
     9     0.00% 8.63020e-08 8.67415e-04 5.27750e-08 8.67554e-04   8 /ChipTop/system/tile_prci_domain/tile_reset_domain_tile/gemmini/ex_controller/mesh/transposer/pes_12_8                                                        
     9     0.00% 8.62890e-08 8.67415e-04 5.27750e-08 8.67554e-04   8 /ChipTop/system/tile_prci_domain/tile_reset_domain_tile/gemmini/ex_controller/mesh/transposer/pes_1_12                                                        
     9     0.00% 8.62680e-08 8.67415e-04 5.27750e-08 8.67554e-04   8 /ChipTop/system/tile_prci_domain/tile_reset_domain_tile/gemmini/ex_controller/mesh/transposer/pes_10_2                                                        
     9     0.00% 8.62270e-08 8.67415e-04 5.27750e-08 8.67554e-04   8 /ChipTop/system/tile_prci_domain/tile_reset_domain_tile/gemmini/ex_controller/mesh/transposer/pes_11_7                                                        
     9     0.00% 8.62210e-08 8.67415e-04 5.27750e-08 8.67554e-04   8 /ChipTop/system/tile_prci_domain/tile_reset_domain_tile/gemmini/ex_controller/mesh/transposer/pes_5_6                                                         
     9     0.00% 8.62110e-08 8.67415e-04 5.27750e-08 8.67554e-04   8 /ChipTop/system/tile_prci_domain/tile_reset_domain_tile/gemmini/ex_controller/mesh/transposer/pes_13_10                                                       
     9     0.00% 8.62000e-08 8.67415e-04 5.27750e-08 8.67554e-04   8 /ChipTop/system/tile_prci_domain/tile_reset_domain_tile/gemmini/ex_controller/mesh/transposer/pes_13_3                                                        
     9     0.00% 8.61710e-08 8.67415e-04 5.27750e-08 8.67554e-04   8 /ChipTop/system/tile_prci_domain/tile_reset_domain_tile/gemmini/ex_controller/mesh/transposer/pes_3_4                                                         
     9     0.00% 8.61600e-08 8.67415e-04 5.27750e-08 8.67554e-04   8 /ChipTop/system/tile_prci_domain/tile_reset_domain_tile/gemmini/ex_controller/mesh/transposer/pes_4_5                                                         
     9     0.00% 8.61420e-08 8.67415e-04 5.27750e-08 8.67554e-04   8 /ChipTop/system/tile_prci_domain/tile_reset_domain_tile/gemmini/ex_controller/mesh/transposer/pes_10_13                                                       
     9     0.00% 8.61300e-08 8.67415e-04 5.27750e-08 8.67554e-04   8 /ChipTop/system/tile_prci_domain/tile_reset_domain_tile/gemmini/ex_controller/mesh/transposer/pes_10_12                                                       
     9     0.00% 8.61090e-08 8.67415e-04 5.27750e-08 8.67553e-04   8 /ChipTop/system/tile_prci_domain/tile_reset_domain_tile/gemmini/ex_controller/mesh/transposer/pes_13_7                                                        
     9     0.00% 8.60930e-08 8.67415e-04 5.27750e-08 8.67553e-04   8 /ChipTop/system/tile_prci_domain/tile_reset_domain_tile/gemmini/ex_controller/mesh/transposer/pes_2_14                                                        
     9     0.00% 8.60930e-08 8.67415e-04 5.27750e-08 8.67553e-04   8 /ChipTop/system/tile_prci_domain/tile_reset_domain_tile/gemmini/ex_controller/mesh/transposer/pes_7_9                                                         
     9     0.00% 8.60800e-08 8.67415e-04 5.27750e-08 8.67553e-04   8 /ChipTop/system/tile_prci_domain/tile_reset_domain_tile/gemmini/ex_controller/mesh/transposer/pes_3_12                                                        
     9     0.00% 8.60800e-08 8.67415e-04 5.27750e-08 8.67553e-04   8 /ChipTop/system/tile_prci_domain/tile_reset_domain_tile/gemmini/ex_controller/mesh/transposer/pes_12_9                                                        
     9     0.00% 8.60800e-08 8.67415e-04 5.27750e-08 8.67553e-04   8 /ChipTop/system/tile_prci_domain/tile_reset_domain_tile/gemmini/ex_controller/mesh/transposer/pes_14_13                                                       
     9     0.00% 8.60700e-08 8.67415e-04 5.27750e-08 8.67553e-04   8 /ChipTop/system/tile_prci_domain/tile_reset_domain_tile/gemmini/ex_controller/mesh/transposer/pes_2_12                                                        
     9     0.00% 8.59360e-08 8.67415e-04 5.27750e-08 8.67553e-04   8 /ChipTop/system/tile_prci_domain/tile_reset_domain_tile/gemmini/ex_controller/mesh/transposer/pes_15_2                                                        
     9     0.00% 8.60190e-08 8.67415e-04 5.27750e-08 8.67553e-04   8 /ChipTop/system/tile_prci_domain/tile_reset_domain_tile/gemmini/ex_controller/mesh/transposer/pes_9_10                                                        
     9     0.00% 8.60010e-08 8.67415e-04 5.27750e-08 8.67553e-04   8 /ChipTop/system/tile_prci_domain/tile_reset_domain_tile/gemmini/ex_controller/mesh/transposer/pes_9_2                                                         
     9     0.00% 8.59890e-08 8.67415e-04 5.27750e-08 8.67553e-04   8 /ChipTop/system/tile_prci_domain/tile_reset_domain_tile/gemmini/ex_controller/mesh/transposer/pes_5_8                                                         
     9     0.00% 8.58730e-08 8.67415e-04 5.27750e-08 8.67553e-04   8 /ChipTop/system/tile_prci_domain/tile_reset_domain_tile/gemmini/ex_controller/mesh/transposer/pes_8_14                                                        
     9     0.00% 8.56860e-08 8.67415e-04 5.27750e-08 8.67553e-04   8 /ChipTop/system/tile_prci_domain/tile_reset_domain_tile/gemmini/ex_controller/mesh/transposer/pes_15_12                                                       
     9     0.00% 8.58440e-08 8.67415e-04 5.27750e-08 8.67553e-04   8 /ChipTop/system/tile_prci_domain/tile_reset_domain_tile/gemmini/ex_controller/mesh/transposer/pes_7_14                                                        
     9     0.00% 8.58310e-08 8.67415e-04 5.27750e-08 8.67553e-04   8 /ChipTop/system/tile_prci_domain/tile_reset_domain_tile/gemmini/ex_controller/mesh/transposer/pes_13_4                                                        
     9     0.00% 8.58110e-08 8.67415e-04 5.27750e-08 8.67553e-04   8 /ChipTop/system/tile_prci_domain/tile_reset_domain_tile/gemmini/ex_controller/mesh/transposer/pes_1_3                                                         
     9     0.00% 8.57980e-08 8.67415e-04 5.27750e-08 8.67553e-04   8 /ChipTop/system/tile_prci_domain/tile_reset_domain_tile/gemmini/ex_controller/mesh/transposer/pes_4_6                                                         
     9     0.00% 8.57920e-08 8.67415e-04 5.27750e-08 8.67553e-04   8 /ChipTop/system/tile_prci_domain/tile_reset_domain_tile/gemmini/ex_controller/mesh/transposer/pes_8_2                                                         
     9     0.00% 8.57530e-08 8.67415e-04 5.27750e-08 8.67553e-04   8 /ChipTop/system/tile_prci_domain/tile_reset_domain_tile/gemmini/ex_controller/mesh/transposer/pes_2_5                                                         
     9     0.00% 8.56630e-08 8.67415e-04 5.27750e-08 8.67553e-04   8 /ChipTop/system/tile_prci_domain/tile_reset_domain_tile/gemmini/ex_controller/mesh/transposer/pes_15_13                                                       
     9     0.00% 8.57130e-08 8.67415e-04 5.27750e-08 8.67553e-04   8 /ChipTop/system/tile_prci_domain/tile_reset_domain_tile/gemmini/ex_controller/mesh/transposer/pes_9_9                                                         
     9     0.00% 8.56910e-08 8.67415e-04 5.27750e-08 8.67553e-04   8 /ChipTop/system/tile_prci_domain/tile_reset_domain_tile/gemmini/ex_controller/mesh/transposer/pes_9_6                                                         
     9     0.00% 8.56740e-08 8.67415e-04 5.27750e-08 8.67553e-04   8 /ChipTop/system/tile_prci_domain/tile_reset_domain_tile/gemmini/ex_controller/mesh/transposer/pes_12_13                                                       
     9     0.00% 8.56510e-08 8.67415e-04 5.27750e-08 8.67553e-04   8 /ChipTop/system/tile_prci_domain/tile_reset_domain_tile/gemmini/ex_controller/mesh/transposer/pes_4_4                                                         
     9     0.00% 8.55840e-08 8.67415e-04 5.27750e-08 8.67553e-04   8 /ChipTop/system/tile_prci_domain/tile_reset_domain_tile/gemmini/ex_controller/mesh/transposer/pes_11_10                                                       
     9     0.00% 8.56060e-08 8.67415e-04 5.27750e-08 8.67553e-04   8 /ChipTop/system/tile_prci_domain/tile_reset_domain_tile/gemmini/ex_controller/mesh/transposer/pes_14_5                                                        
     9     0.00% 8.55440e-08 8.67415e-04 5.27750e-08 8.67553e-04   8 /ChipTop/system/tile_prci_domain/tile_reset_domain_tile/gemmini/ex_controller/mesh/transposer/pes_13_1                                                        
     9     0.00% 8.55150e-08 8.67415e-04 5.27750e-08 8.67553e-04   8 /ChipTop/system/tile_prci_domain/tile_reset_domain_tile/gemmini/ex_controller/mesh/transposer/pes_6_1                                                         
     9     0.00% 8.54820e-08 8.67415e-04 5.27750e-08 8.67553e-04   8 /ChipTop/system/tile_prci_domain/tile_reset_domain_tile/gemmini/ex_controller/mesh/transposer/pes_9_12                                                        
     9     0.00% 8.54540e-08 8.67415e-04 5.27750e-08 8.67553e-04   8 /ChipTop/system/tile_prci_domain/tile_reset_domain_tile/gemmini/ex_controller/mesh/transposer/pes_10_11                                                       
     9     0.00% 8.54530e-08 8.67415e-04 5.27750e-08 8.67553e-04   8 /ChipTop/system/tile_prci_domain/tile_reset_domain_tile/gemmini/ex_controller/mesh/transposer/pes_3_7                                                         
     9     0.00% 8.54530e-08 8.67415e-04 5.27750e-08 8.67553e-04   8 /ChipTop/system/tile_prci_domain/tile_reset_domain_tile/gemmini/ex_controller/mesh/transposer/pes_4_2                                                         
     9     0.00% 8.54470e-08 8.67415e-04 5.27750e-08 8.67553e-04   8 /ChipTop/system/tile_prci_domain/tile_reset_domain_tile/gemmini/ex_controller/mesh/transposer/pes_7_3                                                         
     9     0.00% 8.54240e-08 8.67415e-04 5.27750e-08 8.67553e-04   8 /ChipTop/system/tile_prci_domain/tile_reset_domain_tile/gemmini/ex_controller/mesh/transposer/pes_6_8                                                         
     9     0.00% 8.53460e-08 8.67415e-04 5.27750e-08 8.67553e-04   8 /ChipTop/system/tile_prci_domain/tile_reset_domain_tile/gemmini/ex_controller/mesh/transposer/pes_12_5                                                        
     9     0.00% 8.53350e-08 8.67415e-04 5.27750e-08 8.67553e-04   8 /ChipTop/system/tile_prci_domain/tile_reset_domain_tile/gemmini/ex_controller/mesh/transposer/pes_2_1                                                         
     9     0.00% 8.53340e-08 8.67415e-04 5.27750e-08 8.67553e-04   8 /ChipTop/system/tile_prci_domain/tile_reset_domain_tile/gemmini/ex_controller/mesh/transposer/pes_12_1                                                        
     9     0.00% 8.53230e-08 8.67415e-04 5.27750e-08 8.67553e-04   8 /ChipTop/system/tile_prci_domain/tile_reset_domain_tile/gemmini/ex_controller/mesh/transposer/pes_4_1                                                         
     9     0.00% 8.51250e-08 8.67415e-04 5.27750e-08 8.67553e-04   8 /ChipTop/system/tile_prci_domain/tile_reset_domain_tile/gemmini/ex_controller/mesh/transposer/pes_15_11                                                       
     9     0.00% 8.52940e-08 8.67415e-04 5.27750e-08 8.67553e-04   8 /ChipTop/system/tile_prci_domain/tile_reset_domain_tile/gemmini/ex_controller/mesh/transposer/pes_5_1                                                         
     9     0.00% 8.52830e-08 8.67415e-04 5.27750e-08 8.67553e-04   8 /ChipTop/system/tile_prci_domain/tile_reset_domain_tile/gemmini/ex_controller/mesh/transposer/pes_6_6                                                         
     9     0.00% 8.52560e-08 8.67415e-04 5.27750e-08 8.67553e-04   8 /ChipTop/system/tile_prci_domain/tile_reset_domain_tile/gemmini/ex_controller/mesh/transposer/pes_13_14                                                       
     9     0.00% 8.51660e-08 8.67415e-04 5.27750e-08 8.67553e-04   8 /ChipTop/system/tile_prci_domain/tile_reset_domain_tile/gemmini/ex_controller/mesh/transposer/pes_9_4                                                         
     9     0.00% 8.51530e-08 8.67415e-04 5.27750e-08 8.67553e-04   8 /ChipTop/system/tile_prci_domain/tile_reset_domain_tile/gemmini/ex_controller/mesh/transposer/pes_12_7                                                        
     9     0.00% 8.49630e-08 8.67415e-04 5.27750e-08 8.67552e-04   8 /ChipTop/system/tile_prci_domain/tile_reset_domain_tile/gemmini/ex_controller/mesh/transposer/pes_15_4                                                        
     9     0.00% 8.50580e-08 8.67415e-04 5.27750e-08 8.67552e-04   8 /ChipTop/system/tile_prci_domain/tile_reset_domain_tile/gemmini/ex_controller/mesh/transposer/pes_5_2                                                         
     9     0.00% 8.50170e-08 8.67415e-04 5.27750e-08 8.67552e-04   8 /ChipTop/system/tile_prci_domain/tile_reset_domain_tile/gemmini/ex_controller/mesh/transposer/pes_13_6                                                        
     9     0.00% 8.49670e-08 8.67415e-04 5.27750e-08 8.67552e-04   8 /ChipTop/system/tile_prci_domain/tile_reset_domain_tile/gemmini/ex_controller/mesh/transposer/pes_12_4                                                        
     9     0.00% 8.49170e-08 8.67415e-04 5.27750e-08 8.67552e-04   8 /ChipTop/system/tile_prci_domain/tile_reset_domain_tile/gemmini/ex_controller/mesh/transposer/pes_2_11                                                        
     9     0.00% 8.48370e-08 8.67415e-04 5.27750e-08 8.67552e-04   8 /ChipTop/system/tile_prci_domain/tile_reset_domain_tile/gemmini/ex_controller/mesh/transposer/pes_14_8                                                        
     9     0.00% 8.47700e-08 8.67415e-04 5.27750e-08 8.67552e-04   8 /ChipTop/system/tile_prci_domain/tile_reset_domain_tile/gemmini/ex_controller/mesh/transposer/pes_11_3                                                        
     9     0.00% 8.46970e-08 8.67415e-04 5.27750e-08 8.67552e-04   8 /ChipTop/system/tile_prci_domain/tile_reset_domain_tile/gemmini/ex_controller/mesh/transposer/pes_6_12                                                        
     9     0.00% 8.46170e-08 8.67415e-04 5.27750e-08 8.67552e-04   8 /ChipTop/system/tile_prci_domain/tile_reset_domain_tile/gemmini/ex_controller/mesh/transposer/pes_2_10                                                        
     9     0.00% 8.45390e-08 8.67415e-04 5.27750e-08 8.67552e-04   8 /ChipTop/system/tile_prci_domain/tile_reset_domain_tile/gemmini/ex_controller/mesh/transposer/pes_13_8                                                        
     9     0.00% 8.42610e-08 8.67415e-04 5.27750e-08 8.67552e-04   8 /ChipTop/system/tile_prci_domain/tile_reset_domain_tile/gemmini/ex_controller/mesh/transposer/pes_11_13                                                       
     9     0.00% 8.39330e-08 8.67415e-04 5.27750e-08 8.67551e-04   8 /ChipTop/system/tile_prci_domain/tile_reset_domain_tile/gemmini/ex_controller/mesh/transposer/pes_14_11                                                       
     9     0.00% 8.39120e-08 8.67415e-04 5.27750e-08 8.67551e-04   8 /ChipTop/system/tile_prci_domain/tile_reset_domain_tile/gemmini/ex_controller/mesh/transposer/pes_10_9                                                        
     9     0.00% 8.38540e-08 8.67415e-04 5.27750e-08 8.67551e-04   8 /ChipTop/system/tile_prci_domain/tile_reset_domain_tile/gemmini/ex_controller/mesh/transposer/pes_3_5                                                         
     9     0.00% 8.37240e-08 8.67415e-04 5.27750e-08 8.67551e-04   8 /ChipTop/system/tile_prci_domain/tile_reset_domain_tile/gemmini/ex_controller/mesh/transposer/pes_9_1                                                         
     9     0.00% 8.35540e-08 8.67415e-04 5.27750e-08 8.67551e-04   8 /ChipTop/system/tile_prci_domain/tile_reset_domain_tile/gemmini/ex_controller/mesh/transposer/pes_4_3                                                         
     9     0.00% 8.03850e-08 8.67408e-04 5.30420e-08 8.67542e-04   8 /ChipTop/system/tile_prci_domain/tile_reset_domain_tile/gemmini/ex_controller/mesh/transposer/pes_15_15                                                       
   565     0.09% 3.12228e-06 1.30986e-02 1.85124e-05 1.31203e-02   7 /ChipTop/system/tile_prci_domain/tile_reset_domain_tile/gemmini/ex_controller/mesh/tagq                                                                       
   143     0.02% 7.02347e-07 8.21482e-03 1.94059e-06 8.21747e-03   7 /ChipTop/system/tile_prci_domain/tile_reset_domain_tile/gemmini/ex_controller/mesh/total_rows_q                                                               
   103     0.02% 5.55835e-07 5.20526e-03 7.35815e-07 5.20655e-03   8 /ChipTop/system/tile_prci_domain/tile_reset_domain_tile/gemmini/ex_controller/mesh/total_rows_q/ram_ext                                                       
  2724     0.41% 1.33418e-05 3.04148e-02 2.80458e-05 3.04562e-02   6 /ChipTop/system/tile_prci_domain/tile_reset_domain_tile/gemmini/ex_controller/cmd_q                                                                           
   745     0.11% 4.66486e-06 1.61283e-02 3.96429e-05 1.61726e-02   6 /ChipTop/system/tile_prci_domain/tile_reset_domain_tile/gemmini/ex_controller/mesh_cntl_signals_q                                                             
   707     0.11% 4.51145e-06 1.31103e-02 3.26246e-05 1.31474e-02   7 /ChipTop/system/tile_prci_domain/tile_reset_domain_tile/gemmini/ex_controller/mesh_cntl_signals_q/ram_ext                                                     
   684     0.10% 3.57309e-06 1.29128e-02 1.49392e-05 1.29313e-02   6 /ChipTop/system/tile_prci_domain/tile_reset_domain_tile/gemmini/ex_controller/unrolled_cmd_mod                                                                
   534     0.08% 3.07619e-06 9.10055e-03 1.02909e-05 9.11392e-03   7 /ChipTop/system/tile_prci_domain/tile_reset_domain_tile/gemmini/ex_controller/unrolled_cmd_mod/q                                                              
 57066     8.62% 1.80235e-04 1.04799e+00 1.16487e-01 1.16466e+00   5 /ChipTop/system/tile_prci_domain/tile_reset_domain_tile/gemmini/mod                                                                                           
 11060     1.67% 3.49258e-05 3.15978e-01 4.03524e-02 3.56365e-01   6 /ChipTop/system/tile_prci_domain/tile_reset_domain_tile/gemmini/mod/st                                                                                        
   471     0.07% 3.88913e-06 3.05549e-01 4.03370e-02 3.45890e-01   7 /ChipTop/system/tile_prci_domain/tile_reset_domain_tile/gemmini/mod/st/command_p                                                                              
 15370     2.32% 4.51427e-05 1.67050e-01 1.96436e-02 1.86738e-01   6 /ChipTop/system/tile_prci_domain/tile_reset_domain_tile/gemmini/mod/ex                                                                                        
   235     0.04% 1.91736e-06 1.50209e-01 1.96239e-02 1.69835e-01   7 /ChipTop/system/tile_prci_domain/tile_reset_domain_tile/gemmini/mod/ex/command_p                                                                              
  7138     1.08% 2.34708e-05 1.66146e-01 2.01805e-02 1.86350e-01   6 /ChipTop/system/tile_prci_domain/tile_reset_domain_tile/gemmini/mod/ld_input                                                                                  
   241     0.04% 1.94023e-06 1.54044e-01 2.01690e-02 1.74215e-01   7 /ChipTop/system/tile_prci_domain/tile_reset_domain_tile/gemmini/mod/ld_input/command_p                                                                        
  9757     1.47% 2.89994e-05 1.59719e-01 1.85470e-02 1.78295e-01   6 /ChipTop/system/tile_prci_domain/tile_reset_domain_tile/gemmini/mod/ld_weights                                                                                
   231     0.03% 1.84064e-06 1.47620e-01 1.85335e-02 1.66155e-01   7 /ChipTop/system/tile_prci_domain/tile_reset_domain_tile/gemmini/mod/ld_weights/command_p                                                                      
  4438     0.67% 1.41457e-05 1.31168e-01 1.54527e-02 1.46635e-01   6 /ChipTop/system/tile_prci_domain/tile_reset_domain_tile/gemmini/mod/ld_bias                                                                                   
   189     0.03% 1.52349e-06 1.20808e-01 1.54439e-02 1.36254e-01   7 /ChipTop/system/tile_prci_domain/tile_reset_domain_tile/gemmini/mod/ld_bias/command_p                                                                         
   565     0.09% 3.45058e-06 2.22923e-02 2.21607e-03 2.45118e-02   6 /ChipTop/system/tile_prci_domain/tile_reset_domain_tile/gemmini/mod/cmd                                                                                       
   543     0.08% 3.38062e-06 1.67802e-02 1.50388e-03 1.82875e-02   7 /ChipTop/system/tile_prci_domain/tile_reset_domain_tile/gemmini/mod/cmd/ram_ext                                                                               
   336     0.05% 8.36312e-07 2.66195e-05 4.68700e-05 7.43259e-05   6 /ChipTop/system/tile_prci_domain/tile_reset_domain_tile/gemmini/mod/arb                                                                                       
 20754     3.14% 8.46844e-05 1.01275e+00 4.38328e-03 1.01722e+00   5 /ChipTop/system/tile_prci_domain/tile_reset_domain_tile/gemmini/reservation_station                                                                           
  2841     0.43% 1.01996e-05 1.90307e-01 5.23000e-03 1.95547e-01   5 /ChipTop/system/tile_prci_domain/tile_reset_domain_tile/gemmini/tlb                                                                                           
  2351     0.36% 7.52750e-06 2.46992e-02 3.49827e-03 2.82050e-02   6 /ChipTop/system/tile_prci_domain/tile_reset_domain_tile/gemmini/tlb/tlbs_0                                                                                    
  2342     0.35% 7.50033e-06 2.34167e-02 3.46209e-03 2.68863e-02   7 /ChipTop/system/tile_prci_domain/tile_reset_domain_tile/gemmini/tlb/tlbs_0/tlb                                                                                
  1299     0.20% 2.51967e-06 2.99580e-03 3.37999e-03 6.37831e-03   8 /ChipTop/system/tile_prci_domain/tile_reset_domain_tile/gemmini/tlb/tlbs_0/tlb/pmp                                                                            
    48     0.01% 2.10448e-07 1.59596e-03 7.93360e-04 2.38953e-03   6 /ChipTop/system/tile_prci_domain/tile_reset_domain_tile/gemmini/tlb/tlbArbOpt                                                                                 
 15042     2.27% 5.28359e-05 1.39026e-01 4.52194e-03 1.43600e-01   5 /ChipTop/system/tile_prci_domain/tile_reset_domain_tile/gemmini/mod_1                                                                                         
   570     0.09% 3.47500e-06 2.48401e-02 2.23014e-03 2.70737e-02   6 /ChipTop/system/tile_prci_domain/tile_reset_domain_tile/gemmini/mod_1/cmd                                                                                     
   548     0.08% 3.40229e-06 1.93268e-02 1.49911e-03 2.08293e-02   7 /ChipTop/system/tile_prci_domain/tile_reset_domain_tile/gemmini/mod_1/cmd/ram_ext                                                                             
  3378     0.51% 1.04428e-05 1.03504e-02 5.77646e-06 1.03666e-02   6 /ChipTop/system/tile_prci_domain/tile_reset_domain_tile/gemmini/mod_1/stC                                                                                     
  2597     0.39% 7.23101e-06 7.74821e-03 3.46546e-06 7.75891e-03   6 /ChipTop/system/tile_prci_domain/tile_reset_domain_tile/gemmini/mod_1/ex                                                                                      
  1915     0.29% 5.93188e-06 6.47956e-03 4.68326e-06 6.49017e-03   6 /ChipTop/system/tile_prci_domain/tile_reset_domain_tile/gemmini/mod_1/ldD                                                                                     
  2272     0.34% 7.29317e-06 6.47867e-03 3.70628e-06 6.48967e-03   6 /ChipTop/system/tile_prci_domain/tile_reset_domain_tile/gemmini/mod_1/ldB                                                                                     
  2055     0.31% 6.23573e-06 6.47808e-03 2.60130e-06 6.48691e-03   6 /ChipTop/system/tile_prci_domain/tile_reset_domain_tile/gemmini/mod_1/ldA                                                                                     
   171     0.03% 5.16411e-07 2.27316e-05 4.21159e-05 6.53639e-05   6 /ChipTop/system/tile_prci_domain/tile_reset_domain_tile/gemmini/mod_1/arb                                                                                     
   131     0.02% 4.62277e-07 9.97686e-06 1.80898e-05 2.85289e-05   6 /ChipTop/system/tile_prci_domain/tile_reset_domain_tile/gemmini/mod_1/ldab_arb                                                                                
  3559     0.54% 1.73797e-05 8.11657e-02 1.60403e-02 9.72234e-02   5 /ChipTop/system/tile_prci_domain/tile_reset_domain_tile/gemmini/load_controller                                                                               
  2341     0.35% 1.29774e-05 4.33779e-02 2.41221e-03 4.58031e-02   6 /ChipTop/system/tile_prci_domain/tile_reset_domain_tile/gemmini/load_controller/cmd                                                                           
  2304     0.35% 1.28307e-05 3.99690e-02 2.21998e-03 4.22018e-02   7 /ChipTop/system/tile_prci_domain/tile_reset_domain_tile/gemmini/load_controller/cmd/ram_ext                                                                   
   109     0.02% 4.99422e-07 1.75238e-02 5.92023e-03 2.34445e-02   6 /ChipTop/system/tile_prci_domain/tile_reset_domain_tile/gemmini/load_controller/cmd_tracker                                                                   
  5431     0.82% 2.19558e-05 4.55648e-02 2.50134e-03 4.80881e-02   5 /ChipTop/system/tile_prci_domain/tile_reset_domain_tile/gemmini/counters                                                                                      
  5350     0.81% 2.13170e-05 4.16932e-02 2.50133e-03 4.42159e-02   6 /ChipTop/system/tile_prci_domain/tile_reset_domain_tile/gemmini/counters/counterfile                                                                          
  3271     0.49% 1.09866e-05 3.38063e-02 5.56127e-04 3.43735e-02   5 /ChipTop/system/tile_prci_domain/tile_reset_domain_tile/gemmini/store_controller                                                                              
   445     0.07% 2.89005e-06 1.57477e-02 5.47099e-04 1.62977e-02   6 /ChipTop/system/tile_prci_domain/tile_reset_domain_tile/gemmini/store_controller/cmd                                                                          
   423     0.06% 2.82733e-06 1.04166e-02 2.69740e-06 1.04221e-02   7 /ChipTop/system/tile_prci_domain/tile_reset_domain_tile/gemmini/store_controller/cmd/ram_ext                                                                  
   115     0.02% 5.05909e-07 5.14308e-03 9.77470e-08 5.14368e-03   6 /ChipTop/system/tile_prci_domain/tile_reset_domain_tile/gemmini/store_controller/cmd_tracker                                                                  
   625     0.09% 4.20514e-06 2.20217e-02 2.24393e-03 2.42698e-02   5 /ChipTop/system/tile_prci_domain/tile_reset_domain_tile/gemmini/unrolled_cmd                                                                                  
   604     0.09% 4.13862e-06 1.65175e-02 1.52361e-03 1.80452e-02   6 /ChipTop/system/tile_prci_domain/tile_reset_domain_tile/gemmini/unrolled_cmd/ram_ext                                                                          
   528     0.08% 3.25534e-06 2.21689e-02 2.07623e-03 2.42484e-02   5 /ChipTop/system/tile_prci_domain/tile_reset_domain_tile/gemmini/raw_cmd_q                                                                                     
   506     0.08% 3.18492e-06 1.66570e-02 1.36546e-03 1.80256e-02   6 /ChipTop/system/tile_prci_domain/tile_reset_domain_tile/gemmini/raw_cmd_q/ram_ext                                                                             
    12     0.00% 3.45610e-08 6.49651e-05 1.48505e-04 2.13505e-04   5 /ChipTop/system/tile_prci_domain/tile_reset_domain_tile/gemmini/reservation_station_completed_arb                                                             
    13     0.00% 3.84270e-08 8.64015e-07 2.76349e-07 1.17879e-06   5 /ChipTop/system/tile_prci_domain/tile_reset_domain_tile/gemmini/req_arb                                                                                       
    13     0.00% 3.84340e-08 3.30478e-07 8.55790e-08 4.54491e-07   5 /ChipTop/system/tile_prci_domain/tile_reset_domain_tile/gemmini/req_arb_1                                                                                     
    13     0.00% 3.84340e-08 3.30478e-07 8.55790e-08 4.54491e-07   5 /ChipTop/system/tile_prci_domain/tile_reset_domain_tile/gemmini/req_arb_2                                                                                     
    13     0.00% 3.84340e-08 3.30478e-07 8.55790e-08 4.54491e-07   5 /ChipTop/system/tile_prci_domain/tile_reset_domain_tile/gemmini/req_arb_3                                                                                     
-----------------------------------------------------------------------------------------------------------------------------------------------------------------------------------------------------------------------------------
