Power Unit: mW
PDB Frame : /stim#1/frame#0
-----------------------------------------------------------------------------------------------------------------------------------------------------------------------------------------------------------------------------------
 Cells Pct_cells     Leakage    Internal   Switching       Total Lvl Instance                                                                                                                                                      
-----------------------------------------------------------------------------------------------------------------------------------------------------------------------------------------------------------------------------------
488992    73.89% 3.39171e+00 4.75632e+01 3.94031e+00 5.48952e+01   4 /ChipTop/system/tile_prci_domain/tile_reset_domain_tile/gemmini                                                                                               
155908    23.56% 3.39056e+00 2.28026e+01 1.95728e+00 2.81504e+01   5 /ChipTop/system/tile_prci_domain/tile_reset_domain_tile/gemmini/spad                                                                                          
 63996     9.67% 1.88742e-04 5.99869e+00 8.16711e-01 6.81559e+00   6 /ChipTop/system/tile_prci_domain/tile_reset_domain_tile/gemmini/spad/acc_scale_unit                                                                           
  5337     0.81% 4.35803e-05 5.99864e+00 8.16571e-01 6.81526e+00   7 /ChipTop/system/tile_prci_domain/tile_reset_domain_tile/gemmini/spad/acc_scale_unit/pipe_out_p                                                                
  2872     0.43% 6.95111e-06 1.32399e-06 3.48254e-06 1.17576e-05   7 /ChipTop/system/tile_prci_domain/tile_reset_domain_tile/gemmini/spad/acc_scale_unit/activated_data_e_scaled_muladder_1                                        
   346     0.05% 7.14988e-07 3.91869e-07 1.75144e-06 2.85830e-06   8 /ChipTop/system/tile_prci_domain/tile_reset_domain_tile/gemmini/spad/acc_scale_unit/activated_data_e_scaled_muladder_1/roundRawFNToRecFN                      
   346     0.05% 7.14988e-07 3.91869e-07 1.75144e-06 2.85830e-06   9 /ChipTop/system/tile_prci_domain/tile_reset_domain_tile/gemmini/spad/acc_scale_unit/activated_data_e_scaled_muladder_1/roundRawFNToRecFN/roundAnyRawFNToRecFN 
   459     0.07% 1.11255e-06 5.73262e-07 7.47049e-07 2.43286e-06   8 /ChipTop/system/tile_prci_domain/tile_reset_domain_tile/gemmini/spad/acc_scale_unit/activated_data_e_scaled_muladder_1/mulAddRecFNToRaw_postMul               
    49     0.01% 1.27465e-07 8.43340e-08 2.61444e-07 4.73243e-07   8 /ChipTop/system/tile_prci_domain/tile_reset_domain_tile/gemmini/spad/acc_scale_unit/activated_data_e_scaled_muladder_1/mulAddRecFNToRaw_preMul                
  2493     0.38% 6.64751e-06 1.39396e-06 3.09809e-06 1.11396e-05   7 /ChipTop/system/tile_prci_domain/tile_reset_domain_tile/gemmini/spad/acc_scale_unit/activated_data_e_scaled_muladder_2                                        
   435     0.07% 1.13053e-06 6.27234e-07 7.34962e-07 2.49273e-06   8 /ChipTop/system/tile_prci_domain/tile_reset_domain_tile/gemmini/spad/acc_scale_unit/activated_data_e_scaled_muladder_2/mulAddRecFNToRaw_postMul               
   346     0.05% 6.46244e-07 3.62510e-07 1.40581e-06 2.41456e-06   8 /ChipTop/system/tile_prci_domain/tile_reset_domain_tile/gemmini/spad/acc_scale_unit/activated_data_e_scaled_muladder_2/roundRawFNToRecFN                      
   346     0.05% 6.46244e-07 3.62510e-07 1.40581e-06 2.41456e-06   9 /ChipTop/system/tile_prci_domain/tile_reset_domain_tile/gemmini/spad/acc_scale_unit/activated_data_e_scaled_muladder_2/roundRawFNToRecFN/roundAnyRawFNToRecFN 
    47     0.01% 1.41355e-07 1.20845e-07 2.77370e-07 5.39570e-07   8 /ChipTop/system/tile_prci_domain/tile_reset_domain_tile/gemmini/spad/acc_scale_unit/activated_data_e_scaled_muladder_2/mulAddRecFNToRaw_preMul                
  2476     0.37% 6.26533e-06 1.41834e-06 3.44925e-06 1.11329e-05   7 /ChipTop/system/tile_prci_domain/tile_reset_domain_tile/gemmini/spad/acc_scale_unit/activated_data_e_scaled_muladder_3                                        
   346     0.05% 6.68177e-07 3.85885e-07 1.67037e-06 2.72444e-06   8 /ChipTop/system/tile_prci_domain/tile_reset_domain_tile/gemmini/spad/acc_scale_unit/activated_data_e_scaled_muladder_3/roundRawFNToRecFN                      
   346     0.05% 6.68177e-07 3.85885e-07 1.67037e-06 2.72444e-06   9 /ChipTop/system/tile_prci_domain/tile_reset_domain_tile/gemmini/spad/acc_scale_unit/activated_data_e_scaled_muladder_3/roundRawFNToRecFN/roundAnyRawFNToRecFN 
   435     0.07% 1.13989e-06 6.44782e-07 7.21268e-07 2.50594e-06   8 /ChipTop/system/tile_prci_domain/tile_reset_domain_tile/gemmini/spad/acc_scale_unit/activated_data_e_scaled_muladder_3/mulAddRecFNToRaw_postMul               
    47     0.01% 1.41713e-07 1.03207e-07 3.73882e-07 6.18802e-07   8 /ChipTop/system/tile_prci_domain/tile_reset_domain_tile/gemmini/spad/acc_scale_unit/activated_data_e_scaled_muladder_3/mulAddRecFNToRaw_preMul                
  2467     0.37% 6.12741e-06 1.45639e-06 3.47941e-06 1.10632e-05   7 /ChipTop/system/tile_prci_domain/tile_reset_domain_tile/gemmini/spad/acc_scale_unit/activated_data_e_scaled_muladder_13                                       
   346     0.05% 6.67483e-07 3.85180e-07 1.67444e-06 2.72710e-06   8 /ChipTop/system/tile_prci_domain/tile_reset_domain_tile/gemmini/spad/acc_scale_unit/activated_data_e_scaled_muladder_13/roundRawFNToRecFN                     
   346     0.05% 6.67483e-07 3.85180e-07 1.67444e-06 2.72710e-06   9 /ChipTop/system/tile_prci_domain/tile_reset_domain_tile/gemmini/spad/acc_scale_unit/activated_data_e_scaled_muladder_13/roundRawFNToRecFN/roundAnyRawFNToRecFN
   436     0.07% 1.11883e-06 6.73263e-07 7.38432e-07 2.53053e-06   8 /ChipTop/system/tile_prci_domain/tile_reset_domain_tile/gemmini/spad/acc_scale_unit/activated_data_e_scaled_muladder_13/mulAddRecFNToRaw_postMul              
    47     0.01% 1.45506e-07 9.64740e-08 3.72500e-07 6.14480e-07   8 /ChipTop/system/tile_prci_domain/tile_reset_domain_tile/gemmini/spad/acc_scale_unit/activated_data_e_scaled_muladder_13/mulAddRecFNToRaw_preMul               
  2517     0.38% 6.26905e-06 1.41951e-06 3.34700e-06 1.10356e-05   7 /ChipTop/system/tile_prci_domain/tile_reset_domain_tile/gemmini/spad/acc_scale_unit/activated_data_e_scaled_muladder_7                                        
   346     0.05% 6.70064e-07 3.90729e-07 1.64388e-06 2.70468e-06   8 /ChipTop/system/tile_prci_domain/tile_reset_domain_tile/gemmini/spad/acc_scale_unit/activated_data_e_scaled_muladder_7/roundRawFNToRecFN                      
   346     0.05% 6.70064e-07 3.90729e-07 1.64388e-06 2.70468e-06   9 /ChipTop/system/tile_prci_domain/tile_reset_domain_tile/gemmini/spad/acc_scale_unit/activated_data_e_scaled_muladder_7/roundRawFNToRecFN/roundAnyRawFNToRecFN 
   437     0.07% 1.08050e-06 6.45563e-07 6.61480e-07 2.38754e-06   8 /ChipTop/system/tile_prci_domain/tile_reset_domain_tile/gemmini/spad/acc_scale_unit/activated_data_e_scaled_muladder_7/mulAddRecFNToRaw_postMul               
    46     0.01% 1.61655e-07 1.20350e-07 3.38340e-07 6.20345e-07   8 /ChipTop/system/tile_prci_domain/tile_reset_domain_tile/gemmini/spad/acc_scale_unit/activated_data_e_scaled_muladder_7/mulAddRecFNToRaw_preMul                
  2529     0.38% 6.19578e-06 1.41850e-06 3.42003e-06 1.10343e-05   7 /ChipTop/system/tile_prci_domain/tile_reset_domain_tile/gemmini/spad/acc_scale_unit/activated_data_e_scaled_muladder_10                                       
   346     0.05% 6.67729e-07 3.57565e-07 1.56851e-06 2.59380e-06   8 /ChipTop/system/tile_prci_domain/tile_reset_domain_tile/gemmini/spad/acc_scale_unit/activated_data_e_scaled_muladder_10/roundRawFNToRecFN                     
   346     0.05% 6.67729e-07 3.57565e-07 1.56851e-06 2.59380e-06   9 /ChipTop/system/tile_prci_domain/tile_reset_domain_tile/gemmini/spad/acc_scale_unit/activated_data_e_scaled_muladder_10/roundRawFNToRecFN/roundAnyRawFNToRecFN
   436     0.07% 1.12304e-06 7.03909e-07 7.47820e-07 2.57477e-06   8 /ChipTop/system/tile_prci_domain/tile_reset_domain_tile/gemmini/spad/acc_scale_unit/activated_data_e_scaled_muladder_10/mulAddRecFNToRaw_postMul              
    47     0.01% 1.36101e-07 1.11296e-07 3.41894e-07 5.89291e-07   8 /ChipTop/system/tile_prci_domain/tile_reset_domain_tile/gemmini/spad/acc_scale_unit/activated_data_e_scaled_muladder_10/mulAddRecFNToRaw_preMul               
  2488     0.38% 6.19226e-06 1.44343e-06 3.21235e-06 1.08480e-05   7 /ChipTop/system/tile_prci_domain/tile_reset_domain_tile/gemmini/spad/acc_scale_unit/activated_data_e_scaled_muladder_6                                        
   435     0.07% 1.07318e-06 7.29234e-07 7.19556e-07 2.52197e-06   8 /ChipTop/system/tile_prci_domain/tile_reset_domain_tile/gemmini/spad/acc_scale_unit/activated_data_e_scaled_muladder_6/mulAddRecFNToRaw_postMul               
   346     0.05% 6.79020e-07 3.43729e-07 1.44277e-06 2.46552e-06   8 /ChipTop/system/tile_prci_domain/tile_reset_domain_tile/gemmini/spad/acc_scale_unit/activated_data_e_scaled_muladder_6/roundRawFNToRecFN                      
   346     0.05% 6.79020e-07 3.43729e-07 1.44277e-06 2.46552e-06   9 /ChipTop/system/tile_prci_domain/tile_reset_domain_tile/gemmini/spad/acc_scale_unit/activated_data_e_scaled_muladder_6/roundRawFNToRecFN/roundAnyRawFNToRecFN 
    47     0.01% 1.40714e-07 1.13843e-07 2.92502e-07 5.47059e-07   8 /ChipTop/system/tile_prci_domain/tile_reset_domain_tile/gemmini/spad/acc_scale_unit/activated_data_e_scaled_muladder_6/mulAddRecFNToRaw_preMul                
  2439     0.37% 6.03727e-06 1.33330e-06 3.40860e-06 1.07792e-05   7 /ChipTop/system/tile_prci_domain/tile_reset_domain_tile/gemmini/spad/acc_scale_unit/activated_data_e_scaled_muladder_9                                        
   346     0.05% 6.81307e-07 3.16415e-07 1.59049e-06 2.58821e-06   8 /ChipTop/system/tile_prci_domain/tile_reset_domain_tile/gemmini/spad/acc_scale_unit/activated_data_e_scaled_muladder_9/roundRawFNToRecFN                      
   346     0.05% 6.81307e-07 3.16415e-07 1.59049e-06 2.58821e-06   9 /ChipTop/system/tile_prci_domain/tile_reset_domain_tile/gemmini/spad/acc_scale_unit/activated_data_e_scaled_muladder_9/roundRawFNToRecFN/roundAnyRawFNToRecFN 
   437     0.07% 1.13627e-06 6.81827e-07 7.42969e-07 2.56107e-06   8 /ChipTop/system/tile_prci_domain/tile_reset_domain_tile/gemmini/spad/acc_scale_unit/activated_data_e_scaled_muladder_9/mulAddRecFNToRaw_postMul               
    47     0.01% 1.38530e-07 1.00776e-07 3.53058e-07 5.92364e-07   8 /ChipTop/system/tile_prci_domain/tile_reset_domain_tile/gemmini/spad/acc_scale_unit/activated_data_e_scaled_muladder_9/mulAddRecFNToRaw_preMul                
  2432     0.37% 6.00077e-06 1.40123e-06 3.36469e-06 1.07667e-05   7 /ChipTop/system/tile_prci_domain/tile_reset_domain_tile/gemmini/spad/acc_scale_unit/activated_data_e_scaled_muladder_12                                       
   346     0.05% 6.63423e-07 3.73219e-07 1.61590e-06 2.65254e-06   8 /ChipTop/system/tile_prci_domain/tile_reset_domain_tile/gemmini/spad/acc_scale_unit/activated_data_e_scaled_muladder_12/roundRawFNToRecFN                     
   346     0.05% 6.63423e-07 3.73219e-07 1.61590e-06 2.65254e-06   9 /ChipTop/system/tile_prci_domain/tile_reset_domain_tile/gemmini/spad/acc_scale_unit/activated_data_e_scaled_muladder_12/roundRawFNToRecFN/roundAnyRawFNToRecFN
   436     0.07% 1.06985e-06 6.41931e-07 6.95799e-07 2.40757e-06   8 /ChipTop/system/tile_prci_domain/tile_reset_domain_tile/gemmini/spad/acc_scale_unit/activated_data_e_scaled_muladder_12/mulAddRecFNToRaw_postMul              
    46     0.01% 1.38488e-07 1.03563e-07 3.58488e-07 6.00539e-07   8 /ChipTop/system/tile_prci_domain/tile_reset_domain_tile/gemmini/spad/acc_scale_unit/activated_data_e_scaled_muladder_12/mulAddRecFNToRaw_preMul               
  2442     0.37% 5.98203e-06 1.33845e-06 3.40828e-06 1.07288e-05   7 /ChipTop/system/tile_prci_domain/tile_reset_domain_tile/gemmini/spad/acc_scale_unit/activated_data_e_scaled_muladder_14                                       
   346     0.05% 6.53346e-07 3.19029e-07 1.59041e-06 2.56279e-06   8 /ChipTop/system/tile_prci_domain/tile_reset_domain_tile/gemmini/spad/acc_scale_unit/activated_data_e_scaled_muladder_14/roundRawFNToRecFN                     
   346     0.05% 6.53346e-07 3.19029e-07 1.59041e-06 2.56279e-06   9 /ChipTop/system/tile_prci_domain/tile_reset_domain_tile/gemmini/spad/acc_scale_unit/activated_data_e_scaled_muladder_14/roundRawFNToRecFN/roundAnyRawFNToRecFN
   436     0.07% 1.11753e-06 6.57997e-07 7.46565e-07 2.52209e-06   8 /ChipTop/system/tile_prci_domain/tile_reset_domain_tile/gemmini/spad/acc_scale_unit/activated_data_e_scaled_muladder_14/mulAddRecFNToRaw_postMul              
    49     0.01% 1.33228e-07 9.97460e-08 3.56955e-07 5.89929e-07   8 /ChipTop/system/tile_prci_domain/tile_reset_domain_tile/gemmini/spad/acc_scale_unit/activated_data_e_scaled_muladder_14/mulAddRecFNToRaw_preMul               
  2476     0.37% 6.18705e-06 1.39305e-06 3.12005e-06 1.07002e-05   7 /ChipTop/system/tile_prci_domain/tile_reset_domain_tile/gemmini/spad/acc_scale_unit/activated_data_e_scaled_muladder                                          
   346     0.05% 5.92515e-07 3.79049e-07 1.52111e-06 2.49267e-06   8 /ChipTop/system/tile_prci_domain/tile_reset_domain_tile/gemmini/spad/acc_scale_unit/activated_data_e_scaled_muladder/roundRawFNToRecFN                        
   346     0.05% 5.92515e-07 3.79049e-07 1.52111e-06 2.49267e-06   9 /ChipTop/system/tile_prci_domain/tile_reset_domain_tile/gemmini/spad/acc_scale_unit/activated_data_e_scaled_muladder/roundRawFNToRecFN/roundAnyRawFNToRecFN   
   435     0.07% 1.14658e-06 6.34965e-07 6.74409e-07 2.45595e-06   8 /ChipTop/system/tile_prci_domain/tile_reset_domain_tile/gemmini/spad/acc_scale_unit/activated_data_e_scaled_muladder/mulAddRecFNToRaw_postMul                 
    47     0.01% 1.37145e-07 8.84910e-08 2.60234e-07 4.85870e-07   8 /ChipTop/system/tile_prci_domain/tile_reset_domain_tile/gemmini/spad/acc_scale_unit/activated_data_e_scaled_muladder/mulAddRecFNToRaw_preMul                  
  2439     0.37% 6.06211e-06 1.34799e-06 3.22117e-06 1.06313e-05   7 /ChipTop/system/tile_prci_domain/tile_reset_domain_tile/gemmini/spad/acc_scale_unit/activated_data_e_scaled_muladder_15                                       
   346     0.05% 6.85811e-07 3.78105e-07 1.54393e-06 2.60785e-06   8 /ChipTop/system/tile_prci_domain/tile_reset_domain_tile/gemmini/spad/acc_scale_unit/activated_data_e_scaled_muladder_15/roundRawFNToRecFN                     
   346     0.05% 6.85811e-07 3.78105e-07 1.54393e-06 2.60785e-06   9 /ChipTop/system/tile_prci_domain/tile_reset_domain_tile/gemmini/spad/acc_scale_unit/activated_data_e_scaled_muladder_15/roundRawFNToRecFN/roundAnyRawFNToRecFN
   436     0.07% 1.13132e-06 6.39454e-07 7.09577e-07 2.48035e-06   8 /ChipTop/system/tile_prci_domain/tile_reset_domain_tile/gemmini/spad/acc_scale_unit/activated_data_e_scaled_muladder_15/mulAddRecFNToRaw_postMul              
    46     0.01% 1.44524e-07 1.00717e-07 2.63915e-07 5.09156e-07   8 /ChipTop/system/tile_prci_domain/tile_reset_domain_tile/gemmini/spad/acc_scale_unit/activated_data_e_scaled_muladder_15/mulAddRecFNToRaw_preMul               
  2434     0.37% 5.99390e-06 1.37047e-06 3.25672e-06 1.06211e-05   7 /ChipTop/system/tile_prci_domain/tile_reset_domain_tile/gemmini/spad/acc_scale_unit/activated_data_e_scaled_muladder_8                                        
   346     0.05% 6.28678e-07 4.05042e-07 1.55871e-06 2.59243e-06   8 /ChipTop/system/tile_prci_domain/tile_reset_domain_tile/gemmini/spad/acc_scale_unit/activated_data_e_scaled_muladder_8/roundRawFNToRecFN                      
   346     0.05% 6.28678e-07 4.05042e-07 1.55871e-06 2.59243e-06   9 /ChipTop/system/tile_prci_domain/tile_reset_domain_tile/gemmini/spad/acc_scale_unit/activated_data_e_scaled_muladder_8/roundRawFNToRecFN/roundAnyRawFNToRecFN 
   436     0.07% 1.08857e-06 6.33656e-07 7.45309e-07 2.46754e-06   8 /ChipTop/system/tile_prci_domain/tile_reset_domain_tile/gemmini/spad/acc_scale_unit/activated_data_e_scaled_muladder_8/mulAddRecFNToRaw_postMul               
    46     0.01% 1.26814e-07 1.00134e-07 2.67726e-07 4.94674e-07   8 /ChipTop/system/tile_prci_domain/tile_reset_domain_tile/gemmini/spad/acc_scale_unit/activated_data_e_scaled_muladder_8/mulAddRecFNToRaw_preMul                
  2484     0.38% 6.06811e-06 1.31006e-06 3.09676e-06 1.04749e-05   7 /ChipTop/system/tile_prci_domain/tile_reset_domain_tile/gemmini/spad/acc_scale_unit/activated_data_e_scaled_muladder_4                                        
   346     0.05% 6.99518e-07 3.10217e-07 1.44115e-06 2.45088e-06   8 /ChipTop/system/tile_prci_domain/tile_reset_domain_tile/gemmini/spad/acc_scale_unit/activated_data_e_scaled_muladder_4/roundRawFNToRecFN                      
   346     0.05% 6.99518e-07 3.10217e-07 1.44115e-06 2.45088e-06   9 /ChipTop/system/tile_prci_domain/tile_reset_domain_tile/gemmini/spad/acc_scale_unit/activated_data_e_scaled_muladder_4/roundRawFNToRecFN/roundAnyRawFNToRecFN 
   435     0.07% 1.08511e-06 6.06422e-07 7.06520e-07 2.39805e-06   8 /ChipTop/system/tile_prci_domain/tile_reset_domain_tile/gemmini/spad/acc_scale_unit/activated_data_e_scaled_muladder_4/mulAddRecFNToRaw_postMul               
    47     0.01% 1.37724e-07 1.03393e-07 2.78413e-07 5.19530e-07   8 /ChipTop/system/tile_prci_domain/tile_reset_domain_tile/gemmini/spad/acc_scale_unit/activated_data_e_scaled_muladder_4/mulAddRecFNToRaw_preMul                
  2440     0.37% 5.90839e-06 1.41336e-06 3.14012e-06 1.04619e-05   7 /ChipTop/system/tile_prci_domain/tile_reset_domain_tile/gemmini/spad/acc_scale_unit/activated_data_e_scaled_muladder_5                                        
   346     0.05% 5.79353e-07 3.75674e-07 1.50540e-06 2.46043e-06   8 /ChipTop/system/tile_prci_domain/tile_reset_domain_tile/gemmini/spad/acc_scale_unit/activated_data_e_scaled_muladder_5/roundRawFNToRecFN                      
   346     0.05% 5.79353e-07 3.75674e-07 1.50540e-06 2.46043e-06   9 /ChipTop/system/tile_prci_domain/tile_reset_domain_tile/gemmini/spad/acc_scale_unit/activated_data_e_scaled_muladder_5/roundRawFNToRecFN/roundAnyRawFNToRecFN 
   437     0.07% 1.10987e-06 6.32233e-07 7.09037e-07 2.45114e-06   8 /ChipTop/system/tile_prci_domain/tile_reset_domain_tile/gemmini/spad/acc_scale_unit/activated_data_e_scaled_muladder_5/mulAddRecFNToRaw_postMul               
    46     0.01% 1.44064e-07 1.20976e-07 2.66539e-07 5.31579e-07   8 /ChipTop/system/tile_prci_domain/tile_reset_domain_tile/gemmini/spad/acc_scale_unit/activated_data_e_scaled_muladder_5/mulAddRecFNToRaw_preMul                
  2459     0.37% 6.04397e-06 1.25157e-06 3.15595e-06 1.04515e-05   7 /ChipTop/system/tile_prci_domain/tile_reset_domain_tile/gemmini/spad/acc_scale_unit/activated_data_e_scaled_muladder_11                                       
   346     0.05% 6.64452e-07 3.10354e-07 1.48616e-06 2.46097e-06   8 /ChipTop/system/tile_prci_domain/tile_reset_domain_tile/gemmini/spad/acc_scale_unit/activated_data_e_scaled_muladder_11/roundRawFNToRecFN                     
   346     0.05% 6.64452e-07 3.10354e-07 1.48616e-06 2.46097e-06   9 /ChipTop/system/tile_prci_domain/tile_reset_domain_tile/gemmini/spad/acc_scale_unit/activated_data_e_scaled_muladder_11/roundRawFNToRecFN/roundAnyRawFNToRecFN
   435     0.07% 1.07870e-06 5.92574e-07 7.42826e-07 2.41410e-06   8 /ChipTop/system/tile_prci_domain/tile_reset_domain_tile/gemmini/spad/acc_scale_unit/activated_data_e_scaled_muladder_11/mulAddRecFNToRaw_postMul              
    47     0.01% 1.36630e-07 8.95340e-08 2.77372e-07 5.03536e-07   8 /ChipTop/system/tile_prci_domain/tile_reset_domain_tile/gemmini/spad/acc_scale_unit/activated_data_e_scaled_muladder_11/mulAddRecFNToRaw_preMul               
   556     0.08% 1.43451e-06 9.18021e-07 4.11731e-06 6.46985e-06   7 /ChipTop/system/tile_prci_domain/tile_reset_domain_tile/gemmini/spad/acc_scale_unit/activated_data_e_scaled_in_to_rec_fn_1                                    
   116     0.02% 3.20282e-07 7.20124e-07 2.52790e-06 3.56831e-06   8 /ChipTop/system/tile_prci_domain/tile_reset_domain_tile/gemmini/spad/acc_scale_unit/activated_data_e_scaled_in_to_rec_fn_1/roundAnyRawFNToRecFN               
   574     0.09% 1.54610e-06 3.47650e-07 3.86763e-06 5.76138e-06   7 /ChipTop/system/tile_prci_domain/tile_reset_domain_tile/gemmini/spad/acc_scale_unit/activated_data_e_scaled_in_to_rec_fn_2                                    
   119     0.02% 4.36520e-07 8.19030e-08 2.45528e-06 2.97371e-06   8 /ChipTop/system/tile_prci_domain/tile_reset_domain_tile/gemmini/spad/acc_scale_unit/activated_data_e_scaled_in_to_rec_fn_2/roundAnyRawFNToRecFN               
   577     0.09% 1.40684e-06 9.21357e-07 3.42337e-06 5.75156e-06   7 /ChipTop/system/tile_prci_domain/tile_reset_domain_tile/gemmini/spad/acc_scale_unit/activated_data_e_scaled_in_to_rec_fn_7                                    
   108     0.02% 2.87339e-07 7.06102e-07 2.04377e-06 3.03721e-06   8 /ChipTop/system/tile_prci_domain/tile_reset_domain_tile/gemmini/spad/acc_scale_unit/activated_data_e_scaled_in_to_rec_fn_7/roundAnyRawFNToRecFN               
   559     0.08% 1.29170e-06 9.18091e-07 3.42684e-06 5.63663e-06   7 /ChipTop/system/tile_prci_domain/tile_reset_domain_tile/gemmini/spad/acc_scale_unit/activated_data_e_scaled_in_to_rec_fn_12                                   
   113     0.02% 3.12916e-07 6.70672e-07 1.94891e-06 2.93250e-06   8 /ChipTop/system/tile_prci_domain/tile_reset_domain_tile/gemmini/spad/acc_scale_unit/activated_data_e_scaled_in_to_rec_fn_12/roundAnyRawFNToRecFN              
   577     0.09% 1.40109e-06 8.47286e-07 3.38256e-06 5.63093e-06   7 /ChipTop/system/tile_prci_domain/tile_reset_domain_tile/gemmini/spad/acc_scale_unit/activated_data_e_scaled_in_to_rec_fn_6                                    
   122     0.02% 3.04541e-07 6.72724e-07 2.14414e-06 3.12140e-06   8 /ChipTop/system/tile_prci_domain/tile_reset_domain_tile/gemmini/spad/acc_scale_unit/activated_data_e_scaled_in_to_rec_fn_6/roundAnyRawFNToRecFN               
   535     0.08% 1.28062e-06 8.56913e-07 3.47074e-06 5.60827e-06   7 /ChipTop/system/tile_prci_domain/tile_reset_domain_tile/gemmini/spad/acc_scale_unit/activated_data_e_scaled_in_to_rec_fn_10                                   
   112     0.02% 2.94613e-07 6.80282e-07 2.20144e-06 3.17634e-06   8 /ChipTop/system/tile_prci_domain/tile_reset_domain_tile/gemmini/spad/acc_scale_unit/activated_data_e_scaled_in_to_rec_fn_10/roundAnyRawFNToRecFN              
   550     0.08% 1.26497e-06 8.43709e-07 3.46207e-06 5.57075e-06   7 /ChipTop/system/tile_prci_domain/tile_reset_domain_tile/gemmini/spad/acc_scale_unit/activated_data_e_scaled_in_to_rec_fn_5                                    
   111     0.02% 2.68385e-07 6.55357e-07 2.23211e-06 3.15586e-06   8 /ChipTop/system/tile_prci_domain/tile_reset_domain_tile/gemmini/spad/acc_scale_unit/activated_data_e_scaled_in_to_rec_fn_5/roundAnyRawFNToRecFN               
   553     0.08% 1.35574e-06 7.92557e-07 3.36332e-06 5.51162e-06   7 /ChipTop/system/tile_prci_domain/tile_reset_domain_tile/gemmini/spad/acc_scale_unit/activated_data_e_scaled_in_to_rec_fn_4                                    
   117     0.02% 3.21536e-07 6.18026e-07 2.27845e-06 3.21801e-06   8 /ChipTop/system/tile_prci_domain/tile_reset_domain_tile/gemmini/spad/acc_scale_unit/activated_data_e_scaled_in_to_rec_fn_4/roundAnyRawFNToRecFN               
   552     0.08% 1.34134e-06 2.87325e-07 3.82018e-06 5.44884e-06   7 /ChipTop/system/tile_prci_domain/tile_reset_domain_tile/gemmini/spad/acc_scale_unit/activated_data_e_scaled_in_to_rec_fn_13                                   
   115     0.02% 3.37091e-07 7.96990e-08 2.26203e-06 2.67882e-06   8 /ChipTop/system/tile_prci_domain/tile_reset_domain_tile/gemmini/spad/acc_scale_unit/activated_data_e_scaled_in_to_rec_fn_13/roundAnyRawFNToRecFN              
   571     0.09% 1.41643e-06 8.35804e-07 3.17334e-06 5.42558e-06   7 /ChipTop/system/tile_prci_domain/tile_reset_domain_tile/gemmini/spad/acc_scale_unit/activated_data_e_scaled_in_to_rec_fn_3                                    
   114     0.02% 2.95466e-07 6.63947e-07 1.99932e-06 2.95873e-06   8 /ChipTop/system/tile_prci_domain/tile_reset_domain_tile/gemmini/spad/acc_scale_unit/activated_data_e_scaled_in_to_rec_fn_3/roundAnyRawFNToRecFN               
   527     0.08% 1.18999e-06 9.24570e-07 3.29927e-06 5.41384e-06   7 /ChipTop/system/tile_prci_domain/tile_reset_domain_tile/gemmini/spad/acc_scale_unit/activated_data_e_scaled_in_to_rec_fn_14                                   
   109     0.02% 2.91844e-07 7.15302e-07 2.09454e-06 3.10169e-06   8 /ChipTop/system/tile_prci_domain/tile_reset_domain_tile/gemmini/spad/acc_scale_unit/activated_data_e_scaled_in_to_rec_fn_14/roundAnyRawFNToRecFN              
   569     0.09% 1.43174e-06 7.10937e-07 3.16372e-06 5.30640e-06   7 /ChipTop/system/tile_prci_domain/tile_reset_domain_tile/gemmini/spad/acc_scale_unit/activated_data_e_scaled_in_to_rec_fn                                      
   114     0.02% 2.92478e-07 5.69297e-07 2.07684e-06 2.93862e-06   8 /ChipTop/system/tile_prci_domain/tile_reset_domain_tile/gemmini/spad/acc_scale_unit/activated_data_e_scaled_in_to_rec_fn/roundAnyRawFNToRecFN                 
   547     0.08% 1.30320e-06 5.93000e-07 3.29508e-06 5.19127e-06   7 /ChipTop/system/tile_prci_domain/tile_reset_domain_tile/gemmini/spad/acc_scale_unit/activated_data_e_scaled_in_to_rec_fn_11                                   
   117     0.02% 3.06242e-07 4.36717e-07 2.15934e-06 2.90230e-06   8 /ChipTop/system/tile_prci_domain/tile_reset_domain_tile/gemmini/spad/acc_scale_unit/activated_data_e_scaled_in_to_rec_fn_11/roundAnyRawFNToRecFN              
   540     0.08% 1.33069e-06 3.32035e-07 3.46801e-06 5.13073e-06   7 /ChipTop/system/tile_prci_domain/tile_reset_domain_tile/gemmini/spad/acc_scale_unit/activated_data_e_scaled_in_to_rec_fn_15                                   
   112     0.02% 3.64334e-07 7.33180e-08 1.99360e-06 2.43125e-06   8 /ChipTop/system/tile_prci_domain/tile_reset_domain_tile/gemmini/spad/acc_scale_unit/activated_data_e_scaled_in_to_rec_fn_15/roundAnyRawFNToRecFN              
   531     0.08% 1.20485e-06 7.71707e-07 3.09198e-06 5.06853e-06   7 /ChipTop/system/tile_prci_domain/tile_reset_domain_tile/gemmini/spad/acc_scale_unit/activated_data_e_scaled_in_to_rec_fn_9                                    
   111     0.02% 2.80926e-07 6.20232e-07 1.93868e-06 2.83984e-06   8 /ChipTop/system/tile_prci_domain/tile_reset_domain_tile/gemmini/spad/acc_scale_unit/activated_data_e_scaled_in_to_rec_fn_9/roundAnyRawFNToRecFN               
   527     0.08% 1.28656e-06 3.15888e-07 3.19487e-06 4.79732e-06   7 /ChipTop/system/tile_prci_domain/tile_reset_domain_tile/gemmini/spad/acc_scale_unit/activated_data_e_scaled_in_to_rec_fn_8                                    
   111     0.02% 3.62185e-07 6.88000e-08 1.89895e-06 2.32994e-06   8 /ChipTop/system/tile_prci_domain/tile_reset_domain_tile/gemmini/spad/acc_scale_unit/activated_data_e_scaled_in_to_rec_fn_8/roundAnyRawFNToRecFN               
   331     0.05% 9.56815e-07 8.31400e-08 3.33195e-07 1.37315e-06   7 /ChipTop/system/tile_prci_domain/tile_reset_domain_tile/gemmini/spad/acc_scale_unit/activated_data_e_scaled_rec_fn_to_in_7                                    
   331     0.05% 9.05208e-07 8.16780e-08 3.35910e-07 1.32280e-06   7 /ChipTop/system/tile_prci_domain/tile_reset_domain_tile/gemmini/spad/acc_scale_unit/activated_data_e_scaled_rec_fn_to_in_12                                   
   331     0.05% 8.83475e-07 8.25380e-08 3.35609e-07 1.30162e-06   7 /ChipTop/system/tile_prci_domain/tile_reset_domain_tile/gemmini/spad/acc_scale_unit/activated_data_e_scaled_rec_fn_to_in_3                                    
   331     0.05% 8.51762e-07 8.18160e-08 3.35609e-07 1.26919e-06   7 /ChipTop/system/tile_prci_domain/tile_reset_domain_tile/gemmini/spad/acc_scale_unit/activated_data_e_scaled_rec_fn_to_in_13                                   
   331     0.05% 9.50473e-07 8.06350e-08 1.75229e-07 1.20634e-06   7 /ChipTop/system/tile_prci_domain/tile_reset_domain_tile/gemmini/spad/acc_scale_unit/activated_data_e_scaled_rec_fn_to_in_15                                   
   327     0.05% 8.89859e-07 9.30530e-08 1.78644e-07 1.16156e-06   7 /ChipTop/system/tile_prci_domain/tile_reset_domain_tile/gemmini/spad/acc_scale_unit/activated_data_e_scaled_rec_fn_to_in_1                                    
   331     0.05% 7.29412e-07 8.16450e-08 3.35609e-07 1.14667e-06   7 /ChipTop/system/tile_prci_domain/tile_reset_domain_tile/gemmini/spad/acc_scale_unit/activated_data_e_scaled_rec_fn_to_in_14                                   
   331     0.05% 7.12228e-07 8.31380e-08 3.35609e-07 1.13098e-06   7 /ChipTop/system/tile_prci_domain/tile_reset_domain_tile/gemmini/spad/acc_scale_unit/activated_data_e_scaled_rec_fn_to_in_10                                   
   331     0.05% 7.08901e-07 7.87420e-08 3.35910e-07 1.12355e-06   7 /ChipTop/system/tile_prci_domain/tile_reset_domain_tile/gemmini/spad/acc_scale_unit/activated_data_e_scaled_rec_fn_to_in_9                                    
   331     0.05% 8.51078e-07 7.91330e-08 1.80702e-07 1.11091e-06   7 /ChipTop/system/tile_prci_domain/tile_reset_domain_tile/gemmini/spad/acc_scale_unit/activated_data_e_scaled_rec_fn_to_in_5                                    
   331     0.05% 8.35040e-07 8.32820e-08 1.77287e-07 1.09561e-06   7 /ChipTop/system/tile_prci_domain/tile_reset_domain_tile/gemmini/spad/acc_scale_unit/activated_data_e_scaled_rec_fn_to_in_11                                   
   331     0.05% 8.28728e-07 7.80050e-08 1.78490e-07 1.08522e-06   7 /ChipTop/system/tile_prci_domain/tile_reset_domain_tile/gemmini/spad/acc_scale_unit/activated_data_e_scaled_rec_fn_to_in_2                                    
   331     0.05% 8.23215e-07 7.65270e-08 1.78490e-07 1.07823e-06   7 /ChipTop/system/tile_prci_domain/tile_reset_domain_tile/gemmini/spad/acc_scale_unit/activated_data_e_scaled_rec_fn_to_in_4                                    
   331     0.05% 7.95610e-07 8.36270e-08 1.78644e-07 1.05788e-06   7 /ChipTop/system/tile_prci_domain/tile_reset_domain_tile/gemmini/spad/acc_scale_unit/activated_data_e_scaled_rec_fn_to_in_8                                    
   331     0.05% 7.45695e-07 7.90030e-08 1.78490e-07 1.00319e-06   7 /ChipTop/system/tile_prci_domain/tile_reset_domain_tile/gemmini/spad/acc_scale_unit/activated_data_e_scaled_rec_fn_to_in_6                                    
   331     0.05% 7.24450e-07 7.77490e-08 1.75229e-07 9.77428e-07   7 /ChipTop/system/tile_prci_domain/tile_reset_domain_tile/gemmini/spad/acc_scale_unit/activated_data_e_scaled_rec_fn_to_in                                      
 13654     2.06% 1.12546e+00 5.15671e+00 4.64076e-01 6.74625e+00   6 /ChipTop/system/tile_prci_domain/tile_reset_domain_tile/gemmini/spad/acc_mems_0                                                                               
     9     0.00% 5.62694e-01 1.37914e+00 1.15925e-02 1.95343e+00   7 /ChipTop/system/tile_prci_domain/tile_reset_domain_tile/gemmini/spad/acc_mems_0/mem_1                                                                         
     9     0.00% 5.62694e-01 1.37914e+00 1.15925e-02 1.95343e+00   8 /ChipTop/system/tile_prci_domain/tile_reset_domain_tile/gemmini/spad/acc_mems_0/mem_1/mem_0_ext                                                               
     9     0.00% 5.62694e-01 1.37914e+00 1.15925e-02 1.95343e+00   7 /ChipTop/system/tile_prci_domain/tile_reset_domain_tile/gemmini/spad/acc_mems_0/mem                                                                           
     9     0.00% 5.62694e-01 1.37914e+00 1.15925e-02 1.95343e+00   8 /ChipTop/system/tile_prci_domain/tile_reset_domain_tile/gemmini/spad/acc_mems_0/mem/mem_0_ext                                                                 
  1348     0.20% 7.43554e-06 7.45205e-02 1.35925e-02 8.81204e-02   7 /ChipTop/system/tile_prci_domain/tile_reset_domain_tile/gemmini/spad/acc_mems_0/q                                                                             
   567     0.09% 4.78652e-06 2.53611e-02 4.15142e-06 2.53700e-02   8 /ChipTop/system/tile_prci_domain/tile_reset_domain_tile/gemmini/spad/acc_mems_0/q/ram_ext                                                                     
 13629     2.06% 1.12546e+00 4.07825e+00 5.77011e-05 5.20377e+00   6 /ChipTop/system/tile_prci_domain/tile_reset_domain_tile/gemmini/spad/acc_mems_1                                                                               
     9     0.00% 5.62694e-01 1.20349e+00 1.44740e-06 1.76618e+00   7 /ChipTop/system/tile_prci_domain/tile_reset_domain_tile/gemmini/spad/acc_mems_1/mem_1                                                                         
     9     0.00% 5.62694e-01 1.20349e+00 1.44740e-06 1.76618e+00   8 /ChipTop/system/tile_prci_domain/tile_reset_domain_tile/gemmini/spad/acc_mems_1/mem_1/mem_0_ext                                                               
     9     0.00% 5.62694e-01 1.20349e+00 1.28205e-06 1.76618e+00   7 /ChipTop/system/tile_prci_domain/tile_reset_domain_tile/gemmini/spad/acc_mems_1/mem                                                                           
     9     0.00% 5.62694e-01 1.20349e+00 1.28205e-06 1.76618e+00   8 /ChipTop/system/tile_prci_domain/tile_reset_domain_tile/gemmini/spad/acc_mems_1/mem/mem_0_ext                                                                 
  1345     0.20% 7.41436e-06 1.94513e-02 6.11578e-06 1.94648e-02   7 /ChipTop/system/tile_prci_domain/tile_reset_domain_tile/gemmini/spad/acc_mems_1/q                                                                             
   567     0.09% 4.77471e-06 1.81744e-02 4.15142e-06 1.81834e-02   8 /ChipTop/system/tile_prci_domain/tile_reset_domain_tile/gemmini/spad/acc_mems_1/q/ram_ext                                                                     
   335     0.05% 2.84791e-01 4.25676e-01 7.65658e-03 7.18124e-01   6 /ChipTop/system/tile_prci_domain/tile_reset_domain_tile/gemmini/spad/spad_mems_0                                                                              
     5     0.00% 2.84789e-01 4.12521e-01 1.18128e-03 6.98491e-01   7 /ChipTop/system/tile_prci_domain/tile_reset_domain_tile/gemmini/spad/spad_mems_0/mem                                                                          
     5     0.00% 2.84789e-01 4.12521e-01 1.18128e-03 6.98491e-01   8 /ChipTop/system/tile_prci_domain/tile_reset_domain_tile/gemmini/spad/spad_mems_0/mem/mem_ext                                                                  
   307     0.05% 1.75438e-06 8.85701e-03 9.94655e-04 9.85342e-03   7 /ChipTop/system/tile_prci_domain/tile_reset_domain_tile/gemmini/spad/spad_mems_0/q                                                                            
   134     0.02% 1.13698e-06 4.75493e-03 9.79188e-07 4.75705e-03   8 /ChipTop/system/tile_prci_domain/tile_reset_domain_tile/gemmini/spad/spad_mems_0/q/ram_ext                                                                    
   335     0.05% 2.84791e-01 4.19354e-01 3.64993e-06 7.04148e-01   6 /ChipTop/system/tile_prci_domain/tile_reset_domain_tile/gemmini/spad/spad_mems_1                                                                              
     5     0.00% 2.84789e-01 4.11199e-01 7.45914e-07 6.95988e-01   7 /ChipTop/system/tile_prci_domain/tile_reset_domain_tile/gemmini/spad/spad_mems_1/mem                                                                          
     5     0.00% 2.84789e-01 4.11199e-01 7.45914e-07 6.95988e-01   8 /ChipTop/system/tile_prci_domain/tile_reset_domain_tile/gemmini/spad/spad_mems_1/mem/mem_ext                                                                  
   307     0.05% 1.75031e-06 5.61460e-03 2.04763e-06 5.61840e-03   7 /ChipTop/system/tile_prci_domain/tile_reset_domain_tile/gemmini/spad/spad_mems_1/q                                                                            
   134     0.02% 1.13507e-06 4.34180e-03 9.79188e-07 4.34392e-03   8 /ChipTop/system/tile_prci_domain/tile_reset_domain_tile/gemmini/spad/spad_mems_1/q/ram_ext                                                                    
   335     0.05% 2.84791e-01 4.19354e-01 3.55005e-06 7.04148e-01   6 /ChipTop/system/tile_prci_domain/tile_reset_domain_tile/gemmini/spad/spad_mems_2                                                                              
     5     0.00% 2.84789e-01 4.11199e-01 7.45914e-07 6.95988e-01   7 /ChipTop/system/tile_prci_domain/tile_reset_domain_tile/gemmini/spad/spad_mems_2/mem                                                                          
     5     0.00% 2.84789e-01 4.11199e-01 7.45914e-07 6.95988e-01   8 /ChipTop/system/tile_prci_domain/tile_reset_domain_tile/gemmini/spad/spad_mems_2/mem/mem_ext                                                                  
   307     0.05% 1.74191e-06 5.61443e-03 1.96934e-06 5.61814e-03   7 /ChipTop/system/tile_prci_domain/tile_reset_domain_tile/gemmini/spad/spad_mems_2/q                                                                            
   134     0.02% 1.12984e-06 4.34180e-03 9.79188e-07 4.34391e-03   8 /ChipTop/system/tile_prci_domain/tile_reset_domain_tile/gemmini/spad/spad_mems_2/q/ram_ext                                                                    
   335     0.05% 2.84791e-01 4.19353e-01 3.23456e-06 7.04147e-01   6 /ChipTop/system/tile_prci_domain/tile_reset_domain_tile/gemmini/spad/spad_mems_3                                                                              
     5     0.00% 2.84789e-01 4.11199e-01 7.45914e-07 6.95988e-01   7 /ChipTop/system/tile_prci_domain/tile_reset_domain_tile/gemmini/spad/spad_mems_3/mem                                                                          
     5     0.00% 2.84789e-01 4.11199e-01 7.45914e-07 6.95988e-01   8 /ChipTop/system/tile_prci_domain/tile_reset_domain_tile/gemmini/spad/spad_mems_3/mem/mem_ext                                                                  
   307     0.05% 1.74250e-06 5.61363e-03 1.65870e-06 5.61703e-03   7 /ChipTop/system/tile_prci_domain/tile_reset_domain_tile/gemmini/spad/spad_mems_3/q                                                                            
   134     0.02% 1.13019e-06 4.34180e-03 9.79188e-07 4.34391e-03   8 /ChipTop/system/tile_prci_domain/tile_reset_domain_tile/gemmini/spad/spad_mems_3/q/ram_ext                                                                    
   545     0.08% 4.40547e-06 5.90120e-01 8.14982e-02 6.71622e-01   6 /ChipTop/system/tile_prci_domain/tile_reset_domain_tile/gemmini/spad/ex_read_pipe_p                                                                           
  2484     0.38% 1.40550e-05 6.51593e-01 1.67670e-06 6.51608e-01   6 /ChipTop/system/tile_prci_domain/tile_reset_domain_tile/gemmini/spad/acc_adders                                                                               
    65     0.01% 5.59897e-07 4.06434e-02 1.30410e-07 4.06441e-02   7 /ChipTop/system/tile_prci_domain/tile_reset_domain_tile/gemmini/spad/acc_adders/m_4                                                                           
    65     0.01% 5.59897e-07 4.06434e-02 1.30410e-07 4.06441e-02   7 /ChipTop/system/tile_prci_domain/tile_reset_domain_tile/gemmini/spad/acc_adders/m_7                                                                           
    65     0.01% 5.59897e-07 4.06434e-02 1.30410e-07 4.06441e-02   7 /ChipTop/system/tile_prci_domain/tile_reset_domain_tile/gemmini/spad/acc_adders/m_12                                                                          
    65     0.01% 5.59897e-07 4.06434e-02 1.17990e-07 4.06441e-02   7 /ChipTop/system/tile_prci_domain/tile_reset_domain_tile/gemmini/spad/acc_adders/m_1                                                                           
    65     0.01% 5.59897e-07 4.06434e-02 1.17990e-07 4.06441e-02   7 /ChipTop/system/tile_prci_domain/tile_reset_domain_tile/gemmini/spad/acc_adders/m_13                                                                          
    65     0.01% 5.59897e-07 4.06434e-02 1.17990e-07 4.06441e-02   7 /ChipTop/system/tile_prci_domain/tile_reset_domain_tile/gemmini/spad/acc_adders/m_14                                                                          
    65     0.01% 5.59897e-07 4.06434e-02 1.11780e-07 4.06441e-02   7 /ChipTop/system/tile_prci_domain/tile_reset_domain_tile/gemmini/spad/acc_adders/m_8                                                                           
    65     0.01% 5.59897e-07 4.06434e-02 1.05570e-07 4.06440e-02   7 /ChipTop/system/tile_prci_domain/tile_reset_domain_tile/gemmini/spad/acc_adders/m_3                                                                           
    65     0.01% 5.59897e-07 4.06434e-02 9.93600e-08 4.06440e-02   7 /ChipTop/system/tile_prci_domain/tile_reset_domain_tile/gemmini/spad/acc_adders/m_10                                                                          
    65     0.01% 5.59897e-07 4.06433e-02 9.31500e-08 4.06440e-02   7 /ChipTop/system/tile_prci_domain/tile_reset_domain_tile/gemmini/spad/acc_adders/m                                                                             
    65     0.01% 5.59897e-07 4.06433e-02 9.31500e-08 4.06440e-02   7 /ChipTop/system/tile_prci_domain/tile_reset_domain_tile/gemmini/spad/acc_adders/m_5                                                                           
    65     0.01% 5.59897e-07 4.06433e-02 9.31500e-08 4.06440e-02   7 /ChipTop/system/tile_prci_domain/tile_reset_domain_tile/gemmini/spad/acc_adders/m_6                                                                           
    65     0.01% 5.59897e-07 4.06433e-02 8.69400e-08 4.06440e-02   7 /ChipTop/system/tile_prci_domain/tile_reset_domain_tile/gemmini/spad/acc_adders/m_9                                                                           
    65     0.01% 5.59897e-07 4.06433e-02 8.69400e-08 4.06440e-02   7 /ChipTop/system/tile_prci_domain/tile_reset_domain_tile/gemmini/spad/acc_adders/m_15                                                                          
    65     0.01% 5.59897e-07 4.06433e-02 8.07300e-08 4.06440e-02   7 /ChipTop/system/tile_prci_domain/tile_reset_domain_tile/gemmini/spad/acc_adders/m_2                                                                           
    65     0.01% 5.59897e-07 4.06433e-02 8.07300e-08 4.06440e-02   7 /ChipTop/system/tile_prci_domain/tile_reset_domain_tile/gemmini/spad/acc_adders/m_11                                                                          
   545     0.08% 4.52121e-06 5.18210e-01 6.97730e-02 5.87988e-01   6 /ChipTop/system/tile_prci_domain/tile_reset_domain_tile/gemmini/spad/dma_read_pipe_p                                                                          
   545     0.08% 4.38104e-06 5.17842e-01 6.97761e-02 5.87623e-01   6 /ChipTop/system/tile_prci_domain/tile_reset_domain_tile/gemmini/spad/ex_read_pipe_p_1                                                                         
   545     0.08% 4.37531e-06 5.17843e-01 6.97743e-02 5.87621e-01   6 /ChipTop/system/tile_prci_domain/tile_reset_domain_tile/gemmini/spad/dma_read_pipe_p_2                                                                        
   545     0.08% 4.34742e-06 5.17842e-01 6.97742e-02 5.87621e-01   6 /ChipTop/system/tile_prci_domain/tile_reset_domain_tile/gemmini/spad/dma_read_pipe_p_1                                                                        
   545     0.08% 4.37439e-06 5.17836e-01 6.97753e-02 5.87615e-01   6 /ChipTop/system/tile_prci_domain/tile_reset_domain_tile/gemmini/spad/ex_read_pipe_p_3                                                                         
   545     0.08% 4.38010e-06 5.17835e-01 6.97746e-02 5.87614e-01   6 /ChipTop/system/tile_prci_domain/tile_reset_domain_tile/gemmini/spad/ex_read_pipe_p_2                                                                         
   545     0.08% 4.38011e-06 5.17835e-01 6.97731e-02 5.87612e-01   6 /ChipTop/system/tile_prci_domain/tile_reset_domain_tile/gemmini/spad/dma_read_pipe_p_3                                                                        
 10045     1.52% 3.38167e-05 3.74875e-01 2.95326e-03 3.77862e-01   6 /ChipTop/system/tile_prci_domain/tile_reset_domain_tile/gemmini/spad/vsm                                                                                      
  1616     0.24% 3.89733e-06 8.59395e-03 5.34474e-05 8.65130e-03   7 /ChipTop/system/tile_prci_domain/tile_reset_domain_tile/gemmini/spad/vsm/pipe_1                                                                               
  1160     0.18% 2.73284e-06 3.15404e-05 3.87202e-05 7.29934e-05   8 /ChipTop/system/tile_prci_domain/tile_reset_domain_tile/gemmini/spad/vsm/pipe_1/out_bits_data_muladder                                                        
   307     0.05% 7.19650e-07 7.95809e-06 1.09130e-05 1.95907e-05   9 /ChipTop/system/tile_prci_domain/tile_reset_domain_tile/gemmini/spad/vsm/pipe_1/out_bits_data_muladder/mulAddRecFNToRaw_postMul                               
   312     0.05% 7.34177e-07 6.93356e-06 1.03934e-05 1.80611e-05   9 /ChipTop/system/tile_prci_domain/tile_reset_domain_tile/gemmini/spad/vsm/pipe_1/out_bits_data_muladder/roundRawFNToRecFN                                      
   312     0.05% 7.34177e-07 6.93356e-06 1.03934e-05 1.80611e-05  10 /ChipTop/system/tile_prci_domain/tile_reset_domain_tile/gemmini/spad/vsm/pipe_1/out_bits_data_muladder/roundRawFNToRecFN/roundAnyRawFNToRecFN                 
    41     0.01% 1.19399e-07 9.20792e-07 9.78848e-07 2.01904e-06   9 /ChipTop/system/tile_prci_domain/tile_reset_domain_tile/gemmini/spad/vsm/pipe_1/out_bits_data_muladder/mulAddRecFNToRaw_preMul                                
    97     0.01% 1.64688e-07 3.38750e-06 3.81731e-06 7.36950e-06   8 /ChipTop/system/tile_prci_domain/tile_reset_domain_tile/gemmini/spad/vsm/pipe_1/out_bits_data_rec_fn_to_in                                                    
    70     0.01% 1.18492e-07 1.40246e-06 2.71807e-06 4.23902e-06   8 /ChipTop/system/tile_prci_domain/tile_reset_domain_tile/gemmini/spad/vsm/pipe_1/out_bits_data_in_to_rec_fn                                                    
     8     0.00% 2.10730e-08 1.34430e-07 6.01092e-07 7.56595e-07   9 /ChipTop/system/tile_prci_domain/tile_reset_domain_tile/gemmini/spad/vsm/pipe_1/out_bits_data_in_to_rec_fn/roundAnyRawFNToRecFN                               
  1616     0.24% 3.76015e-06 8.59106e-03 5.18622e-05 8.64669e-03   7 /ChipTop/system/tile_prci_domain/tile_reset_domain_tile/gemmini/spad/vsm/pipe_3                                                                               
  1160     0.18% 2.62957e-06 3.02774e-05 3.78908e-05 7.07978e-05   8 /ChipTop/system/tile_prci_domain/tile_reset_domain_tile/gemmini/spad/vsm/pipe_3/out_bits_data_muladder                                                        
   307     0.05% 7.13203e-07 9.52802e-06 1.50738e-05 2.53150e-05   9 /ChipTop/system/tile_prci_domain/tile_reset_domain_tile/gemmini/spad/vsm/pipe_3/out_bits_data_muladder/mulAddRecFNToRaw_postMul                               
   312     0.05% 6.57923e-07 3.16433e-06 4.37460e-06 8.19686e-06   9 /ChipTop/system/tile_prci_domain/tile_reset_domain_tile/gemmini/spad/vsm/pipe_3/out_bits_data_muladder/roundRawFNToRecFN                                      
   312     0.05% 6.57923e-07 3.16433e-06 4.37460e-06 8.19686e-06  10 /ChipTop/system/tile_prci_domain/tile_reset_domain_tile/gemmini/spad/vsm/pipe_3/out_bits_data_muladder/roundRawFNToRecFN/roundAnyRawFNToRecFN                 
    41     0.01% 1.24005e-07 8.64655e-07 9.80429e-07 1.96909e-06   9 /ChipTop/system/tile_prci_domain/tile_reset_domain_tile/gemmini/spad/vsm/pipe_3/out_bits_data_muladder/mulAddRecFNToRaw_preMul                                
    97     0.01% 1.52368e-07 2.54173e-06 2.81139e-06 5.50548e-06   8 /ChipTop/system/tile_prci_domain/tile_reset_domain_tile/gemmini/spad/vsm/pipe_3/out_bits_data_rec_fn_to_in                                                    
    70     0.01% 9.83270e-08 1.29579e-06 2.64384e-06 4.03796e-06   8 /ChipTop/system/tile_prci_domain/tile_reset_domain_tile/gemmini/spad/vsm/pipe_3/out_bits_data_in_to_rec_fn                                                    
     8     0.00% 1.70220e-08 1.64308e-07 7.84602e-07 9.65932e-07   9 /ChipTop/system/tile_prci_domain/tile_reset_domain_tile/gemmini/spad/vsm/pipe_3/out_bits_data_in_to_rec_fn/roundAnyRawFNToRecFN                               
  1616     0.24% 3.77098e-06 8.59022e-03 4.98583e-05 8.64385e-03   7 /ChipTop/system/tile_prci_domain/tile_reset_domain_tile/gemmini/spad/vsm/pipe_2                                                                               
  1160     0.18% 2.63780e-06 2.93417e-05 3.58427e-05 6.78222e-05   8 /ChipTop/system/tile_prci_domain/tile_reset_domain_tile/gemmini/spad/vsm/pipe_2/out_bits_data_muladder                                                        
   307     0.05% 7.07451e-07 9.06769e-06 1.40614e-05 2.38365e-05   9 /ChipTop/system/tile_prci_domain/tile_reset_domain_tile/gemmini/spad/vsm/pipe_2/out_bits_data_muladder/mulAddRecFNToRaw_postMul                               
   312     0.05% 6.65018e-07 3.55796e-06 4.14665e-06 8.36964e-06   9 /ChipTop/system/tile_prci_domain/tile_reset_domain_tile/gemmini/spad/vsm/pipe_2/out_bits_data_muladder/roundRawFNToRecFN                                      
   312     0.05% 6.65018e-07 3.55796e-06 4.14665e-06 8.36964e-06  10 /ChipTop/system/tile_prci_domain/tile_reset_domain_tile/gemmini/spad/vsm/pipe_2/out_bits_data_muladder/roundRawFNToRecFN/roundAnyRawFNToRecFN                 
    41     0.01% 1.24818e-07 1.05090e-06 1.13946e-06 2.31518e-06   9 /ChipTop/system/tile_prci_domain/tile_reset_domain_tile/gemmini/spad/vsm/pipe_2/out_bits_data_muladder/mulAddRecFNToRaw_preMul                                
    97     0.01% 1.52314e-07 2.35979e-06 2.62720e-06 5.13931e-06   8 /ChipTop/system/tile_prci_domain/tile_reset_domain_tile/gemmini/spad/vsm/pipe_2/out_bits_data_rec_fn_to_in                                                    
    70     0.01% 9.99560e-08 1.29675e-06 2.48501e-06 3.88172e-06   8 /ChipTop/system/tile_prci_domain/tile_reset_domain_tile/gemmini/spad/vsm/pipe_2/out_bits_data_in_to_rec_fn                                                    
     8     0.00% 1.70340e-08 1.72530e-07 7.81450e-07 9.71014e-07   9 /ChipTop/system/tile_prci_domain/tile_reset_domain_tile/gemmini/spad/vsm/pipe_2/out_bits_data_in_to_rec_fn/roundAnyRawFNToRecFN                               
  1616     0.24% 3.76176e-06 8.58867e-03 4.83214e-05 8.64075e-03   7 /ChipTop/system/tile_prci_domain/tile_reset_domain_tile/gemmini/spad/vsm/pipe                                                                                 
  1160     0.18% 2.63651e-06 2.89598e-05 3.52526e-05 6.68489e-05   8 /ChipTop/system/tile_prci_domain/tile_reset_domain_tile/gemmini/spad/vsm/pipe/out_bits_data_muladder                                                          
   307     0.05% 7.08940e-07 8.56175e-06 1.35625e-05 2.28332e-05   9 /ChipTop/system/tile_prci_domain/tile_reset_domain_tile/gemmini/spad/vsm/pipe/out_bits_data_muladder/mulAddRecFNToRaw_postMul                                 
   312     0.05% 6.67742e-07 3.49183e-06 4.08197e-06 8.24154e-06   9 /ChipTop/system/tile_prci_domain/tile_reset_domain_tile/gemmini/spad/vsm/pipe/out_bits_data_muladder/roundRawFNToRecFN                                        
   312     0.05% 6.67742e-07 3.49183e-06 4.08197e-06 8.24154e-06  10 /ChipTop/system/tile_prci_domain/tile_reset_domain_tile/gemmini/spad/vsm/pipe/out_bits_data_muladder/roundRawFNToRecFN/roundAnyRawFNToRecFN                   
    41     0.01% 1.23628e-07 1.02854e-06 1.09104e-06 2.24321e-06   9 /ChipTop/system/tile_prci_domain/tile_reset_domain_tile/gemmini/spad/vsm/pipe/out_bits_data_muladder/mulAddRecFNToRaw_preMul                                  
    97     0.01% 1.47745e-07 1.87734e-06 2.05175e-06 4.07684e-06   8 /ChipTop/system/tile_prci_domain/tile_reset_domain_tile/gemmini/spad/vsm/pipe/out_bits_data_rec_fn_to_in                                                      
    70     0.01% 9.91460e-08 1.15953e-06 2.25193e-06 3.51061e-06   8 /ChipTop/system/tile_prci_domain/tile_reset_domain_tile/gemmini/spad/vsm/pipe/out_bits_data_in_to_rec_fn                                                      
     8     0.00% 1.68000e-08 1.59727e-07 6.88137e-07 8.64664e-07   9 /ChipTop/system/tile_prci_domain/tile_reset_domain_tile/gemmini/spad/vsm/pipe/out_bits_data_in_to_rec_fn/roundAnyRawFNToRecFN                                 
   243     0.04% 5.04682e-07 8.68588e-04 1.02005e-06 8.70112e-04   7 /ChipTop/system/tile_prci_domain/tile_reset_domain_tile/gemmini/spad/vsm/arb_3                                                                                
   243     0.04% 5.05524e-07 8.68529e-04 1.00737e-06 8.70042e-04   7 /ChipTop/system/tile_prci_domain/tile_reset_domain_tile/gemmini/spad/vsm/arb_1                                                                                
   243     0.04% 4.49754e-07 8.68540e-04 1.00981e-06 8.70000e-04   7 /ChipTop/system/tile_prci_domain/tile_reset_domain_tile/gemmini/spad/vsm/arb                                                                                  
   243     0.04% 4.82522e-07 8.68505e-04 1.00592e-06 8.69994e-04   7 /ChipTop/system/tile_prci_domain/tile_reset_domain_tile/gemmini/spad/vsm/arb_2                                                                                
 17865     2.70% 6.76176e-05 1.58752e-01 1.29660e-03 1.60116e-01   6 /ChipTop/system/tile_prci_domain/tile_reset_domain_tile/gemmini/spad/reader                                                                                   
  2838     0.43% 1.61240e-05 1.13772e-01 9.74058e-05 1.13886e-01   7 /ChipTop/system/tile_prci_domain/tile_reset_domain_tile/gemmini/spad/reader/xactTracker                                                                       
  1176     0.18% 7.01527e-06 2.35743e-02 1.25535e-04 2.37069e-02   7 /ChipTop/system/tile_prci_domain/tile_reset_domain_tile/gemmini/spad/reader/core                                                                              
   209     0.03% 1.72510e-06 7.55779e-03 3.14116e-05 7.59093e-03   8 /ChipTop/system/tile_prci_domain/tile_reset_domain_tile/gemmini/spad/reader/core/tlb_q                                                                        
   206     0.03% 1.71408e-06 6.28723e-03 3.08655e-05 6.31981e-03   9 /ChipTop/system/tile_prci_domain/tile_reset_domain_tile/gemmini/spad/reader/core/tlb_q/ram_ext                                                                
   209     0.03% 1.73195e-06 7.55646e-03 3.15786e-05 7.58977e-03   8 /ChipTop/system/tile_prci_domain/tile_reset_domain_tile/gemmini/spad/reader/core/translate_q                                                                  
   206     0.03% 1.72093e-06 6.28592e-03 3.13631e-05 6.31900e-03   9 /ChipTop/system/tile_prci_domain/tile_reset_domain_tile/gemmini/spad/reader/core/translate_q/ram_ext                                                          
   226     0.03% 5.33221e-07 2.94120e-06 1.51499e-06 4.98942e-06   8 /ChipTop/system/tile_prci_domain/tile_reset_domain_tile/gemmini/spad/reader/core/tlb_arb                                                                      
 13782     2.08% 4.39320e-05 1.96057e-02 1.06235e-03 2.07120e-02   7 /ChipTop/system/tile_prci_domain/tile_reset_domain_tile/gemmini/spad/reader/beatPacker                                                                        
 10916     1.65% 4.62994e-05 1.25094e-01 3.43813e-05 1.25174e-01   6 /ChipTop/system/tile_prci_domain/tile_reset_domain_tile/gemmini/spad/writer                                                                                   
   214     0.03% 1.79047e-06 7.35748e-03 3.53342e-06 7.36281e-03   7 /ChipTop/system/tile_prci_domain/tile_reset_domain_tile/gemmini/spad/writer/tlb_q                                                                             
   206     0.03% 1.77513e-06 6.08734e-03 3.46587e-06 6.09258e-03   8 /ChipTop/system/tile_prci_domain/tile_reset_domain_tile/gemmini/spad/writer/tlb_q/ram_ext                                                                     
   212     0.03% 1.79532e-06 7.35731e-03 2.69570e-06 7.36180e-03   7 /ChipTop/system/tile_prci_domain/tile_reset_domain_tile/gemmini/spad/writer/shadow_retry_a                                                                    
   206     0.03% 1.77828e-06 6.08718e-03 2.64266e-06 6.09160e-03   8 /ChipTop/system/tile_prci_domain/tile_reset_domain_tile/gemmini/spad/writer/shadow_retry_a/ram_ext                                                            
   214     0.03% 1.72673e-06 7.34974e-03 2.26361e-06 7.35373e-03   7 /ChipTop/system/tile_prci_domain/tile_reset_domain_tile/gemmini/spad/writer/translate_q                                                                       
   206     0.03% 1.71139e-06 6.07960e-03 2.21964e-06 6.08353e-03   8 /ChipTop/system/tile_prci_domain/tile_reset_domain_tile/gemmini/spad/writer/translate_q/ram_ext                                                               
   491     0.07% 8.14825e-07 3.39535e-06 2.38768e-06 6.59785e-06   7 /ChipTop/system/tile_prci_domain/tile_reset_domain_tile/gemmini/spad/writer/tlb_arb                                                                           
  1906     0.29% 1.23503e-05 5.09159e-02 5.56383e-04 5.14847e-02   6 /ChipTop/system/tile_prci_domain/tile_reset_domain_tile/gemmini/spad/norm_unit_passthru_q                                                                     
  1885     0.28% 1.22827e-05 4.56696e-02 1.31273e-05 4.56950e-02   7 /ChipTop/system/tile_prci_domain/tile_reset_domain_tile/gemmini/spad/norm_unit_passthru_q/ram_ext                                                             
  1312     0.20% 8.06007e-06 3.02531e-02 1.28355e-03 3.15447e-02   6 /ChipTop/system/tile_prci_domain/tile_reset_domain_tile/gemmini/spad/buffer                                                                                   
   687     0.10% 4.34447e-06 1.60726e-02 6.47058e-04 1.67240e-02   7 /ChipTop/system/tile_prci_domain/tile_reset_domain_tile/gemmini/spad/buffer/x1_a_q                                                                            
   664     0.10% 4.27210e-06 1.07363e-02 9.74145e-05 1.08380e-02   8 /ChipTop/system/tile_prci_domain/tile_reset_domain_tile/gemmini/spad/buffer/x1_a_q/ram_ext                                                                    
   625     0.09% 3.71560e-06 1.41805e-02 6.36490e-04 1.48207e-02   7 /ChipTop/system/tile_prci_domain/tile_reset_domain_tile/gemmini/spad/buffer/bundleIn_0_d_q                                                                    
   602     0.09% 3.64764e-06 8.92894e-03 8.85649e-05 9.02115e-03   8 /ChipTop/system/tile_prci_domain/tile_reset_domain_tile/gemmini/spad/buffer/bundleIn_0_d_q/ram_ext                                                            
  1197     0.18% 8.13658e-06 3.02477e-02 1.27266e-03 3.15285e-02   6 /ChipTop/system/tile_prci_domain/tile_reset_domain_tile/gemmini/spad/buffer_2                                                                                 
   681     0.10% 4.19499e-06 1.60680e-02 6.46890e-04 1.67191e-02   7 /ChipTop/system/tile_prci_domain/tile_reset_domain_tile/gemmini/spad/buffer_2/x1_a_q                                                                          
   659     0.10% 4.12820e-06 1.07311e-02 9.74763e-05 1.08327e-02   8 /ChipTop/system/tile_prci_domain/tile_reset_domain_tile/gemmini/spad/buffer_2/x1_a_q/ram_ext                                                                  
   516     0.08% 3.94159e-06 1.41797e-02 6.25766e-04 1.48094e-02   7 /ChipTop/system/tile_prci_domain/tile_reset_domain_tile/gemmini/spad/buffer_2/bundleIn_0_d_q                                                                  
   495     0.07% 3.87874e-06 8.92735e-03 7.79091e-05 9.00914e-03   8 /ChipTop/system/tile_prci_domain/tile_reset_domain_tile/gemmini/spad/buffer_2/bundleIn_0_d_q/ram_ext                                                          
   731     0.11% 4.58102e-06 2.28257e-02 1.09456e-03 2.39248e-02   6 /ChipTop/system/tile_prci_domain/tile_reset_domain_tile/gemmini/spad/buffer_1                                                                                 
   681     0.10% 4.32654e-06 1.57585e-02 5.49103e-04 1.63119e-02   7 /ChipTop/system/tile_prci_domain/tile_reset_domain_tile/gemmini/spad/buffer_1/x1_a_q                                                                          
   658     0.10% 4.24863e-06 1.04268e-02 3.82841e-06 1.04349e-02   8 /ChipTop/system/tile_prci_domain/tile_reset_domain_tile/gemmini/spad/buffer_1/x1_a_q/ram_ext                                                                  
    50     0.01% 2.54482e-07 7.06716e-03 5.45456e-04 7.61287e-03   7 /ChipTop/system/tile_prci_domain/tile_reset_domain_tile/gemmini/spad/buffer_1/bundleIn_0_d_q                                                                  
    29     0.00% 1.92813e-07 1.73549e-03 2.04755e-07 1.73589e-03   8 /ChipTop/system/tile_prci_domain/tile_reset_domain_tile/gemmini/spad/buffer_1/bundleIn_0_d_q/ram_ext                                                          
  1191     0.18% 7.28004e-06 2.06391e-02 9.72794e-05 2.07436e-02   6 /ChipTop/system/tile_prci_domain/tile_reset_domain_tile/gemmini/spad/read_issue_q                                                                             
  1152     0.17% 7.12104e-06 1.76146e-02 8.99158e-05 1.77117e-02   7 /ChipTop/system/tile_prci_domain/tile_reset_domain_tile/gemmini/spad/read_issue_q/ram_ext                                                                     
   692     0.10% 5.50517e-06 1.86574e-02 6.66298e-06 1.86696e-02   6 /ChipTop/system/tile_prci_domain/tile_reset_domain_tile/gemmini/spad/vsm_1                                                                                    
   790     0.12% 4.77487e-06 1.86433e-02 6.01253e-06 1.86541e-02   6 /ChipTop/system/tile_prci_domain/tile_reset_domain_tile/gemmini/spad/write_norm_q                                                                             
   750     0.11% 4.61518e-06 1.56324e-02 4.84985e-06 1.56419e-02   7 /ChipTop/system/tile_prci_domain/tile_reset_domain_tile/gemmini/spad/write_norm_q/ram_ext                                                                     
   804     0.12% 4.83669e-06 1.86398e-02 5.63363e-06 1.86503e-02   6 /ChipTop/system/tile_prci_domain/tile_reset_domain_tile/gemmini/spad/write_scale_q                                                                            
   765     0.12% 4.67966e-06 1.56290e-02 4.59720e-06 1.56382e-02   7 /ChipTop/system/tile_prci_domain/tile_reset_domain_tile/gemmini/spad/write_scale_q/ram_ext                                                                    
   650     0.10% 4.14772e-06 1.60355e-02 4.54053e-06 1.60441e-02   6 /ChipTop/system/tile_prci_domain/tile_reset_domain_tile/gemmini/spad/write_issue_q                                                                            
   612     0.09% 3.97962e-06 1.30245e-02 3.05665e-06 1.30316e-02   7 /ChipTop/system/tile_prci_domain/tile_reset_domain_tile/gemmini/spad/write_issue_q/ram_ext                                                                    
   364     0.06% 1.29289e-06 1.39878e-02 2.19748e-05 1.40110e-02   6 /ChipTop/system/tile_prci_domain/tile_reset_domain_tile/gemmini/spad/xbar                                                                                     
   416     0.06% 2.59650e-06 1.22853e-02 5.49985e-04 1.28379e-02   6 /ChipTop/system/tile_prci_domain/tile_reset_domain_tile/gemmini/spad/write_dispatch_q                                                                         
   394     0.06% 2.52840e-06 6.95359e-03 4.67626e-06 6.96080e-03   7 /ChipTop/system/tile_prci_domain/tile_reset_domain_tile/gemmini/spad/write_dispatch_q/ram_ext                                                                 
  1220     0.18% 4.00104e-06 7.72982e-03 2.22178e-04 7.95600e-03   6 /ChipTop/system/tile_prci_domain/tile_reset_domain_tile/gemmini/spad/mvin_scale_pixel_repeater                                                                
   171     0.03% 7.43674e-07 5.54702e-03 7.56255e-07 5.54852e-03   6 /ChipTop/system/tile_prci_domain/tile_reset_domain_tile/gemmini/spad/zero_writer                                                                              
   257     0.04% 8.69355e-07 3.87401e-03 1.25393e-06 3.87613e-03   6 /ChipTop/system/tile_prci_domain/tile_reset_domain_tile/gemmini/spad/zero_writer_pixel_repeater                                                               
223763    33.81% 7.68945e-04 2.20525e+01 1.70419e+00 2.37574e+01   5 /ChipTop/system/tile_prci_domain/tile_reset_domain_tile/gemmini/ex_controller                                                                                 
215654    32.59% 7.38321e-04 2.17406e+01 1.59145e+00 2.33328e+01   6 /ChipTop/system/tile_prci_domain/tile_reset_domain_tile/gemmini/ex_controller/mesh                                                                            
205621    31.07% 6.60260e-04 1.42718e+01 1.54621e+00 1.58187e+01   7 /ChipTop/system/tile_prci_domain/tile_reset_domain_tile/gemmini/ex_controller/mesh/mesh                                                                       
   741     0.11% 2.07852e-06 1.47771e-02 2.28405e-03 1.70632e-02   8 /ChipTop/system/tile_prci_domain/tile_reset_domain_tile/gemmini/ex_controller/mesh/mesh/mesh_15_10                                                            
   741     0.11% 2.07852e-06 1.47771e-02 2.28405e-03 1.70632e-02   9 /ChipTop/system/tile_prci_domain/tile_reset_domain_tile/gemmini/ex_controller/mesh/mesh/mesh_15_10/tile_0_0                                                   
   166     0.03% 5.29037e-07 1.63497e-04 1.59132e-04 3.23158e-04  10 /ChipTop/system/tile_prci_domain/tile_reset_domain_tile/gemmini/ex_controller/mesh/mesh/mesh_15_10/tile_0_0/mac_unit                                          
   741     0.11% 2.08368e-06 1.47734e-02 2.28199e-03 1.70575e-02   8 /ChipTop/system/tile_prci_domain/tile_reset_domain_tile/gemmini/ex_controller/mesh/mesh/mesh_12_10                                                            
   741     0.11% 2.08368e-06 1.47734e-02 2.28199e-03 1.70575e-02   9 /ChipTop/system/tile_prci_domain/tile_reset_domain_tile/gemmini/ex_controller/mesh/mesh/mesh_12_10/tile_0_0                                                   
   166     0.03% 5.33512e-07 1.63847e-04 1.59257e-04 3.23638e-04  10 /ChipTop/system/tile_prci_domain/tile_reset_domain_tile/gemmini/ex_controller/mesh/mesh/mesh_12_10/tile_0_0/mac_unit                                          
   741     0.11% 2.09109e-06 1.47588e-02 2.27711e-03 1.70380e-02   8 /ChipTop/system/tile_prci_domain/tile_reset_domain_tile/gemmini/ex_controller/mesh/mesh/mesh_13_13                                                            
   741     0.11% 2.09109e-06 1.47588e-02 2.27711e-03 1.70380e-02   9 /ChipTop/system/tile_prci_domain/tile_reset_domain_tile/gemmini/ex_controller/mesh/mesh/mesh_13_13/tile_0_0                                                   
   166     0.03% 5.30189e-07 1.58617e-04 1.61213e-04 3.20360e-04  10 /ChipTop/system/tile_prci_domain/tile_reset_domain_tile/gemmini/ex_controller/mesh/mesh/mesh_13_13/tile_0_0/mac_unit                                          
   738     0.11% 2.08697e-06 1.47448e-02 2.25949e-03 1.70064e-02   8 /ChipTop/system/tile_prci_domain/tile_reset_domain_tile/gemmini/ex_controller/mesh/mesh/mesh_11_4                                                             
   738     0.11% 2.08697e-06 1.47448e-02 2.25949e-03 1.70064e-02   9 /ChipTop/system/tile_prci_domain/tile_reset_domain_tile/gemmini/ex_controller/mesh/mesh/mesh_11_4/tile_0_0                                                    
   163     0.02% 5.44594e-07 1.70324e-04 1.62947e-04 3.33816e-04  10 /ChipTop/system/tile_prci_domain/tile_reset_domain_tile/gemmini/ex_controller/mesh/mesh/mesh_11_4/tile_0_0/mac_unit                                           
   738     0.11% 2.08903e-06 1.47452e-02 2.25145e-03 1.69988e-02   8 /ChipTop/system/tile_prci_domain/tile_reset_domain_tile/gemmini/ex_controller/mesh/mesh/mesh_15_14                                                            
   738     0.11% 2.08903e-06 1.47452e-02 2.25145e-03 1.69988e-02   9 /ChipTop/system/tile_prci_domain/tile_reset_domain_tile/gemmini/ex_controller/mesh/mesh/mesh_15_14/tile_0_0                                                   
   163     0.02% 5.44703e-07 1.55764e-04 1.49331e-04 3.05640e-04  10 /ChipTop/system/tile_prci_domain/tile_reset_domain_tile/gemmini/ex_controller/mesh/mesh/mesh_15_14/tile_0_0/mac_unit                                          
   741     0.11% 2.06534e-06 1.47353e-02 2.25344e-03 1.69908e-02   8 /ChipTop/system/tile_prci_domain/tile_reset_domain_tile/gemmini/ex_controller/mesh/mesh/mesh_13_10                                                            
   741     0.11% 2.06534e-06 1.47353e-02 2.25344e-03 1.69908e-02   9 /ChipTop/system/tile_prci_domain/tile_reset_domain_tile/gemmini/ex_controller/mesh/mesh/mesh_13_10/tile_0_0                                                   
   166     0.03% 5.24187e-07 1.61231e-04 1.56796e-04 3.18551e-04  10 /ChipTop/system/tile_prci_domain/tile_reset_domain_tile/gemmini/ex_controller/mesh/mesh/mesh_13_10/tile_0_0/mac_unit                                          
   738     0.11% 2.07936e-06 1.47305e-02 2.25585e-03 1.69884e-02   8 /ChipTop/system/tile_prci_domain/tile_reset_domain_tile/gemmini/ex_controller/mesh/mesh/mesh_14_14                                                            
   738     0.11% 2.07936e-06 1.47305e-02 2.25585e-03 1.69884e-02   9 /ChipTop/system/tile_prci_domain/tile_reset_domain_tile/gemmini/ex_controller/mesh/mesh/mesh_14_14/tile_0_0                                                   
   163     0.02% 5.38199e-07 1.70501e-04 1.68976e-04 3.40015e-04  10 /ChipTop/system/tile_prci_domain/tile_reset_domain_tile/gemmini/ex_controller/mesh/mesh/mesh_14_14/tile_0_0/mac_unit                                          
   741     0.11% 2.07423e-06 1.47315e-02 2.25101e-03 1.69846e-02   8 /ChipTop/system/tile_prci_domain/tile_reset_domain_tile/gemmini/ex_controller/mesh/mesh/mesh_11_10                                                            
   741     0.11% 2.07423e-06 1.47315e-02 2.25101e-03 1.69846e-02   9 /ChipTop/system/tile_prci_domain/tile_reset_domain_tile/gemmini/ex_controller/mesh/mesh/mesh_11_10/tile_0_0                                                   
   166     0.03% 5.33748e-07 1.61445e-04 1.57078e-04 3.19057e-04  10 /ChipTop/system/tile_prci_domain/tile_reset_domain_tile/gemmini/ex_controller/mesh/mesh/mesh_11_10/tile_0_0/mac_unit                                          
   738     0.11% 2.09243e-06 1.47200e-02 2.25574e-03 1.69779e-02   8 /ChipTop/system/tile_prci_domain/tile_reset_domain_tile/gemmini/ex_controller/mesh/mesh/mesh_7_10                                                             
   738     0.11% 2.09243e-06 1.47200e-02 2.25574e-03 1.69779e-02   9 /ChipTop/system/tile_prci_domain/tile_reset_domain_tile/gemmini/ex_controller/mesh/mesh/mesh_7_10/tile_0_0                                                    
   163     0.02% 5.43117e-07 1.68526e-04 1.61323e-04 3.30393e-04  10 /ChipTop/system/tile_prci_domain/tile_reset_domain_tile/gemmini/ex_controller/mesh/mesh/mesh_7_10/tile_0_0/mac_unit                                           
   740     0.11% 2.10673e-06 1.47320e-02 2.23575e-03 1.69698e-02   8 /ChipTop/system/tile_prci_domain/tile_reset_domain_tile/gemmini/ex_controller/mesh/mesh/mesh_10_4                                                             
   740     0.11% 2.10673e-06 1.47320e-02 2.23575e-03 1.69698e-02   9 /ChipTop/system/tile_prci_domain/tile_reset_domain_tile/gemmini/ex_controller/mesh/mesh/mesh_10_4/tile_0_0                                                    
   163     0.02% 5.51404e-07 1.54238e-04 1.47310e-04 3.02099e-04  10 /ChipTop/system/tile_prci_domain/tile_reset_domain_tile/gemmini/ex_controller/mesh/mesh/mesh_10_4/tile_0_0/mac_unit                                           
   741     0.11% 2.08561e-06 1.47262e-02 2.24071e-03 1.69690e-02   8 /ChipTop/system/tile_prci_domain/tile_reset_domain_tile/gemmini/ex_controller/mesh/mesh/mesh_8_5                                                              
   741     0.11% 2.08561e-06 1.47262e-02 2.24071e-03 1.69690e-02   9 /ChipTop/system/tile_prci_domain/tile_reset_domain_tile/gemmini/ex_controller/mesh/mesh/mesh_8_5/tile_0_0                                                     
   166     0.03% 5.29672e-07 1.42349e-04 1.39459e-04 2.82338e-04  10 /ChipTop/system/tile_prci_domain/tile_reset_domain_tile/gemmini/ex_controller/mesh/mesh/mesh_8_5/tile_0_0/mac_unit                                            
   738     0.11% 2.08482e-06 1.47126e-02 2.25347e-03 1.69682e-02   8 /ChipTop/system/tile_prci_domain/tile_reset_domain_tile/gemmini/ex_controller/mesh/mesh/mesh_11_15                                                            
   738     0.11% 2.08482e-06 1.47126e-02 2.25347e-03 1.69682e-02   9 /ChipTop/system/tile_prci_domain/tile_reset_domain_tile/gemmini/ex_controller/mesh/mesh/mesh_11_15/tile_0_0                                                   
   163     0.02% 5.42980e-07 1.75655e-04 1.67761e-04 3.43959e-04  10 /ChipTop/system/tile_prci_domain/tile_reset_domain_tile/gemmini/ex_controller/mesh/mesh/mesh_11_15/tile_0_0/mac_unit                                          
   740     0.11% 2.07580e-06 1.47279e-02 2.23741e-03 1.69674e-02   8 /ChipTop/system/tile_prci_domain/tile_reset_domain_tile/gemmini/ex_controller/mesh/mesh/mesh_13_6                                                             
   740     0.11% 2.07580e-06 1.47279e-02 2.23741e-03 1.69674e-02   9 /ChipTop/system/tile_prci_domain/tile_reset_domain_tile/gemmini/ex_controller/mesh/mesh/mesh_13_6/tile_0_0                                                    
   163     0.02% 5.24635e-07 1.59063e-04 1.56842e-04 3.16430e-04  10 /ChipTop/system/tile_prci_domain/tile_reset_domain_tile/gemmini/ex_controller/mesh/mesh/mesh_13_6/tile_0_0/mac_unit                                           
   738     0.11% 2.07074e-06 1.47162e-02 2.24556e-03 1.69638e-02   8 /ChipTop/system/tile_prci_domain/tile_reset_domain_tile/gemmini/ex_controller/mesh/mesh/mesh_14_11                                                            
   738     0.11% 2.07074e-06 1.47162e-02 2.24556e-03 1.69638e-02   9 /ChipTop/system/tile_prci_domain/tile_reset_domain_tile/gemmini/ex_controller/mesh/mesh/mesh_14_11/tile_0_0                                                   
   163     0.02% 5.42581e-07 1.85365e-04 1.78988e-04 3.64895e-04  10 /ChipTop/system/tile_prci_domain/tile_reset_domain_tile/gemmini/ex_controller/mesh/mesh/mesh_14_11/tile_0_0/mac_unit                                          
   738     0.11% 2.07638e-06 1.47219e-02 2.23442e-03 1.69584e-02   8 /ChipTop/system/tile_prci_domain/tile_reset_domain_tile/gemmini/ex_controller/mesh/mesh/mesh_15_8                                                             
   738     0.11% 2.07638e-06 1.47219e-02 2.23442e-03 1.69584e-02   9 /ChipTop/system/tile_prci_domain/tile_reset_domain_tile/gemmini/ex_controller/mesh/mesh/mesh_15_8/tile_0_0                                                    
   163     0.02% 5.41646e-07 1.56621e-04 1.51620e-04 3.08782e-04  10 /ChipTop/system/tile_prci_domain/tile_reset_domain_tile/gemmini/ex_controller/mesh/mesh/mesh_15_8/tile_0_0/mac_unit                                           
   738     0.11% 2.07669e-06 1.47105e-02 2.23146e-03 1.69440e-02   8 /ChipTop/system/tile_prci_domain/tile_reset_domain_tile/gemmini/ex_controller/mesh/mesh/mesh_15_4                                                             
   738     0.11% 2.07669e-06 1.47105e-02 2.23146e-03 1.69440e-02   9 /ChipTop/system/tile_prci_domain/tile_reset_domain_tile/gemmini/ex_controller/mesh/mesh/mesh_15_4/tile_0_0                                                    
   163     0.02% 5.42298e-07 1.52282e-04 1.48492e-04 3.01316e-04  10 /ChipTop/system/tile_prci_domain/tile_reset_domain_tile/gemmini/ex_controller/mesh/mesh/mesh_15_4/tile_0_0/mac_unit                                           
   738     0.11% 2.09137e-06 1.47015e-02 2.23882e-03 1.69425e-02   8 /ChipTop/system/tile_prci_domain/tile_reset_domain_tile/gemmini/ex_controller/mesh/mesh/mesh_11_14                                                            
   738     0.11% 2.09137e-06 1.47015e-02 2.23882e-03 1.69425e-02   9 /ChipTop/system/tile_prci_domain/tile_reset_domain_tile/gemmini/ex_controller/mesh/mesh/mesh_11_14/tile_0_0                                                   
   163     0.02% 5.46770e-07 1.58138e-04 1.51345e-04 3.10030e-04  10 /ChipTop/system/tile_prci_domain/tile_reset_domain_tile/gemmini/ex_controller/mesh/mesh/mesh_11_14/tile_0_0/mac_unit                                          
   741     0.11% 2.07643e-06 1.47070e-02 2.23204e-03 1.69411e-02   8 /ChipTop/system/tile_prci_domain/tile_reset_domain_tile/gemmini/ex_controller/mesh/mesh/mesh_6_5                                                              
   741     0.11% 2.07643e-06 1.47070e-02 2.23204e-03 1.69411e-02   9 /ChipTop/system/tile_prci_domain/tile_reset_domain_tile/gemmini/ex_controller/mesh/mesh/mesh_6_5/tile_0_0                                                     
   166     0.03% 5.29283e-07 1.62866e-04 1.60889e-04 3.24284e-04  10 /ChipTop/system/tile_prci_domain/tile_reset_domain_tile/gemmini/ex_controller/mesh/mesh/mesh_6_5/tile_0_0/mac_unit                                            
   740     0.11% 2.08331e-06 1.47043e-02 2.22968e-03 1.69361e-02   8 /ChipTop/system/tile_prci_domain/tile_reset_domain_tile/gemmini/ex_controller/mesh/mesh/mesh_4_4                                                              
   740     0.11% 2.08331e-06 1.47043e-02 2.22968e-03 1.69361e-02   9 /ChipTop/system/tile_prci_domain/tile_reset_domain_tile/gemmini/ex_controller/mesh/mesh/mesh_4_4/tile_0_0                                                     
   163     0.02% 5.36875e-07 1.83141e-04 1.81202e-04 3.64881e-04  10 /ChipTop/system/tile_prci_domain/tile_reset_domain_tile/gemmini/ex_controller/mesh/mesh/mesh_4_4/tile_0_0/mac_unit                                            
   738     0.11% 2.07547e-06 1.47001e-02 2.22396e-03 1.69262e-02   8 /ChipTop/system/tile_prci_domain/tile_reset_domain_tile/gemmini/ex_controller/mesh/mesh/mesh_9_8                                                              
   738     0.11% 2.07547e-06 1.47001e-02 2.22396e-03 1.69262e-02   9 /ChipTop/system/tile_prci_domain/tile_reset_domain_tile/gemmini/ex_controller/mesh/mesh/mesh_9_8/tile_0_0                                                     
   163     0.02% 5.42438e-07 1.63161e-04 1.56325e-04 3.20028e-04  10 /ChipTop/system/tile_prci_domain/tile_reset_domain_tile/gemmini/ex_controller/mesh/mesh/mesh_9_8/tile_0_0/mac_unit                                            
   738     0.11% 2.07999e-06 1.46993e-02 2.22267e-03 1.69241e-02   8 /ChipTop/system/tile_prci_domain/tile_reset_domain_tile/gemmini/ex_controller/mesh/mesh/mesh_9_4                                                              
   738     0.11% 2.07999e-06 1.46993e-02 2.22267e-03 1.69241e-02   9 /ChipTop/system/tile_prci_domain/tile_reset_domain_tile/gemmini/ex_controller/mesh/mesh/mesh_9_4/tile_0_0                                                     
   163     0.02% 5.44640e-07 1.51505e-04 1.45385e-04 2.97435e-04  10 /ChipTop/system/tile_prci_domain/tile_reset_domain_tile/gemmini/ex_controller/mesh/mesh/mesh_9_4/tile_0_0/mac_unit                                            
   740     0.11% 2.08605e-06 1.46938e-02 2.22027e-03 1.69162e-02   8 /ChipTop/system/tile_prci_domain/tile_reset_domain_tile/gemmini/ex_controller/mesh/mesh/mesh_8_8                                                              
   740     0.11% 2.08605e-06 1.46938e-02 2.22027e-03 1.69162e-02   9 /ChipTop/system/tile_prci_domain/tile_reset_domain_tile/gemmini/ex_controller/mesh/mesh/mesh_8_8/tile_0_0                                                     
   163     0.02% 5.40722e-07 1.66112e-04 1.64746e-04 3.31399e-04  10 /ChipTop/system/tile_prci_domain/tile_reset_domain_tile/gemmini/ex_controller/mesh/mesh/mesh_8_8/tile_0_0/mac_unit                                            
   741     0.11% 2.06074e-06 1.46875e-02 2.22597e-03 1.69155e-02   8 /ChipTop/system/tile_prci_domain/tile_reset_domain_tile/gemmini/ex_controller/mesh/mesh/mesh_15_9                                                             
   741     0.11% 2.06074e-06 1.46875e-02 2.22597e-03 1.69155e-02   9 /ChipTop/system/tile_prci_domain/tile_reset_domain_tile/gemmini/ex_controller/mesh/mesh/mesh_15_9/tile_0_0                                                    
   166     0.03% 5.31450e-07 1.63893e-04 1.62289e-04 3.26714e-04  10 /ChipTop/system/tile_prci_domain/tile_reset_domain_tile/gemmini/ex_controller/mesh/mesh/mesh_15_9/tile_0_0/mac_unit                                           
   738     0.11% 2.09381e-06 1.46854e-02 2.22760e-03 1.69151e-02   8 /ChipTop/system/tile_prci_domain/tile_reset_domain_tile/gemmini/ex_controller/mesh/mesh/mesh_4_12                                                             
   738     0.11% 2.09381e-06 1.46854e-02 2.22760e-03 1.69151e-02   9 /ChipTop/system/tile_prci_domain/tile_reset_domain_tile/gemmini/ex_controller/mesh/mesh/mesh_4_12/tile_0_0                                                    
   163     0.02% 5.41486e-07 1.64244e-04 1.58102e-04 3.22887e-04  10 /ChipTop/system/tile_prci_domain/tile_reset_domain_tile/gemmini/ex_controller/mesh/mesh/mesh_4_12/tile_0_0/mac_unit                                           
   738     0.11% 2.06803e-06 1.46940e-02 2.21656e-03 1.69126e-02   8 /ChipTop/system/tile_prci_domain/tile_reset_domain_tile/gemmini/ex_controller/mesh/mesh/mesh_14_8                                                             
   738     0.11% 2.06803e-06 1.46940e-02 2.21656e-03 1.69126e-02   9 /ChipTop/system/tile_prci_domain/tile_reset_domain_tile/gemmini/ex_controller/mesh/mesh/mesh_14_8/tile_0_0                                                    
   163     0.02% 5.40229e-07 1.54558e-04 1.47951e-04 3.03049e-04  10 /ChipTop/system/tile_prci_domain/tile_reset_domain_tile/gemmini/ex_controller/mesh/mesh/mesh_14_8/tile_0_0/mac_unit                                           
   741     0.11% 2.06056e-06 1.46798e-02 2.23061e-03 1.69125e-02   8 /ChipTop/system/tile_prci_domain/tile_reset_domain_tile/gemmini/ex_controller/mesh/mesh/mesh_9_10                                                             
   741     0.11% 2.06056e-06 1.46798e-02 2.23061e-03 1.69125e-02   9 /ChipTop/system/tile_prci_domain/tile_reset_domain_tile/gemmini/ex_controller/mesh/mesh/mesh_9_10/tile_0_0                                                    
   166     0.03% 5.27192e-07 1.63353e-04 1.60732e-04 3.24613e-04  10 /ChipTop/system/tile_prci_domain/tile_reset_domain_tile/gemmini/ex_controller/mesh/mesh/mesh_9_10/tile_0_0/mac_unit                                           
   738     0.11% 2.09153e-06 1.46882e-02 2.21120e-03 1.69015e-02   8 /ChipTop/system/tile_prci_domain/tile_reset_domain_tile/gemmini/ex_controller/mesh/mesh/mesh_7_1                                                              
   738     0.11% 2.09153e-06 1.46882e-02 2.21120e-03 1.69015e-02   9 /ChipTop/system/tile_prci_domain/tile_reset_domain_tile/gemmini/ex_controller/mesh/mesh/mesh_7_1/tile_0_0                                                     
   163     0.02% 5.44881e-07 1.42328e-04 1.37817e-04 2.80690e-04  10 /ChipTop/system/tile_prci_domain/tile_reset_domain_tile/gemmini/ex_controller/mesh/mesh/mesh_7_1/tile_0_0/mac_unit                                            
   741     0.11% 2.07091e-06 1.46863e-02 2.21088e-03 1.68993e-02   8 /ChipTop/system/tile_prci_domain/tile_reset_domain_tile/gemmini/ex_controller/mesh/mesh/mesh_12_6                                                             
   741     0.11% 2.07091e-06 1.46863e-02 2.21088e-03 1.68993e-02   9 /ChipTop/system/tile_prci_domain/tile_reset_domain_tile/gemmini/ex_controller/mesh/mesh/mesh_12_6/tile_0_0                                                    
   166     0.03% 5.35959e-07 1.33316e-04 1.28074e-04 2.61927e-04  10 /ChipTop/system/tile_prci_domain/tile_reset_domain_tile/gemmini/ex_controller/mesh/mesh/mesh_12_6/tile_0_0/mac_unit                                           
   738     0.11% 2.06299e-06 1.46784e-02 2.21562e-03 1.68961e-02   8 /ChipTop/system/tile_prci_domain/tile_reset_domain_tile/gemmini/ex_controller/mesh/mesh/mesh_14_7                                                             
   738     0.11% 2.06299e-06 1.46784e-02 2.21562e-03 1.68961e-02   9 /ChipTop/system/tile_prci_domain/tile_reset_domain_tile/gemmini/ex_controller/mesh/mesh/mesh_14_7/tile_0_0                                                    
   163     0.02% 5.42738e-07 1.65716e-04 1.60379e-04 3.26638e-04  10 /ChipTop/system/tile_prci_domain/tile_reset_domain_tile/gemmini/ex_controller/mesh/mesh/mesh_14_7/tile_0_0/mac_unit                                           
   741     0.11% 2.05422e-06 1.46806e-02 2.21253e-03 1.68952e-02   8 /ChipTop/system/tile_prci_domain/tile_reset_domain_tile/gemmini/ex_controller/mesh/mesh/mesh_15_5                                                             
   741     0.11% 2.05422e-06 1.46806e-02 2.21253e-03 1.68952e-02   9 /ChipTop/system/tile_prci_domain/tile_reset_domain_tile/gemmini/ex_controller/mesh/mesh/mesh_15_5/tile_0_0                                                    
   166     0.03% 5.33523e-07 1.48183e-04 1.44894e-04 2.93610e-04  10 /ChipTop/system/tile_prci_domain/tile_reset_domain_tile/gemmini/ex_controller/mesh/mesh/mesh_15_5/tile_0_0/mac_unit                                           
   741     0.11% 2.06549e-06 1.46710e-02 2.21819e-03 1.68913e-02   8 /ChipTop/system/tile_prci_domain/tile_reset_domain_tile/gemmini/ex_controller/mesh/mesh/mesh_6_6                                                              
   741     0.11% 2.06549e-06 1.46710e-02 2.21819e-03 1.68913e-02   9 /ChipTop/system/tile_prci_domain/tile_reset_domain_tile/gemmini/ex_controller/mesh/mesh/mesh_6_6/tile_0_0                                                     
   166     0.03% 5.27564e-07 1.52925e-04 1.58895e-04 3.12347e-04  10 /ChipTop/system/tile_prci_domain/tile_reset_domain_tile/gemmini/ex_controller/mesh/mesh/mesh_6_6/tile_0_0/mac_unit                                            
   738     0.11% 2.09243e-06 1.46732e-02 2.21379e-03 1.68891e-02   8 /ChipTop/system/tile_prci_domain/tile_reset_domain_tile/gemmini/ex_controller/mesh/mesh/mesh_6_12                                                             
   738     0.11% 2.09243e-06 1.46732e-02 2.21379e-03 1.68891e-02   9 /ChipTop/system/tile_prci_domain/tile_reset_domain_tile/gemmini/ex_controller/mesh/mesh/mesh_6_12/tile_0_0                                                    
   163     0.02% 5.40832e-07 1.41182e-04 1.35732e-04 2.77455e-04  10 /ChipTop/system/tile_prci_domain/tile_reset_domain_tile/gemmini/ex_controller/mesh/mesh/mesh_6_12/tile_0_0/mac_unit                                           
   738     0.11% 2.07854e-06 1.46829e-02 2.20297e-03 1.68880e-02   8 /ChipTop/system/tile_prci_domain/tile_reset_domain_tile/gemmini/ex_controller/mesh/mesh/mesh_13_8                                                             
   738     0.11% 2.07854e-06 1.46829e-02 2.20297e-03 1.68880e-02   9 /ChipTop/system/tile_prci_domain/tile_reset_domain_tile/gemmini/ex_controller/mesh/mesh/mesh_13_8/tile_0_0                                                    
   163     0.02% 5.40329e-07 1.24654e-04 1.20893e-04 2.46088e-04  10 /ChipTop/system/tile_prci_domain/tile_reset_domain_tile/gemmini/ex_controller/mesh/mesh/mesh_13_8/tile_0_0/mac_unit                                           
   738     0.11% 2.07935e-06 1.46729e-02 2.21251e-03 1.68875e-02   8 /ChipTop/system/tile_prci_domain/tile_reset_domain_tile/gemmini/ex_controller/mesh/mesh/mesh_12_14                                                            
   738     0.11% 2.07935e-06 1.46729e-02 2.21251e-03 1.68875e-02   9 /ChipTop/system/tile_prci_domain/tile_reset_domain_tile/gemmini/ex_controller/mesh/mesh/mesh_12_14/tile_0_0                                                   
   163     0.02% 5.44549e-07 1.56522e-04 1.49063e-04 3.06130e-04  10 /ChipTop/system/tile_prci_domain/tile_reset_domain_tile/gemmini/ex_controller/mesh/mesh/mesh_12_14/tile_0_0/mac_unit                                          
   738     0.11% 2.08245e-06 1.46790e-02 2.20522e-03 1.68863e-02   8 /ChipTop/system/tile_prci_domain/tile_reset_domain_tile/gemmini/ex_controller/mesh/mesh/mesh_5_4                                                              
   738     0.11% 2.08245e-06 1.46790e-02 2.20522e-03 1.68863e-02   9 /ChipTop/system/tile_prci_domain/tile_reset_domain_tile/gemmini/ex_controller/mesh/mesh/mesh_5_4/tile_0_0                                                     
   163     0.02% 5.44085e-07 1.38885e-04 1.35448e-04 2.74878e-04  10 /ChipTop/system/tile_prci_domain/tile_reset_domain_tile/gemmini/ex_controller/mesh/mesh/mesh_5_4/tile_0_0/mac_unit                                            
   741     0.11% 2.07025e-06 1.46798e-02 2.20431e-03 1.68862e-02   8 /ChipTop/system/tile_prci_domain/tile_reset_domain_tile/gemmini/ex_controller/mesh/mesh/mesh_11_6                                                             
   741     0.11% 2.07025e-06 1.46798e-02 2.20431e-03 1.68862e-02   9 /ChipTop/system/tile_prci_domain/tile_reset_domain_tile/gemmini/ex_controller/mesh/mesh/mesh_11_6/tile_0_0                                                    
   166     0.03% 5.34944e-07 1.41594e-04 1.37204e-04 2.79332e-04  10 /ChipTop/system/tile_prci_domain/tile_reset_domain_tile/gemmini/ex_controller/mesh/mesh/mesh_11_6/tile_0_0/mac_unit                                           
   738     0.11% 2.08781e-06 1.46787e-02 2.20475e-03 1.68856e-02   8 /ChipTop/system/tile_prci_domain/tile_reset_domain_tile/gemmini/ex_controller/mesh/mesh/mesh_12_1                                                             
   738     0.11% 2.08781e-06 1.46787e-02 2.20475e-03 1.68856e-02   9 /ChipTop/system/tile_prci_domain/tile_reset_domain_tile/gemmini/ex_controller/mesh/mesh/mesh_12_1/tile_0_0                                                    
   163     0.02% 5.48045e-07 1.44662e-04 1.39293e-04 2.84503e-04  10 /ChipTop/system/tile_prci_domain/tile_reset_domain_tile/gemmini/ex_controller/mesh/mesh/mesh_12_1/tile_0_0/mac_unit                                           
   741     0.11% 2.04712e-06 1.46697e-02 2.21293e-03 1.68847e-02   8 /ChipTop/system/tile_prci_domain/tile_reset_domain_tile/gemmini/ex_controller/mesh/mesh/mesh_13_5                                                             
   741     0.11% 2.04712e-06 1.46697e-02 2.21293e-03 1.68847e-02   9 /ChipTop/system/tile_prci_domain/tile_reset_domain_tile/gemmini/ex_controller/mesh/mesh/mesh_13_5/tile_0_0                                                    
   166     0.03% 5.27003e-07 1.61325e-04 1.57963e-04 3.19815e-04  10 /ChipTop/system/tile_prci_domain/tile_reset_domain_tile/gemmini/ex_controller/mesh/mesh/mesh_13_5/tile_0_0/mac_unit                                           
   738     0.11% 2.07523e-06 1.46778e-02 2.20213e-03 1.68820e-02   8 /ChipTop/system/tile_prci_domain/tile_reset_domain_tile/gemmini/ex_controller/mesh/mesh/mesh_14_4                                                             
   738     0.11% 2.07523e-06 1.46778e-02 2.20213e-03 1.68820e-02   9 /ChipTop/system/tile_prci_domain/tile_reset_domain_tile/gemmini/ex_controller/mesh/mesh/mesh_14_4/tile_0_0                                                    
   163     0.02% 5.45835e-07 1.38910e-04 1.30996e-04 2.70452e-04  10 /ChipTop/system/tile_prci_domain/tile_reset_domain_tile/gemmini/ex_controller/mesh/mesh/mesh_14_4/tile_0_0/mac_unit                                           
   738     0.11% 2.07926e-06 1.46752e-02 2.20446e-03 1.68818e-02   8 /ChipTop/system/tile_prci_domain/tile_reset_domain_tile/gemmini/ex_controller/mesh/mesh/mesh_11_8                                                             
   738     0.11% 2.07926e-06 1.46752e-02 2.20446e-03 1.68818e-02   9 /ChipTop/system/tile_prci_domain/tile_reset_domain_tile/gemmini/ex_controller/mesh/mesh/mesh_11_8/tile_0_0                                                    
   163     0.02% 5.49913e-07 1.43567e-04 1.38144e-04 2.82261e-04  10 /ChipTop/system/tile_prci_domain/tile_reset_domain_tile/gemmini/ex_controller/mesh/mesh/mesh_11_8/tile_0_0/mac_unit                                           
   812     0.12% 2.32679e-06 1.46656e-02 2.21265e-03 1.68805e-02   8 /ChipTop/system/tile_prci_domain/tile_reset_domain_tile/gemmini/ex_controller/mesh/mesh/mesh_0_0                                                              
   812     0.12% 2.32679e-06 1.46656e-02 2.21265e-03 1.68805e-02   9 /ChipTop/system/tile_prci_domain/tile_reset_domain_tile/gemmini/ex_controller/mesh/mesh/mesh_0_0/tile_0_0                                                     
   166     0.03% 5.19044e-07 1.72407e-04 1.76247e-04 3.49173e-04  10 /ChipTop/system/tile_prci_domain/tile_reset_domain_tile/gemmini/ex_controller/mesh/mesh/mesh_0_0/tile_0_0/mac_unit                                            
   738     0.11% 2.07629e-06 1.46716e-02 2.20623e-03 1.68799e-02   8 /ChipTop/system/tile_prci_domain/tile_reset_domain_tile/gemmini/ex_controller/mesh/mesh/mesh_5_1                                                              
   738     0.11% 2.07629e-06 1.46716e-02 2.20623e-03 1.68799e-02   9 /ChipTop/system/tile_prci_domain/tile_reset_domain_tile/gemmini/ex_controller/mesh/mesh/mesh_5_1/tile_0_0                                                     
   163     0.02% 5.39233e-07 1.56302e-04 1.53322e-04 3.10163e-04  10 /ChipTop/system/tile_prci_domain/tile_reset_domain_tile/gemmini/ex_controller/mesh/mesh/mesh_5_1/tile_0_0/mac_unit                                            
   738     0.11% 2.07796e-06 1.46650e-02 2.21260e-03 1.68797e-02   8 /ChipTop/system/tile_prci_domain/tile_reset_domain_tile/gemmini/ex_controller/mesh/mesh/mesh_10_13                                                            
   738     0.11% 2.07796e-06 1.46650e-02 2.21260e-03 1.68797e-02   9 /ChipTop/system/tile_prci_domain/tile_reset_domain_tile/gemmini/ex_controller/mesh/mesh/mesh_10_13/tile_0_0                                                   
   163     0.02% 5.43676e-07 1.45350e-04 1.36400e-04 2.82293e-04  10 /ChipTop/system/tile_prci_domain/tile_reset_domain_tile/gemmini/ex_controller/mesh/mesh/mesh_10_13/tile_0_0/mac_unit                                          
   738     0.11% 2.07157e-06 1.46731e-02 2.20297e-03 1.68781e-02   8 /ChipTop/system/tile_prci_domain/tile_reset_domain_tile/gemmini/ex_controller/mesh/mesh/mesh_8_4                                                              
   738     0.11% 2.07157e-06 1.46731e-02 2.20297e-03 1.68781e-02   9 /ChipTop/system/tile_prci_domain/tile_reset_domain_tile/gemmini/ex_controller/mesh/mesh/mesh_8_4/tile_0_0                                                     
   163     0.02% 5.40533e-07 1.45342e-04 1.42278e-04 2.88161e-04  10 /ChipTop/system/tile_prci_domain/tile_reset_domain_tile/gemmini/ex_controller/mesh/mesh/mesh_8_4/tile_0_0/mac_unit                                            
   741     0.11% 2.06744e-06 1.46692e-02 2.20423e-03 1.68755e-02   8 /ChipTop/system/tile_prci_domain/tile_reset_domain_tile/gemmini/ex_controller/mesh/mesh/mesh_15_0                                                             
   741     0.11% 2.06744e-06 1.46692e-02 2.20423e-03 1.68755e-02   9 /ChipTop/system/tile_prci_domain/tile_reset_domain_tile/gemmini/ex_controller/mesh/mesh/mesh_15_0/tile_0_0                                                    
   166     0.03% 5.33756e-07 1.54743e-04 1.52381e-04 3.07658e-04  10 /ChipTop/system/tile_prci_domain/tile_reset_domain_tile/gemmini/ex_controller/mesh/mesh/mesh_15_0/tile_0_0/mac_unit                                           
   738     0.11% 2.06746e-06 1.46682e-02 2.20365e-03 1.68739e-02   8 /ChipTop/system/tile_prci_domain/tile_reset_domain_tile/gemmini/ex_controller/mesh/mesh/mesh_13_0                                                             
   738     0.11% 2.06746e-06 1.46682e-02 2.20365e-03 1.68739e-02   9 /ChipTop/system/tile_prci_domain/tile_reset_domain_tile/gemmini/ex_controller/mesh/mesh/mesh_13_0/tile_0_0                                                    
   163     0.02% 5.38147e-07 1.61619e-04 1.55042e-04 3.17199e-04  10 /ChipTop/system/tile_prci_domain/tile_reset_domain_tile/gemmini/ex_controller/mesh/mesh/mesh_13_0/tile_0_0/mac_unit                                           
   738     0.11% 2.07711e-06 1.46681e-02 2.20165e-03 1.68719e-02   8 /ChipTop/system/tile_prci_domain/tile_reset_domain_tile/gemmini/ex_controller/mesh/mesh/mesh_4_1                                                              
   738     0.11% 2.07711e-06 1.46681e-02 2.20165e-03 1.68719e-02   9 /ChipTop/system/tile_prci_domain/tile_reset_domain_tile/gemmini/ex_controller/mesh/mesh/mesh_4_1/tile_0_0                                                     
   163     0.02% 5.36932e-07 1.56899e-04 1.50588e-04 3.08024e-04  10 /ChipTop/system/tile_prci_domain/tile_reset_domain_tile/gemmini/ex_controller/mesh/mesh/mesh_4_1/tile_0_0/mac_unit                                            
   740     0.11% 2.09001e-06 1.46648e-02 2.20466e-03 1.68716e-02   8 /ChipTop/system/tile_prci_domain/tile_reset_domain_tile/gemmini/ex_controller/mesh/mesh/mesh_11_11                                                            
   740     0.11% 2.09001e-06 1.46648e-02 2.20466e-03 1.68716e-02   9 /ChipTop/system/tile_prci_domain/tile_reset_domain_tile/gemmini/ex_controller/mesh/mesh/mesh_11_11/tile_0_0                                                   
   163     0.02% 5.52745e-07 1.56108e-04 1.58054e-04 3.14715e-04  10 /ChipTop/system/tile_prci_domain/tile_reset_domain_tile/gemmini/ex_controller/mesh/mesh/mesh_11_11/tile_0_0/mac_unit                                          
   741     0.11% 2.05924e-06 1.46665e-02 2.20102e-03 1.68696e-02   8 /ChipTop/system/tile_prci_domain/tile_reset_domain_tile/gemmini/ex_controller/mesh/mesh/mesh_7_5                                                              
   741     0.11% 2.05924e-06 1.46665e-02 2.20102e-03 1.68696e-02   9 /ChipTop/system/tile_prci_domain/tile_reset_domain_tile/gemmini/ex_controller/mesh/mesh/mesh_7_5/tile_0_0                                                     
   166     0.03% 5.30920e-07 1.55725e-04 1.51063e-04 3.07319e-04  10 /ChipTop/system/tile_prci_domain/tile_reset_domain_tile/gemmini/ex_controller/mesh/mesh/mesh_7_5/tile_0_0/mac_unit                                            
   738     0.11% 2.08467e-06 1.46665e-02 2.19925e-03 1.68679e-02   8 /ChipTop/system/tile_prci_domain/tile_reset_domain_tile/gemmini/ex_controller/mesh/mesh/mesh_4_0                                                              
   738     0.11% 2.08467e-06 1.46665e-02 2.19925e-03 1.68679e-02   9 /ChipTop/system/tile_prci_domain/tile_reset_domain_tile/gemmini/ex_controller/mesh/mesh/mesh_4_0/tile_0_0                                                     
   163     0.02% 5.43680e-07 1.45133e-04 1.41416e-04 2.87092e-04  10 /ChipTop/system/tile_prci_domain/tile_reset_domain_tile/gemmini/ex_controller/mesh/mesh/mesh_4_0/tile_0_0/mac_unit                                            
   741     0.11% 2.05462e-06 1.46565e-02 2.20785e-03 1.68664e-02   8 /ChipTop/system/tile_prci_domain/tile_reset_domain_tile/gemmini/ex_controller/mesh/mesh/mesh_9_14                                                             
   741     0.11% 2.05462e-06 1.46565e-02 2.20785e-03 1.68664e-02   9 /ChipTop/system/tile_prci_domain/tile_reset_domain_tile/gemmini/ex_controller/mesh/mesh/mesh_9_14/tile_0_0                                                    
   166     0.03% 5.27149e-07 1.63120e-04 1.59687e-04 3.23335e-04  10 /ChipTop/system/tile_prci_domain/tile_reset_domain_tile/gemmini/ex_controller/mesh/mesh/mesh_9_14/tile_0_0/mac_unit                                           
   738     0.11% 2.07251e-06 1.46627e-02 2.20109e-03 1.68659e-02   8 /ChipTop/system/tile_prci_domain/tile_reset_domain_tile/gemmini/ex_controller/mesh/mesh/mesh_12_11                                                            
   738     0.11% 2.07251e-06 1.46627e-02 2.20109e-03 1.68659e-02   9 /ChipTop/system/tile_prci_domain/tile_reset_domain_tile/gemmini/ex_controller/mesh/mesh/mesh_12_11/tile_0_0                                                   
   163     0.02% 5.44765e-07 1.47999e-04 1.40870e-04 2.89414e-04  10 /ChipTop/system/tile_prci_domain/tile_reset_domain_tile/gemmini/ex_controller/mesh/mesh/mesh_12_11/tile_0_0/mac_unit                                          
   738     0.11% 2.09036e-06 1.46679e-02 2.19579e-03 1.68658e-02   8 /ChipTop/system/tile_prci_domain/tile_reset_domain_tile/gemmini/ex_controller/mesh/mesh/mesh_7_0                                                              
   738     0.11% 2.09036e-06 1.46679e-02 2.19579e-03 1.68658e-02   9 /ChipTop/system/tile_prci_domain/tile_reset_domain_tile/gemmini/ex_controller/mesh/mesh/mesh_7_0/tile_0_0                                                     
   163     0.02% 5.46883e-07 1.37294e-04 1.33079e-04 2.70920e-04  10 /ChipTop/system/tile_prci_domain/tile_reset_domain_tile/gemmini/ex_controller/mesh/mesh/mesh_7_0/tile_0_0/mac_unit                                            
   740     0.11% 2.08256e-06 1.46644e-02 2.19893e-03 1.68654e-02   8 /ChipTop/system/tile_prci_domain/tile_reset_domain_tile/gemmini/ex_controller/mesh/mesh/mesh_11_13                                                            
   740     0.11% 2.08256e-06 1.46644e-02 2.19893e-03 1.68654e-02   9 /ChipTop/system/tile_prci_domain/tile_reset_domain_tile/gemmini/ex_controller/mesh/mesh/mesh_11_13/tile_0_0                                                   
   163     0.02% 5.33897e-07 1.30097e-04 1.27452e-04 2.58083e-04  10 /ChipTop/system/tile_prci_domain/tile_reset_domain_tile/gemmini/ex_controller/mesh/mesh/mesh_11_13/tile_0_0/mac_unit                                          
   738     0.11% 2.07601e-06 1.46643e-02 2.19899e-03 1.68654e-02   8 /ChipTop/system/tile_prci_domain/tile_reset_domain_tile/gemmini/ex_controller/mesh/mesh/mesh_6_1                                                              
   738     0.11% 2.07601e-06 1.46643e-02 2.19899e-03 1.68654e-02   9 /ChipTop/system/tile_prci_domain/tile_reset_domain_tile/gemmini/ex_controller/mesh/mesh/mesh_6_1/tile_0_0                                                     
   163     0.02% 5.41732e-07 1.55092e-04 1.50523e-04 3.06157e-04  10 /ChipTop/system/tile_prci_domain/tile_reset_domain_tile/gemmini/ex_controller/mesh/mesh/mesh_6_1/tile_0_0/mac_unit                                            
   741     0.11% 2.05578e-06 1.46607e-02 2.20248e-03 1.68652e-02   8 /ChipTop/system/tile_prci_domain/tile_reset_domain_tile/gemmini/ex_controller/mesh/mesh/mesh_10_5                                                             
   741     0.11% 2.05578e-06 1.46607e-02 2.20248e-03 1.68652e-02   9 /ChipTop/system/tile_prci_domain/tile_reset_domain_tile/gemmini/ex_controller/mesh/mesh/mesh_10_5/tile_0_0                                                    
   166     0.03% 5.33106e-07 1.52046e-04 1.49121e-04 3.01700e-04  10 /ChipTop/system/tile_prci_domain/tile_reset_domain_tile/gemmini/ex_controller/mesh/mesh/mesh_10_5/tile_0_0/mac_unit                                           
   741     0.11% 2.06659e-06 1.46691e-02 2.19403e-03 1.68652e-02   8 /ChipTop/system/tile_prci_domain/tile_reset_domain_tile/gemmini/ex_controller/mesh/mesh/mesh_9_6                                                              
   741     0.11% 2.06659e-06 1.46691e-02 2.19403e-03 1.68652e-02   9 /ChipTop/system/tile_prci_domain/tile_reset_domain_tile/gemmini/ex_controller/mesh/mesh/mesh_9_6/tile_0_0                                                     
   166     0.03% 5.32283e-07 1.34479e-04 1.29350e-04 2.64361e-04  10 /ChipTop/system/tile_prci_domain/tile_reset_domain_tile/gemmini/ex_controller/mesh/mesh/mesh_9_6/tile_0_0/mac_unit                                            
   738     0.11% 2.08143e-06 1.46660e-02 2.19693e-03 1.68650e-02   8 /ChipTop/system/tile_prci_domain/tile_reset_domain_tile/gemmini/ex_controller/mesh/mesh/mesh_3_0                                                              
   738     0.11% 2.08143e-06 1.46660e-02 2.19693e-03 1.68650e-02   9 /ChipTop/system/tile_prci_domain/tile_reset_domain_tile/gemmini/ex_controller/mesh/mesh/mesh_3_0/tile_0_0                                                     
   163     0.02% 5.36699e-07 1.46909e-04 1.42857e-04 2.90302e-04  10 /ChipTop/system/tile_prci_domain/tile_reset_domain_tile/gemmini/ex_controller/mesh/mesh/mesh_3_0/tile_0_0/mac_unit                                            
   741     0.11% 2.06921e-06 1.46539e-02 2.20810e-03 1.68640e-02   8 /ChipTop/system/tile_prci_domain/tile_reset_domain_tile/gemmini/ex_controller/mesh/mesh/mesh_6_13                                                             
   741     0.11% 2.06921e-06 1.46539e-02 2.20810e-03 1.68640e-02   9 /ChipTop/system/tile_prci_domain/tile_reset_domain_tile/gemmini/ex_controller/mesh/mesh/mesh_6_13/tile_0_0                                                    
   166     0.03% 5.32314e-07 1.55482e-04 1.52183e-04 3.08197e-04  10 /ChipTop/system/tile_prci_domain/tile_reset_domain_tile/gemmini/ex_controller/mesh/mesh/mesh_6_13/tile_0_0/mac_unit                                           
   740     0.11% 2.07937e-06 1.46752e-02 2.18665e-03 1.68639e-02   8 /ChipTop/system/tile_prci_domain/tile_reset_domain_tile/gemmini/ex_controller/mesh/mesh/mesh_10_3                                                             
   740     0.11% 2.07937e-06 1.46752e-02 2.18665e-03 1.68639e-02   9 /ChipTop/system/tile_prci_domain/tile_reset_domain_tile/gemmini/ex_controller/mesh/mesh/mesh_10_3/tile_0_0                                                    
   163     0.02% 5.33361e-07 1.14892e-04 1.09087e-04 2.24513e-04  10 /ChipTop/system/tile_prci_domain/tile_reset_domain_tile/gemmini/ex_controller/mesh/mesh/mesh_10_3/tile_0_0/mac_unit                                           
   741     0.11% 2.07288e-06 1.46586e-02 2.20094e-03 1.68616e-02   8 /ChipTop/system/tile_prci_domain/tile_reset_domain_tile/gemmini/ex_controller/mesh/mesh/mesh_12_13                                                            
   741     0.11% 2.07288e-06 1.46586e-02 2.20094e-03 1.68616e-02   9 /ChipTop/system/tile_prci_domain/tile_reset_domain_tile/gemmini/ex_controller/mesh/mesh/mesh_12_13/tile_0_0                                                   
   166     0.03% 5.32361e-07 1.29707e-04 1.24636e-04 2.54876e-04  10 /ChipTop/system/tile_prci_domain/tile_reset_domain_tile/gemmini/ex_controller/mesh/mesh/mesh_12_13/tile_0_0/mac_unit                                          
   741     0.11% 2.05487e-06 1.46599e-02 2.19962e-03 1.68616e-02   8 /ChipTop/system/tile_prci_domain/tile_reset_domain_tile/gemmini/ex_controller/mesh/mesh/mesh_12_5                                                             
   741     0.11% 2.05487e-06 1.46599e-02 2.19962e-03 1.68616e-02   9 /ChipTop/system/tile_prci_domain/tile_reset_domain_tile/gemmini/ex_controller/mesh/mesh/mesh_12_5/tile_0_0                                                    
   166     0.03% 5.33729e-07 1.45249e-04 1.41978e-04 2.87761e-04  10 /ChipTop/system/tile_prci_domain/tile_reset_domain_tile/gemmini/ex_controller/mesh/mesh/mesh_12_5/tile_0_0/mac_unit                                           
   738     0.11% 2.08810e-06 1.46641e-02 2.19507e-03 1.68613e-02   8 /ChipTop/system/tile_prci_domain/tile_reset_domain_tile/gemmini/ex_controller/mesh/mesh/mesh_2_2                                                              
   738     0.11% 2.08810e-06 1.46641e-02 2.19507e-03 1.68613e-02   9 /ChipTop/system/tile_prci_domain/tile_reset_domain_tile/gemmini/ex_controller/mesh/mesh/mesh_2_2/tile_0_0                                                     
   163     0.02% 5.39472e-07 1.27311e-04 1.28962e-04 2.56812e-04  10 /ChipTop/system/tile_prci_domain/tile_reset_domain_tile/gemmini/ex_controller/mesh/mesh/mesh_2_2/tile_0_0/mac_unit                                            
   738     0.11% 2.06146e-06 1.46616e-02 2.19746e-03 1.68612e-02   8 /ChipTop/system/tile_prci_domain/tile_reset_domain_tile/gemmini/ex_controller/mesh/mesh/mesh_15_7                                                             
   738     0.11% 2.06146e-06 1.46616e-02 2.19746e-03 1.68612e-02   9 /ChipTop/system/tile_prci_domain/tile_reset_domain_tile/gemmini/ex_controller/mesh/mesh/mesh_15_7/tile_0_0                                                    
   163     0.02% 5.40424e-07 1.60962e-04 1.52478e-04 3.13980e-04  10 /ChipTop/system/tile_prci_domain/tile_reset_domain_tile/gemmini/ex_controller/mesh/mesh/mesh_15_7/tile_0_0/mac_unit                                           
   738     0.11% 2.08487e-06 1.46589e-02 2.19952e-03 1.68605e-02   8 /ChipTop/system/tile_prci_domain/tile_reset_domain_tile/gemmini/ex_controller/mesh/mesh/mesh_5_8                                                              
   738     0.11% 2.08487e-06 1.46589e-02 2.19952e-03 1.68605e-02   9 /ChipTop/system/tile_prci_domain/tile_reset_domain_tile/gemmini/ex_controller/mesh/mesh/mesh_5_8/tile_0_0                                                     
   163     0.02% 5.44737e-07 1.35837e-04 1.27711e-04 2.64092e-04  10 /ChipTop/system/tile_prci_domain/tile_reset_domain_tile/gemmini/ex_controller/mesh/mesh/mesh_5_8/tile_0_0/mac_unit                                            
   738     0.11% 2.07726e-06 1.46632e-02 2.19469e-03 1.68600e-02   8 /ChipTop/system/tile_prci_domain/tile_reset_domain_tile/gemmini/ex_controller/mesh/mesh/mesh_8_0                                                              
   738     0.11% 2.07726e-06 1.46632e-02 2.19469e-03 1.68600e-02   9 /ChipTop/system/tile_prci_domain/tile_reset_domain_tile/gemmini/ex_controller/mesh/mesh/mesh_8_0/tile_0_0                                                     
   163     0.02% 5.39235e-07 1.51939e-04 1.46011e-04 2.98489e-04  10 /ChipTop/system/tile_prci_domain/tile_reset_domain_tile/gemmini/ex_controller/mesh/mesh/mesh_8_0/tile_0_0/mac_unit                                            
   741     0.11% 2.07045e-06 1.46647e-02 2.19243e-03 1.68592e-02   8 /ChipTop/system/tile_prci_domain/tile_reset_domain_tile/gemmini/ex_controller/mesh/mesh/mesh_14_3                                                             
   741     0.11% 2.07045e-06 1.46647e-02 2.19243e-03 1.68592e-02   9 /ChipTop/system/tile_prci_domain/tile_reset_domain_tile/gemmini/ex_controller/mesh/mesh/mesh_14_3/tile_0_0                                                    
   166     0.03% 5.35651e-07 1.26377e-04 1.21431e-04 2.48344e-04  10 /ChipTop/system/tile_prci_domain/tile_reset_domain_tile/gemmini/ex_controller/mesh/mesh/mesh_14_3/tile_0_0/mac_unit                                           
   741     0.11% 2.06449e-06 1.46612e-02 2.19566e-03 1.68590e-02   8 /ChipTop/system/tile_prci_domain/tile_reset_domain_tile/gemmini/ex_controller/mesh/mesh/mesh_7_6                                                              
   741     0.11% 2.06449e-06 1.46612e-02 2.19566e-03 1.68590e-02   9 /ChipTop/system/tile_prci_domain/tile_reset_domain_tile/gemmini/ex_controller/mesh/mesh/mesh_7_6/tile_0_0                                                     
   166     0.03% 5.36878e-07 1.44033e-04 1.41537e-04 2.86106e-04  10 /ChipTop/system/tile_prci_domain/tile_reset_domain_tile/gemmini/ex_controller/mesh/mesh/mesh_7_6/tile_0_0/mac_unit                                            
   738     0.11% 2.07145e-06 1.46636e-02 2.19286e-03 1.68586e-02   8 /ChipTop/system/tile_prci_domain/tile_reset_domain_tile/gemmini/ex_controller/mesh/mesh/mesh_10_8                                                             
   738     0.11% 2.07145e-06 1.46636e-02 2.19286e-03 1.68586e-02   9 /ChipTop/system/tile_prci_domain/tile_reset_domain_tile/gemmini/ex_controller/mesh/mesh/mesh_10_8/tile_0_0                                                    
   163     0.02% 5.42564e-07 1.30511e-04 1.24312e-04 2.55366e-04  10 /ChipTop/system/tile_prci_domain/tile_reset_domain_tile/gemmini/ex_controller/mesh/mesh/mesh_10_8/tile_0_0/mac_unit                                           
   740     0.11% 2.06039e-06 1.46625e-02 2.19254e-03 1.68571e-02   8 /ChipTop/system/tile_prci_domain/tile_reset_domain_tile/gemmini/ex_controller/mesh/mesh/mesh_8_7                                                              
   740     0.11% 2.06039e-06 1.46625e-02 2.19254e-03 1.68571e-02   9 /ChipTop/system/tile_prci_domain/tile_reset_domain_tile/gemmini/ex_controller/mesh/mesh/mesh_8_7/tile_0_0                                                     
   163     0.02% 5.28881e-07 1.56326e-04 1.54046e-04 3.10901e-04  10 /ChipTop/system/tile_prci_domain/tile_reset_domain_tile/gemmini/ex_controller/mesh/mesh/mesh_8_7/tile_0_0/mac_unit                                            
   738     0.11% 2.08040e-06 1.46647e-02 2.18997e-03 1.68568e-02   8 /ChipTop/system/tile_prci_domain/tile_reset_domain_tile/gemmini/ex_controller/mesh/mesh/mesh_12_8                                                             
   738     0.11% 2.08040e-06 1.46647e-02 2.18997e-03 1.68568e-02   9 /ChipTop/system/tile_prci_domain/tile_reset_domain_tile/gemmini/ex_controller/mesh/mesh/mesh_12_8/tile_0_0                                                    
   163     0.02% 5.51088e-07 1.30930e-04 1.25252e-04 2.56733e-04  10 /ChipTop/system/tile_prci_domain/tile_reset_domain_tile/gemmini/ex_controller/mesh/mesh/mesh_12_8/tile_0_0/mac_unit                                           
   738     0.11% 2.08151e-06 1.46628e-02 2.19088e-03 1.68558e-02   8 /ChipTop/system/tile_prci_domain/tile_reset_domain_tile/gemmini/ex_controller/mesh/mesh/mesh_8_1                                                              
   738     0.11% 2.08151e-06 1.46628e-02 2.19088e-03 1.68558e-02   9 /ChipTop/system/tile_prci_domain/tile_reset_domain_tile/gemmini/ex_controller/mesh/mesh/mesh_8_1/tile_0_0                                                     
   163     0.02% 5.38710e-07 1.28011e-04 1.25372e-04 2.53922e-04  10 /ChipTop/system/tile_prci_domain/tile_reset_domain_tile/gemmini/ex_controller/mesh/mesh/mesh_8_1/tile_0_0/mac_unit                                            
   741     0.11% 2.07097e-06 1.46623e-02 2.18975e-03 1.68541e-02   8 /ChipTop/system/tile_prci_domain/tile_reset_domain_tile/gemmini/ex_controller/mesh/mesh/mesh_12_3                                                             
   741     0.11% 2.07097e-06 1.46623e-02 2.18975e-03 1.68541e-02   9 /ChipTop/system/tile_prci_domain/tile_reset_domain_tile/gemmini/ex_controller/mesh/mesh/mesh_12_3/tile_0_0                                                    
   166     0.03% 5.39608e-07 1.17006e-04 1.10592e-04 2.28138e-04  10 /ChipTop/system/tile_prci_domain/tile_reset_domain_tile/gemmini/ex_controller/mesh/mesh/mesh_12_3/tile_0_0/mac_unit                                           
   741     0.11% 2.05860e-06 1.46533e-02 2.19835e-03 1.68537e-02   8 /ChipTop/system/tile_prci_domain/tile_reset_domain_tile/gemmini/ex_controller/mesh/mesh/mesh_11_7                                                             
   741     0.11% 2.05860e-06 1.46533e-02 2.19835e-03 1.68537e-02   9 /ChipTop/system/tile_prci_domain/tile_reset_domain_tile/gemmini/ex_controller/mesh/mesh/mesh_11_7/tile_0_0                                                    
   166     0.03% 5.36215e-07 1.50695e-04 1.48363e-04 2.99594e-04  10 /ChipTop/system/tile_prci_domain/tile_reset_domain_tile/gemmini/ex_controller/mesh/mesh/mesh_11_7/tile_0_0/mac_unit                                           
   741     0.11% 2.06355e-06 1.46599e-02 2.19120e-03 1.68531e-02   8 /ChipTop/system/tile_prci_domain/tile_reset_domain_tile/gemmini/ex_controller/mesh/mesh/mesh_14_6                                                             
   741     0.11% 2.06355e-06 1.46599e-02 2.19120e-03 1.68531e-02   9 /ChipTop/system/tile_prci_domain/tile_reset_domain_tile/gemmini/ex_controller/mesh/mesh/mesh_14_6/tile_0_0                                                    
   166     0.03% 5.35439e-07 1.35645e-04 1.32553e-04 2.68734e-04  10 /ChipTop/system/tile_prci_domain/tile_reset_domain_tile/gemmini/ex_controller/mesh/mesh/mesh_14_6/tile_0_0/mac_unit                                           
   740     0.11% 2.06548e-06 1.46667e-02 2.18368e-03 1.68525e-02   8 /ChipTop/system/tile_prci_domain/tile_reset_domain_tile/gemmini/ex_controller/mesh/mesh/mesh_8_6                                                              
   740     0.11% 2.06548e-06 1.46667e-02 2.18368e-03 1.68525e-02   9 /ChipTop/system/tile_prci_domain/tile_reset_domain_tile/gemmini/ex_controller/mesh/mesh/mesh_8_6/tile_0_0                                                     
   163     0.02% 5.27572e-07 1.32191e-04 1.28803e-04 2.61521e-04  10 /ChipTop/system/tile_prci_domain/tile_reset_domain_tile/gemmini/ex_controller/mesh/mesh/mesh_8_6/tile_0_0/mac_unit                                            
   738     0.11% 2.07740e-06 1.46566e-02 2.19364e-03 1.68523e-02   8 /ChipTop/system/tile_prci_domain/tile_reset_domain_tile/gemmini/ex_controller/mesh/mesh/mesh_13_14                                                            
   738     0.11% 2.07740e-06 1.46566e-02 2.19364e-03 1.68523e-02   9 /ChipTop/system/tile_prci_domain/tile_reset_domain_tile/gemmini/ex_controller/mesh/mesh/mesh_13_14/tile_0_0                                                   
   163     0.02% 5.36206e-07 1.16169e-04 1.09123e-04 2.25828e-04  10 /ChipTop/system/tile_prci_domain/tile_reset_domain_tile/gemmini/ex_controller/mesh/mesh/mesh_13_14/tile_0_0/mac_unit                                          
   741     0.11% 2.04678e-06 1.46520e-02 2.19778e-03 1.68518e-02   8 /ChipTop/system/tile_prci_domain/tile_reset_domain_tile/gemmini/ex_controller/mesh/mesh/mesh_10_9                                                             
   741     0.11% 2.04678e-06 1.46520e-02 2.19778e-03 1.68518e-02   9 /ChipTop/system/tile_prci_domain/tile_reset_domain_tile/gemmini/ex_controller/mesh/mesh/mesh_10_9/tile_0_0                                                    
   166     0.03% 5.34291e-07 1.61653e-04 1.58950e-04 3.21138e-04  10 /ChipTop/system/tile_prci_domain/tile_reset_domain_tile/gemmini/ex_controller/mesh/mesh/mesh_10_9/tile_0_0/mac_unit                                           
   738     0.11% 2.06559e-06 1.46537e-02 2.19448e-03 1.68502e-02   8 /ChipTop/system/tile_prci_domain/tile_reset_domain_tile/gemmini/ex_controller/mesh/mesh/mesh_13_2                                                             
   738     0.11% 2.06559e-06 1.46537e-02 2.19448e-03 1.68502e-02   9 /ChipTop/system/tile_prci_domain/tile_reset_domain_tile/gemmini/ex_controller/mesh/mesh/mesh_13_2/tile_0_0                                                    
   163     0.02% 5.41482e-07 1.59818e-04 1.53672e-04 3.14031e-04  10 /ChipTop/system/tile_prci_domain/tile_reset_domain_tile/gemmini/ex_controller/mesh/mesh/mesh_13_2/tile_0_0/mac_unit                                           
   738     0.11% 2.08075e-06 1.46579e-02 2.18941e-03 1.68494e-02   8 /ChipTop/system/tile_prci_domain/tile_reset_domain_tile/gemmini/ex_controller/mesh/mesh/mesh_12_0                                                             
   738     0.11% 2.08075e-06 1.46579e-02 2.18941e-03 1.68494e-02   9 /ChipTop/system/tile_prci_domain/tile_reset_domain_tile/gemmini/ex_controller/mesh/mesh/mesh_12_0/tile_0_0                                                    
   163     0.02% 5.49132e-07 1.45260e-04 1.39814e-04 2.85623e-04  10 /ChipTop/system/tile_prci_domain/tile_reset_domain_tile/gemmini/ex_controller/mesh/mesh/mesh_12_0/tile_0_0/mac_unit                                           
   741     0.11% 2.05635e-06 1.46573e-02 2.18815e-03 1.68475e-02   8 /ChipTop/system/tile_prci_domain/tile_reset_domain_tile/gemmini/ex_controller/mesh/mesh/mesh_15_6                                                             
   741     0.11% 2.05635e-06 1.46573e-02 2.18815e-03 1.68475e-02   9 /ChipTop/system/tile_prci_domain/tile_reset_domain_tile/gemmini/ex_controller/mesh/mesh/mesh_15_6/tile_0_0                                                    
   166     0.03% 5.32825e-07 1.42032e-04 1.37853e-04 2.80419e-04  10 /ChipTop/system/tile_prci_domain/tile_reset_domain_tile/gemmini/ex_controller/mesh/mesh/mesh_15_6/tile_0_0/mac_unit                                           
   738     0.11% 2.08200e-06 1.46579e-02 2.18682e-03 1.68468e-02   8 /ChipTop/system/tile_prci_domain/tile_reset_domain_tile/gemmini/ex_controller/mesh/mesh/mesh_12_4                                                             
   738     0.11% 2.08200e-06 1.46579e-02 2.18682e-03 1.68468e-02   9 /ChipTop/system/tile_prci_domain/tile_reset_domain_tile/gemmini/ex_controller/mesh/mesh/mesh_12_4/tile_0_0                                                    
   163     0.02% 5.50442e-07 1.27323e-04 1.21992e-04 2.49865e-04  10 /ChipTop/system/tile_prci_domain/tile_reset_domain_tile/gemmini/ex_controller/mesh/mesh/mesh_12_4/tile_0_0/mac_unit                                           
   812     0.12% 2.30941e-06 1.46535e-02 2.19002e-03 1.68458e-02   8 /ChipTop/system/tile_prci_domain/tile_reset_domain_tile/gemmini/ex_controller/mesh/mesh/mesh_0_11                                                             
   812     0.12% 2.30941e-06 1.46535e-02 2.19002e-03 1.68458e-02   9 /ChipTop/system/tile_prci_domain/tile_reset_domain_tile/gemmini/ex_controller/mesh/mesh/mesh_0_11/tile_0_0                                                    
   166     0.03% 5.19524e-07 1.18165e-04 1.12148e-04 2.30833e-04  10 /ChipTop/system/tile_prci_domain/tile_reset_domain_tile/gemmini/ex_controller/mesh/mesh/mesh_0_11/tile_0_0/mac_unit                                           
   738     0.11% 2.06561e-06 1.46515e-02 2.19014e-03 1.68437e-02   8 /ChipTop/system/tile_prci_domain/tile_reset_domain_tile/gemmini/ex_controller/mesh/mesh/mesh_14_1                                                             
   738     0.11% 2.06561e-06 1.46515e-02 2.19014e-03 1.68437e-02   9 /ChipTop/system/tile_prci_domain/tile_reset_domain_tile/gemmini/ex_controller/mesh/mesh/mesh_14_1/tile_0_0                                                    
   163     0.02% 5.42800e-07 1.44394e-04 1.39603e-04 2.84540e-04  10 /ChipTop/system/tile_prci_domain/tile_reset_domain_tile/gemmini/ex_controller/mesh/mesh/mesh_14_1/tile_0_0/mac_unit                                           
   740     0.11% 2.09335e-06 1.46624e-02 2.17916e-03 1.68437e-02   8 /ChipTop/system/tile_prci_domain/tile_reset_domain_tile/gemmini/ex_controller/mesh/mesh/mesh_11_0                                                             
   740     0.11% 2.09335e-06 1.46624e-02 2.17916e-03 1.68437e-02   9 /ChipTop/system/tile_prci_domain/tile_reset_domain_tile/gemmini/ex_controller/mesh/mesh/mesh_11_0/tile_0_0                                                    
   163     0.02% 5.53456e-07 1.44563e-04 1.38076e-04 2.83192e-04  10 /ChipTop/system/tile_prci_domain/tile_reset_domain_tile/gemmini/ex_controller/mesh/mesh/mesh_11_0/tile_0_0/mac_unit                                           
   738     0.11% 2.05675e-06 1.46524e-02 2.18738e-03 1.68418e-02   8 /ChipTop/system/tile_prci_domain/tile_reset_domain_tile/gemmini/ex_controller/mesh/mesh/mesh_13_4                                                             
   738     0.11% 2.05675e-06 1.46524e-02 2.18738e-03 1.68418e-02   9 /ChipTop/system/tile_prci_domain/tile_reset_domain_tile/gemmini/ex_controller/mesh/mesh/mesh_13_4/tile_0_0                                                    
   163     0.02% 5.37137e-07 1.45795e-04 1.38448e-04 2.84781e-04  10 /ChipTop/system/tile_prci_domain/tile_reset_domain_tile/gemmini/ex_controller/mesh/mesh/mesh_13_4/tile_0_0/mac_unit                                           
   741     0.11% 2.07676e-06 1.46535e-02 2.18384e-03 1.68394e-02   8 /ChipTop/system/tile_prci_domain/tile_reset_domain_tile/gemmini/ex_controller/mesh/mesh/mesh_6_3                                                              
   741     0.11% 2.07676e-06 1.46535e-02 2.18384e-03 1.68394e-02   9 /ChipTop/system/tile_prci_domain/tile_reset_domain_tile/gemmini/ex_controller/mesh/mesh/mesh_6_3/tile_0_0                                                     
   166     0.03% 5.32213e-07 1.13620e-04 1.11473e-04 2.25626e-04  10 /ChipTop/system/tile_prci_domain/tile_reset_domain_tile/gemmini/ex_controller/mesh/mesh/mesh_6_3/tile_0_0/mac_unit                                            
   738     0.11% 2.07486e-06 1.46505e-02 2.18520e-03 1.68378e-02   8 /ChipTop/system/tile_prci_domain/tile_reset_domain_tile/gemmini/ex_controller/mesh/mesh/mesh_1_0                                                              
   738     0.11% 2.07486e-06 1.46505e-02 2.18520e-03 1.68378e-02   9 /ChipTop/system/tile_prci_domain/tile_reset_domain_tile/gemmini/ex_controller/mesh/mesh/mesh_1_0/tile_0_0                                                     
   163     0.02% 5.43572e-07 1.47124e-04 1.41550e-04 2.89218e-04  10 /ChipTop/system/tile_prci_domain/tile_reset_domain_tile/gemmini/ex_controller/mesh/mesh/mesh_1_0/tile_0_0/mac_unit                                            
   738     0.11% 2.07987e-06 1.46519e-02 2.18361e-03 1.68376e-02   8 /ChipTop/system/tile_prci_domain/tile_reset_domain_tile/gemmini/ex_controller/mesh/mesh/mesh_9_0                                                              
   738     0.11% 2.07987e-06 1.46519e-02 2.18361e-03 1.68376e-02   9 /ChipTop/system/tile_prci_domain/tile_reset_domain_tile/gemmini/ex_controller/mesh/mesh/mesh_9_0/tile_0_0                                                     
   163     0.02% 5.42496e-07 1.40810e-04 1.36128e-04 2.77481e-04  10 /ChipTop/system/tile_prci_domain/tile_reset_domain_tile/gemmini/ex_controller/mesh/mesh/mesh_9_0/tile_0_0/mac_unit                                            
   738     0.11% 2.09654e-06 1.46447e-02 2.19075e-03 1.68376e-02   8 /ChipTop/system/tile_prci_domain/tile_reset_domain_tile/gemmini/ex_controller/mesh/mesh/mesh_2_9                                                              
   738     0.11% 2.09654e-06 1.46447e-02 2.19075e-03 1.68376e-02   9 /ChipTop/system/tile_prci_domain/tile_reset_domain_tile/gemmini/ex_controller/mesh/mesh/mesh_2_9/tile_0_0                                                     
   163     0.02% 5.43986e-07 1.24551e-04 1.20445e-04 2.45540e-04  10 /ChipTop/system/tile_prci_domain/tile_reset_domain_tile/gemmini/ex_controller/mesh/mesh/mesh_2_9/tile_0_0/mac_unit                                            
   741     0.11% 2.08214e-06 1.46419e-02 2.19340e-03 1.68374e-02   8 /ChipTop/system/tile_prci_domain/tile_reset_domain_tile/gemmini/ex_controller/mesh/mesh/mesh_1_11                                                             
   741     0.11% 2.08214e-06 1.46419e-02 2.19340e-03 1.68374e-02   9 /ChipTop/system/tile_prci_domain/tile_reset_domain_tile/gemmini/ex_controller/mesh/mesh/mesh_1_11/tile_0_0                                                    
   166     0.03% 5.36639e-07 1.44701e-04 1.40766e-04 2.86004e-04  10 /ChipTop/system/tile_prci_domain/tile_reset_domain_tile/gemmini/ex_controller/mesh/mesh/mesh_1_11/tile_0_0/mac_unit                                           
   740     0.11% 2.07766e-06 1.46544e-02 2.17963e-03 1.68361e-02   8 /ChipTop/system/tile_prci_domain/tile_reset_domain_tile/gemmini/ex_controller/mesh/mesh/mesh_11_1                                                             
   740     0.11% 2.07766e-06 1.46544e-02 2.17963e-03 1.68361e-02   9 /ChipTop/system/tile_prci_domain/tile_reset_domain_tile/gemmini/ex_controller/mesh/mesh/mesh_11_1/tile_0_0                                                    
   163     0.02% 5.49622e-07 1.56268e-04 1.50542e-04 3.07360e-04  10 /ChipTop/system/tile_prci_domain/tile_reset_domain_tile/gemmini/ex_controller/mesh/mesh/mesh_11_1/tile_0_0/mac_unit                                           
   738     0.11% 2.07678e-06 1.46410e-02 2.19286e-03 1.68360e-02   8 /ChipTop/system/tile_prci_domain/tile_reset_domain_tile/gemmini/ex_controller/mesh/mesh/mesh_6_15                                                             
   738     0.11% 2.07678e-06 1.46410e-02 2.19286e-03 1.68360e-02   9 /ChipTop/system/tile_prci_domain/tile_reset_domain_tile/gemmini/ex_controller/mesh/mesh/mesh_6_15/tile_0_0                                                    
   163     0.02% 5.40015e-07 1.36937e-04 1.31429e-04 2.68906e-04  10 /ChipTop/system/tile_prci_domain/tile_reset_domain_tile/gemmini/ex_controller/mesh/mesh/mesh_6_15/tile_0_0/mac_unit                                           
   741     0.11% 2.06882e-06 1.46441e-02 2.18887e-03 1.68350e-02   8 /ChipTop/system/tile_prci_domain/tile_reset_domain_tile/gemmini/ex_controller/mesh/mesh/mesh_4_6                                                              
   741     0.11% 2.06882e-06 1.46441e-02 2.18887e-03 1.68350e-02   9 /ChipTop/system/tile_prci_domain/tile_reset_domain_tile/gemmini/ex_controller/mesh/mesh/mesh_4_6/tile_0_0                                                     
   166     0.03% 5.30691e-07 1.28041e-04 1.23512e-04 2.52083e-04  10 /ChipTop/system/tile_prci_domain/tile_reset_domain_tile/gemmini/ex_controller/mesh/mesh/mesh_4_6/tile_0_0/mac_unit                                            
   738     0.11% 2.07884e-06 1.46481e-02 2.18486e-03 1.68350e-02   8 /ChipTop/system/tile_prci_domain/tile_reset_domain_tile/gemmini/ex_controller/mesh/mesh/mesh_3_1                                                              
   738     0.11% 2.07884e-06 1.46481e-02 2.18486e-03 1.68350e-02   9 /ChipTop/system/tile_prci_domain/tile_reset_domain_tile/gemmini/ex_controller/mesh/mesh/mesh_3_1/tile_0_0                                                     
   163     0.02% 5.42003e-07 1.41557e-04 1.36821e-04 2.78920e-04  10 /ChipTop/system/tile_prci_domain/tile_reset_domain_tile/gemmini/ex_controller/mesh/mesh/mesh_3_1/tile_0_0/mac_unit                                            
   738     0.11% 2.09545e-06 1.46542e-02 2.17766e-03 1.68340e-02   8 /ChipTop/system/tile_prci_domain/tile_reset_domain_tile/gemmini/ex_controller/mesh/mesh/mesh_10_0                                                             
   738     0.11% 2.09545e-06 1.46542e-02 2.17766e-03 1.68340e-02   9 /ChipTop/system/tile_prci_domain/tile_reset_domain_tile/gemmini/ex_controller/mesh/mesh/mesh_10_0/tile_0_0                                                    
   163     0.02% 5.48761e-07 1.03531e-04 1.00014e-04 2.04094e-04  10 /ChipTop/system/tile_prci_domain/tile_reset_domain_tile/gemmini/ex_controller/mesh/mesh/mesh_10_0/tile_0_0/mac_unit                                           
   741     0.11% 2.05979e-06 1.46488e-02 2.18293e-03 1.68338e-02   8 /ChipTop/system/tile_prci_domain/tile_reset_domain_tile/gemmini/ex_controller/mesh/mesh/mesh_10_6                                                             
   741     0.11% 2.05979e-06 1.46488e-02 2.18293e-03 1.68338e-02   9 /ChipTop/system/tile_prci_domain/tile_reset_domain_tile/gemmini/ex_controller/mesh/mesh/mesh_10_6/tile_0_0                                                    
   166     0.03% 5.32805e-07 1.33744e-04 1.29169e-04 2.63446e-04  10 /ChipTop/system/tile_prci_domain/tile_reset_domain_tile/gemmini/ex_controller/mesh/mesh/mesh_10_6/tile_0_0/mac_unit                                           
   738     0.11% 2.06036e-06 1.46436e-02 2.18671e-03 1.68324e-02   8 /ChipTop/system/tile_prci_domain/tile_reset_domain_tile/gemmini/ex_controller/mesh/mesh/mesh_13_11                                                            
   738     0.11% 2.06036e-06 1.46436e-02 2.18671e-03 1.68324e-02   9 /ChipTop/system/tile_prci_domain/tile_reset_domain_tile/gemmini/ex_controller/mesh/mesh/mesh_13_11/tile_0_0                                                   
   163     0.02% 5.38625e-07 1.35313e-04 1.29816e-04 2.65668e-04  10 /ChipTop/system/tile_prci_domain/tile_reset_domain_tile/gemmini/ex_controller/mesh/mesh/mesh_13_11/tile_0_0/mac_unit                                          
   738     0.11% 2.07669e-06 1.46357e-02 2.19113e-03 1.68289e-02   8 /ChipTop/system/tile_prci_domain/tile_reset_domain_tile/gemmini/ex_controller/mesh/mesh/mesh_5_12                                                             
   738     0.11% 2.07669e-06 1.46357e-02 2.19113e-03 1.68289e-02   9 /ChipTop/system/tile_prci_domain/tile_reset_domain_tile/gemmini/ex_controller/mesh/mesh/mesh_5_12/tile_0_0                                                    
   163     0.02% 5.39882e-07 1.44187e-04 1.38602e-04 2.83329e-04  10 /ChipTop/system/tile_prci_domain/tile_reset_domain_tile/gemmini/ex_controller/mesh/mesh/mesh_5_12/tile_0_0/mac_unit                                           
   738     0.11% 2.06627e-06 1.46451e-02 2.18154e-03 1.68287e-02   8 /ChipTop/system/tile_prci_domain/tile_reset_domain_tile/gemmini/ex_controller/mesh/mesh/mesh_15_11                                                            
   738     0.11% 2.06627e-06 1.46451e-02 2.18154e-03 1.68287e-02   9 /ChipTop/system/tile_prci_domain/tile_reset_domain_tile/gemmini/ex_controller/mesh/mesh/mesh_15_11/tile_0_0                                                   
   163     0.02% 5.46309e-07 1.29226e-04 1.24474e-04 2.54246e-04  10 /ChipTop/system/tile_prci_domain/tile_reset_domain_tile/gemmini/ex_controller/mesh/mesh/mesh_15_11/tile_0_0/mac_unit                                          
   738     0.11% 2.06697e-06 1.46427e-02 2.18321e-03 1.68279e-02   8 /ChipTop/system/tile_prci_domain/tile_reset_domain_tile/gemmini/ex_controller/mesh/mesh/mesh_13_1                                                             
   738     0.11% 2.06697e-06 1.46427e-02 2.18321e-03 1.68279e-02   9 /ChipTop/system/tile_prci_domain/tile_reset_domain_tile/gemmini/ex_controller/mesh/mesh/mesh_13_1/tile_0_0                                                    
   163     0.02% 5.38519e-07 1.42975e-04 1.38050e-04 2.81564e-04  10 /ChipTop/system/tile_prci_domain/tile_reset_domain_tile/gemmini/ex_controller/mesh/mesh/mesh_13_1/tile_0_0/mac_unit                                           
   741     0.11% 2.07121e-06 1.46397e-02 2.18592e-03 1.68277e-02   8 /ChipTop/system/tile_prci_domain/tile_reset_domain_tile/gemmini/ex_controller/mesh/mesh/mesh_10_14                                                            
   741     0.11% 2.07121e-06 1.46397e-02 2.18592e-03 1.68277e-02   9 /ChipTop/system/tile_prci_domain/tile_reset_domain_tile/gemmini/ex_controller/mesh/mesh/mesh_10_14/tile_0_0                                                   
   166     0.03% 5.39171e-07 1.25104e-04 1.19749e-04 2.45392e-04  10 /ChipTop/system/tile_prci_domain/tile_reset_domain_tile/gemmini/ex_controller/mesh/mesh/mesh_10_14/tile_0_0/mac_unit                                          
   738     0.11% 2.06175e-06 1.46438e-02 2.18004e-03 1.68259e-02   8 /ChipTop/system/tile_prci_domain/tile_reset_domain_tile/gemmini/ex_controller/mesh/mesh/mesh_6_4                                                              
   738     0.11% 2.06175e-06 1.46438e-02 2.18004e-03 1.68259e-02   9 /ChipTop/system/tile_prci_domain/tile_reset_domain_tile/gemmini/ex_controller/mesh/mesh/mesh_6_4/tile_0_0                                                     
   163     0.02% 5.36888e-07 1.42461e-04 1.37193e-04 2.80190e-04  10 /ChipTop/system/tile_prci_domain/tile_reset_domain_tile/gemmini/ex_controller/mesh/mesh/mesh_6_4/tile_0_0/mac_unit                                            
   741     0.11% 2.04607e-06 1.46355e-02 2.18519e-03 1.68228e-02   8 /ChipTop/system/tile_prci_domain/tile_reset_domain_tile/gemmini/ex_controller/mesh/mesh/mesh_9_7                                                              
   741     0.11% 2.04607e-06 1.46355e-02 2.18519e-03 1.68228e-02   9 /ChipTop/system/tile_prci_domain/tile_reset_domain_tile/gemmini/ex_controller/mesh/mesh/mesh_9_7/tile_0_0                                                     
   166     0.03% 5.27083e-07 1.53734e-04 1.50041e-04 3.04302e-04  10 /ChipTop/system/tile_prci_domain/tile_reset_domain_tile/gemmini/ex_controller/mesh/mesh/mesh_9_7/tile_0_0/mac_unit                                            
   738     0.11% 2.07092e-06 1.46429e-02 2.17778e-03 1.68227e-02   8 /ChipTop/system/tile_prci_domain/tile_reset_domain_tile/gemmini/ex_controller/mesh/mesh/mesh_9_1                                                              
   738     0.11% 2.07092e-06 1.46429e-02 2.17778e-03 1.68227e-02   9 /ChipTop/system/tile_prci_domain/tile_reset_domain_tile/gemmini/ex_controller/mesh/mesh/mesh_9_1/tile_0_0                                                     
   163     0.02% 5.41149e-07 1.30370e-04 1.24804e-04 2.55716e-04  10 /ChipTop/system/tile_prci_domain/tile_reset_domain_tile/gemmini/ex_controller/mesh/mesh/mesh_9_1/tile_0_0/mac_unit                                            
   738     0.11% 2.08096e-06 1.46434e-02 2.17486e-03 1.68203e-02   8 /ChipTop/system/tile_prci_domain/tile_reset_domain_tile/gemmini/ex_controller/mesh/mesh/mesh_10_1                                                             
   738     0.11% 2.08096e-06 1.46434e-02 2.17486e-03 1.68203e-02   9 /ChipTop/system/tile_prci_domain/tile_reset_domain_tile/gemmini/ex_controller/mesh/mesh/mesh_10_1/tile_0_0                                                    
   163     0.02% 5.46792e-07 1.18274e-04 1.15373e-04 2.34194e-04  10 /ChipTop/system/tile_prci_domain/tile_reset_domain_tile/gemmini/ex_controller/mesh/mesh/mesh_10_1/tile_0_0/mac_unit                                           
   738     0.11% 2.08250e-06 1.46346e-02 2.18306e-03 1.68198e-02   8 /ChipTop/system/tile_prci_domain/tile_reset_domain_tile/gemmini/ex_controller/mesh/mesh/mesh_7_8                                                              
   738     0.11% 2.08250e-06 1.46346e-02 2.18306e-03 1.68198e-02   9 /ChipTop/system/tile_prci_domain/tile_reset_domain_tile/gemmini/ex_controller/mesh/mesh/mesh_7_8/tile_0_0                                                     
   163     0.02% 5.47669e-07 1.26360e-04 1.20737e-04 2.47645e-04  10 /ChipTop/system/tile_prci_domain/tile_reset_domain_tile/gemmini/ex_controller/mesh/mesh/mesh_7_8/tile_0_0/mac_unit                                            
   741     0.11% 2.07189e-06 1.46354e-02 2.18053e-03 1.68180e-02   8 /ChipTop/system/tile_prci_domain/tile_reset_domain_tile/gemmini/ex_controller/mesh/mesh/mesh_2_6                                                              
   741     0.11% 2.07189e-06 1.46354e-02 2.18053e-03 1.68180e-02   9 /ChipTop/system/tile_prci_domain/tile_reset_domain_tile/gemmini/ex_controller/mesh/mesh/mesh_2_6/tile_0_0                                                     
   166     0.03% 5.33136e-07 1.19138e-04 1.14427e-04 2.34098e-04  10 /ChipTop/system/tile_prci_domain/tile_reset_domain_tile/gemmini/ex_controller/mesh/mesh/mesh_2_6/tile_0_0/mac_unit                                            
   741     0.11% 2.06881e-06 1.46388e-02 2.17651e-03 1.68173e-02   8 /ChipTop/system/tile_prci_domain/tile_reset_domain_tile/gemmini/ex_controller/mesh/mesh/mesh_8_3                                                              
   741     0.11% 2.06881e-06 1.46388e-02 2.17651e-03 1.68173e-02   9 /ChipTop/system/tile_prci_domain/tile_reset_domain_tile/gemmini/ex_controller/mesh/mesh/mesh_8_3/tile_0_0                                                     
   166     0.03% 5.33970e-07 1.23944e-04 1.21031e-04 2.45509e-04  10 /ChipTop/system/tile_prci_domain/tile_reset_domain_tile/gemmini/ex_controller/mesh/mesh/mesh_8_3/tile_0_0/mac_unit                                            
   741     0.11% 2.05616e-06 1.46399e-02 2.17168e-03 1.68136e-02   8 /ChipTop/system/tile_prci_domain/tile_reset_domain_tile/gemmini/ex_controller/mesh/mesh/mesh_13_3                                                             
   741     0.11% 2.05616e-06 1.46399e-02 2.17168e-03 1.68136e-02   9 /ChipTop/system/tile_prci_domain/tile_reset_domain_tile/gemmini/ex_controller/mesh/mesh/mesh_13_3/tile_0_0                                                    
   166     0.03% 5.25745e-07 1.26549e-04 1.21147e-04 2.48222e-04  10 /ChipTop/system/tile_prci_domain/tile_reset_domain_tile/gemmini/ex_controller/mesh/mesh/mesh_13_3/tile_0_0/mac_unit                                           
   738     0.11% 2.07250e-06 1.46343e-02 2.17687e-03 1.68132e-02   8 /ChipTop/system/tile_prci_domain/tile_reset_domain_tile/gemmini/ex_controller/mesh/mesh/mesh_15_15                                                            
   738     0.11% 2.07250e-06 1.46343e-02 2.17687e-03 1.68132e-02   9 /ChipTop/system/tile_prci_domain/tile_reset_domain_tile/gemmini/ex_controller/mesh/mesh/mesh_15_15/tile_0_0                                                   
   163     0.02% 5.46132e-07 1.20316e-04 1.19532e-04 2.40395e-04  10 /ChipTop/system/tile_prci_domain/tile_reset_domain_tile/gemmini/ex_controller/mesh/mesh/mesh_15_15/tile_0_0/mac_unit                                          
   738     0.11% 2.06548e-06 1.46319e-02 2.17830e-03 1.68123e-02   8 /ChipTop/system/tile_prci_domain/tile_reset_domain_tile/gemmini/ex_controller/mesh/mesh/mesh_3_2                                                              
   738     0.11% 2.06548e-06 1.46319e-02 2.17830e-03 1.68123e-02   9 /ChipTop/system/tile_prci_domain/tile_reset_domain_tile/gemmini/ex_controller/mesh/mesh/mesh_3_2/tile_0_0                                                     
   163     0.02% 5.36980e-07 1.47611e-04 1.43764e-04 2.91912e-04  10 /ChipTop/system/tile_prci_domain/tile_reset_domain_tile/gemmini/ex_controller/mesh/mesh/mesh_3_2/tile_0_0/mac_unit                                            
   738     0.11% 2.07582e-06 1.46277e-02 2.18129e-03 1.68111e-02   8 /ChipTop/system/tile_prci_domain/tile_reset_domain_tile/gemmini/ex_controller/mesh/mesh/mesh_9_13                                                             
   738     0.11% 2.07582e-06 1.46277e-02 2.18129e-03 1.68111e-02   9 /ChipTop/system/tile_prci_domain/tile_reset_domain_tile/gemmini/ex_controller/mesh/mesh/mesh_9_13/tile_0_0                                                    
   163     0.02% 5.42678e-07 1.37235e-04 1.30353e-04 2.68130e-04  10 /ChipTop/system/tile_prci_domain/tile_reset_domain_tile/gemmini/ex_controller/mesh/mesh/mesh_9_13/tile_0_0/mac_unit                                           
   741     0.11% 2.07112e-06 1.46311e-02 2.17693e-03 1.68101e-02   8 /ChipTop/system/tile_prci_domain/tile_reset_domain_tile/gemmini/ex_controller/mesh/mesh/mesh_5_5                                                              
   741     0.11% 2.07112e-06 1.46311e-02 2.17693e-03 1.68101e-02   9 /ChipTop/system/tile_prci_domain/tile_reset_domain_tile/gemmini/ex_controller/mesh/mesh/mesh_5_5/tile_0_0                                                     
   166     0.03% 5.33536e-07 1.21565e-04 1.25516e-04 2.47615e-04  10 /ChipTop/system/tile_prci_domain/tile_reset_domain_tile/gemmini/ex_controller/mesh/mesh/mesh_5_5/tile_0_0/mac_unit                                            
   812     0.12% 2.30291e-06 1.46272e-02 2.17836e-03 1.68079e-02   8 /ChipTop/system/tile_prci_domain/tile_reset_domain_tile/gemmini/ex_controller/mesh/mesh/mesh_0_6                                                              
   812     0.12% 2.30291e-06 1.46272e-02 2.17836e-03 1.68079e-02   9 /ChipTop/system/tile_prci_domain/tile_reset_domain_tile/gemmini/ex_controller/mesh/mesh/mesh_0_6/tile_0_0                                                     
   166     0.03% 5.21227e-07 1.31800e-04 1.30048e-04 2.62369e-04  10 /ChipTop/system/tile_prci_domain/tile_reset_domain_tile/gemmini/ex_controller/mesh/mesh/mesh_0_6/tile_0_0/mac_unit                                            
   738     0.11% 2.05854e-06 1.46335e-02 2.17132e-03 1.68068e-02   8 /ChipTop/system/tile_prci_domain/tile_reset_domain_tile/gemmini/ex_controller/mesh/mesh/mesh_15_1                                                             
   738     0.11% 2.05854e-06 1.46335e-02 2.17132e-03 1.68068e-02   9 /ChipTop/system/tile_prci_domain/tile_reset_domain_tile/gemmini/ex_controller/mesh/mesh/mesh_15_1/tile_0_0                                                    
   163     0.02% 5.46132e-07 1.38415e-04 1.33700e-04 2.72661e-04  10 /ChipTop/system/tile_prci_domain/tile_reset_domain_tile/gemmini/ex_controller/mesh/mesh/mesh_15_1/tile_0_0/mac_unit                                           
   812     0.12% 2.32734e-06 1.46326e-02 2.17123e-03 1.68062e-02   8 /ChipTop/system/tile_prci_domain/tile_reset_domain_tile/gemmini/ex_controller/mesh/mesh/mesh_0_7                                                              
   812     0.12% 2.32734e-06 1.46326e-02 2.17123e-03 1.68062e-02   9 /ChipTop/system/tile_prci_domain/tile_reset_domain_tile/gemmini/ex_controller/mesh/mesh/mesh_0_7/tile_0_0                                                     
   166     0.03% 5.37736e-07 1.02144e-04 9.87967e-05 2.01478e-04  10 /ChipTop/system/tile_prci_domain/tile_reset_domain_tile/gemmini/ex_controller/mesh/mesh/mesh_0_7/tile_0_0/mac_unit                                            
   740     0.11% 2.06689e-06 1.46365e-02 2.16716e-03 1.68057e-02   8 /ChipTop/system/tile_prci_domain/tile_reset_domain_tile/gemmini/ex_controller/mesh/mesh/mesh_10_2                                                             
   740     0.11% 2.06689e-06 1.46365e-02 2.16716e-03 1.68057e-02   9 /ChipTop/system/tile_prci_domain/tile_reset_domain_tile/gemmini/ex_controller/mesh/mesh/mesh_10_2/tile_0_0                                                    
   163     0.02% 5.34809e-07 1.32315e-04 1.30631e-04 2.63481e-04  10 /ChipTop/system/tile_prci_domain/tile_reset_domain_tile/gemmini/ex_controller/mesh/mesh/mesh_10_2/tile_0_0/mac_unit                                           
   738     0.11% 2.07851e-06 1.46272e-02 2.17623e-03 1.68055e-02   8 /ChipTop/system/tile_prci_domain/tile_reset_domain_tile/gemmini/ex_controller/mesh/mesh/mesh_3_15                                                             
   738     0.11% 2.07851e-06 1.46272e-02 2.17623e-03 1.68055e-02   9 /ChipTop/system/tile_prci_domain/tile_reset_domain_tile/gemmini/ex_controller/mesh/mesh/mesh_3_15/tile_0_0                                                    
   163     0.02% 5.39634e-07 1.17468e-04 1.10559e-04 2.28566e-04  10 /ChipTop/system/tile_prci_domain/tile_reset_domain_tile/gemmini/ex_controller/mesh/mesh/mesh_3_15/tile_0_0/mac_unit                                           
   738     0.11% 2.08692e-06 1.46363e-02 2.16599e-03 1.68044e-02   8 /ChipTop/system/tile_prci_domain/tile_reset_domain_tile/gemmini/ex_controller/mesh/mesh/mesh_5_0                                                              
   738     0.11% 2.08692e-06 1.46363e-02 2.16599e-03 1.68044e-02   9 /ChipTop/system/tile_prci_domain/tile_reset_domain_tile/gemmini/ex_controller/mesh/mesh/mesh_5_0/tile_0_0                                                     
   163     0.02% 5.44009e-07 1.23604e-04 1.18036e-04 2.42184e-04  10 /ChipTop/system/tile_prci_domain/tile_reset_domain_tile/gemmini/ex_controller/mesh/mesh/mesh_5_0/tile_0_0/mac_unit                                            
   812     0.12% 2.32925e-06 1.46307e-02 2.16848e-03 1.68015e-02   8 /ChipTop/system/tile_prci_domain/tile_reset_domain_tile/gemmini/ex_controller/mesh/mesh/mesh_0_1                                                              
   812     0.12% 2.32925e-06 1.46307e-02 2.16848e-03 1.68015e-02   9 /ChipTop/system/tile_prci_domain/tile_reset_domain_tile/gemmini/ex_controller/mesh/mesh/mesh_0_1/tile_0_0                                                     
   166     0.03% 5.36324e-07 1.10101e-04 1.04271e-04 2.14908e-04  10 /ChipTop/system/tile_prci_domain/tile_reset_domain_tile/gemmini/ex_controller/mesh/mesh/mesh_0_1/tile_0_0/mac_unit                                            
   810     0.12% 2.33925e-06 1.46244e-02 2.17403e-03 1.68008e-02   8 /ChipTop/system/tile_prci_domain/tile_reset_domain_tile/gemmini/ex_controller/mesh/mesh/mesh_0_15                                                             
   810     0.12% 2.33925e-06 1.46244e-02 2.17403e-03 1.68008e-02   9 /ChipTop/system/tile_prci_domain/tile_reset_domain_tile/gemmini/ex_controller/mesh/mesh/mesh_0_15/tile_0_0                                                    
   164     0.02% 5.38829e-07 1.30698e-04 1.26140e-04 2.57377e-04  10 /ChipTop/system/tile_prci_domain/tile_reset_domain_tile/gemmini/ex_controller/mesh/mesh/mesh_0_15/tile_0_0/mac_unit                                           
   738     0.11% 2.05849e-06 1.46279e-02 2.16810e-03 1.67981e-02   8 /ChipTop/system/tile_prci_domain/tile_reset_domain_tile/gemmini/ex_controller/mesh/mesh/mesh_13_7                                                             
   738     0.11% 2.05849e-06 1.46279e-02 2.16810e-03 1.67981e-02   9 /ChipTop/system/tile_prci_domain/tile_reset_domain_tile/gemmini/ex_controller/mesh/mesh/mesh_13_7/tile_0_0                                                    
   163     0.02% 5.41045e-07 1.24293e-04 1.18528e-04 2.43362e-04  10 /ChipTop/system/tile_prci_domain/tile_reset_domain_tile/gemmini/ex_controller/mesh/mesh/mesh_13_7/tile_0_0/mac_unit                                           
   741     0.11% 2.06565e-06 1.46214e-02 2.17436e-03 1.67978e-02   8 /ChipTop/system/tile_prci_domain/tile_reset_domain_tile/gemmini/ex_controller/mesh/mesh/mesh_10_10                                                            
   741     0.11% 2.06565e-06 1.46214e-02 2.17436e-03 1.67978e-02   9 /ChipTop/system/tile_prci_domain/tile_reset_domain_tile/gemmini/ex_controller/mesh/mesh/mesh_10_10/tile_0_0                                                   
   166     0.03% 5.38791e-07 1.16195e-04 1.19009e-04 2.35743e-04  10 /ChipTop/system/tile_prci_domain/tile_reset_domain_tile/gemmini/ex_controller/mesh/mesh/mesh_10_10/tile_0_0/mac_unit                                          
   738     0.11% 2.06678e-06 1.46242e-02 2.17060e-03 1.67969e-02   8 /ChipTop/system/tile_prci_domain/tile_reset_domain_tile/gemmini/ex_controller/mesh/mesh/mesh_14_2                                                             
   738     0.11% 2.06678e-06 1.46242e-02 2.17060e-03 1.67969e-02   9 /ChipTop/system/tile_prci_domain/tile_reset_domain_tile/gemmini/ex_controller/mesh/mesh/mesh_14_2/tile_0_0                                                    
   163     0.02% 5.45079e-07 1.36248e-04 1.33458e-04 2.70252e-04  10 /ChipTop/system/tile_prci_domain/tile_reset_domain_tile/gemmini/ex_controller/mesh/mesh/mesh_14_2/tile_0_0/mac_unit                                           
   738     0.11% 2.06284e-06 1.46266e-02 2.16569e-03 1.67944e-02   8 /ChipTop/system/tile_prci_domain/tile_reset_domain_tile/gemmini/ex_controller/mesh/mesh/mesh_15_2                                                             
   738     0.11% 2.06284e-06 1.46266e-02 2.16569e-03 1.67944e-02   9 /ChipTop/system/tile_prci_domain/tile_reset_domain_tile/gemmini/ex_controller/mesh/mesh/mesh_15_2/tile_0_0                                                    
   163     0.02% 5.42617e-07 1.28896e-04 1.23496e-04 2.52935e-04  10 /ChipTop/system/tile_prci_domain/tile_reset_domain_tile/gemmini/ex_controller/mesh/mesh/mesh_15_2/tile_0_0/mac_unit                                           
   812     0.12% 2.34141e-06 1.46192e-02 2.17252e-03 1.67941e-02   8 /ChipTop/system/tile_prci_domain/tile_reset_domain_tile/gemmini/ex_controller/mesh/mesh/mesh_0_2                                                              
   812     0.12% 2.34141e-06 1.46192e-02 2.17252e-03 1.67941e-02   9 /ChipTop/system/tile_prci_domain/tile_reset_domain_tile/gemmini/ex_controller/mesh/mesh/mesh_0_2/tile_0_0                                                     
   166     0.03% 5.39790e-07 1.41866e-04 1.36724e-04 2.79130e-04  10 /ChipTop/system/tile_prci_domain/tile_reset_domain_tile/gemmini/ex_controller/mesh/mesh/mesh_0_2/tile_0_0/mac_unit                                            
   741     0.11% 2.07664e-06 1.46174e-02 2.17443e-03 1.67939e-02   8 /ChipTop/system/tile_prci_domain/tile_reset_domain_tile/gemmini/ex_controller/mesh/mesh/mesh_1_12                                                             
   741     0.11% 2.07664e-06 1.46174e-02 2.17443e-03 1.67939e-02   9 /ChipTop/system/tile_prci_domain/tile_reset_domain_tile/gemmini/ex_controller/mesh/mesh/mesh_1_12/tile_0_0                                                    
   166     0.03% 5.35600e-07 1.36202e-04 1.33687e-04 2.70425e-04  10 /ChipTop/system/tile_prci_domain/tile_reset_domain_tile/gemmini/ex_controller/mesh/mesh/mesh_1_12/tile_0_0/mac_unit                                           
   738     0.11% 2.06964e-06 1.46173e-02 2.17450e-03 1.67939e-02   8 /ChipTop/system/tile_prci_domain/tile_reset_domain_tile/gemmini/ex_controller/mesh/mesh/mesh_5_15                                                             
   738     0.11% 2.06964e-06 1.46173e-02 2.17450e-03 1.67939e-02   9 /ChipTop/system/tile_prci_domain/tile_reset_domain_tile/gemmini/ex_controller/mesh/mesh/mesh_5_15/tile_0_0                                                    
   163     0.02% 5.41632e-07 1.31931e-04 1.22883e-04 2.55355e-04  10 /ChipTop/system/tile_prci_domain/tile_reset_domain_tile/gemmini/ex_controller/mesh/mesh/mesh_5_15/tile_0_0/mac_unit                                           
   738     0.11% 2.08271e-06 1.46149e-02 2.17547e-03 1.67925e-02   8 /ChipTop/system/tile_prci_domain/tile_reset_domain_tile/gemmini/ex_controller/mesh/mesh/mesh_1_1                                                              
   738     0.11% 2.08271e-06 1.46149e-02 2.17547e-03 1.67925e-02   9 /ChipTop/system/tile_prci_domain/tile_reset_domain_tile/gemmini/ex_controller/mesh/mesh/mesh_1_1/tile_0_0                                                     
   163     0.02% 5.45141e-07 1.43185e-04 1.47184e-04 2.90914e-04  10 /ChipTop/system/tile_prci_domain/tile_reset_domain_tile/gemmini/ex_controller/mesh/mesh/mesh_1_1/tile_0_0/mac_unit                                            
   741     0.11% 2.04225e-06 1.46211e-02 2.16918e-03 1.67923e-02   8 /ChipTop/system/tile_prci_domain/tile_reset_domain_tile/gemmini/ex_controller/mesh/mesh/mesh_14_13                                                            
   741     0.11% 2.04225e-06 1.46211e-02 2.16918e-03 1.67923e-02   9 /ChipTop/system/tile_prci_domain/tile_reset_domain_tile/gemmini/ex_controller/mesh/mesh/mesh_14_13/tile_0_0                                                   
   166     0.03% 5.31242e-07 1.37195e-04 1.32842e-04 2.70568e-04  10 /ChipTop/system/tile_prci_domain/tile_reset_domain_tile/gemmini/ex_controller/mesh/mesh/mesh_14_13/tile_0_0/mac_unit                                          
   812     0.12% 2.32414e-06 1.46177e-02 2.17177e-03 1.67918e-02   8 /ChipTop/system/tile_prci_domain/tile_reset_domain_tile/gemmini/ex_controller/mesh/mesh/mesh_0_3                                                              
   812     0.12% 2.32414e-06 1.46177e-02 2.17177e-03 1.67918e-02   9 /ChipTop/system/tile_prci_domain/tile_reset_domain_tile/gemmini/ex_controller/mesh/mesh/mesh_0_3/tile_0_0                                                     
   166     0.03% 5.21034e-07 1.36707e-04 1.33101e-04 2.70329e-04  10 /ChipTop/system/tile_prci_domain/tile_reset_domain_tile/gemmini/ex_controller/mesh/mesh/mesh_0_3/tile_0_0/mac_unit                                            
   738     0.11% 2.06121e-06 1.46217e-02 2.16740e-03 1.67912e-02   8 /ChipTop/system/tile_prci_domain/tile_reset_domain_tile/gemmini/ex_controller/mesh/mesh/mesh_8_2                                                              
   738     0.11% 2.06121e-06 1.46217e-02 2.16740e-03 1.67912e-02   9 /ChipTop/system/tile_prci_domain/tile_reset_domain_tile/gemmini/ex_controller/mesh/mesh/mesh_8_2/tile_0_0                                                     
   163     0.02% 5.40172e-07 1.48119e-04 1.41208e-04 2.89867e-04  10 /ChipTop/system/tile_prci_domain/tile_reset_domain_tile/gemmini/ex_controller/mesh/mesh/mesh_8_2/tile_0_0/mac_unit                                            
   738     0.11% 2.09042e-06 1.46195e-02 2.16936e-03 1.67910e-02   8 /ChipTop/system/tile_prci_domain/tile_reset_domain_tile/gemmini/ex_controller/mesh/mesh/mesh_2_13                                                             
   738     0.11% 2.09042e-06 1.46195e-02 2.16936e-03 1.67910e-02   9 /ChipTop/system/tile_prci_domain/tile_reset_domain_tile/gemmini/ex_controller/mesh/mesh/mesh_2_13/tile_0_0                                                    
   163     0.02% 5.45015e-07 1.15374e-04 1.12355e-04 2.28274e-04  10 /ChipTop/system/tile_prci_domain/tile_reset_domain_tile/gemmini/ex_controller/mesh/mesh/mesh_2_13/tile_0_0/mac_unit                                           
   738     0.11% 2.06630e-06 1.46152e-02 2.17362e-03 1.67909e-02   8 /ChipTop/system/tile_prci_domain/tile_reset_domain_tile/gemmini/ex_controller/mesh/mesh/mesh_4_7                                                              
   738     0.11% 2.06630e-06 1.46152e-02 2.17362e-03 1.67909e-02   9 /ChipTop/system/tile_prci_domain/tile_reset_domain_tile/gemmini/ex_controller/mesh/mesh/mesh_4_7/tile_0_0                                                     
   163     0.02% 5.40719e-07 1.40260e-04 1.34216e-04 2.75017e-04  10 /ChipTop/system/tile_prci_domain/tile_reset_domain_tile/gemmini/ex_controller/mesh/mesh/mesh_4_7/tile_0_0/mac_unit                                            
   741     0.11% 2.05249e-06 1.46248e-02 2.16346e-03 1.67903e-02   8 /ChipTop/system/tile_prci_domain/tile_reset_domain_tile/gemmini/ex_controller/mesh/mesh/mesh_14_10                                                            
   741     0.11% 2.05249e-06 1.46248e-02 2.16346e-03 1.67903e-02   9 /ChipTop/system/tile_prci_domain/tile_reset_domain_tile/gemmini/ex_controller/mesh/mesh/mesh_14_10/tile_0_0                                                   
   166     0.03% 5.33167e-07 1.18294e-04 1.13213e-04 2.32040e-04  10 /ChipTop/system/tile_prci_domain/tile_reset_domain_tile/gemmini/ex_controller/mesh/mesh/mesh_14_10/tile_0_0/mac_unit                                          
   738     0.11% 2.07366e-06 1.46247e-02 2.16269e-03 1.67894e-02   8 /ChipTop/system/tile_prci_domain/tile_reset_domain_tile/gemmini/ex_controller/mesh/mesh/mesh_7_4                                                              
   738     0.11% 2.07366e-06 1.46247e-02 2.16269e-03 1.67894e-02   9 /ChipTop/system/tile_prci_domain/tile_reset_domain_tile/gemmini/ex_controller/mesh/mesh/mesh_7_4/tile_0_0                                                     
   163     0.02% 5.49012e-07 1.13179e-04 1.09105e-04 2.22833e-04  10 /ChipTop/system/tile_prci_domain/tile_reset_domain_tile/gemmini/ex_controller/mesh/mesh/mesh_7_4/tile_0_0/mac_unit                                            
   741     0.11% 2.06655e-06 1.46162e-02 2.17087e-03 1.67891e-02   8 /ChipTop/system/tile_prci_domain/tile_reset_domain_tile/gemmini/ex_controller/mesh/mesh/mesh_4_13                                                             
   741     0.11% 2.06655e-06 1.46162e-02 2.17087e-03 1.67891e-02   9 /ChipTop/system/tile_prci_domain/tile_reset_domain_tile/gemmini/ex_controller/mesh/mesh/mesh_4_13/tile_0_0                                                    
   166     0.03% 5.33118e-07 1.22788e-04 1.18629e-04 2.41951e-04  10 /ChipTop/system/tile_prci_domain/tile_reset_domain_tile/gemmini/ex_controller/mesh/mesh/mesh_4_13/tile_0_0/mac_unit                                           
   812     0.12% 2.32247e-06 1.46212e-02 2.16309e-03 1.67866e-02   8 /ChipTop/system/tile_prci_domain/tile_reset_domain_tile/gemmini/ex_controller/mesh/mesh/mesh_0_5                                                              
   812     0.12% 2.32247e-06 1.46212e-02 2.16309e-03 1.67866e-02   9 /ChipTop/system/tile_prci_domain/tile_reset_domain_tile/gemmini/ex_controller/mesh/mesh/mesh_0_5/tile_0_0                                                     
   166     0.03% 5.36895e-07 1.14319e-04 1.08326e-04 2.23182e-04  10 /ChipTop/system/tile_prci_domain/tile_reset_domain_tile/gemmini/ex_controller/mesh/mesh/mesh_0_5/tile_0_0/mac_unit                                            
   741     0.11% 2.05535e-06 1.46162e-02 2.16700e-03 1.67853e-02   8 /ChipTop/system/tile_prci_domain/tile_reset_domain_tile/gemmini/ex_controller/mesh/mesh/mesh_14_9                                                             
   741     0.11% 2.05535e-06 1.46162e-02 2.16700e-03 1.67853e-02   9 /ChipTop/system/tile_prci_domain/tile_reset_domain_tile/gemmini/ex_controller/mesh/mesh/mesh_14_9/tile_0_0                                                    
   166     0.03% 5.36083e-07 1.39648e-04 1.37253e-04 2.77437e-04  10 /ChipTop/system/tile_prci_domain/tile_reset_domain_tile/gemmini/ex_controller/mesh/mesh/mesh_14_9/tile_0_0/mac_unit                                           
   741     0.11% 2.04943e-06 1.46162e-02 2.16533e-03 1.67836e-02   8 /ChipTop/system/tile_prci_domain/tile_reset_domain_tile/gemmini/ex_controller/mesh/mesh/mesh_11_5                                                             
   741     0.11% 2.04943e-06 1.46162e-02 2.16533e-03 1.67836e-02   9 /ChipTop/system/tile_prci_domain/tile_reset_domain_tile/gemmini/ex_controller/mesh/mesh/mesh_11_5/tile_0_0                                                    
   166     0.03% 5.35369e-07 1.46706e-04 1.41082e-04 2.88323e-04  10 /ChipTop/system/tile_prci_domain/tile_reset_domain_tile/gemmini/ex_controller/mesh/mesh/mesh_11_5/tile_0_0/mac_unit                                           
   741     0.11% 2.05400e-06 1.46114e-02 2.16877e-03 1.67822e-02   8 /ChipTop/system/tile_prci_domain/tile_reset_domain_tile/gemmini/ex_controller/mesh/mesh/mesh_3_3                                                              
   741     0.11% 2.05400e-06 1.46114e-02 2.16877e-03 1.67822e-02   9 /ChipTop/system/tile_prci_domain/tile_reset_domain_tile/gemmini/ex_controller/mesh/mesh/mesh_3_3/tile_0_0                                                     
   166     0.03% 5.27931e-07 1.34685e-04 1.39019e-04 2.74232e-04  10 /ChipTop/system/tile_prci_domain/tile_reset_domain_tile/gemmini/ex_controller/mesh/mesh/mesh_3_3/tile_0_0/mac_unit                                            
   741     0.11% 2.05407e-06 1.46154e-02 2.16428e-03 1.67817e-02   8 /ChipTop/system/tile_prci_domain/tile_reset_domain_tile/gemmini/ex_controller/mesh/mesh/mesh_9_5                                                              
   741     0.11% 2.05407e-06 1.46154e-02 2.16428e-03 1.67817e-02   9 /ChipTop/system/tile_prci_domain/tile_reset_domain_tile/gemmini/ex_controller/mesh/mesh/mesh_9_5/tile_0_0                                                     
   166     0.03% 5.33411e-07 1.37300e-04 1.35110e-04 2.72943e-04  10 /ChipTop/system/tile_prci_domain/tile_reset_domain_tile/gemmini/ex_controller/mesh/mesh/mesh_9_5/tile_0_0/mac_unit                                            
   738     0.11% 2.08577e-06 1.46166e-02 2.16290e-03 1.67816e-02   8 /ChipTop/system/tile_prci_domain/tile_reset_domain_tile/gemmini/ex_controller/mesh/mesh/mesh_12_12                                                            
   738     0.11% 2.08577e-06 1.46166e-02 2.16290e-03 1.67816e-02   9 /ChipTop/system/tile_prci_domain/tile_reset_domain_tile/gemmini/ex_controller/mesh/mesh/mesh_12_12/tile_0_0                                                   
   163     0.02% 5.52236e-07 1.16226e-04 1.16039e-04 2.32817e-04  10 /ChipTop/system/tile_prci_domain/tile_reset_domain_tile/gemmini/ex_controller/mesh/mesh/mesh_12_12/tile_0_0/mac_unit                                          
   738     0.11% 2.06704e-06 1.46176e-02 2.16126e-03 1.67809e-02   8 /ChipTop/system/tile_prci_domain/tile_reset_domain_tile/gemmini/ex_controller/mesh/mesh/mesh_12_2                                                             
   738     0.11% 2.06704e-06 1.46176e-02 2.16126e-03 1.67809e-02   9 /ChipTop/system/tile_prci_domain/tile_reset_domain_tile/gemmini/ex_controller/mesh/mesh/mesh_12_2/tile_0_0                                                    
   163     0.02% 5.45119e-07 1.35310e-04 1.29201e-04 2.65056e-04  10 /ChipTop/system/tile_prci_domain/tile_reset_domain_tile/gemmini/ex_controller/mesh/mesh/mesh_12_2/tile_0_0/mac_unit                                           
   741     0.11% 2.06103e-06 1.46160e-02 2.16051e-03 1.67786e-02   8 /ChipTop/system/tile_prci_domain/tile_reset_domain_tile/gemmini/ex_controller/mesh/mesh/mesh_11_9                                                             
   741     0.11% 2.06103e-06 1.46160e-02 2.16051e-03 1.67786e-02   9 /ChipTop/system/tile_prci_domain/tile_reset_domain_tile/gemmini/ex_controller/mesh/mesh/mesh_11_9/tile_0_0                                                    
   166     0.03% 5.36443e-07 1.20838e-04 1.14380e-04 2.35754e-04  10 /ChipTop/system/tile_prci_domain/tile_reset_domain_tile/gemmini/ex_controller/mesh/mesh/mesh_11_9/tile_0_0/mac_unit                                           
   741     0.11% 2.05337e-06 1.46097e-02 2.16618e-03 1.67780e-02   8 /ChipTop/system/tile_prci_domain/tile_reset_domain_tile/gemmini/ex_controller/mesh/mesh/mesh_9_9                                                              
   741     0.11% 2.05337e-06 1.46097e-02 2.16618e-03 1.67780e-02   9 /ChipTop/system/tile_prci_domain/tile_reset_domain_tile/gemmini/ex_controller/mesh/mesh/mesh_9_9/tile_0_0                                                     
   166     0.03% 5.33289e-07 1.27462e-04 1.29676e-04 2.57671e-04  10 /ChipTop/system/tile_prci_domain/tile_reset_domain_tile/gemmini/ex_controller/mesh/mesh/mesh_9_9/tile_0_0/mac_unit                                            
   738     0.11% 2.07377e-06 1.46177e-02 2.15792e-03 1.67777e-02   8 /ChipTop/system/tile_prci_domain/tile_reset_domain_tile/gemmini/ex_controller/mesh/mesh/mesh_14_0                                                             
   738     0.11% 2.07377e-06 1.46177e-02 2.15792e-03 1.67777e-02   9 /ChipTop/system/tile_prci_domain/tile_reset_domain_tile/gemmini/ex_controller/mesh/mesh/mesh_14_0/tile_0_0                                                    
   163     0.02% 5.46382e-07 1.22134e-04 1.16763e-04 2.39443e-04  10 /ChipTop/system/tile_prci_domain/tile_reset_domain_tile/gemmini/ex_controller/mesh/mesh/mesh_14_0/tile_0_0/mac_unit                                           
   738     0.11% 2.06946e-06 1.46130e-02 2.16255e-03 1.67777e-02   8 /ChipTop/system/tile_prci_domain/tile_reset_domain_tile/gemmini/ex_controller/mesh/mesh/mesh_11_2                                                             
   738     0.11% 2.06946e-06 1.46130e-02 2.16255e-03 1.67777e-02   9 /ChipTop/system/tile_prci_domain/tile_reset_domain_tile/gemmini/ex_controller/mesh/mesh/mesh_11_2/tile_0_0                                                    
   163     0.02% 5.50046e-07 1.34460e-04 1.30313e-04 2.65323e-04  10 /ChipTop/system/tile_prci_domain/tile_reset_domain_tile/gemmini/ex_controller/mesh/mesh/mesh_11_2/tile_0_0/mac_unit                                           
   741     0.11% 2.06450e-06 1.46039e-02 2.17169e-03 1.67776e-02   8 /ChipTop/system/tile_prci_domain/tile_reset_domain_tile/gemmini/ex_controller/mesh/mesh/mesh_5_11                                                             
   741     0.11% 2.06450e-06 1.46039e-02 2.17169e-03 1.67776e-02   9 /ChipTop/system/tile_prci_domain/tile_reset_domain_tile/gemmini/ex_controller/mesh/mesh/mesh_5_11/tile_0_0                                                    
   166     0.03% 5.37390e-07 1.35179e-04 1.34695e-04 2.70411e-04  10 /ChipTop/system/tile_prci_domain/tile_reset_domain_tile/gemmini/ex_controller/mesh/mesh/mesh_5_11/tile_0_0/mac_unit                                           
   812     0.12% 2.34544e-06 1.46119e-02 2.16283e-03 1.67771e-02   8 /ChipTop/system/tile_prci_domain/tile_reset_domain_tile/gemmini/ex_controller/mesh/mesh/mesh_0_10                                                             
   812     0.12% 2.34544e-06 1.46119e-02 2.16283e-03 1.67771e-02   9 /ChipTop/system/tile_prci_domain/tile_reset_domain_tile/gemmini/ex_controller/mesh/mesh/mesh_0_10/tile_0_0                                                    
   166     0.03% 5.41659e-07 1.21685e-04 1.16786e-04 2.39013e-04  10 /ChipTop/system/tile_prci_domain/tile_reset_domain_tile/gemmini/ex_controller/mesh/mesh/mesh_0_10/tile_0_0/mac_unit                                           
   741     0.11% 2.06994e-06 1.46164e-02 2.15814e-03 1.67766e-02   8 /ChipTop/system/tile_prci_domain/tile_reset_domain_tile/gemmini/ex_controller/mesh/mesh/mesh_7_3                                                              
   741     0.11% 2.06994e-06 1.46164e-02 2.15814e-03 1.67766e-02   9 /ChipTop/system/tile_prci_domain/tile_reset_domain_tile/gemmini/ex_controller/mesh/mesh/mesh_7_3/tile_0_0                                                     
   166     0.03% 5.39808e-07 1.16979e-04 1.12636e-04 2.30154e-04  10 /ChipTop/system/tile_prci_domain/tile_reset_domain_tile/gemmini/ex_controller/mesh/mesh/mesh_7_3/tile_0_0/mac_unit                                            
   741     0.11% 2.06241e-06 1.46100e-02 2.16357e-03 1.67757e-02   8 /ChipTop/system/tile_prci_domain/tile_reset_domain_tile/gemmini/ex_controller/mesh/mesh/mesh_5_6                                                              
   741     0.11% 2.06241e-06 1.46100e-02 2.16357e-03 1.67757e-02   9 /ChipTop/system/tile_prci_domain/tile_reset_domain_tile/gemmini/ex_controller/mesh/mesh/mesh_5_6/tile_0_0                                                     
   166     0.03% 5.32517e-07 1.20901e-04 1.16727e-04 2.38160e-04  10 /ChipTop/system/tile_prci_domain/tile_reset_domain_tile/gemmini/ex_controller/mesh/mesh/mesh_5_6/tile_0_0/mac_unit                                            
   738     0.11% 2.08171e-06 1.46086e-02 2.16475e-03 1.67754e-02   8 /ChipTop/system/tile_prci_domain/tile_reset_domain_tile/gemmini/ex_controller/mesh/mesh/mesh_3_5                                                              
   738     0.11% 2.08171e-06 1.46086e-02 2.16475e-03 1.67754e-02   9 /ChipTop/system/tile_prci_domain/tile_reset_domain_tile/gemmini/ex_controller/mesh/mesh/mesh_3_5/tile_0_0                                                     
   163     0.02% 5.41468e-07 1.30918e-04 1.26823e-04 2.58283e-04  10 /ChipTop/system/tile_prci_domain/tile_reset_domain_tile/gemmini/ex_controller/mesh/mesh/mesh_3_5/tile_0_0/mac_unit                                            
   738     0.11% 2.06749e-06 1.46158e-02 2.15712e-03 1.67750e-02   8 /ChipTop/system/tile_prci_domain/tile_reset_domain_tile/gemmini/ex_controller/mesh/mesh/mesh_6_0                                                              
   738     0.11% 2.06749e-06 1.46158e-02 2.15712e-03 1.67750e-02   9 /ChipTop/system/tile_prci_domain/tile_reset_domain_tile/gemmini/ex_controller/mesh/mesh/mesh_6_0/tile_0_0                                                     
   163     0.02% 5.39150e-07 1.30426e-04 1.24870e-04 2.55835e-04  10 /ChipTop/system/tile_prci_domain/tile_reset_domain_tile/gemmini/ex_controller/mesh/mesh/mesh_6_0/tile_0_0/mac_unit                                            
   740     0.11% 2.08493e-06 1.46134e-02 2.15938e-03 1.67748e-02   8 /ChipTop/system/tile_prci_domain/tile_reset_domain_tile/gemmini/ex_controller/mesh/mesh/mesh_7_13                                                             
   740     0.11% 2.08493e-06 1.46134e-02 2.15938e-03 1.67748e-02   9 /ChipTop/system/tile_prci_domain/tile_reset_domain_tile/gemmini/ex_controller/mesh/mesh/mesh_7_13/tile_0_0                                                    
   163     0.02% 5.52476e-07 1.30782e-04 1.23747e-04 2.55081e-04  10 /ChipTop/system/tile_prci_domain/tile_reset_domain_tile/gemmini/ex_controller/mesh/mesh/mesh_7_13/tile_0_0/mac_unit                                           
   738     0.11% 2.07501e-06 1.46059e-02 2.16592e-03 1.67739e-02   8 /ChipTop/system/tile_prci_domain/tile_reset_domain_tile/gemmini/ex_controller/mesh/mesh/mesh_2_14                                                             
   738     0.11% 2.07501e-06 1.46059e-02 2.16592e-03 1.67739e-02   9 /ChipTop/system/tile_prci_domain/tile_reset_domain_tile/gemmini/ex_controller/mesh/mesh/mesh_2_14/tile_0_0                                                    
   163     0.02% 5.43132e-07 1.32053e-04 1.26639e-04 2.59235e-04  10 /ChipTop/system/tile_prci_domain/tile_reset_domain_tile/gemmini/ex_controller/mesh/mesh/mesh_2_14/tile_0_0/mac_unit                                           
   741     0.11% 2.05223e-06 1.46050e-02 2.16450e-03 1.67715e-02   8 /ChipTop/system/tile_prci_domain/tile_reset_domain_tile/gemmini/ex_controller/mesh/mesh/mesh_8_14                                                             
   741     0.11% 2.05223e-06 1.46050e-02 2.16450e-03 1.67715e-02   9 /ChipTop/system/tile_prci_domain/tile_reset_domain_tile/gemmini/ex_controller/mesh/mesh/mesh_8_14/tile_0_0                                                    
   166     0.03% 5.30564e-07 1.31325e-04 1.25358e-04 2.57213e-04  10 /ChipTop/system/tile_prci_domain/tile_reset_domain_tile/gemmini/ex_controller/mesh/mesh/mesh_8_14/tile_0_0/mac_unit                                           
   738     0.11% 2.07705e-06 1.46058e-02 2.16318e-03 1.67711e-02   8 /ChipTop/system/tile_prci_domain/tile_reset_domain_tile/gemmini/ex_controller/mesh/mesh/mesh_4_15                                                             
   738     0.11% 2.07705e-06 1.46058e-02 2.16318e-03 1.67711e-02   9 /ChipTop/system/tile_prci_domain/tile_reset_domain_tile/gemmini/ex_controller/mesh/mesh/mesh_4_15/tile_0_0                                                    
   163     0.02% 5.47792e-07 1.16685e-04 1.11782e-04 2.29015e-04  10 /ChipTop/system/tile_prci_domain/tile_reset_domain_tile/gemmini/ex_controller/mesh/mesh/mesh_4_15/tile_0_0/mac_unit                                           
   741     0.11% 2.05648e-06 1.46140e-02 2.15501e-03 1.67711e-02   8 /ChipTop/system/tile_prci_domain/tile_reset_domain_tile/gemmini/ex_controller/mesh/mesh/mesh_11_3                                                             
   741     0.11% 2.05648e-06 1.46140e-02 2.15501e-03 1.67711e-02   9 /ChipTop/system/tile_prci_domain/tile_reset_domain_tile/gemmini/ex_controller/mesh/mesh/mesh_11_3/tile_0_0                                                    
   166     0.03% 5.38092e-07 1.14204e-04 1.09655e-04 2.24397e-04  10 /ChipTop/system/tile_prci_domain/tile_reset_domain_tile/gemmini/ex_controller/mesh/mesh/mesh_11_3/tile_0_0/mac_unit                                           
   738     0.11% 2.08181e-06 1.46074e-02 2.15873e-03 1.67682e-02   8 /ChipTop/system/tile_prci_domain/tile_reset_domain_tile/gemmini/ex_controller/mesh/mesh/mesh_2_8                                                              
   738     0.11% 2.08181e-06 1.46074e-02 2.15873e-03 1.67682e-02   9 /ChipTop/system/tile_prci_domain/tile_reset_domain_tile/gemmini/ex_controller/mesh/mesh/mesh_2_8/tile_0_0                                                     
   163     0.02% 5.39645e-07 1.10204e-04 1.04530e-04 2.15274e-04  10 /ChipTop/system/tile_prci_domain/tile_reset_domain_tile/gemmini/ex_controller/mesh/mesh/mesh_2_8/tile_0_0/mac_unit                                            
   741     0.11% 2.06155e-06 1.45974e-02 2.16802e-03 1.67675e-02   8 /ChipTop/system/tile_prci_domain/tile_reset_domain_tile/gemmini/ex_controller/mesh/mesh/mesh_10_11                                                            
   741     0.11% 2.06155e-06 1.45974e-02 2.16802e-03 1.67675e-02   9 /ChipTop/system/tile_prci_domain/tile_reset_domain_tile/gemmini/ex_controller/mesh/mesh/mesh_10_11/tile_0_0                                                   
   166     0.03% 5.39505e-07 1.33584e-04 1.30812e-04 2.64935e-04  10 /ChipTop/system/tile_prci_domain/tile_reset_domain_tile/gemmini/ex_controller/mesh/mesh/mesh_10_11/tile_0_0/mac_unit                                          
   738     0.11% 2.07278e-06 1.46103e-02 2.15422e-03 1.67666e-02   8 /ChipTop/system/tile_prci_domain/tile_reset_domain_tile/gemmini/ex_controller/mesh/mesh/mesh_5_2                                                              
   738     0.11% 2.07278e-06 1.46103e-02 2.15422e-03 1.67666e-02   9 /ChipTop/system/tile_prci_domain/tile_reset_domain_tile/gemmini/ex_controller/mesh/mesh/mesh_5_2/tile_0_0                                                     
   163     0.02% 5.44404e-07 1.22178e-04 1.18816e-04 2.41539e-04  10 /ChipTop/system/tile_prci_domain/tile_reset_domain_tile/gemmini/ex_controller/mesh/mesh/mesh_5_2/tile_0_0/mac_unit                                            
   738     0.11% 2.07107e-06 1.46034e-02 2.16098e-03 1.67665e-02   8 /ChipTop/system/tile_prci_domain/tile_reset_domain_tile/gemmini/ex_controller/mesh/mesh/mesh_2_7                                                              
   738     0.11% 2.07107e-06 1.46034e-02 2.16098e-03 1.67665e-02   9 /ChipTop/system/tile_prci_domain/tile_reset_domain_tile/gemmini/ex_controller/mesh/mesh/mesh_2_7/tile_0_0                                                     
   163     0.02% 5.42800e-07 1.34782e-04 1.28005e-04 2.63330e-04  10 /ChipTop/system/tile_prci_domain/tile_reset_domain_tile/gemmini/ex_controller/mesh/mesh/mesh_2_7/tile_0_0/mac_unit                                            
   738     0.11% 2.07316e-06 1.45993e-02 2.16478e-03 1.67661e-02   8 /ChipTop/system/tile_prci_domain/tile_reset_domain_tile/gemmini/ex_controller/mesh/mesh/mesh_5_9                                                              
   738     0.11% 2.07316e-06 1.45993e-02 2.16478e-03 1.67661e-02   9 /ChipTop/system/tile_prci_domain/tile_reset_domain_tile/gemmini/ex_controller/mesh/mesh/mesh_5_9/tile_0_0                                                     
   163     0.02% 5.43621e-07 1.39326e-04 1.32332e-04 2.72201e-04  10 /ChipTop/system/tile_prci_domain/tile_reset_domain_tile/gemmini/ex_controller/mesh/mesh/mesh_5_9/tile_0_0/mac_unit                                            
   741     0.11% 2.06158e-06 1.45991e-02 2.16472e-03 1.67658e-02   8 /ChipTop/system/tile_prci_domain/tile_reset_domain_tile/gemmini/ex_controller/mesh/mesh/mesh_7_11                                                             
   741     0.11% 2.06158e-06 1.45991e-02 2.16472e-03 1.67658e-02   9 /ChipTop/system/tile_prci_domain/tile_reset_domain_tile/gemmini/ex_controller/mesh/mesh/mesh_7_11/tile_0_0                                                    
   166     0.03% 5.36746e-07 1.33955e-04 1.28590e-04 2.63082e-04  10 /ChipTop/system/tile_prci_domain/tile_reset_domain_tile/gemmini/ex_controller/mesh/mesh/mesh_7_11/tile_0_0/mac_unit                                           
   741     0.11% 2.06509e-06 1.46124e-02 2.15070e-03 1.67652e-02   8 /ChipTop/system/tile_prci_domain/tile_reset_domain_tile/gemmini/ex_controller/mesh/mesh/mesh_5_3                                                              
   741     0.11% 2.06509e-06 1.46124e-02 2.15070e-03 1.67652e-02   9 /ChipTop/system/tile_prci_domain/tile_reset_domain_tile/gemmini/ex_controller/mesh/mesh/mesh_5_3/tile_0_0                                                     
   166     0.03% 5.35252e-07 1.15772e-04 1.11317e-04 2.27624e-04  10 /ChipTop/system/tile_prci_domain/tile_reset_domain_tile/gemmini/ex_controller/mesh/mesh/mesh_5_3/tile_0_0/mac_unit                                            
   738     0.11% 2.08606e-06 1.46129e-02 2.14859e-03 1.67636e-02   8 /ChipTop/system/tile_prci_domain/tile_reset_domain_tile/gemmini/ex_controller/mesh/mesh/mesh_2_0                                                              
   738     0.11% 2.08606e-06 1.46129e-02 2.14859e-03 1.67636e-02   9 /ChipTop/system/tile_prci_domain/tile_reset_domain_tile/gemmini/ex_controller/mesh/mesh/mesh_2_0/tile_0_0                                                     
   163     0.02% 5.49885e-07 1.06516e-04 1.02771e-04 2.09838e-04  10 /ChipTop/system/tile_prci_domain/tile_reset_domain_tile/gemmini/ex_controller/mesh/mesh/mesh_2_0/tile_0_0/mac_unit                                            
   741     0.11% 2.04786e-06 1.45948e-02 2.16545e-03 1.67623e-02   8 /ChipTop/system/tile_prci_domain/tile_reset_domain_tile/gemmini/ex_controller/mesh/mesh/mesh_9_11                                                             
   741     0.11% 2.04786e-06 1.45948e-02 2.16545e-03 1.67623e-02   9 /ChipTop/system/tile_prci_domain/tile_reset_domain_tile/gemmini/ex_controller/mesh/mesh/mesh_9_11/tile_0_0                                                    
   166     0.03% 5.30583e-07 1.38245e-04 1.32498e-04 2.71273e-04  10 /ChipTop/system/tile_prci_domain/tile_reset_domain_tile/gemmini/ex_controller/mesh/mesh/mesh_9_11/tile_0_0/mac_unit                                           
   738     0.11% 2.06678e-06 1.46054e-02 2.15423e-03 1.67617e-02   8 /ChipTop/system/tile_prci_domain/tile_reset_domain_tile/gemmini/ex_controller/mesh/mesh/mesh_7_2                                                              
   738     0.11% 2.06678e-06 1.46054e-02 2.15423e-03 1.67617e-02   9 /ChipTop/system/tile_prci_domain/tile_reset_domain_tile/gemmini/ex_controller/mesh/mesh/mesh_7_2/tile_0_0                                                     
   163     0.02% 5.44984e-07 1.36635e-04 1.31758e-04 2.68937e-04  10 /ChipTop/system/tile_prci_domain/tile_reset_domain_tile/gemmini/ex_controller/mesh/mesh/mesh_7_2/tile_0_0/mac_unit                                            
   738     0.11% 2.06028e-06 1.45941e-02 2.16502e-03 1.67611e-02   8 /ChipTop/system/tile_prci_domain/tile_reset_domain_tile/gemmini/ex_controller/mesh/mesh/mesh_7_9                                                              
   738     0.11% 2.06028e-06 1.45941e-02 2.16502e-03 1.67611e-02   9 /ChipTop/system/tile_prci_domain/tile_reset_domain_tile/gemmini/ex_controller/mesh/mesh/mesh_7_9/tile_0_0                                                     
   163     0.02% 5.45055e-07 1.54073e-04 1.47816e-04 3.02433e-04  10 /ChipTop/system/tile_prci_domain/tile_reset_domain_tile/gemmini/ex_controller/mesh/mesh/mesh_7_9/tile_0_0/mac_unit                                            
   741     0.11% 2.04338e-06 1.46038e-02 2.15523e-03 1.67611e-02   8 /ChipTop/system/tile_prci_domain/tile_reset_domain_tile/gemmini/ex_controller/mesh/mesh/mesh_14_5                                                             
   741     0.11% 2.04338e-06 1.46038e-02 2.15523e-03 1.67611e-02   9 /ChipTop/system/tile_prci_domain/tile_reset_domain_tile/gemmini/ex_controller/mesh/mesh/mesh_14_5/tile_0_0                                                    
   166     0.03% 5.32705e-07 1.29425e-04 1.24422e-04 2.54379e-04  10 /ChipTop/system/tile_prci_domain/tile_reset_domain_tile/gemmini/ex_controller/mesh/mesh/mesh_14_5/tile_0_0/mac_unit                                           
   738     0.11% 2.08054e-06 1.46020e-02 2.15566e-03 1.67597e-02   8 /ChipTop/system/tile_prci_domain/tile_reset_domain_tile/gemmini/ex_controller/mesh/mesh/mesh_1_2                                                              
   738     0.11% 2.08054e-06 1.46020e-02 2.15566e-03 1.67597e-02   9 /ChipTop/system/tile_prci_domain/tile_reset_domain_tile/gemmini/ex_controller/mesh/mesh/mesh_1_2/tile_0_0                                                     
   163     0.02% 5.46270e-07 1.10789e-04 1.06855e-04 2.18190e-04  10 /ChipTop/system/tile_prci_domain/tile_reset_domain_tile/gemmini/ex_controller/mesh/mesh/mesh_1_2/tile_0_0/mac_unit                                            
   738     0.11% 2.06534e-06 1.45962e-02 2.16128e-03 1.67595e-02   8 /ChipTop/system/tile_prci_domain/tile_reset_domain_tile/gemmini/ex_controller/mesh/mesh/mesh_1_14                                                             
   738     0.11% 2.06534e-06 1.45962e-02 2.16128e-03 1.67595e-02   9 /ChipTop/system/tile_prci_domain/tile_reset_domain_tile/gemmini/ex_controller/mesh/mesh/mesh_1_14/tile_0_0                                                    
   163     0.02% 5.42312e-07 1.37793e-04 1.32252e-04 2.70587e-04  10 /ChipTop/system/tile_prci_domain/tile_reset_domain_tile/gemmini/ex_controller/mesh/mesh/mesh_1_14/tile_0_0/mac_unit                                           
   741     0.11% 2.06820e-06 1.46018e-02 2.15561e-03 1.67595e-02   8 /ChipTop/system/tile_prci_domain/tile_reset_domain_tile/gemmini/ex_controller/mesh/mesh/mesh_1_6                                                              
   741     0.11% 2.06820e-06 1.46018e-02 2.15561e-03 1.67595e-02   9 /ChipTop/system/tile_prci_domain/tile_reset_domain_tile/gemmini/ex_controller/mesh/mesh/mesh_1_6/tile_0_0                                                     
   166     0.03% 5.34159e-07 1.02445e-04 9.99668e-05 2.02946e-04  10 /ChipTop/system/tile_prci_domain/tile_reset_domain_tile/gemmini/ex_controller/mesh/mesh/mesh_1_6/tile_0_0/mac_unit                                            
   741     0.11% 2.05492e-06 1.45938e-02 2.16235e-03 1.67582e-02   8 /ChipTop/system/tile_prci_domain/tile_reset_domain_tile/gemmini/ex_controller/mesh/mesh/mesh_4_11                                                             
   741     0.11% 2.05492e-06 1.45938e-02 2.16235e-03 1.67582e-02   9 /ChipTop/system/tile_prci_domain/tile_reset_domain_tile/gemmini/ex_controller/mesh/mesh/mesh_4_11/tile_0_0                                                    
   166     0.03% 5.33746e-07 1.43350e-04 1.38017e-04 2.81901e-04  10 /ChipTop/system/tile_prci_domain/tile_reset_domain_tile/gemmini/ex_controller/mesh/mesh/mesh_4_11/tile_0_0/mac_unit                                           
   741     0.11% 2.04703e-06 1.46039e-02 2.15224e-03 1.67582e-02   8 /ChipTop/system/tile_prci_domain/tile_reset_domain_tile/gemmini/ex_controller/mesh/mesh/mesh_13_9                                                             
   741     0.11% 2.04703e-06 1.46039e-02 2.15224e-03 1.67582e-02   9 /ChipTop/system/tile_prci_domain/tile_reset_domain_tile/gemmini/ex_controller/mesh/mesh/mesh_13_9/tile_0_0                                                    
   166     0.03% 5.27425e-07 1.23544e-04 1.18768e-04 2.42840e-04  10 /ChipTop/system/tile_prci_domain/tile_reset_domain_tile/gemmini/ex_controller/mesh/mesh/mesh_13_9/tile_0_0/mac_unit                                           
   740     0.11% 2.06510e-06 1.46080e-02 2.14743e-03 1.67575e-02   8 /ChipTop/system/tile_prci_domain/tile_reset_domain_tile/gemmini/ex_controller/mesh/mesh/mesh_8_10                                                             
   740     0.11% 2.06510e-06 1.46080e-02 2.14743e-03 1.67575e-02   9 /ChipTop/system/tile_prci_domain/tile_reset_domain_tile/gemmini/ex_controller/mesh/mesh/mesh_8_10/tile_0_0                                                    
   163     0.02% 5.26523e-07 1.01000e-04 9.74784e-05 1.99005e-04  10 /ChipTop/system/tile_prci_domain/tile_reset_domain_tile/gemmini/ex_controller/mesh/mesh/mesh_8_10/tile_0_0/mac_unit                                           
   741     0.11% 2.04821e-06 1.45986e-02 2.15357e-03 1.67542e-02   8 /ChipTop/system/tile_prci_domain/tile_reset_domain_tile/gemmini/ex_controller/mesh/mesh/mesh_10_7                                                             
   741     0.11% 2.04821e-06 1.45986e-02 2.15357e-03 1.67542e-02   9 /ChipTop/system/tile_prci_domain/tile_reset_domain_tile/gemmini/ex_controller/mesh/mesh/mesh_10_7/tile_0_0                                                    
   166     0.03% 5.35524e-07 1.32240e-04 1.28329e-04 2.61104e-04  10 /ChipTop/system/tile_prci_domain/tile_reset_domain_tile/gemmini/ex_controller/mesh/mesh/mesh_10_7/tile_0_0/mac_unit                                           
   741     0.11% 2.04640e-06 1.46016e-02 2.14963e-03 1.67533e-02   8 /ChipTop/system/tile_prci_domain/tile_reset_domain_tile/gemmini/ex_controller/mesh/mesh/mesh_12_7                                                             
   741     0.11% 2.04640e-06 1.46016e-02 2.14963e-03 1.67533e-02   9 /ChipTop/system/tile_prci_domain/tile_reset_domain_tile/gemmini/ex_controller/mesh/mesh/mesh_12_7/tile_0_0                                                    
   166     0.03% 5.35893e-07 1.23459e-04 1.18989e-04 2.42984e-04  10 /ChipTop/system/tile_prci_domain/tile_reset_domain_tile/gemmini/ex_controller/mesh/mesh/mesh_12_7/tile_0_0/mac_unit                                           
   738     0.11% 2.07552e-06 1.46013e-02 2.14868e-03 1.67521e-02   8 /ChipTop/system/tile_prci_domain/tile_reset_domain_tile/gemmini/ex_controller/mesh/mesh/mesh_3_7                                                              
   738     0.11% 2.07552e-06 1.46013e-02 2.14868e-03 1.67521e-02   9 /ChipTop/system/tile_prci_domain/tile_reset_domain_tile/gemmini/ex_controller/mesh/mesh/mesh_3_7/tile_0_0                                                     
   163     0.02% 5.37232e-07 9.22192e-05 8.64960e-05 1.79252e-04  10 /ChipTop/system/tile_prci_domain/tile_reset_domain_tile/gemmini/ex_controller/mesh/mesh/mesh_3_7/tile_0_0/mac_unit                                            
   741     0.11% 2.06493e-06 1.45970e-02 2.15251e-03 1.67516e-02   8 /ChipTop/system/tile_prci_domain/tile_reset_domain_tile/gemmini/ex_controller/mesh/mesh/mesh_3_4                                                              
   741     0.11% 2.06493e-06 1.45970e-02 2.15251e-03 1.67516e-02   9 /ChipTop/system/tile_prci_domain/tile_reset_domain_tile/gemmini/ex_controller/mesh/mesh/mesh_3_4/tile_0_0                                                     
   166     0.03% 5.30615e-07 1.21507e-04 1.16437e-04 2.38474e-04  10 /ChipTop/system/tile_prci_domain/tile_reset_domain_tile/gemmini/ex_controller/mesh/mesh/mesh_3_4/tile_0_0/mac_unit                                            
   741     0.11% 2.05655e-06 1.45885e-02 2.16079e-03 1.67513e-02   8 /ChipTop/system/tile_prci_domain/tile_reset_domain_tile/gemmini/ex_controller/mesh/mesh/mesh_6_11                                                             
   741     0.11% 2.05655e-06 1.45885e-02 2.16079e-03 1.67513e-02   9 /ChipTop/system/tile_prci_domain/tile_reset_domain_tile/gemmini/ex_controller/mesh/mesh/mesh_6_11/tile_0_0                                                    
   166     0.03% 5.32667e-07 1.38769e-04 1.36413e-04 2.75714e-04  10 /ChipTop/system/tile_prci_domain/tile_reset_domain_tile/gemmini/ex_controller/mesh/mesh/mesh_6_11/tile_0_0/mac_unit                                           
   812     0.12% 2.32329e-06 1.45972e-02 2.15092e-03 1.67504e-02   8 /ChipTop/system/tile_prci_domain/tile_reset_domain_tile/gemmini/ex_controller/mesh/mesh/mesh_0_4                                                              
   812     0.12% 2.32329e-06 1.45972e-02 2.15092e-03 1.67504e-02   9 /ChipTop/system/tile_prci_domain/tile_reset_domain_tile/gemmini/ex_controller/mesh/mesh/mesh_0_4/tile_0_0                                                     
   166     0.03% 5.21626e-07 1.14414e-04 1.12296e-04 2.27232e-04  10 /ChipTop/system/tile_prci_domain/tile_reset_domain_tile/gemmini/ex_controller/mesh/mesh/mesh_0_4/tile_0_0/mac_unit                                            
   738     0.11% 2.05448e-06 1.45927e-02 2.15290e-03 1.67477e-02   8 /ChipTop/system/tile_prci_domain/tile_reset_domain_tile/gemmini/ex_controller/mesh/mesh/mesh_7_7                                                              
   738     0.11% 2.05448e-06 1.45927e-02 2.15290e-03 1.67477e-02   9 /ChipTop/system/tile_prci_domain/tile_reset_domain_tile/gemmini/ex_controller/mesh/mesh/mesh_7_7/tile_0_0                                                     
   163     0.02% 5.42332e-07 1.40663e-04 1.38506e-04 2.79711e-04  10 /ChipTop/system/tile_prci_domain/tile_reset_domain_tile/gemmini/ex_controller/mesh/mesh/mesh_7_7/tile_0_0/mac_unit                                            
   741     0.11% 2.04712e-06 1.45981e-02 2.14474e-03 1.67449e-02   8 /ChipTop/system/tile_prci_domain/tile_reset_domain_tile/gemmini/ex_controller/mesh/mesh/mesh_15_13                                                            
   741     0.11% 2.04712e-06 1.45981e-02 2.14474e-03 1.67449e-02   9 /ChipTop/system/tile_prci_domain/tile_reset_domain_tile/gemmini/ex_controller/mesh/mesh/mesh_15_13/tile_0_0                                                   
   166     0.03% 5.39192e-07 1.15327e-04 1.10573e-04 2.26439e-04  10 /ChipTop/system/tile_prci_domain/tile_reset_domain_tile/gemmini/ex_controller/mesh/mesh/mesh_15_13/tile_0_0/mac_unit                                          
   740     0.11% 2.05737e-06 1.45941e-02 2.14579e-03 1.67419e-02   8 /ChipTop/system/tile_prci_domain/tile_reset_domain_tile/gemmini/ex_controller/mesh/mesh/mesh_8_9                                                              
   740     0.11% 2.05737e-06 1.45941e-02 2.14579e-03 1.67419e-02   9 /ChipTop/system/tile_prci_domain/tile_reset_domain_tile/gemmini/ex_controller/mesh/mesh/mesh_8_9/tile_0_0                                                     
   163     0.02% 5.28701e-07 1.22041e-04 1.18522e-04 2.41092e-04  10 /ChipTop/system/tile_prci_domain/tile_reset_domain_tile/gemmini/ex_controller/mesh/mesh/mesh_8_9/tile_0_0/mac_unit                                            
   738     0.11% 2.06868e-06 1.45888e-02 2.14976e-03 1.67406e-02   8 /ChipTop/system/tile_prci_domain/tile_reset_domain_tile/gemmini/ex_controller/mesh/mesh/mesh_6_14                                                             
   738     0.11% 2.06868e-06 1.45888e-02 2.14976e-03 1.67406e-02   9 /ChipTop/system/tile_prci_domain/tile_reset_domain_tile/gemmini/ex_controller/mesh/mesh/mesh_6_14/tile_0_0                                                    
   163     0.02% 5.41759e-07 1.23407e-04 1.17983e-04 2.41932e-04  10 /ChipTop/system/tile_prci_domain/tile_reset_domain_tile/gemmini/ex_controller/mesh/mesh/mesh_6_14/tile_0_0/mac_unit                                           
   741     0.11% 2.06023e-06 1.45853e-02 2.15150e-03 1.67389e-02   8 /ChipTop/system/tile_prci_domain/tile_reset_domain_tile/gemmini/ex_controller/mesh/mesh/mesh_2_11                                                             
   741     0.11% 2.06023e-06 1.45853e-02 2.15150e-03 1.67389e-02   9 /ChipTop/system/tile_prci_domain/tile_reset_domain_tile/gemmini/ex_controller/mesh/mesh/mesh_2_11/tile_0_0                                                    
   166     0.03% 5.33516e-07 1.30115e-04 1.27660e-04 2.58308e-04  10 /ChipTop/system/tile_prci_domain/tile_reset_domain_tile/gemmini/ex_controller/mesh/mesh/mesh_2_11/tile_0_0/mac_unit                                           
   812     0.12% 2.33754e-06 1.45919e-02 2.14459e-03 1.67388e-02   8 /ChipTop/system/tile_prci_domain/tile_reset_domain_tile/gemmini/ex_controller/mesh/mesh/mesh_0_13                                                             
   812     0.12% 2.33754e-06 1.45919e-02 2.14459e-03 1.67388e-02   9 /ChipTop/system/tile_prci_domain/tile_reset_domain_tile/gemmini/ex_controller/mesh/mesh/mesh_0_13/tile_0_0                                                    
   166     0.03% 5.38976e-07 1.11830e-04 1.05971e-04 2.18341e-04  10 /ChipTop/system/tile_prci_domain/tile_reset_domain_tile/gemmini/ex_controller/mesh/mesh/mesh_0_13/tile_0_0/mac_unit                                           
   738     0.11% 2.06852e-06 1.45985e-02 2.13469e-03 1.67352e-02   8 /ChipTop/system/tile_prci_domain/tile_reset_domain_tile/gemmini/ex_controller/mesh/mesh/mesh_13_12                                                            
   738     0.11% 2.06852e-06 1.45985e-02 2.13469e-03 1.67352e-02   9 /ChipTop/system/tile_prci_domain/tile_reset_domain_tile/gemmini/ex_controller/mesh/mesh/mesh_13_12/tile_0_0                                                   
   163     0.02% 5.39980e-07 1.03811e-04 9.76301e-05 2.01981e-04  10 /ChipTop/system/tile_prci_domain/tile_reset_domain_tile/gemmini/ex_controller/mesh/mesh/mesh_13_12/tile_0_0/mac_unit                                          
   741     0.11% 2.07065e-06 1.45874e-02 2.14502e-03 1.67345e-02   8 /ChipTop/system/tile_prci_domain/tile_reset_domain_tile/gemmini/ex_controller/mesh/mesh/mesh_4_5                                                              
   741     0.11% 2.07065e-06 1.45874e-02 2.14502e-03 1.67345e-02   9 /ChipTop/system/tile_prci_domain/tile_reset_domain_tile/gemmini/ex_controller/mesh/mesh/mesh_4_5/tile_0_0                                                     
   166     0.03% 5.35880e-07 1.21339e-04 1.16979e-04 2.38853e-04  10 /ChipTop/system/tile_prci_domain/tile_reset_domain_tile/gemmini/ex_controller/mesh/mesh/mesh_4_5/tile_0_0/mac_unit                                            
   738     0.11% 2.06756e-06 1.45852e-02 2.14571e-03 1.67330e-02   8 /ChipTop/system/tile_prci_domain/tile_reset_domain_tile/gemmini/ex_controller/mesh/mesh/mesh_5_14                                                             
   738     0.11% 2.06756e-06 1.45852e-02 2.14571e-03 1.67330e-02   9 /ChipTop/system/tile_prci_domain/tile_reset_domain_tile/gemmini/ex_controller/mesh/mesh/mesh_5_14/tile_0_0                                                    
   163     0.02% 5.43698e-07 1.19282e-04 1.13622e-04 2.33448e-04  10 /ChipTop/system/tile_prci_domain/tile_reset_domain_tile/gemmini/ex_controller/mesh/mesh/mesh_5_14/tile_0_0/mac_unit                                           
   740     0.11% 2.06727e-06 1.45918e-02 2.13864e-03 1.67325e-02   8 /ChipTop/system/tile_prci_domain/tile_reset_domain_tile/gemmini/ex_controller/mesh/mesh/mesh_7_14                                                             
   740     0.11% 2.06727e-06 1.45918e-02 2.13864e-03 1.67325e-02   9 /ChipTop/system/tile_prci_domain/tile_reset_domain_tile/gemmini/ex_controller/mesh/mesh/mesh_7_14/tile_0_0                                                    
   163     0.02% 5.35874e-07 9.79721e-05 9.43754e-05 1.92883e-04  10 /ChipTop/system/tile_prci_domain/tile_reset_domain_tile/gemmini/ex_controller/mesh/mesh/mesh_7_14/tile_0_0/mac_unit                                           
   738     0.11% 2.05132e-06 1.45767e-02 2.15337e-03 1.67322e-02   8 /ChipTop/system/tile_prci_domain/tile_reset_domain_tile/gemmini/ex_controller/mesh/mesh/mesh_8_13                                                             
   738     0.11% 2.05132e-06 1.45767e-02 2.15337e-03 1.67322e-02   9 /ChipTop/system/tile_prci_domain/tile_reset_domain_tile/gemmini/ex_controller/mesh/mesh/mesh_8_13/tile_0_0                                                    
   163     0.02% 5.43355e-07 1.33617e-04 1.30465e-04 2.64625e-04  10 /ChipTop/system/tile_prci_domain/tile_reset_domain_tile/gemmini/ex_controller/mesh/mesh/mesh_8_13/tile_0_0/mac_unit                                           
   738     0.11% 2.06136e-06 1.45849e-02 2.14493e-03 1.67319e-02   8 /ChipTop/system/tile_prci_domain/tile_reset_domain_tile/gemmini/ex_controller/mesh/mesh/mesh_4_8                                                              
   738     0.11% 2.06136e-06 1.45849e-02 2.14493e-03 1.67319e-02   9 /ChipTop/system/tile_prci_domain/tile_reset_domain_tile/gemmini/ex_controller/mesh/mesh/mesh_4_8/tile_0_0                                                     
   163     0.02% 5.41663e-07 1.35040e-04 1.25608e-04 2.61189e-04  10 /ChipTop/system/tile_prci_domain/tile_reset_domain_tile/gemmini/ex_controller/mesh/mesh/mesh_4_8/tile_0_0/mac_unit                                            
   741     0.11% 2.07075e-06 1.45861e-02 2.14058e-03 1.67288e-02   8 /ChipTop/system/tile_prci_domain/tile_reset_domain_tile/gemmini/ex_controller/mesh/mesh/mesh_1_3                                                              
   741     0.11% 2.07075e-06 1.45861e-02 2.14058e-03 1.67288e-02   9 /ChipTop/system/tile_prci_domain/tile_reset_domain_tile/gemmini/ex_controller/mesh/mesh/mesh_1_3/tile_0_0                                                     
   166     0.03% 5.34909e-07 9.12754e-05 8.82075e-05 1.80018e-04  10 /ChipTop/system/tile_prci_domain/tile_reset_domain_tile/gemmini/ex_controller/mesh/mesh/mesh_1_3/tile_0_0/mac_unit                                            
   738     0.11% 2.06744e-06 1.45834e-02 2.14290e-03 1.67283e-02   8 /ChipTop/system/tile_prci_domain/tile_reset_domain_tile/gemmini/ex_controller/mesh/mesh/mesh_6_8                                                              
   738     0.11% 2.06744e-06 1.45834e-02 2.14290e-03 1.67283e-02   9 /ChipTop/system/tile_prci_domain/tile_reset_domain_tile/gemmini/ex_controller/mesh/mesh/mesh_6_8/tile_0_0                                                     
   163     0.02% 5.41760e-07 1.17156e-04 1.10249e-04 2.27947e-04  10 /ChipTop/system/tile_prci_domain/tile_reset_domain_tile/gemmini/ex_controller/mesh/mesh/mesh_6_8/tile_0_0/mac_unit                                            
   741     0.11% 2.04853e-06 1.45929e-02 2.13294e-03 1.67278e-02   8 /ChipTop/system/tile_prci_domain/tile_reset_domain_tile/gemmini/ex_controller/mesh/mesh/mesh_15_3                                                             
   741     0.11% 2.04853e-06 1.45929e-02 2.13294e-03 1.67278e-02   9 /ChipTop/system/tile_prci_domain/tile_reset_domain_tile/gemmini/ex_controller/mesh/mesh/mesh_15_3/tile_0_0                                                    
   166     0.03% 5.33503e-07 1.04156e-04 9.87206e-05 2.03410e-04  10 /ChipTop/system/tile_prci_domain/tile_reset_domain_tile/gemmini/ex_controller/mesh/mesh/mesh_15_3/tile_0_0/mac_unit                                           
   738     0.11% 2.08423e-06 1.45826e-02 2.13863e-03 1.67233e-02   8 /ChipTop/system/tile_prci_domain/tile_reset_domain_tile/gemmini/ex_controller/mesh/mesh/mesh_1_7                                                              
   738     0.11% 2.08423e-06 1.45826e-02 2.13863e-03 1.67233e-02   9 /ChipTop/system/tile_prci_domain/tile_reset_domain_tile/gemmini/ex_controller/mesh/mesh/mesh_1_7/tile_0_0                                                     
   163     0.02% 5.49671e-07 9.63074e-05 9.18980e-05 1.88755e-04  10 /ChipTop/system/tile_prci_domain/tile_reset_domain_tile/gemmini/ex_controller/mesh/mesh/mesh_1_7/tile_0_0/mac_unit                                            
   738     0.11% 2.07251e-06 1.45893e-02 2.13012e-03 1.67215e-02   8 /ChipTop/system/tile_prci_domain/tile_reset_domain_tile/gemmini/ex_controller/mesh/mesh/mesh_14_12                                                            
   738     0.11% 2.07251e-06 1.45893e-02 2.13012e-03 1.67215e-02   9 /ChipTop/system/tile_prci_domain/tile_reset_domain_tile/gemmini/ex_controller/mesh/mesh/mesh_14_12/tile_0_0                                                   
   163     0.02% 5.46495e-07 1.04264e-04 9.82761e-05 2.03087e-04  10 /ChipTop/system/tile_prci_domain/tile_reset_domain_tile/gemmini/ex_controller/mesh/mesh/mesh_14_12/tile_0_0/mac_unit                                          
   738     0.11% 2.07672e-06 1.45854e-02 2.13394e-03 1.67214e-02   8 /ChipTop/system/tile_prci_domain/tile_reset_domain_tile/gemmini/ex_controller/mesh/mesh/mesh_2_1                                                              
   738     0.11% 2.07672e-06 1.45854e-02 2.13394e-03 1.67214e-02   9 /ChipTop/system/tile_prci_domain/tile_reset_domain_tile/gemmini/ex_controller/mesh/mesh/mesh_2_1/tile_0_0                                                     
   163     0.02% 5.47104e-07 1.12228e-04 1.10170e-04 2.22946e-04  10 /ChipTop/system/tile_prci_domain/tile_reset_domain_tile/gemmini/ex_controller/mesh/mesh/mesh_2_1/tile_0_0/mac_unit                                            
   741     0.11% 2.05697e-06 1.45783e-02 2.13438e-03 1.67147e-02   8 /ChipTop/system/tile_prci_domain/tile_reset_domain_tile/gemmini/ex_controller/mesh/mesh/mesh_12_9                                                             
   741     0.11% 2.05697e-06 1.45783e-02 2.13438e-03 1.67147e-02   9 /ChipTop/system/tile_prci_domain/tile_reset_domain_tile/gemmini/ex_controller/mesh/mesh/mesh_12_9/tile_0_0                                                    
   166     0.03% 5.40082e-07 1.15782e-04 1.12994e-04 2.29315e-04  10 /ChipTop/system/tile_prci_domain/tile_reset_domain_tile/gemmini/ex_controller/mesh/mesh/mesh_12_9/tile_0_0/mac_unit                                           
   741     0.11% 2.05461e-06 1.45729e-02 2.13920e-03 1.67141e-02   8 /ChipTop/system/tile_prci_domain/tile_reset_domain_tile/gemmini/ex_controller/mesh/mesh/mesh_5_13                                                             
   741     0.11% 2.05461e-06 1.45729e-02 2.13920e-03 1.67141e-02   9 /ChipTop/system/tile_prci_domain/tile_reset_domain_tile/gemmini/ex_controller/mesh/mesh/mesh_5_13/tile_0_0                                                    
   166     0.03% 5.34071e-07 1.14029e-04 1.09348e-04 2.23910e-04  10 /ChipTop/system/tile_prci_domain/tile_reset_domain_tile/gemmini/ex_controller/mesh/mesh/mesh_5_13/tile_0_0/mac_unit                                           
   738     0.11% 2.06782e-06 1.45855e-02 2.12597e-03 1.67135e-02   8 /ChipTop/system/tile_prci_domain/tile_reset_domain_tile/gemmini/ex_controller/mesh/mesh/mesh_15_12                                                            
   738     0.11% 2.06782e-06 1.45855e-02 2.12597e-03 1.67135e-02   9 /ChipTop/system/tile_prci_domain/tile_reset_domain_tile/gemmini/ex_controller/mesh/mesh/mesh_15_12/tile_0_0                                                   
   163     0.02% 5.46608e-07 1.03803e-04 9.77547e-05 2.02104e-04  10 /ChipTop/system/tile_prci_domain/tile_reset_domain_tile/gemmini/ex_controller/mesh/mesh/mesh_15_12/tile_0_0/mac_unit                                          
   741     0.11% 2.05385e-06 1.45806e-02 2.12679e-03 1.67095e-02   8 /ChipTop/system/tile_prci_domain/tile_reset_domain_tile/gemmini/ex_controller/mesh/mesh/mesh_9_3                                                              
   741     0.11% 2.05385e-06 1.45806e-02 2.12679e-03 1.67095e-02   9 /ChipTop/system/tile_prci_domain/tile_reset_domain_tile/gemmini/ex_controller/mesh/mesh/mesh_9_3/tile_0_0                                                     
   166     0.03% 5.31887e-07 9.82605e-05 9.33940e-05 1.92186e-04  10 /ChipTop/system/tile_prci_domain/tile_reset_domain_tile/gemmini/ex_controller/mesh/mesh/mesh_9_3/tile_0_0/mac_unit                                            
   741     0.11% 2.06154e-06 1.45713e-02 2.13474e-03 1.67081e-02   8 /ChipTop/system/tile_prci_domain/tile_reset_domain_tile/gemmini/ex_controller/mesh/mesh/mesh_3_6                                                              
   741     0.11% 2.06154e-06 1.45713e-02 2.13474e-03 1.67081e-02   9 /ChipTop/system/tile_prci_domain/tile_reset_domain_tile/gemmini/ex_controller/mesh/mesh/mesh_3_6/tile_0_0                                                     
   166     0.03% 5.35351e-07 1.01971e-04 9.86371e-05 2.01144e-04  10 /ChipTop/system/tile_prci_domain/tile_reset_domain_tile/gemmini/ex_controller/mesh/mesh/mesh_3_6/tile_0_0/mac_unit                                            
   738     0.11% 2.06958e-06 1.45708e-02 2.13306e-03 1.67060e-02   8 /ChipTop/system/tile_prci_domain/tile_reset_domain_tile/gemmini/ex_controller/mesh/mesh/mesh_14_15                                                            
   738     0.11% 2.06958e-06 1.45708e-02 2.13306e-03 1.67060e-02   9 /ChipTop/system/tile_prci_domain/tile_reset_domain_tile/gemmini/ex_controller/mesh/mesh/mesh_14_15/tile_0_0                                                   
   163     0.02% 5.46153e-07 9.12926e-05 8.47208e-05 1.76560e-04  10 /ChipTop/system/tile_prci_domain/tile_reset_domain_tile/gemmini/ex_controller/mesh/mesh/mesh_14_15/tile_0_0/mac_unit                                          
   812     0.12% 2.34233e-06 1.45745e-02 2.12831e-03 1.67052e-02   8 /ChipTop/system/tile_prci_domain/tile_reset_domain_tile/gemmini/ex_controller/mesh/mesh/mesh_0_14                                                             
   812     0.12% 2.34233e-06 1.45745e-02 2.12831e-03 1.67052e-02   9 /ChipTop/system/tile_prci_domain/tile_reset_domain_tile/gemmini/ex_controller/mesh/mesh/mesh_0_14/tile_0_0                                                    
   166     0.03% 5.42090e-07 9.71047e-05 9.21357e-05 1.89782e-04  10 /ChipTop/system/tile_prci_domain/tile_reset_domain_tile/gemmini/ex_controller/mesh/mesh/mesh_0_14/tile_0_0/mac_unit                                           
   741     0.11% 2.04347e-06 1.45639e-02 2.13862e-03 1.67045e-02   8 /ChipTop/system/tile_prci_domain/tile_reset_domain_tile/gemmini/ex_controller/mesh/mesh/mesh_8_11                                                             
   741     0.11% 2.04347e-06 1.45639e-02 2.13862e-03 1.67045e-02   9 /ChipTop/system/tile_prci_domain/tile_reset_domain_tile/gemmini/ex_controller/mesh/mesh/mesh_8_11/tile_0_0                                                    
   166     0.03% 5.28997e-07 1.21563e-04 1.17785e-04 2.39877e-04  10 /ChipTop/system/tile_prci_domain/tile_reset_domain_tile/gemmini/ex_controller/mesh/mesh/mesh_8_11/tile_0_0/mac_unit                                           
   738     0.11% 2.06035e-06 1.45725e-02 2.12937e-03 1.67040e-02   8 /ChipTop/system/tile_prci_domain/tile_reset_domain_tile/gemmini/ex_controller/mesh/mesh/mesh_6_2                                                              
   738     0.11% 2.06035e-06 1.45725e-02 2.12937e-03 1.67040e-02   9 /ChipTop/system/tile_prci_domain/tile_reset_domain_tile/gemmini/ex_controller/mesh/mesh/mesh_6_2/tile_0_0                                                     
   163     0.02% 5.39242e-07 1.16228e-04 1.13847e-04 2.30614e-04  10 /ChipTop/system/tile_prci_domain/tile_reset_domain_tile/gemmini/ex_controller/mesh/mesh/mesh_6_2/tile_0_0/mac_unit                                            
   741     0.11% 2.04776e-06 1.45638e-02 2.13584e-03 1.67017e-02   8 /ChipTop/system/tile_prci_domain/tile_reset_domain_tile/gemmini/ex_controller/mesh/mesh/mesh_3_13                                                             
   741     0.11% 2.04776e-06 1.45638e-02 2.13584e-03 1.67017e-02   9 /ChipTop/system/tile_prci_domain/tile_reset_domain_tile/gemmini/ex_controller/mesh/mesh/mesh_3_13/tile_0_0                                                    
   166     0.03% 5.29934e-07 1.19701e-04 1.13950e-04 2.34181e-04  10 /ChipTop/system/tile_prci_domain/tile_reset_domain_tile/gemmini/ex_controller/mesh/mesh/mesh_3_13/tile_0_0/mac_unit                                           
   738     0.11% 2.06409e-06 1.45731e-02 2.12530e-03 1.67004e-02   8 /ChipTop/system/tile_prci_domain/tile_reset_domain_tile/gemmini/ex_controller/mesh/mesh/mesh_4_2                                                              
   738     0.11% 2.06409e-06 1.45731e-02 2.12530e-03 1.67004e-02   9 /ChipTop/system/tile_prci_domain/tile_reset_domain_tile/gemmini/ex_controller/mesh/mesh/mesh_4_2/tile_0_0                                                     
   163     0.02% 5.43890e-07 1.15586e-04 1.12473e-04 2.28603e-04  10 /ChipTop/system/tile_prci_domain/tile_reset_domain_tile/gemmini/ex_controller/mesh/mesh/mesh_4_2/tile_0_0/mac_unit                                            
   740     0.11% 2.08699e-06 1.45775e-02 2.11896e-03 1.66985e-02   8 /ChipTop/system/tile_prci_domain/tile_reset_domain_tile/gemmini/ex_controller/mesh/mesh/mesh_3_12                                                             
   740     0.11% 2.08699e-06 1.45775e-02 2.11896e-03 1.66985e-02   9 /ChipTop/system/tile_prci_domain/tile_reset_domain_tile/gemmini/ex_controller/mesh/mesh/mesh_3_12/tile_0_0                                                    
   163     0.02% 5.44298e-07 9.27090e-05 8.72825e-05 1.80536e-04  10 /ChipTop/system/tile_prci_domain/tile_reset_domain_tile/gemmini/ex_controller/mesh/mesh/mesh_3_12/tile_0_0/mac_unit                                           
   738     0.11% 2.07794e-06 1.45645e-02 2.13074e-03 1.66974e-02   8 /ChipTop/system/tile_prci_domain/tile_reset_domain_tile/gemmini/ex_controller/mesh/mesh/mesh_1_8                                                              
   738     0.11% 2.07794e-06 1.45645e-02 2.13074e-03 1.66974e-02   9 /ChipTop/system/tile_prci_domain/tile_reset_domain_tile/gemmini/ex_controller/mesh/mesh/mesh_1_8/tile_0_0                                                     
   163     0.02% 5.45441e-07 1.15756e-04 1.10139e-04 2.26441e-04  10 /ChipTop/system/tile_prci_domain/tile_reset_domain_tile/gemmini/ex_controller/mesh/mesh/mesh_1_8/tile_0_0/mac_unit                                            
   812     0.12% 2.30508e-06 1.45650e-02 2.12718e-03 1.66945e-02   8 /ChipTop/system/tile_prci_domain/tile_reset_domain_tile/gemmini/ex_controller/mesh/mesh/mesh_0_12                                                             
   812     0.12% 2.30508e-06 1.45650e-02 2.12718e-03 1.66945e-02   9 /ChipTop/system/tile_prci_domain/tile_reset_domain_tile/gemmini/ex_controller/mesh/mesh/mesh_0_12/tile_0_0                                                    
   166     0.03% 5.20866e-07 1.24022e-04 1.20924e-04 2.45467e-04  10 /ChipTop/system/tile_prci_domain/tile_reset_domain_tile/gemmini/ex_controller/mesh/mesh/mesh_0_12/tile_0_0/mac_unit                                           
   738     0.11% 2.05323e-06 1.45580e-02 2.12700e-03 1.66870e-02   8 /ChipTop/system/tile_prci_domain/tile_reset_domain_tile/gemmini/ex_controller/mesh/mesh/mesh_6_7                                                              
   738     0.11% 2.05323e-06 1.45580e-02 2.12700e-03 1.66870e-02   9 /ChipTop/system/tile_prci_domain/tile_reset_domain_tile/gemmini/ex_controller/mesh/mesh/mesh_6_7/tile_0_0                                                     
   163     0.02% 5.41709e-07 1.16945e-04 1.09022e-04 2.26509e-04  10 /ChipTop/system/tile_prci_domain/tile_reset_domain_tile/gemmini/ex_controller/mesh/mesh/mesh_6_7/tile_0_0/mac_unit                                            
   740     0.11% 2.09388e-06 1.45709e-02 2.11388e-03 1.66869e-02   8 /ChipTop/system/tile_prci_domain/tile_reset_domain_tile/gemmini/ex_controller/mesh/mesh/mesh_11_12                                                            
   740     0.11% 2.09388e-06 1.45709e-02 2.11388e-03 1.66869e-02   9 /ChipTop/system/tile_prci_domain/tile_reset_domain_tile/gemmini/ex_controller/mesh/mesh/mesh_11_12/tile_0_0                                                   
   163     0.02% 5.57064e-07 8.59245e-05 8.03668e-05 1.66848e-04  10 /ChipTop/system/tile_prci_domain/tile_reset_domain_tile/gemmini/ex_controller/mesh/mesh/mesh_11_12/tile_0_0/mac_unit                                          
   738     0.11% 2.07531e-06 1.45596e-02 2.12421e-03 1.66859e-02   8 /ChipTop/system/tile_prci_domain/tile_reset_domain_tile/gemmini/ex_controller/mesh/mesh/mesh_12_15                                                            
   738     0.11% 2.07531e-06 1.45596e-02 2.12421e-03 1.66859e-02   9 /ChipTop/system/tile_prci_domain/tile_reset_domain_tile/gemmini/ex_controller/mesh/mesh/mesh_12_15/tile_0_0                                                   
   163     0.02% 5.50546e-07 9.03126e-05 8.36827e-05 1.74546e-04  10 /ChipTop/system/tile_prci_domain/tile_reset_domain_tile/gemmini/ex_controller/mesh/mesh/mesh_12_15/tile_0_0/mac_unit                                          
   741     0.11% 2.05139e-06 1.45556e-02 2.12744e-03 1.66851e-02   8 /ChipTop/system/tile_prci_domain/tile_reset_domain_tile/gemmini/ex_controller/mesh/mesh/mesh_3_11                                                             
   741     0.11% 2.05139e-06 1.45556e-02 2.12744e-03 1.66851e-02   9 /ChipTop/system/tile_prci_domain/tile_reset_domain_tile/gemmini/ex_controller/mesh/mesh/mesh_3_11/tile_0_0                                                    
   166     0.03% 5.32902e-07 1.14891e-04 1.10219e-04 2.25643e-04  10 /ChipTop/system/tile_prci_domain/tile_reset_domain_tile/gemmini/ex_controller/mesh/mesh/mesh_3_11/tile_0_0/mac_unit                                           
   809     0.12% 2.32784e-06 1.45617e-02 2.11960e-03 1.66837e-02   8 /ChipTop/system/tile_prci_domain/tile_reset_domain_tile/gemmini/ex_controller/mesh/mesh/mesh_0_8                                                              
   809     0.12% 2.32784e-06 1.45617e-02 2.11960e-03 1.66837e-02   9 /ChipTop/system/tile_prci_domain/tile_reset_domain_tile/gemmini/ex_controller/mesh/mesh/mesh_0_8/tile_0_0                                                     
   163     0.02% 5.31024e-07 1.05042e-04 1.00108e-04 2.05681e-04  10 /ChipTop/system/tile_prci_domain/tile_reset_domain_tile/gemmini/ex_controller/mesh/mesh/mesh_0_8/tile_0_0/mac_unit                                            
   809     0.12% 2.32241e-06 1.45581e-02 2.12108e-03 1.66815e-02   8 /ChipTop/system/tile_prci_domain/tile_reset_domain_tile/gemmini/ex_controller/mesh/mesh/mesh_0_9                                                              
   809     0.12% 2.32241e-06 1.45581e-02 2.12108e-03 1.66815e-02   9 /ChipTop/system/tile_prci_domain/tile_reset_domain_tile/gemmini/ex_controller/mesh/mesh/mesh_0_9/tile_0_0                                                     
   163     0.02% 5.36103e-07 1.25637e-04 1.18445e-04 2.44618e-04  10 /ChipTop/system/tile_prci_domain/tile_reset_domain_tile/gemmini/ex_controller/mesh/mesh/mesh_0_9/tile_0_0/mac_unit                                            
   741     0.11% 2.05059e-06 1.45533e-02 2.12601e-03 1.66813e-02   8 /ChipTop/system/tile_prci_domain/tile_reset_domain_tile/gemmini/ex_controller/mesh/mesh/mesh_2_4                                                              
   741     0.11% 2.05059e-06 1.45533e-02 2.12601e-03 1.66813e-02   9 /ChipTop/system/tile_prci_domain/tile_reset_domain_tile/gemmini/ex_controller/mesh/mesh/mesh_2_4/tile_0_0                                                     
   166     0.03% 5.36377e-07 1.22170e-04 1.17617e-04 2.40323e-04  10 /ChipTop/system/tile_prci_domain/tile_reset_domain_tile/gemmini/ex_controller/mesh/mesh/mesh_2_4/tile_0_0/mac_unit                                            
   738     0.11% 2.07859e-06 1.45573e-02 2.11825e-03 1.66777e-02   8 /ChipTop/system/tile_prci_domain/tile_reset_domain_tile/gemmini/ex_controller/mesh/mesh/mesh_10_12                                                            
   738     0.11% 2.07859e-06 1.45573e-02 2.11825e-03 1.66777e-02   9 /ChipTop/system/tile_prci_domain/tile_reset_domain_tile/gemmini/ex_controller/mesh/mesh/mesh_10_12/tile_0_0                                                   
   163     0.02% 5.50068e-07 8.70084e-05 8.10561e-05 1.68614e-04  10 /ChipTop/system/tile_prci_domain/tile_reset_domain_tile/gemmini/ex_controller/mesh/mesh/mesh_10_12/tile_0_0/mac_unit                                          
   740     0.11% 2.09396e-06 1.45634e-02 2.11084e-03 1.66764e-02   8 /ChipTop/system/tile_prci_domain/tile_reset_domain_tile/gemmini/ex_controller/mesh/mesh/mesh_7_15                                                             
   740     0.11% 2.09396e-06 1.45634e-02 2.11084e-03 1.66764e-02   9 /ChipTop/system/tile_prci_domain/tile_reset_domain_tile/gemmini/ex_controller/mesh/mesh/mesh_7_15/tile_0_0                                                    
   163     0.02% 5.56414e-07 8.62351e-05 8.08484e-05 1.67640e-04  10 /ChipTop/system/tile_prci_domain/tile_reset_domain_tile/gemmini/ex_controller/mesh/mesh/mesh_7_15/tile_0_0/mac_unit                                           
   738     0.11% 2.06694e-06 1.45547e-02 2.11860e-03 1.66753e-02   8 /ChipTop/system/tile_prci_domain/tile_reset_domain_tile/gemmini/ex_controller/mesh/mesh/mesh_4_14                                                             
   738     0.11% 2.06694e-06 1.45547e-02 2.11860e-03 1.66753e-02   9 /ChipTop/system/tile_prci_domain/tile_reset_domain_tile/gemmini/ex_controller/mesh/mesh/mesh_4_14/tile_0_0                                                    
   163     0.02% 5.43805e-07 1.10107e-04 1.03409e-04 2.14059e-04  10 /ChipTop/system/tile_prci_domain/tile_reset_domain_tile/gemmini/ex_controller/mesh/mesh/mesh_4_14/tile_0_0/mac_unit                                           
   738     0.11% 2.05949e-06 1.45516e-02 2.12024e-03 1.66739e-02   8 /ChipTop/system/tile_prci_domain/tile_reset_domain_tile/gemmini/ex_controller/mesh/mesh/mesh_3_14                                                             
   738     0.11% 2.05949e-06 1.45516e-02 2.12024e-03 1.66739e-02   9 /ChipTop/system/tile_prci_domain/tile_reset_domain_tile/gemmini/ex_controller/mesh/mesh/mesh_3_14/tile_0_0                                                    
   163     0.02% 5.35324e-07 9.94011e-05 9.38165e-05 1.93753e-04  10 /ChipTop/system/tile_prci_domain/tile_reset_domain_tile/gemmini/ex_controller/mesh/mesh/mesh_3_14/tile_0_0/mac_unit                                           
   738     0.11% 2.05925e-06 1.45476e-02 2.12270e-03 1.66723e-02   8 /ChipTop/system/tile_prci_domain/tile_reset_domain_tile/gemmini/ex_controller/mesh/mesh/mesh_6_9                                                              
   738     0.11% 2.05925e-06 1.45476e-02 2.12270e-03 1.66723e-02   9 /ChipTop/system/tile_prci_domain/tile_reset_domain_tile/gemmini/ex_controller/mesh/mesh/mesh_6_9/tile_0_0                                                     
   163     0.02% 5.45230e-07 1.16301e-04 1.13220e-04 2.30067e-04  10 /ChipTop/system/tile_prci_domain/tile_reset_domain_tile/gemmini/ex_controller/mesh/mesh/mesh_6_9/tile_0_0/mac_unit                                            
   738     0.11% 2.06410e-06 1.45485e-02 2.12101e-03 1.66716e-02   8 /ChipTop/system/tile_prci_domain/tile_reset_domain_tile/gemmini/ex_controller/mesh/mesh/mesh_5_7                                                              
   738     0.11% 2.06410e-06 1.45485e-02 2.12101e-03 1.66716e-02   9 /ChipTop/system/tile_prci_domain/tile_reset_domain_tile/gemmini/ex_controller/mesh/mesh/mesh_5_7/tile_0_0                                                     
   163     0.02% 5.49312e-07 1.08555e-04 1.02799e-04 2.11903e-04  10 /ChipTop/system/tile_prci_domain/tile_reset_domain_tile/gemmini/ex_controller/mesh/mesh/mesh_5_7/tile_0_0/mac_unit                                            
   738     0.11% 2.05806e-06 1.45576e-02 2.11161e-03 1.66712e-02   8 /ChipTop/system/tile_prci_domain/tile_reset_domain_tile/gemmini/ex_controller/mesh/mesh/mesh_9_2                                                              
   738     0.11% 2.05806e-06 1.45576e-02 2.11161e-03 1.66712e-02   9 /ChipTop/system/tile_prci_domain/tile_reset_domain_tile/gemmini/ex_controller/mesh/mesh/mesh_9_2/tile_0_0                                                     
   163     0.02% 5.43962e-07 9.69716e-05 9.24539e-05 1.89970e-04  10 /ChipTop/system/tile_prci_domain/tile_reset_domain_tile/gemmini/ex_controller/mesh/mesh/mesh_9_2/tile_0_0/mac_unit                                            
   738     0.11% 2.06098e-06 1.45507e-02 2.11802e-03 1.66708e-02   8 /ChipTop/system/tile_prci_domain/tile_reset_domain_tile/gemmini/ex_controller/mesh/mesh/mesh_8_15                                                             
   738     0.11% 2.06098e-06 1.45507e-02 2.11802e-03 1.66708e-02   9 /ChipTop/system/tile_prci_domain/tile_reset_domain_tile/gemmini/ex_controller/mesh/mesh/mesh_8_15/tile_0_0                                                    
   163     0.02% 5.38918e-07 9.11832e-05 8.58471e-05 1.77569e-04  10 /ChipTop/system/tile_prci_domain/tile_reset_domain_tile/gemmini/ex_controller/mesh/mesh/mesh_8_15/tile_0_0/mac_unit                                           
   738     0.11% 2.06719e-06 1.45459e-02 2.12179e-03 1.66698e-02   8 /ChipTop/system/tile_prci_domain/tile_reset_domain_tile/gemmini/ex_controller/mesh/mesh/mesh_1_9                                                              
   738     0.11% 2.06719e-06 1.45459e-02 2.12179e-03 1.66698e-02   9 /ChipTop/system/tile_prci_domain/tile_reset_domain_tile/gemmini/ex_controller/mesh/mesh/mesh_1_9/tile_0_0                                                     
   163     0.02% 5.46891e-07 1.32153e-04 1.23341e-04 2.56041e-04  10 /ChipTop/system/tile_prci_domain/tile_reset_domain_tile/gemmini/ex_controller/mesh/mesh/mesh_1_9/tile_0_0/mac_unit                                            
   738     0.11% 2.07054e-06 1.45519e-02 2.11557e-03 1.66696e-02   8 /ChipTop/system/tile_prci_domain/tile_reset_domain_tile/gemmini/ex_controller/mesh/mesh/mesh_9_12                                                             
   738     0.11% 2.07054e-06 1.45519e-02 2.11557e-03 1.66696e-02   9 /ChipTop/system/tile_prci_domain/tile_reset_domain_tile/gemmini/ex_controller/mesh/mesh/mesh_9_12/tile_0_0                                                    
   163     0.02% 5.44727e-07 1.00275e-04 9.34615e-05 1.94281e-04  10 /ChipTop/system/tile_prci_domain/tile_reset_domain_tile/gemmini/ex_controller/mesh/mesh/mesh_9_12/tile_0_0/mac_unit                                           
   738     0.11% 2.07783e-06 1.45479e-02 2.11268e-03 1.66626e-02   8 /ChipTop/system/tile_prci_domain/tile_reset_domain_tile/gemmini/ex_controller/mesh/mesh/mesh_7_12                                                             
   738     0.11% 2.07783e-06 1.45479e-02 2.11268e-03 1.66626e-02   9 /ChipTop/system/tile_prci_domain/tile_reset_domain_tile/gemmini/ex_controller/mesh/mesh/mesh_7_12/tile_0_0                                                    
   163     0.02% 5.53188e-07 8.65343e-05 8.18030e-05 1.68890e-04  10 /ChipTop/system/tile_prci_domain/tile_reset_domain_tile/gemmini/ex_controller/mesh/mesh/mesh_7_12/tile_0_0/mac_unit                                           
   738     0.11% 2.05933e-06 1.45367e-02 2.11621e-03 1.66549e-02   8 /ChipTop/system/tile_prci_domain/tile_reset_domain_tile/gemmini/ex_controller/mesh/mesh/mesh_3_9                                                              
   738     0.11% 2.05933e-06 1.45367e-02 2.11621e-03 1.66549e-02   9 /ChipTop/system/tile_prci_domain/tile_reset_domain_tile/gemmini/ex_controller/mesh/mesh/mesh_3_9/tile_0_0                                                     
   163     0.02% 5.41066e-07 1.16369e-04 1.10205e-04 2.27115e-04  10 /ChipTop/system/tile_prci_domain/tile_reset_domain_tile/gemmini/ex_controller/mesh/mesh/mesh_3_9/tile_0_0/mac_unit                                            
   738     0.11% 2.06001e-06 1.45421e-02 2.11023e-03 1.66544e-02   8 /ChipTop/system/tile_prci_domain/tile_reset_domain_tile/gemmini/ex_controller/mesh/mesh/mesh_6_10                                                             
   738     0.11% 2.06001e-06 1.45421e-02 2.11023e-03 1.66544e-02   9 /ChipTop/system/tile_prci_domain/tile_reset_domain_tile/gemmini/ex_controller/mesh/mesh/mesh_6_10/tile_0_0                                                    
   163     0.02% 5.42670e-07 9.78092e-05 9.22943e-05 1.90646e-04  10 /ChipTop/system/tile_prci_domain/tile_reset_domain_tile/gemmini/ex_controller/mesh/mesh/mesh_6_10/tile_0_0/mac_unit                                           
   738     0.11% 2.06090e-06 1.45432e-02 2.10896e-03 1.66542e-02   8 /ChipTop/system/tile_prci_domain/tile_reset_domain_tile/gemmini/ex_controller/mesh/mesh/mesh_4_10                                                             
   738     0.11% 2.06090e-06 1.45432e-02 2.10896e-03 1.66542e-02   9 /ChipTop/system/tile_prci_domain/tile_reset_domain_tile/gemmini/ex_controller/mesh/mesh/mesh_4_10/tile_0_0                                                    
   163     0.02% 5.45720e-07 9.56991e-05 9.02398e-05 1.86485e-04  10 /ChipTop/system/tile_prci_domain/tile_reset_domain_tile/gemmini/ex_controller/mesh/mesh/mesh_4_10/tile_0_0/mac_unit                                           
   738     0.11% 2.06952e-06 1.45366e-02 2.11392e-03 1.66526e-02   8 /ChipTop/system/tile_prci_domain/tile_reset_domain_tile/gemmini/ex_controller/mesh/mesh/mesh_1_5                                                              
   738     0.11% 2.06952e-06 1.45366e-02 2.11392e-03 1.66526e-02   9 /ChipTop/system/tile_prci_domain/tile_reset_domain_tile/gemmini/ex_controller/mesh/mesh/mesh_1_5/tile_0_0                                                     
   163     0.02% 5.46948e-07 1.11051e-04 1.07291e-04 2.18889e-04  10 /ChipTop/system/tile_prci_domain/tile_reset_domain_tile/gemmini/ex_controller/mesh/mesh/mesh_1_5/tile_0_0/mac_unit                                            
   738     0.11% 2.05940e-06 1.45356e-02 2.11191e-03 1.66495e-02   8 /ChipTop/system/tile_prci_domain/tile_reset_domain_tile/gemmini/ex_controller/mesh/mesh/mesh_4_9                                                              
   738     0.11% 2.05940e-06 1.45356e-02 2.11191e-03 1.66495e-02   9 /ChipTop/system/tile_prci_domain/tile_reset_domain_tile/gemmini/ex_controller/mesh/mesh/mesh_4_9/tile_0_0                                                     
   163     0.02% 5.41727e-07 1.08996e-04 1.02574e-04 2.12112e-04  10 /ChipTop/system/tile_prci_domain/tile_reset_domain_tile/gemmini/ex_controller/mesh/mesh/mesh_4_9/tile_0_0/mac_unit                                            
   738     0.11% 2.06433e-06 1.45393e-02 2.10761e-03 1.66490e-02   8 /ChipTop/system/tile_prci_domain/tile_reset_domain_tile/gemmini/ex_controller/mesh/mesh/mesh_9_15                                                             
   738     0.11% 2.06433e-06 1.45393e-02 2.10761e-03 1.66490e-02   9 /ChipTop/system/tile_prci_domain/tile_reset_domain_tile/gemmini/ex_controller/mesh/mesh/mesh_9_15/tile_0_0                                                    
   163     0.02% 5.43748e-07 8.79228e-05 8.17669e-05 1.70233e-04  10 /ChipTop/system/tile_prci_domain/tile_reset_domain_tile/gemmini/ex_controller/mesh/mesh/mesh_9_15/tile_0_0/mac_unit                                           
   738     0.11% 2.05048e-06 1.45376e-02 2.10906e-03 1.66487e-02   8 /ChipTop/system/tile_prci_domain/tile_reset_domain_tile/gemmini/ex_controller/mesh/mesh/mesh_13_15                                                            
   738     0.11% 2.05048e-06 1.45376e-02 2.10906e-03 1.66487e-02   9 /ChipTop/system/tile_prci_domain/tile_reset_domain_tile/gemmini/ex_controller/mesh/mesh/mesh_13_15/tile_0_0                                                   
   163     0.02% 5.39644e-07 9.02088e-05 8.36182e-05 1.74367e-04  10 /ChipTop/system/tile_prci_domain/tile_reset_domain_tile/gemmini/ex_controller/mesh/mesh/mesh_13_15/tile_0_0/mac_unit                                          
   738     0.11% 2.05842e-06 1.45362e-02 2.10354e-03 1.66418e-02   8 /ChipTop/system/tile_prci_domain/tile_reset_domain_tile/gemmini/ex_controller/mesh/mesh/mesh_3_10                                                             
   738     0.11% 2.05842e-06 1.45362e-02 2.10354e-03 1.66418e-02   9 /ChipTop/system/tile_prci_domain/tile_reset_domain_tile/gemmini/ex_controller/mesh/mesh/mesh_3_10/tile_0_0                                                    
   163     0.02% 5.41107e-07 8.29039e-05 7.79267e-05 1.61372e-04  10 /ChipTop/system/tile_prci_domain/tile_reset_domain_tile/gemmini/ex_controller/mesh/mesh/mesh_3_10/tile_0_0/mac_unit                                           
   738     0.11% 2.05137e-06 1.45319e-02 2.10518e-03 1.66391e-02   8 /ChipTop/system/tile_prci_domain/tile_reset_domain_tile/gemmini/ex_controller/mesh/mesh/mesh_3_8                                                              
   738     0.11% 2.05137e-06 1.45319e-02 2.10518e-03 1.66391e-02   9 /ChipTop/system/tile_prci_domain/tile_reset_domain_tile/gemmini/ex_controller/mesh/mesh/mesh_3_8/tile_0_0                                                     
   163     0.02% 5.39200e-07 1.01195e-04 9.63091e-05 1.98043e-04  10 /ChipTop/system/tile_prci_domain/tile_reset_domain_tile/gemmini/ex_controller/mesh/mesh/mesh_3_8/tile_0_0/mac_unit                                            
   738     0.11% 2.05236e-06 1.45275e-02 2.10850e-03 1.66381e-02   8 /ChipTop/system/tile_prci_domain/tile_reset_domain_tile/gemmini/ex_controller/mesh/mesh/mesh_1_13                                                             
   738     0.11% 2.05236e-06 1.45275e-02 2.10850e-03 1.66381e-02   9 /ChipTop/system/tile_prci_domain/tile_reset_domain_tile/gemmini/ex_controller/mesh/mesh/mesh_1_13/tile_0_0                                                    
   163     0.02% 5.45137e-07 1.21935e-04 1.15755e-04 2.38236e-04  10 /ChipTop/system/tile_prci_domain/tile_reset_domain_tile/gemmini/ex_controller/mesh/mesh/mesh_1_13/tile_0_0/mac_unit                                           
   738     0.11% 2.06449e-06 1.45302e-02 2.10337e-03 1.66356e-02   8 /ChipTop/system/tile_prci_domain/tile_reset_domain_tile/gemmini/ex_controller/mesh/mesh/mesh_10_15                                                            
   738     0.11% 2.06449e-06 1.45302e-02 2.10337e-03 1.66356e-02   9 /ChipTop/system/tile_prci_domain/tile_reset_domain_tile/gemmini/ex_controller/mesh/mesh/mesh_10_15/tile_0_0                                                   
   163     0.02% 5.49739e-07 8.82831e-05 8.21007e-05 1.70934e-04  10 /ChipTop/system/tile_prci_domain/tile_reset_domain_tile/gemmini/ex_controller/mesh/mesh/mesh_10_15/tile_0_0/mac_unit                                          
   738     0.11% 2.07217e-06 1.45290e-02 2.10381e-03 1.66349e-02   8 /ChipTop/system/tile_prci_domain/tile_reset_domain_tile/gemmini/ex_controller/mesh/mesh/mesh_2_5                                                              
   738     0.11% 2.07217e-06 1.45290e-02 2.10381e-03 1.66349e-02   9 /ChipTop/system/tile_prci_domain/tile_reset_domain_tile/gemmini/ex_controller/mesh/mesh/mesh_2_5/tile_0_0                                                     
   163     0.02% 5.50455e-07 9.98531e-05 9.53517e-05 1.95755e-04  10 /ChipTop/system/tile_prci_domain/tile_reset_domain_tile/gemmini/ex_controller/mesh/mesh/mesh_2_5/tile_0_0/mac_unit                                            
   738     0.11% 2.06479e-06 1.45324e-02 2.09825e-03 1.66327e-02   8 /ChipTop/system/tile_prci_domain/tile_reset_domain_tile/gemmini/ex_controller/mesh/mesh/mesh_8_12                                                             
   738     0.11% 2.06479e-06 1.45324e-02 2.09825e-03 1.66327e-02   9 /ChipTop/system/tile_prci_domain/tile_reset_domain_tile/gemmini/ex_controller/mesh/mesh/mesh_8_12/tile_0_0                                                    
   163     0.02% 5.43334e-07 8.43591e-05 7.86464e-05 1.63549e-04  10 /ChipTop/system/tile_prci_domain/tile_reset_domain_tile/gemmini/ex_controller/mesh/mesh/mesh_8_12/tile_0_0/mac_unit                                           
   738     0.11% 2.05912e-06 1.45277e-02 2.10273e-03 1.66325e-02   8 /ChipTop/system/tile_prci_domain/tile_reset_domain_tile/gemmini/ex_controller/mesh/mesh/mesh_5_10                                                             
   738     0.11% 2.05912e-06 1.45277e-02 2.10273e-03 1.66325e-02   9 /ChipTop/system/tile_prci_domain/tile_reset_domain_tile/gemmini/ex_controller/mesh/mesh/mesh_5_10/tile_0_0                                                    
   163     0.02% 5.51165e-07 1.04256e-04 9.73614e-05 2.02168e-04  10 /ChipTop/system/tile_prci_domain/tile_reset_domain_tile/gemmini/ex_controller/mesh/mesh/mesh_5_10/tile_0_0/mac_unit                                           
   738     0.11% 2.05965e-06 1.45258e-02 2.10038e-03 1.66282e-02   8 /ChipTop/system/tile_prci_domain/tile_reset_domain_tile/gemmini/ex_controller/mesh/mesh/mesh_2_15                                                             
   738     0.11% 2.05965e-06 1.45258e-02 2.10038e-03 1.66282e-02   9 /ChipTop/system/tile_prci_domain/tile_reset_domain_tile/gemmini/ex_controller/mesh/mesh/mesh_2_15/tile_0_0                                                    
   163     0.02% 5.43087e-07 9.92277e-05 9.38339e-05 1.93605e-04  10 /ChipTop/system/tile_prci_domain/tile_reset_domain_tile/gemmini/ex_controller/mesh/mesh/mesh_2_15/tile_0_0/mac_unit                                           
   741     0.11% 2.04706e-06 1.45333e-02 2.09129e-03 1.66266e-02   8 /ChipTop/system/tile_prci_domain/tile_reset_domain_tile/gemmini/ex_controller/mesh/mesh/mesh_4_3                                                              
   741     0.11% 2.04706e-06 1.45333e-02 2.09129e-03 1.66266e-02   9 /ChipTop/system/tile_prci_domain/tile_reset_domain_tile/gemmini/ex_controller/mesh/mesh/mesh_4_3/tile_0_0                                                     
   166     0.03% 5.34142e-07 9.47238e-05 9.02080e-05 1.85466e-04  10 /ChipTop/system/tile_prci_domain/tile_reset_domain_tile/gemmini/ex_controller/mesh/mesh/mesh_4_3/tile_0_0/mac_unit                                            
   738     0.11% 2.05906e-06 1.45172e-02 2.09560e-03 1.66149e-02   8 /ChipTop/system/tile_prci_domain/tile_reset_domain_tile/gemmini/ex_controller/mesh/mesh/mesh_1_15                                                             
   738     0.11% 2.05906e-06 1.45172e-02 2.09560e-03 1.66149e-02   9 /ChipTop/system/tile_prci_domain/tile_reset_domain_tile/gemmini/ex_controller/mesh/mesh/mesh_1_15/tile_0_0                                                    
   163     0.02% 5.46683e-07 1.00602e-04 9.64423e-05 1.97591e-04  10 /ChipTop/system/tile_prci_domain/tile_reset_domain_tile/gemmini/ex_controller/mesh/mesh/mesh_1_15/tile_0_0/mac_unit                                           
   741     0.11% 2.05189e-06 1.45119e-02 2.09318e-03 1.66071e-02   8 /ChipTop/system/tile_prci_domain/tile_reset_domain_tile/gemmini/ex_controller/mesh/mesh/mesh_2_12                                                             
   741     0.11% 2.05189e-06 1.45119e-02 2.09318e-03 1.66071e-02   9 /ChipTop/system/tile_prci_domain/tile_reset_domain_tile/gemmini/ex_controller/mesh/mesh/mesh_2_12/tile_0_0                                                    
   166     0.03% 5.37214e-07 1.04959e-04 1.00821e-04 2.06317e-04  10 /ChipTop/system/tile_prci_domain/tile_reset_domain_tile/gemmini/ex_controller/mesh/mesh/mesh_2_12/tile_0_0/mac_unit                                           
   741     0.11% 2.04266e-06 1.45019e-02 2.08758e-03 1.65915e-02   8 /ChipTop/system/tile_prci_domain/tile_reset_domain_tile/gemmini/ex_controller/mesh/mesh/mesh_1_4                                                              
   741     0.11% 2.04266e-06 1.45019e-02 2.08758e-03 1.65915e-02   9 /ChipTop/system/tile_prci_domain/tile_reset_domain_tile/gemmini/ex_controller/mesh/mesh/mesh_1_4/tile_0_0                                                     
   166     0.03% 5.35659e-07 1.02021e-04 9.98514e-05 2.02408e-04  10 /ChipTop/system/tile_prci_domain/tile_reset_domain_tile/gemmini/ex_controller/mesh/mesh/mesh_1_4/tile_0_0/mac_unit                                            
   738     0.11% 2.06158e-06 1.45050e-02 2.08119e-03 1.65882e-02   8 /ChipTop/system/tile_prci_domain/tile_reset_domain_tile/gemmini/ex_controller/mesh/mesh/mesh_1_10                                                             
   738     0.11% 2.06158e-06 1.45050e-02 2.08119e-03 1.65882e-02   9 /ChipTop/system/tile_prci_domain/tile_reset_domain_tile/gemmini/ex_controller/mesh/mesh/mesh_1_10/tile_0_0                                                    
   163     0.02% 5.48219e-07 8.21086e-05 7.70002e-05 1.59657e-04  10 /ChipTop/system/tile_prci_domain/tile_reset_domain_tile/gemmini/ex_controller/mesh/mesh/mesh_1_10/tile_0_0/mac_unit                                           
   738     0.11% 2.05746e-06 1.45011e-02 2.08111e-03 1.65843e-02   8 /ChipTop/system/tile_prci_domain/tile_reset_domain_tile/gemmini/ex_controller/mesh/mesh/mesh_2_10                                                             
   738     0.11% 2.05746e-06 1.45011e-02 2.08111e-03 1.65843e-02   9 /ChipTop/system/tile_prci_domain/tile_reset_domain_tile/gemmini/ex_controller/mesh/mesh/mesh_2_10/tile_0_0                                                    
   163     0.02% 5.47746e-07 8.38770e-05 7.87417e-05 1.63166e-04  10 /ChipTop/system/tile_prci_domain/tile_reset_domain_tile/gemmini/ex_controller/mesh/mesh/mesh_2_10/tile_0_0/mac_unit                                           
   741     0.11% 2.04742e-06 1.45018e-02 2.07855e-03 1.65824e-02   8 /ChipTop/system/tile_prci_domain/tile_reset_domain_tile/gemmini/ex_controller/mesh/mesh/mesh_2_3                                                              
   741     0.11% 2.04742e-06 1.45018e-02 2.07855e-03 1.65824e-02   9 /ChipTop/system/tile_prci_domain/tile_reset_domain_tile/gemmini/ex_controller/mesh/mesh/mesh_2_3/tile_0_0                                                     
   166     0.03% 5.37757e-07 8.51654e-05 8.11738e-05 1.66877e-04  10 /ChipTop/system/tile_prci_domain/tile_reset_domain_tile/gemmini/ex_controller/mesh/mesh/mesh_2_3/tile_0_0/mac_unit                                            
  2685     0.41% 2.34839e-05 2.23071e-01 2.12164e-05 2.23116e-01   7 /ChipTop/system/tile_prci_domain/tile_reset_domain_tile/gemmini/ex_controller/mesh/transposer                                                                 
     9     0.00% 8.61710e-08 8.74421e-04 7.31220e-08 8.74580e-04   8 /ChipTop/system/tile_prci_domain/tile_reset_domain_tile/gemmini/ex_controller/mesh/transposer/pes_7_15                                                        
     9     0.00% 8.72020e-08 8.74417e-04 7.31220e-08 8.74577e-04   8 /ChipTop/system/tile_prci_domain/tile_reset_domain_tile/gemmini/ex_controller/mesh/transposer/pes_1_15                                                        
     9     0.00% 8.60500e-08 8.74417e-04 7.31220e-08 8.74576e-04   8 /ChipTop/system/tile_prci_domain/tile_reset_domain_tile/gemmini/ex_controller/mesh/transposer/pes_11_15                                                       
     9     0.00% 8.72240e-08 8.74414e-04 7.31220e-08 8.74574e-04   8 /ChipTop/system/tile_prci_domain/tile_reset_domain_tile/gemmini/ex_controller/mesh/transposer/pes_10_15                                                       
     9     0.00% 8.62410e-08 8.74414e-04 7.31220e-08 8.74573e-04   8 /ChipTop/system/tile_prci_domain/tile_reset_domain_tile/gemmini/ex_controller/mesh/transposer/pes_12_15                                                       
     9     0.00% 8.69070e-08 8.74410e-04 7.31220e-08 8.74570e-04   8 /ChipTop/system/tile_prci_domain/tile_reset_domain_tile/gemmini/ex_controller/mesh/transposer/pes_4_15                                                        
     9     0.00% 8.67970e-08 8.74410e-04 7.31220e-08 8.74570e-04   8 /ChipTop/system/tile_prci_domain/tile_reset_domain_tile/gemmini/ex_controller/mesh/transposer/pes_14_15                                                       
     9     0.00% 8.61420e-08 8.74410e-04 7.31220e-08 8.74570e-04   8 /ChipTop/system/tile_prci_domain/tile_reset_domain_tile/gemmini/ex_controller/mesh/transposer/pes_2_15                                                        
     9     0.00% 8.68820e-08 8.74404e-04 7.81300e-08 8.74569e-04   8 /ChipTop/system/tile_prci_domain/tile_reset_domain_tile/gemmini/ex_controller/mesh/transposer/pes_0_15                                                        
     9     0.00% 8.57840e-08 8.74410e-04 7.31220e-08 8.74569e-04   8 /ChipTop/system/tile_prci_domain/tile_reset_domain_tile/gemmini/ex_controller/mesh/transposer/pes_5_15                                                        
     9     0.00% 8.82950e-08 8.74407e-04 7.31220e-08 8.74568e-04   8 /ChipTop/system/tile_prci_domain/tile_reset_domain_tile/gemmini/ex_controller/mesh/transposer/pes_9_15                                                        
     9     0.00% 8.64270e-08 8.74407e-04 7.31220e-08 8.74566e-04   8 /ChipTop/system/tile_prci_domain/tile_reset_domain_tile/gemmini/ex_controller/mesh/transposer/pes_8_15                                                        
     9     0.00% 8.57110e-08 8.74407e-04 7.31220e-08 8.74566e-04   8 /ChipTop/system/tile_prci_domain/tile_reset_domain_tile/gemmini/ex_controller/mesh/transposer/pes_6_15                                                        
     9     0.00% 8.74460e-08 8.74403e-04 7.31220e-08 8.74564e-04   8 /ChipTop/system/tile_prci_domain/tile_reset_domain_tile/gemmini/ex_controller/mesh/transposer/pes_3_15                                                        
     9     0.00% 8.48510e-08 8.74403e-04 7.31220e-08 8.74561e-04   8 /ChipTop/system/tile_prci_domain/tile_reset_domain_tile/gemmini/ex_controller/mesh/transposer/pes_13_15                                                       
     9     0.00% 8.09160e-08 8.71113e-04 7.34920e-08 8.71267e-04   8 /ChipTop/system/tile_prci_domain/tile_reset_domain_tile/gemmini/ex_controller/mesh/transposer/pes_15_15                                                       
     9     0.00% 8.60100e-08 8.67630e-04 7.98980e-08 8.67796e-04   8 /ChipTop/system/tile_prci_domain/tile_reset_domain_tile/gemmini/ex_controller/mesh/transposer/pes_15_0                                                        
     9     0.00% 8.99200e-08 8.67630e-04 7.31220e-08 8.67793e-04   8 /ChipTop/system/tile_prci_domain/tile_reset_domain_tile/gemmini/ex_controller/mesh/transposer/pes_15_14                                                       
     9     0.00% 8.85860e-08 8.67629e-04 7.31220e-08 8.67791e-04   8 /ChipTop/system/tile_prci_domain/tile_reset_domain_tile/gemmini/ex_controller/mesh/transposer/pes_15_3                                                        
     9     0.00% 8.83550e-08 8.67630e-04 7.31220e-08 8.67791e-04   8 /ChipTop/system/tile_prci_domain/tile_reset_domain_tile/gemmini/ex_controller/mesh/transposer/pes_15_5                                                        
     9     0.00% 8.79670e-08 8.67630e-04 7.31220e-08 8.67791e-04   8 /ChipTop/system/tile_prci_domain/tile_reset_domain_tile/gemmini/ex_controller/mesh/transposer/pes_15_1                                                        
     9     0.00% 8.79380e-08 8.67630e-04 7.31220e-08 8.67791e-04   8 /ChipTop/system/tile_prci_domain/tile_reset_domain_tile/gemmini/ex_controller/mesh/transposer/pes_15_10                                                       
     9     0.00% 8.76000e-08 8.67630e-04 7.31220e-08 8.67790e-04   8 /ChipTop/system/tile_prci_domain/tile_reset_domain_tile/gemmini/ex_controller/mesh/transposer/pes_15_9                                                        
     9     0.00% 8.74720e-08 8.67630e-04 7.31220e-08 8.67790e-04   8 /ChipTop/system/tile_prci_domain/tile_reset_domain_tile/gemmini/ex_controller/mesh/transposer/pes_15_8                                                        
     9     0.00% 8.74730e-08 8.67629e-04 7.31220e-08 8.67790e-04   8 /ChipTop/system/tile_prci_domain/tile_reset_domain_tile/gemmini/ex_controller/mesh/transposer/pes_15_6                                                        
     9     0.00% 8.71190e-08 8.67630e-04 7.31220e-08 8.67790e-04   8 /ChipTop/system/tile_prci_domain/tile_reset_domain_tile/gemmini/ex_controller/mesh/transposer/pes_15_7                                                        
     9     0.00% 8.61250e-08 8.67630e-04 7.31220e-08 8.67789e-04   8 /ChipTop/system/tile_prci_domain/tile_reset_domain_tile/gemmini/ex_controller/mesh/transposer/pes_15_2                                                        
     9     0.00% 8.59190e-08 8.67629e-04 7.31220e-08 8.67789e-04   8 /ChipTop/system/tile_prci_domain/tile_reset_domain_tile/gemmini/ex_controller/mesh/transposer/pes_15_13                                                       
     9     0.00% 8.55590e-08 8.67630e-04 7.31220e-08 8.67788e-04   8 /ChipTop/system/tile_prci_domain/tile_reset_domain_tile/gemmini/ex_controller/mesh/transposer/pes_15_12                                                       
     9     0.00% 8.54270e-08 8.67630e-04 7.31220e-08 8.67788e-04   8 /ChipTop/system/tile_prci_domain/tile_reset_domain_tile/gemmini/ex_controller/mesh/transposer/pes_15_11                                                       
     9     0.00% 8.48800e-08 8.67630e-04 7.31220e-08 8.67788e-04   8 /ChipTop/system/tile_prci_domain/tile_reset_domain_tile/gemmini/ex_controller/mesh/transposer/pes_15_4                                                        
     9     0.00% 8.76400e-08 8.67540e-04 1.04130e-07 8.67732e-04   8 /ChipTop/system/tile_prci_domain/tile_reset_domain_tile/gemmini/ex_controller/mesh/transposer/pes_0_0                                                         
     9     0.00% 8.92620e-08 8.67537e-04 7.81300e-08 8.67705e-04   8 /ChipTop/system/tile_prci_domain/tile_reset_domain_tile/gemmini/ex_controller/mesh/transposer/pes_0_8                                                         
     9     0.00% 8.73520e-08 8.67537e-04 7.98980e-08 8.67704e-04   8 /ChipTop/system/tile_prci_domain/tile_reset_domain_tile/gemmini/ex_controller/mesh/transposer/pes_6_0                                                         
     9     0.00% 8.73420e-08 8.67537e-04 7.98980e-08 8.67704e-04   8 /ChipTop/system/tile_prci_domain/tile_reset_domain_tile/gemmini/ex_controller/mesh/transposer/pes_4_0                                                         
     9     0.00% 8.89450e-08 8.67537e-04 7.81300e-08 8.67704e-04   8 /ChipTop/system/tile_prci_domain/tile_reset_domain_tile/gemmini/ex_controller/mesh/transposer/pes_0_9                                                         
     9     0.00% 8.72740e-08 8.67537e-04 7.98980e-08 8.67704e-04   8 /ChipTop/system/tile_prci_domain/tile_reset_domain_tile/gemmini/ex_controller/mesh/transposer/pes_12_0                                                        
     9     0.00% 8.88950e-08 8.67537e-04 7.81300e-08 8.67704e-04   8 /ChipTop/system/tile_prci_domain/tile_reset_domain_tile/gemmini/ex_controller/mesh/transposer/pes_0_1                                                         
     9     0.00% 8.69950e-08 8.67537e-04 7.98980e-08 8.67704e-04   8 /ChipTop/system/tile_prci_domain/tile_reset_domain_tile/gemmini/ex_controller/mesh/transposer/pes_5_0                                                         
     9     0.00% 8.84260e-08 8.67537e-04 7.81300e-08 8.67704e-04   8 /ChipTop/system/tile_prci_domain/tile_reset_domain_tile/gemmini/ex_controller/mesh/transposer/pes_0_13                                                        
     9     0.00% 8.64090e-08 8.67537e-04 7.98980e-08 8.67703e-04   8 /ChipTop/system/tile_prci_domain/tile_reset_domain_tile/gemmini/ex_controller/mesh/transposer/pes_8_0                                                         
     9     0.00% 8.63970e-08 8.67537e-04 7.98980e-08 8.67703e-04   8 /ChipTop/system/tile_prci_domain/tile_reset_domain_tile/gemmini/ex_controller/mesh/transposer/pes_1_0                                                         
     9     0.00% 8.62390e-08 8.67537e-04 7.98980e-08 8.67703e-04   8 /ChipTop/system/tile_prci_domain/tile_reset_domain_tile/gemmini/ex_controller/mesh/transposer/pes_10_0                                                        
     9     0.00% 8.60690e-08 8.67537e-04 7.98980e-08 8.67703e-04   8 /ChipTop/system/tile_prci_domain/tile_reset_domain_tile/gemmini/ex_controller/mesh/transposer/pes_14_0                                                        
     9     0.00% 8.77430e-08 8.67537e-04 7.81300e-08 8.67703e-04   8 /ChipTop/system/tile_prci_domain/tile_reset_domain_tile/gemmini/ex_controller/mesh/transposer/pes_0_12                                                        
     9     0.00% 8.57920e-08 8.67537e-04 7.98980e-08 8.67703e-04   8 /ChipTop/system/tile_prci_domain/tile_reset_domain_tile/gemmini/ex_controller/mesh/transposer/pes_7_0                                                         
     9     0.00% 8.57020e-08 8.67537e-04 7.98980e-08 8.67703e-04   8 /ChipTop/system/tile_prci_domain/tile_reset_domain_tile/gemmini/ex_controller/mesh/transposer/pes_2_0                                                         
     9     0.00% 8.56350e-08 8.67537e-04 7.98980e-08 8.67703e-04   8 /ChipTop/system/tile_prci_domain/tile_reset_domain_tile/gemmini/ex_controller/mesh/transposer/pes_11_0                                                        
     9     0.00% 8.72450e-08 8.67537e-04 7.81300e-08 8.67703e-04   8 /ChipTop/system/tile_prci_domain/tile_reset_domain_tile/gemmini/ex_controller/mesh/transposer/pes_0_4                                                         
     9     0.00% 8.70340e-08 8.67537e-04 7.81300e-08 8.67702e-04   8 /ChipTop/system/tile_prci_domain/tile_reset_domain_tile/gemmini/ex_controller/mesh/transposer/pes_0_6                                                         
     9     0.00% 8.52650e-08 8.67537e-04 7.98980e-08 8.67702e-04   8 /ChipTop/system/tile_prci_domain/tile_reset_domain_tile/gemmini/ex_controller/mesh/transposer/pes_13_0                                                        
     9     0.00% 8.51740e-08 8.67537e-04 7.98980e-08 8.67702e-04   8 /ChipTop/system/tile_prci_domain/tile_reset_domain_tile/gemmini/ex_controller/mesh/transposer/pes_3_0                                                         
     9     0.00% 8.68270e-08 8.67537e-04 7.81300e-08 8.67702e-04   8 /ChipTop/system/tile_prci_domain/tile_reset_domain_tile/gemmini/ex_controller/mesh/transposer/pes_0_14                                                        
     9     0.00% 8.68160e-08 8.67537e-04 7.81300e-08 8.67702e-04   8 /ChipTop/system/tile_prci_domain/tile_reset_domain_tile/gemmini/ex_controller/mesh/transposer/pes_0_11                                                        
     9     0.00% 8.66750e-08 8.67537e-04 7.81300e-08 8.67702e-04   8 /ChipTop/system/tile_prci_domain/tile_reset_domain_tile/gemmini/ex_controller/mesh/transposer/pes_0_10                                                        
     9     0.00% 8.66560e-08 8.67537e-04 7.81300e-08 8.67702e-04   8 /ChipTop/system/tile_prci_domain/tile_reset_domain_tile/gemmini/ex_controller/mesh/transposer/pes_0_5                                                         
     9     0.00% 8.65160e-08 8.67537e-04 7.81300e-08 8.67702e-04   8 /ChipTop/system/tile_prci_domain/tile_reset_domain_tile/gemmini/ex_controller/mesh/transposer/pes_0_7                                                         
     9     0.00% 8.45600e-08 8.67537e-04 7.98980e-08 8.67702e-04   8 /ChipTop/system/tile_prci_domain/tile_reset_domain_tile/gemmini/ex_controller/mesh/transposer/pes_9_0                                                         
     9     0.00% 8.55620e-08 8.67537e-04 7.81300e-08 8.67701e-04   8 /ChipTop/system/tile_prci_domain/tile_reset_domain_tile/gemmini/ex_controller/mesh/transposer/pes_0_2                                                         
     9     0.00% 8.52830e-08 8.67537e-04 7.81300e-08 8.67701e-04   8 /ChipTop/system/tile_prci_domain/tile_reset_domain_tile/gemmini/ex_controller/mesh/transposer/pes_0_3                                                         
     9     0.00% 9.06350e-08 8.67536e-04 7.31220e-08 8.67700e-04   8 /ChipTop/system/tile_prci_domain/tile_reset_domain_tile/gemmini/ex_controller/mesh/transposer/pes_13_9                                                        
     9     0.00% 9.00870e-08 8.67536e-04 7.31220e-08 8.67699e-04   8 /ChipTop/system/tile_prci_domain/tile_reset_domain_tile/gemmini/ex_controller/mesh/transposer/pes_7_10                                                        
     9     0.00% 9.00580e-08 8.67536e-04 7.31220e-08 8.67699e-04   8 /ChipTop/system/tile_prci_domain/tile_reset_domain_tile/gemmini/ex_controller/mesh/transposer/pes_10_10                                                       
     9     0.00% 9.00190e-08 8.67536e-04 7.31220e-08 8.67699e-04   8 /ChipTop/system/tile_prci_domain/tile_reset_domain_tile/gemmini/ex_controller/mesh/transposer/pes_2_2                                                         
     9     0.00% 8.96010e-08 8.67536e-04 7.31220e-08 8.67699e-04   8 /ChipTop/system/tile_prci_domain/tile_reset_domain_tile/gemmini/ex_controller/mesh/transposer/pes_1_8                                                         
     9     0.00% 8.95900e-08 8.67536e-04 7.31220e-08 8.67699e-04   8 /ChipTop/system/tile_prci_domain/tile_reset_domain_tile/gemmini/ex_controller/mesh/transposer/pes_3_1                                                         
     9     0.00% 8.89740e-08 8.67536e-04 7.31220e-08 8.67698e-04   8 /ChipTop/system/tile_prci_domain/tile_reset_domain_tile/gemmini/ex_controller/mesh/transposer/pes_10_7                                                        
     9     0.00% 8.89240e-08 8.67536e-04 7.31220e-08 8.67698e-04   8 /ChipTop/system/tile_prci_domain/tile_reset_domain_tile/gemmini/ex_controller/mesh/transposer/pes_13_13                                                       
     9     0.00% 8.88770e-08 8.67536e-04 7.31220e-08 8.67698e-04   8 /ChipTop/system/tile_prci_domain/tile_reset_domain_tile/gemmini/ex_controller/mesh/transposer/pes_5_13                                                        
     9     0.00% 8.88540e-08 8.67536e-04 7.31220e-08 8.67698e-04   8 /ChipTop/system/tile_prci_domain/tile_reset_domain_tile/gemmini/ex_controller/mesh/transposer/pes_5_5                                                         
     9     0.00% 8.87650e-08 8.67536e-04 7.31220e-08 8.67698e-04   8 /ChipTop/system/tile_prci_domain/tile_reset_domain_tile/gemmini/ex_controller/mesh/transposer/pes_14_10                                                       
     9     0.00% 8.87490e-08 8.67536e-04 7.31220e-08 8.67698e-04   8 /ChipTop/system/tile_prci_domain/tile_reset_domain_tile/gemmini/ex_controller/mesh/transposer/pes_11_5                                                        
     9     0.00% 8.85670e-08 8.67536e-04 7.31220e-08 8.67698e-04   8 /ChipTop/system/tile_prci_domain/tile_reset_domain_tile/gemmini/ex_controller/mesh/transposer/pes_2_6                                                         
     9     0.00% 8.85670e-08 8.67536e-04 7.31220e-08 8.67698e-04   8 /ChipTop/system/tile_prci_domain/tile_reset_domain_tile/gemmini/ex_controller/mesh/transposer/pes_10_3                                                        
     9     0.00% 8.85170e-08 8.67536e-04 7.31220e-08 8.67698e-04   8 /ChipTop/system/tile_prci_domain/tile_reset_domain_tile/gemmini/ex_controller/mesh/transposer/pes_4_9                                                         
     9     0.00% 8.85160e-08 8.67536e-04 7.31220e-08 8.67698e-04   8 /ChipTop/system/tile_prci_domain/tile_reset_domain_tile/gemmini/ex_controller/mesh/transposer/pes_8_3                                                         
     9     0.00% 8.84880e-08 8.67536e-04 7.31220e-08 8.67698e-04   8 /ChipTop/system/tile_prci_domain/tile_reset_domain_tile/gemmini/ex_controller/mesh/transposer/pes_13_2                                                        
     9     0.00% 8.84260e-08 8.67536e-04 7.31220e-08 8.67698e-04   8 /ChipTop/system/tile_prci_domain/tile_reset_domain_tile/gemmini/ex_controller/mesh/transposer/pes_14_2                                                        
     9     0.00% 8.83970e-08 8.67536e-04 7.31220e-08 8.67698e-04   8 /ChipTop/system/tile_prci_domain/tile_reset_domain_tile/gemmini/ex_controller/mesh/transposer/pes_10_14                                                       
     9     0.00% 8.83700e-08 8.67536e-04 7.31220e-08 8.67698e-04   8 /ChipTop/system/tile_prci_domain/tile_reset_domain_tile/gemmini/ex_controller/mesh/transposer/pes_14_1                                                        
     9     0.00% 8.83080e-08 8.67536e-04 7.31220e-08 8.67698e-04   8 /ChipTop/system/tile_prci_domain/tile_reset_domain_tile/gemmini/ex_controller/mesh/transposer/pes_1_4                                                         
     9     0.00% 8.82790e-08 8.67536e-04 7.31220e-08 8.67698e-04   8 /ChipTop/system/tile_prci_domain/tile_reset_domain_tile/gemmini/ex_controller/mesh/transposer/pes_12_10                                                       
     9     0.00% 8.82690e-08 8.67536e-04 7.31220e-08 8.67698e-04   8 /ChipTop/system/tile_prci_domain/tile_reset_domain_tile/gemmini/ex_controller/mesh/transposer/pes_14_6                                                        
     9     0.00% 8.82450e-08 8.67536e-04 7.31220e-08 8.67698e-04   8 /ChipTop/system/tile_prci_domain/tile_reset_domain_tile/gemmini/ex_controller/mesh/transposer/pes_5_11                                                        
     9     0.00% 8.82000e-08 8.67536e-04 7.31220e-08 8.67698e-04   8 /ChipTop/system/tile_prci_domain/tile_reset_domain_tile/gemmini/ex_controller/mesh/transposer/pes_11_14                                                       
     9     0.00% 8.81900e-08 8.67536e-04 7.31220e-08 8.67698e-04   8 /ChipTop/system/tile_prci_domain/tile_reset_domain_tile/gemmini/ex_controller/mesh/transposer/pes_3_3                                                         
     9     0.00% 8.81380e-08 8.67536e-04 7.31220e-08 8.67698e-04   8 /ChipTop/system/tile_prci_domain/tile_reset_domain_tile/gemmini/ex_controller/mesh/transposer/pes_9_11                                                        
     9     0.00% 8.81380e-08 8.67536e-04 7.31220e-08 8.67698e-04   8 /ChipTop/system/tile_prci_domain/tile_reset_domain_tile/gemmini/ex_controller/mesh/transposer/pes_12_3                                                        
     9     0.00% 8.80310e-08 8.67536e-04 7.31220e-08 8.67697e-04   8 /ChipTop/system/tile_prci_domain/tile_reset_domain_tile/gemmini/ex_controller/mesh/transposer/pes_9_3                                                         
     9     0.00% 8.80180e-08 8.67536e-04 7.31220e-08 8.67697e-04   8 /ChipTop/system/tile_prci_domain/tile_reset_domain_tile/gemmini/ex_controller/mesh/transposer/pes_3_9                                                         
     9     0.00% 8.80120e-08 8.67536e-04 7.31220e-08 8.67697e-04   8 /ChipTop/system/tile_prci_domain/tile_reset_domain_tile/gemmini/ex_controller/mesh/transposer/pes_8_10                                                        
     9     0.00% 8.79890e-08 8.67536e-04 7.31220e-08 8.67697e-04   8 /ChipTop/system/tile_prci_domain/tile_reset_domain_tile/gemmini/ex_controller/mesh/transposer/pes_5_12                                                        
     9     0.00% 8.79620e-08 8.67536e-04 7.31220e-08 8.67697e-04   8 /ChipTop/system/tile_prci_domain/tile_reset_domain_tile/gemmini/ex_controller/mesh/transposer/pes_7_7                                                         
     9     0.00% 8.79500e-08 8.67536e-04 7.31220e-08 8.67697e-04   8 /ChipTop/system/tile_prci_domain/tile_reset_domain_tile/gemmini/ex_controller/mesh/transposer/pes_3_14                                                        
     9     0.00% 8.79500e-08 8.67536e-04 7.31220e-08 8.67697e-04   8 /ChipTop/system/tile_prci_domain/tile_reset_domain_tile/gemmini/ex_controller/mesh/transposer/pes_7_11                                                        
     9     0.00% 8.79500e-08 8.67536e-04 7.31220e-08 8.67697e-04   8 /ChipTop/system/tile_prci_domain/tile_reset_domain_tile/gemmini/ex_controller/mesh/transposer/pes_9_7                                                         
     9     0.00% 8.79400e-08 8.67536e-04 7.31220e-08 8.67697e-04   8 /ChipTop/system/tile_prci_domain/tile_reset_domain_tile/gemmini/ex_controller/mesh/transposer/pes_4_14                                                        
     9     0.00% 8.79400e-08 8.67536e-04 7.31220e-08 8.67697e-04   8 /ChipTop/system/tile_prci_domain/tile_reset_domain_tile/gemmini/ex_controller/mesh/transposer/pes_12_14                                                       
     9     0.00% 8.78590e-08 8.67536e-04 7.31220e-08 8.67697e-04   8 /ChipTop/system/tile_prci_domain/tile_reset_domain_tile/gemmini/ex_controller/mesh/transposer/pes_9_14                                                        
     9     0.00% 8.79000e-08 8.67536e-04 7.31220e-08 8.67697e-04   8 /ChipTop/system/tile_prci_domain/tile_reset_domain_tile/gemmini/ex_controller/mesh/transposer/pes_8_12                                                        
     9     0.00% 8.78610e-08 8.67536e-04 7.31220e-08 8.67697e-04   8 /ChipTop/system/tile_prci_domain/tile_reset_domain_tile/gemmini/ex_controller/mesh/transposer/pes_7_4                                                         
     9     0.00% 8.78500e-08 8.67536e-04 7.31220e-08 8.67697e-04   8 /ChipTop/system/tile_prci_domain/tile_reset_domain_tile/gemmini/ex_controller/mesh/transposer/pes_13_12                                                       
     9     0.00% 8.77810e-08 8.67536e-04 7.31220e-08 8.67697e-04   8 /ChipTop/system/tile_prci_domain/tile_reset_domain_tile/gemmini/ex_controller/mesh/transposer/pes_1_6                                                         
     9     0.00% 8.77810e-08 8.67536e-04 7.31220e-08 8.67697e-04   8 /ChipTop/system/tile_prci_domain/tile_reset_domain_tile/gemmini/ex_controller/mesh/transposer/pes_1_9                                                         
     9     0.00% 8.77430e-08 8.67536e-04 7.31220e-08 8.67697e-04   8 /ChipTop/system/tile_prci_domain/tile_reset_domain_tile/gemmini/ex_controller/mesh/transposer/pes_8_5                                                         
     9     0.00% 8.77410e-08 8.67536e-04 7.31220e-08 8.67697e-04   8 /ChipTop/system/tile_prci_domain/tile_reset_domain_tile/gemmini/ex_controller/mesh/transposer/pes_13_11                                                       
     9     0.00% 8.77310e-08 8.67536e-04 7.31220e-08 8.67697e-04   8 /ChipTop/system/tile_prci_domain/tile_reset_domain_tile/gemmini/ex_controller/mesh/transposer/pes_3_11                                                        
     9     0.00% 8.77310e-08 8.67536e-04 7.31220e-08 8.67697e-04   8 /ChipTop/system/tile_prci_domain/tile_reset_domain_tile/gemmini/ex_controller/mesh/transposer/pes_3_13                                                        
     9     0.00% 8.77020e-08 8.67536e-04 7.31220e-08 8.67697e-04   8 /ChipTop/system/tile_prci_domain/tile_reset_domain_tile/gemmini/ex_controller/mesh/transposer/pes_4_12                                                        
     9     0.00% 8.76400e-08 8.67536e-04 7.31220e-08 8.67697e-04   8 /ChipTop/system/tile_prci_domain/tile_reset_domain_tile/gemmini/ex_controller/mesh/transposer/pes_7_2                                                         
     9     0.00% 8.75840e-08 8.67536e-04 7.31220e-08 8.67697e-04   8 /ChipTop/system/tile_prci_domain/tile_reset_domain_tile/gemmini/ex_controller/mesh/transposer/pes_10_6                                                        
     9     0.00% 8.75590e-08 8.67536e-04 7.31220e-08 8.67697e-04   8 /ChipTop/system/tile_prci_domain/tile_reset_domain_tile/gemmini/ex_controller/mesh/transposer/pes_1_10                                                        
     9     0.00% 8.74800e-08 8.67536e-04 7.31220e-08 8.67697e-04   8 /ChipTop/system/tile_prci_domain/tile_reset_domain_tile/gemmini/ex_controller/mesh/transposer/pes_4_11                                                        
     9     0.00% 8.74590e-08 8.67536e-04 7.31220e-08 8.67697e-04   8 /ChipTop/system/tile_prci_domain/tile_reset_domain_tile/gemmini/ex_controller/mesh/transposer/pes_3_8                                                         
     9     0.00% 8.74040e-08 8.67536e-04 7.31220e-08 8.67697e-04   8 /ChipTop/system/tile_prci_domain/tile_reset_domain_tile/gemmini/ex_controller/mesh/transposer/pes_7_8                                                         
     9     0.00% 8.73930e-08 8.67536e-04 7.31220e-08 8.67697e-04   8 /ChipTop/system/tile_prci_domain/tile_reset_domain_tile/gemmini/ex_controller/mesh/transposer/pes_11_12                                                       
     9     0.00% 8.73730e-08 8.67536e-04 7.31220e-08 8.67697e-04   8 /ChipTop/system/tile_prci_domain/tile_reset_domain_tile/gemmini/ex_controller/mesh/transposer/pes_14_12                                                       
     9     0.00% 8.73520e-08 8.67536e-04 7.31220e-08 8.67697e-04   8 /ChipTop/system/tile_prci_domain/tile_reset_domain_tile/gemmini/ex_controller/mesh/transposer/pes_9_8                                                         
     9     0.00% 8.73460e-08 8.67536e-04 7.31220e-08 8.67697e-04   8 /ChipTop/system/tile_prci_domain/tile_reset_domain_tile/gemmini/ex_controller/mesh/transposer/pes_12_12                                                       
     9     0.00% 8.73410e-08 8.67536e-04 7.31220e-08 8.67697e-04   8 /ChipTop/system/tile_prci_domain/tile_reset_domain_tile/gemmini/ex_controller/mesh/transposer/pes_11_4                                                        
     9     0.00% 8.73230e-08 8.67536e-04 7.31220e-08 8.67697e-04   8 /ChipTop/system/tile_prci_domain/tile_reset_domain_tile/gemmini/ex_controller/mesh/transposer/pes_3_6                                                         
     9     0.00% 8.73230e-08 8.67536e-04 7.31220e-08 8.67697e-04   8 /ChipTop/system/tile_prci_domain/tile_reset_domain_tile/gemmini/ex_controller/mesh/transposer/pes_5_14                                                        
     9     0.00% 8.73110e-08 8.67536e-04 7.31220e-08 8.67697e-04   8 /ChipTop/system/tile_prci_domain/tile_reset_domain_tile/gemmini/ex_controller/mesh/transposer/pes_6_10                                                        
     9     0.00% 8.72840e-08 8.67536e-04 7.31220e-08 8.67697e-04   8 /ChipTop/system/tile_prci_domain/tile_reset_domain_tile/gemmini/ex_controller/mesh/transposer/pes_2_4                                                         
     9     0.00% 8.72840e-08 8.67536e-04 7.31220e-08 8.67697e-04   8 /ChipTop/system/tile_prci_domain/tile_reset_domain_tile/gemmini/ex_controller/mesh/transposer/pes_11_9                                                        
     9     0.00% 8.72450e-08 8.67536e-04 7.31220e-08 8.67697e-04   8 /ChipTop/system/tile_prci_domain/tile_reset_domain_tile/gemmini/ex_controller/mesh/transposer/pes_5_7                                                         
     9     0.00% 8.72450e-08 8.67536e-04 7.31220e-08 8.67697e-04   8 /ChipTop/system/tile_prci_domain/tile_reset_domain_tile/gemmini/ex_controller/mesh/transposer/pes_10_5                                                        
     9     0.00% 8.72220e-08 8.67536e-04 7.31220e-08 8.67697e-04   8 /ChipTop/system/tile_prci_domain/tile_reset_domain_tile/gemmini/ex_controller/mesh/transposer/pes_11_2                                                        
     9     0.00% 8.71830e-08 8.67536e-04 7.31220e-08 8.67697e-04   8 /ChipTop/system/tile_prci_domain/tile_reset_domain_tile/gemmini/ex_controller/mesh/transposer/pes_12_11                                                       
     9     0.00% 8.71760e-08 8.67536e-04 7.31220e-08 8.67697e-04   8 /ChipTop/system/tile_prci_domain/tile_reset_domain_tile/gemmini/ex_controller/mesh/transposer/pes_6_4                                                         
     9     0.00% 8.71020e-08 8.67536e-04 7.31220e-08 8.67697e-04   8 /ChipTop/system/tile_prci_domain/tile_reset_domain_tile/gemmini/ex_controller/mesh/transposer/pes_1_1                                                         
     9     0.00% 8.71660e-08 8.67536e-04 7.31220e-08 8.67697e-04   8 /ChipTop/system/tile_prci_domain/tile_reset_domain_tile/gemmini/ex_controller/mesh/transposer/pes_7_6                                                         
     9     0.00% 8.71430e-08 8.67536e-04 7.31220e-08 8.67697e-04   8 /ChipTop/system/tile_prci_domain/tile_reset_domain_tile/gemmini/ex_controller/mesh/transposer/pes_10_8                                                        
     9     0.00% 8.71350e-08 8.67536e-04 7.31220e-08 8.67697e-04   8 /ChipTop/system/tile_prci_domain/tile_reset_domain_tile/gemmini/ex_controller/mesh/transposer/pes_10_4                                                        
     9     0.00% 8.71320e-08 8.67536e-04 7.31220e-08 8.67697e-04   8 /ChipTop/system/tile_prci_domain/tile_reset_domain_tile/gemmini/ex_controller/mesh/transposer/pes_6_5                                                         
     9     0.00% 8.70850e-08 8.67536e-04 7.31220e-08 8.67696e-04   8 /ChipTop/system/tile_prci_domain/tile_reset_domain_tile/gemmini/ex_controller/mesh/transposer/pes_1_2                                                         
     9     0.00% 8.69730e-08 8.67536e-04 7.31220e-08 8.67696e-04   8 /ChipTop/system/tile_prci_domain/tile_reset_domain_tile/gemmini/ex_controller/mesh/transposer/pes_5_10                                                        
     9     0.00% 8.70250e-08 8.67536e-04 7.31220e-08 8.67696e-04   8 /ChipTop/system/tile_prci_domain/tile_reset_domain_tile/gemmini/ex_controller/mesh/transposer/pes_7_1                                                         
     9     0.00% 8.70070e-08 8.67536e-04 7.31220e-08 8.67696e-04   8 /ChipTop/system/tile_prci_domain/tile_reset_domain_tile/gemmini/ex_controller/mesh/transposer/pes_1_11                                                        
     9     0.00% 8.69960e-08 8.67536e-04 7.31220e-08 8.67696e-04   8 /ChipTop/system/tile_prci_domain/tile_reset_domain_tile/gemmini/ex_controller/mesh/transposer/pes_6_11                                                        
     9     0.00% 8.69570e-08 8.67536e-04 7.31220e-08 8.67696e-04   8 /ChipTop/system/tile_prci_domain/tile_reset_domain_tile/gemmini/ex_controller/mesh/transposer/pes_7_12                                                        
     9     0.00% 8.69570e-08 8.67536e-04 7.31220e-08 8.67696e-04   8 /ChipTop/system/tile_prci_domain/tile_reset_domain_tile/gemmini/ex_controller/mesh/transposer/pes_9_5                                                         
     9     0.00% 8.69450e-08 8.67536e-04 7.31220e-08 8.67696e-04   8 /ChipTop/system/tile_prci_domain/tile_reset_domain_tile/gemmini/ex_controller/mesh/transposer/pes_12_6                                                        
     9     0.00% 8.69320e-08 8.67536e-04 7.31220e-08 8.67696e-04   8 /ChipTop/system/tile_prci_domain/tile_reset_domain_tile/gemmini/ex_controller/mesh/transposer/pes_8_9                                                         
     9     0.00% 8.69280e-08 8.67536e-04 7.31220e-08 8.67696e-04   8 /ChipTop/system/tile_prci_domain/tile_reset_domain_tile/gemmini/ex_controller/mesh/transposer/pes_14_14                                                       
     9     0.00% 8.69050e-08 8.67536e-04 7.31220e-08 8.67696e-04   8 /ChipTop/system/tile_prci_domain/tile_reset_domain_tile/gemmini/ex_controller/mesh/transposer/pes_14_3                                                        
     9     0.00% 8.68660e-08 8.67536e-04 7.31220e-08 8.67696e-04   8 /ChipTop/system/tile_prci_domain/tile_reset_domain_tile/gemmini/ex_controller/mesh/transposer/pes_2_8                                                         
     9     0.00% 8.68660e-08 8.67536e-04 7.31220e-08 8.67696e-04   8 /ChipTop/system/tile_prci_domain/tile_reset_domain_tile/gemmini/ex_controller/mesh/transposer/pes_6_7                                                         
     9     0.00% 8.68560e-08 8.67536e-04 7.31220e-08 8.67696e-04   8 /ChipTop/system/tile_prci_domain/tile_reset_domain_tile/gemmini/ex_controller/mesh/transposer/pes_11_1                                                        
     9     0.00% 8.68160e-08 8.67536e-04 7.31220e-08 8.67696e-04   8 /ChipTop/system/tile_prci_domain/tile_reset_domain_tile/gemmini/ex_controller/mesh/transposer/pes_8_4                                                         
     9     0.00% 8.68140e-08 8.67536e-04 7.31220e-08 8.67696e-04   8 /ChipTop/system/tile_prci_domain/tile_reset_domain_tile/gemmini/ex_controller/mesh/transposer/pes_4_8                                                         
     9     0.00% 8.67980e-08 8.67536e-04 7.31220e-08 8.67696e-04   8 /ChipTop/system/tile_prci_domain/tile_reset_domain_tile/gemmini/ex_controller/mesh/transposer/pes_11_11                                                       
     9     0.00% 8.67870e-08 8.67536e-04 7.31220e-08 8.67696e-04   8 /ChipTop/system/tile_prci_domain/tile_reset_domain_tile/gemmini/ex_controller/mesh/transposer/pes_6_14                                                        
     9     0.00% 8.67870e-08 8.67536e-04 7.31220e-08 8.67696e-04   8 /ChipTop/system/tile_prci_domain/tile_reset_domain_tile/gemmini/ex_controller/mesh/transposer/pes_7_13                                                        
     9     0.00% 8.67750e-08 8.67536e-04 7.31220e-08 8.67696e-04   8 /ChipTop/system/tile_prci_domain/tile_reset_domain_tile/gemmini/ex_controller/mesh/transposer/pes_8_8                                                         
     9     0.00% 8.67360e-08 8.67536e-04 7.31220e-08 8.67696e-04   8 /ChipTop/system/tile_prci_domain/tile_reset_domain_tile/gemmini/ex_controller/mesh/transposer/pes_1_7                                                         
     9     0.00% 8.67090e-08 8.67536e-04 7.31220e-08 8.67696e-04   8 /ChipTop/system/tile_prci_domain/tile_reset_domain_tile/gemmini/ex_controller/mesh/transposer/pes_6_2                                                         
     9     0.00% 8.67070e-08 8.67536e-04 7.31220e-08 8.67696e-04   8 /ChipTop/system/tile_prci_domain/tile_reset_domain_tile/gemmini/ex_controller/mesh/transposer/pes_2_7                                                         
     9     0.00% 8.66960e-08 8.67536e-04 7.31220e-08 8.67696e-04   8 /ChipTop/system/tile_prci_domain/tile_reset_domain_tile/gemmini/ex_controller/mesh/transposer/pes_8_11                                                        
     9     0.00% 8.66840e-08 8.67536e-04 7.31220e-08 8.67696e-04   8 /ChipTop/system/tile_prci_domain/tile_reset_domain_tile/gemmini/ex_controller/mesh/transposer/pes_4_7                                                         
     9     0.00% 8.66570e-08 8.67536e-04 7.31220e-08 8.67696e-04   8 /ChipTop/system/tile_prci_domain/tile_reset_domain_tile/gemmini/ex_controller/mesh/transposer/pes_4_13                                                        
     9     0.00% 8.66570e-08 8.67536e-04 7.31220e-08 8.67696e-04   8 /ChipTop/system/tile_prci_domain/tile_reset_domain_tile/gemmini/ex_controller/mesh/transposer/pes_5_4                                                         
     9     0.00% 8.66370e-08 8.67536e-04 7.31220e-08 8.67696e-04   8 /ChipTop/system/tile_prci_domain/tile_reset_domain_tile/gemmini/ex_controller/mesh/transposer/pes_2_3                                                         
     9     0.00% 8.66300e-08 8.67536e-04 7.31220e-08 8.67696e-04   8 /ChipTop/system/tile_prci_domain/tile_reset_domain_tile/gemmini/ex_controller/mesh/transposer/pes_6_13                                                        
     9     0.00% 8.66180e-08 8.67536e-04 7.31220e-08 8.67696e-04   8 /ChipTop/system/tile_prci_domain/tile_reset_domain_tile/gemmini/ex_controller/mesh/transposer/pes_5_3                                                         
     9     0.00% 8.66180e-08 8.67536e-04 7.31220e-08 8.67696e-04   8 /ChipTop/system/tile_prci_domain/tile_reset_domain_tile/gemmini/ex_controller/mesh/transposer/pes_13_5                                                        
     9     0.00% 8.66160e-08 8.67536e-04 7.31220e-08 8.67696e-04   8 /ChipTop/system/tile_prci_domain/tile_reset_domain_tile/gemmini/ex_controller/mesh/transposer/pes_2_13                                                        
     9     0.00% 8.66280e-08 8.67536e-04 7.31220e-08 8.67696e-04   8 /ChipTop/system/tile_prci_domain/tile_reset_domain_tile/gemmini/ex_controller/mesh/transposer/pes_7_5                                                         
     9     0.00% 8.65500e-08 8.67536e-04 7.31220e-08 8.67696e-04   8 /ChipTop/system/tile_prci_domain/tile_reset_domain_tile/gemmini/ex_controller/mesh/transposer/pes_5_9                                                         
     9     0.00% 8.65680e-08 8.67536e-04 7.31220e-08 8.67696e-04   8 /ChipTop/system/tile_prci_domain/tile_reset_domain_tile/gemmini/ex_controller/mesh/transposer/pes_8_7                                                         
     9     0.00% 8.65680e-08 8.67536e-04 7.31220e-08 8.67696e-04   8 /ChipTop/system/tile_prci_domain/tile_reset_domain_tile/gemmini/ex_controller/mesh/transposer/pes_14_4                                                        
     9     0.00% 8.65660e-08 8.67536e-04 7.31220e-08 8.67696e-04   8 /ChipTop/system/tile_prci_domain/tile_reset_domain_tile/gemmini/ex_controller/mesh/transposer/pes_3_10                                                        
     9     0.00% 8.65380e-08 8.67536e-04 7.31220e-08 8.67696e-04   8 /ChipTop/system/tile_prci_domain/tile_reset_domain_tile/gemmini/ex_controller/mesh/transposer/pes_1_14                                                        
     9     0.00% 8.65380e-08 8.67536e-04 7.31220e-08 8.67696e-04   8 /ChipTop/system/tile_prci_domain/tile_reset_domain_tile/gemmini/ex_controller/mesh/transposer/pes_14_7                                                        
     9     0.00% 8.65250e-08 8.67536e-04 7.31220e-08 8.67696e-04   8 /ChipTop/system/tile_prci_domain/tile_reset_domain_tile/gemmini/ex_controller/mesh/transposer/pes_11_8                                                        
     9     0.00% 8.64690e-08 8.67536e-04 7.31220e-08 8.67696e-04   8 /ChipTop/system/tile_prci_domain/tile_reset_domain_tile/gemmini/ex_controller/mesh/transposer/pes_12_2                                                        
     9     0.00% 8.64590e-08 8.67536e-04 7.31220e-08 8.67696e-04   8 /ChipTop/system/tile_prci_domain/tile_reset_domain_tile/gemmini/ex_controller/mesh/transposer/pes_4_10                                                        
     9     0.00% 8.64580e-08 8.67536e-04 7.31220e-08 8.67696e-04   8 /ChipTop/system/tile_prci_domain/tile_reset_domain_tile/gemmini/ex_controller/mesh/transposer/pes_10_1                                                        
     9     0.00% 8.64090e-08 8.67536e-04 7.31220e-08 8.67696e-04   8 /ChipTop/system/tile_prci_domain/tile_reset_domain_tile/gemmini/ex_controller/mesh/transposer/pes_11_6                                                        
     9     0.00% 8.64090e-08 8.67536e-04 7.31220e-08 8.67696e-04   8 /ChipTop/system/tile_prci_domain/tile_reset_domain_tile/gemmini/ex_controller/mesh/transposer/pes_14_9                                                        
     9     0.00% 8.64080e-08 8.67536e-04 7.31220e-08 8.67696e-04   8 /ChipTop/system/tile_prci_domain/tile_reset_domain_tile/gemmini/ex_controller/mesh/transposer/pes_8_6                                                         
     9     0.00% 8.63970e-08 8.67536e-04 7.31220e-08 8.67696e-04   8 /ChipTop/system/tile_prci_domain/tile_reset_domain_tile/gemmini/ex_controller/mesh/transposer/pes_1_13                                                        
     9     0.00% 8.63800e-08 8.67536e-04 7.31220e-08 8.67696e-04   8 /ChipTop/system/tile_prci_domain/tile_reset_domain_tile/gemmini/ex_controller/mesh/transposer/pes_2_9                                                         
     9     0.00% 8.63580e-08 8.67536e-04 7.31220e-08 8.67696e-04   8 /ChipTop/system/tile_prci_domain/tile_reset_domain_tile/gemmini/ex_controller/mesh/transposer/pes_3_2                                                         
     9     0.00% 8.62890e-08 8.67536e-04 7.31220e-08 8.67696e-04   8 /ChipTop/system/tile_prci_domain/tile_reset_domain_tile/gemmini/ex_controller/mesh/transposer/pes_1_5                                                         
     9     0.00% 8.63310e-08 8.67536e-04 7.31220e-08 8.67696e-04   8 /ChipTop/system/tile_prci_domain/tile_reset_domain_tile/gemmini/ex_controller/mesh/transposer/pes_6_3                                                         
     9     0.00% 8.63300e-08 8.67536e-04 7.31220e-08 8.67696e-04   8 /ChipTop/system/tile_prci_domain/tile_reset_domain_tile/gemmini/ex_controller/mesh/transposer/pes_8_13                                                        
     9     0.00% 8.63180e-08 8.67536e-04 7.31220e-08 8.67696e-04   8 /ChipTop/system/tile_prci_domain/tile_reset_domain_tile/gemmini/ex_controller/mesh/transposer/pes_6_9                                                         
     9     0.00% 8.63180e-08 8.67536e-04 7.31220e-08 8.67696e-04   8 /ChipTop/system/tile_prci_domain/tile_reset_domain_tile/gemmini/ex_controller/mesh/transposer/pes_8_1                                                         
     9     0.00% 8.63180e-08 8.67536e-04 7.31220e-08 8.67696e-04   8 /ChipTop/system/tile_prci_domain/tile_reset_domain_tile/gemmini/ex_controller/mesh/transposer/pes_9_13                                                        
     9     0.00% 8.63020e-08 8.67536e-04 7.31220e-08 8.67696e-04   8 /ChipTop/system/tile_prci_domain/tile_reset_domain_tile/gemmini/ex_controller/mesh/transposer/pes_12_8                                                        
     9     0.00% 8.62890e-08 8.67536e-04 7.31220e-08 8.67696e-04   8 /ChipTop/system/tile_prci_domain/tile_reset_domain_tile/gemmini/ex_controller/mesh/transposer/pes_1_12                                                        
     9     0.00% 8.62680e-08 8.67536e-04 7.31220e-08 8.67696e-04   8 /ChipTop/system/tile_prci_domain/tile_reset_domain_tile/gemmini/ex_controller/mesh/transposer/pes_10_2                                                        
     9     0.00% 8.62270e-08 8.67536e-04 7.31220e-08 8.67696e-04   8 /ChipTop/system/tile_prci_domain/tile_reset_domain_tile/gemmini/ex_controller/mesh/transposer/pes_11_7                                                        
     9     0.00% 8.62210e-08 8.67536e-04 7.31220e-08 8.67696e-04   8 /ChipTop/system/tile_prci_domain/tile_reset_domain_tile/gemmini/ex_controller/mesh/transposer/pes_5_6                                                         
     9     0.00% 8.62110e-08 8.67536e-04 7.31220e-08 8.67696e-04   8 /ChipTop/system/tile_prci_domain/tile_reset_domain_tile/gemmini/ex_controller/mesh/transposer/pes_13_10                                                       
     9     0.00% 8.62000e-08 8.67536e-04 7.31220e-08 8.67696e-04   8 /ChipTop/system/tile_prci_domain/tile_reset_domain_tile/gemmini/ex_controller/mesh/transposer/pes_13_3                                                        
     9     0.00% 8.61710e-08 8.67536e-04 7.31220e-08 8.67696e-04   8 /ChipTop/system/tile_prci_domain/tile_reset_domain_tile/gemmini/ex_controller/mesh/transposer/pes_3_4                                                         
     9     0.00% 8.61600e-08 8.67536e-04 7.31220e-08 8.67696e-04   8 /ChipTop/system/tile_prci_domain/tile_reset_domain_tile/gemmini/ex_controller/mesh/transposer/pes_4_5                                                         
     9     0.00% 8.61420e-08 8.67536e-04 7.31220e-08 8.67696e-04   8 /ChipTop/system/tile_prci_domain/tile_reset_domain_tile/gemmini/ex_controller/mesh/transposer/pes_10_13                                                       
     9     0.00% 8.61300e-08 8.67536e-04 7.31220e-08 8.67696e-04   8 /ChipTop/system/tile_prci_domain/tile_reset_domain_tile/gemmini/ex_controller/mesh/transposer/pes_10_12                                                       
     9     0.00% 8.61090e-08 8.67536e-04 7.31220e-08 8.67695e-04   8 /ChipTop/system/tile_prci_domain/tile_reset_domain_tile/gemmini/ex_controller/mesh/transposer/pes_13_7                                                        
     9     0.00% 8.60930e-08 8.67536e-04 7.31220e-08 8.67695e-04   8 /ChipTop/system/tile_prci_domain/tile_reset_domain_tile/gemmini/ex_controller/mesh/transposer/pes_2_14                                                        
     9     0.00% 8.60930e-08 8.67536e-04 7.31220e-08 8.67695e-04   8 /ChipTop/system/tile_prci_domain/tile_reset_domain_tile/gemmini/ex_controller/mesh/transposer/pes_7_9                                                         
     9     0.00% 8.60800e-08 8.67536e-04 7.31220e-08 8.67695e-04   8 /ChipTop/system/tile_prci_domain/tile_reset_domain_tile/gemmini/ex_controller/mesh/transposer/pes_3_12                                                        
     9     0.00% 8.60800e-08 8.67536e-04 7.31220e-08 8.67695e-04   8 /ChipTop/system/tile_prci_domain/tile_reset_domain_tile/gemmini/ex_controller/mesh/transposer/pes_12_9                                                        
     9     0.00% 8.60800e-08 8.67536e-04 7.31220e-08 8.67695e-04   8 /ChipTop/system/tile_prci_domain/tile_reset_domain_tile/gemmini/ex_controller/mesh/transposer/pes_14_13                                                       
     9     0.00% 8.60700e-08 8.67536e-04 7.31220e-08 8.67695e-04   8 /ChipTop/system/tile_prci_domain/tile_reset_domain_tile/gemmini/ex_controller/mesh/transposer/pes_2_12                                                        
     9     0.00% 8.60190e-08 8.67536e-04 7.31220e-08 8.67695e-04   8 /ChipTop/system/tile_prci_domain/tile_reset_domain_tile/gemmini/ex_controller/mesh/transposer/pes_9_10                                                        
     9     0.00% 8.60010e-08 8.67536e-04 7.31220e-08 8.67695e-04   8 /ChipTop/system/tile_prci_domain/tile_reset_domain_tile/gemmini/ex_controller/mesh/transposer/pes_9_2                                                         
     9     0.00% 8.59890e-08 8.67536e-04 7.31220e-08 8.67695e-04   8 /ChipTop/system/tile_prci_domain/tile_reset_domain_tile/gemmini/ex_controller/mesh/transposer/pes_5_8                                                         
     9     0.00% 8.58730e-08 8.67536e-04 7.31220e-08 8.67695e-04   8 /ChipTop/system/tile_prci_domain/tile_reset_domain_tile/gemmini/ex_controller/mesh/transposer/pes_8_14                                                        
     9     0.00% 8.58440e-08 8.67536e-04 7.31220e-08 8.67695e-04   8 /ChipTop/system/tile_prci_domain/tile_reset_domain_tile/gemmini/ex_controller/mesh/transposer/pes_7_14                                                        
     9     0.00% 8.58310e-08 8.67536e-04 7.31220e-08 8.67695e-04   8 /ChipTop/system/tile_prci_domain/tile_reset_domain_tile/gemmini/ex_controller/mesh/transposer/pes_13_4                                                        
     9     0.00% 8.58110e-08 8.67536e-04 7.31220e-08 8.67695e-04   8 /ChipTop/system/tile_prci_domain/tile_reset_domain_tile/gemmini/ex_controller/mesh/transposer/pes_1_3                                                         
     9     0.00% 8.57530e-08 8.67536e-04 7.31220e-08 8.67695e-04   8 /ChipTop/system/tile_prci_domain/tile_reset_domain_tile/gemmini/ex_controller/mesh/transposer/pes_2_5                                                         
     9     0.00% 8.57980e-08 8.67536e-04 7.31220e-08 8.67695e-04   8 /ChipTop/system/tile_prci_domain/tile_reset_domain_tile/gemmini/ex_controller/mesh/transposer/pes_4_6                                                         
     9     0.00% 8.57920e-08 8.67536e-04 7.31220e-08 8.67695e-04   8 /ChipTop/system/tile_prci_domain/tile_reset_domain_tile/gemmini/ex_controller/mesh/transposer/pes_8_2                                                         
     9     0.00% 8.57130e-08 8.67536e-04 7.31220e-08 8.67695e-04   8 /ChipTop/system/tile_prci_domain/tile_reset_domain_tile/gemmini/ex_controller/mesh/transposer/pes_9_9                                                         
     9     0.00% 8.56910e-08 8.67536e-04 7.31220e-08 8.67695e-04   8 /ChipTop/system/tile_prci_domain/tile_reset_domain_tile/gemmini/ex_controller/mesh/transposer/pes_9_6                                                         
     9     0.00% 8.56740e-08 8.67536e-04 7.31220e-08 8.67695e-04   8 /ChipTop/system/tile_prci_domain/tile_reset_domain_tile/gemmini/ex_controller/mesh/transposer/pes_12_13                                                       
     9     0.00% 8.56510e-08 8.67536e-04 7.31220e-08 8.67695e-04   8 /ChipTop/system/tile_prci_domain/tile_reset_domain_tile/gemmini/ex_controller/mesh/transposer/pes_4_4                                                         
     9     0.00% 8.55840e-08 8.67536e-04 7.31220e-08 8.67695e-04   8 /ChipTop/system/tile_prci_domain/tile_reset_domain_tile/gemmini/ex_controller/mesh/transposer/pes_11_10                                                       
     9     0.00% 8.56060e-08 8.67536e-04 7.31220e-08 8.67695e-04   8 /ChipTop/system/tile_prci_domain/tile_reset_domain_tile/gemmini/ex_controller/mesh/transposer/pes_14_5                                                        
     9     0.00% 8.55440e-08 8.67536e-04 7.31220e-08 8.67695e-04   8 /ChipTop/system/tile_prci_domain/tile_reset_domain_tile/gemmini/ex_controller/mesh/transposer/pes_13_1                                                        
     9     0.00% 8.55150e-08 8.67536e-04 7.31220e-08 8.67695e-04   8 /ChipTop/system/tile_prci_domain/tile_reset_domain_tile/gemmini/ex_controller/mesh/transposer/pes_6_1                                                         
     9     0.00% 8.54820e-08 8.67536e-04 7.31220e-08 8.67695e-04   8 /ChipTop/system/tile_prci_domain/tile_reset_domain_tile/gemmini/ex_controller/mesh/transposer/pes_9_12                                                        
     9     0.00% 8.54540e-08 8.67536e-04 7.31220e-08 8.67695e-04   8 /ChipTop/system/tile_prci_domain/tile_reset_domain_tile/gemmini/ex_controller/mesh/transposer/pes_10_11                                                       
     9     0.00% 8.54530e-08 8.67536e-04 7.31220e-08 8.67695e-04   8 /ChipTop/system/tile_prci_domain/tile_reset_domain_tile/gemmini/ex_controller/mesh/transposer/pes_3_7                                                         
     9     0.00% 8.54530e-08 8.67536e-04 7.31220e-08 8.67695e-04   8 /ChipTop/system/tile_prci_domain/tile_reset_domain_tile/gemmini/ex_controller/mesh/transposer/pes_4_2                                                         
     9     0.00% 8.54470e-08 8.67536e-04 7.31220e-08 8.67695e-04   8 /ChipTop/system/tile_prci_domain/tile_reset_domain_tile/gemmini/ex_controller/mesh/transposer/pes_7_3                                                         
     9     0.00% 8.54240e-08 8.67536e-04 7.31220e-08 8.67695e-04   8 /ChipTop/system/tile_prci_domain/tile_reset_domain_tile/gemmini/ex_controller/mesh/transposer/pes_6_8                                                         
     9     0.00% 8.53460e-08 8.67536e-04 7.31220e-08 8.67695e-04   8 /ChipTop/system/tile_prci_domain/tile_reset_domain_tile/gemmini/ex_controller/mesh/transposer/pes_12_5                                                        
     9     0.00% 8.53350e-08 8.67536e-04 7.31220e-08 8.67695e-04   8 /ChipTop/system/tile_prci_domain/tile_reset_domain_tile/gemmini/ex_controller/mesh/transposer/pes_2_1                                                         
     9     0.00% 8.53340e-08 8.67536e-04 7.31220e-08 8.67695e-04   8 /ChipTop/system/tile_prci_domain/tile_reset_domain_tile/gemmini/ex_controller/mesh/transposer/pes_12_1                                                        
     9     0.00% 8.53230e-08 8.67536e-04 7.31220e-08 8.67695e-04   8 /ChipTop/system/tile_prci_domain/tile_reset_domain_tile/gemmini/ex_controller/mesh/transposer/pes_4_1                                                         
     9     0.00% 8.52940e-08 8.67536e-04 7.31220e-08 8.67695e-04   8 /ChipTop/system/tile_prci_domain/tile_reset_domain_tile/gemmini/ex_controller/mesh/transposer/pes_5_1                                                         
     9     0.00% 8.52830e-08 8.67536e-04 7.31220e-08 8.67695e-04   8 /ChipTop/system/tile_prci_domain/tile_reset_domain_tile/gemmini/ex_controller/mesh/transposer/pes_6_6                                                         
     9     0.00% 8.52560e-08 8.67536e-04 7.31220e-08 8.67695e-04   8 /ChipTop/system/tile_prci_domain/tile_reset_domain_tile/gemmini/ex_controller/mesh/transposer/pes_13_14                                                       
     9     0.00% 8.51660e-08 8.67536e-04 7.31220e-08 8.67695e-04   8 /ChipTop/system/tile_prci_domain/tile_reset_domain_tile/gemmini/ex_controller/mesh/transposer/pes_9_4                                                         
     9     0.00% 8.51530e-08 8.67536e-04 7.31220e-08 8.67695e-04   8 /ChipTop/system/tile_prci_domain/tile_reset_domain_tile/gemmini/ex_controller/mesh/transposer/pes_12_7                                                        
     9     0.00% 8.50580e-08 8.67536e-04 7.31220e-08 8.67694e-04   8 /ChipTop/system/tile_prci_domain/tile_reset_domain_tile/gemmini/ex_controller/mesh/transposer/pes_5_2                                                         
     9     0.00% 8.50170e-08 8.67536e-04 7.31220e-08 8.67694e-04   8 /ChipTop/system/tile_prci_domain/tile_reset_domain_tile/gemmini/ex_controller/mesh/transposer/pes_13_6                                                        
     9     0.00% 8.49670e-08 8.67536e-04 7.31220e-08 8.67694e-04   8 /ChipTop/system/tile_prci_domain/tile_reset_domain_tile/gemmini/ex_controller/mesh/transposer/pes_12_4                                                        
     9     0.00% 8.49170e-08 8.67536e-04 7.31220e-08 8.67694e-04   8 /ChipTop/system/tile_prci_domain/tile_reset_domain_tile/gemmini/ex_controller/mesh/transposer/pes_2_11                                                        
     9     0.00% 8.48370e-08 8.67536e-04 7.31220e-08 8.67694e-04   8 /ChipTop/system/tile_prci_domain/tile_reset_domain_tile/gemmini/ex_controller/mesh/transposer/pes_14_8                                                        
     9     0.00% 8.47700e-08 8.67536e-04 7.31220e-08 8.67694e-04   8 /ChipTop/system/tile_prci_domain/tile_reset_domain_tile/gemmini/ex_controller/mesh/transposer/pes_11_3                                                        
     9     0.00% 8.46970e-08 8.67536e-04 7.31220e-08 8.67694e-04   8 /ChipTop/system/tile_prci_domain/tile_reset_domain_tile/gemmini/ex_controller/mesh/transposer/pes_6_12                                                        
     9     0.00% 8.46170e-08 8.67536e-04 7.31220e-08 8.67694e-04   8 /ChipTop/system/tile_prci_domain/tile_reset_domain_tile/gemmini/ex_controller/mesh/transposer/pes_2_10                                                        
     9     0.00% 8.45390e-08 8.67536e-04 7.31220e-08 8.67694e-04   8 /ChipTop/system/tile_prci_domain/tile_reset_domain_tile/gemmini/ex_controller/mesh/transposer/pes_13_8                                                        
     9     0.00% 8.42610e-08 8.67536e-04 7.31220e-08 8.67694e-04   8 /ChipTop/system/tile_prci_domain/tile_reset_domain_tile/gemmini/ex_controller/mesh/transposer/pes_11_13                                                       
     9     0.00% 8.39330e-08 8.67536e-04 7.31220e-08 8.67693e-04   8 /ChipTop/system/tile_prci_domain/tile_reset_domain_tile/gemmini/ex_controller/mesh/transposer/pes_14_11                                                       
     9     0.00% 8.39120e-08 8.67536e-04 7.31220e-08 8.67693e-04   8 /ChipTop/system/tile_prci_domain/tile_reset_domain_tile/gemmini/ex_controller/mesh/transposer/pes_10_9                                                        
     9     0.00% 8.38540e-08 8.67536e-04 7.31220e-08 8.67693e-04   8 /ChipTop/system/tile_prci_domain/tile_reset_domain_tile/gemmini/ex_controller/mesh/transposer/pes_3_5                                                         
     9     0.00% 8.37240e-08 8.67536e-04 7.31220e-08 8.67693e-04   8 /ChipTop/system/tile_prci_domain/tile_reset_domain_tile/gemmini/ex_controller/mesh/transposer/pes_9_1                                                         
     9     0.00% 8.35540e-08 8.67536e-04 7.31220e-08 8.67693e-04   8 /ChipTop/system/tile_prci_domain/tile_reset_domain_tile/gemmini/ex_controller/mesh/transposer/pes_4_3                                                         
   565     0.09% 3.36292e-06 1.70476e-02 2.18249e-03 1.92334e-02   7 /ChipTop/system/tile_prci_domain/tile_reset_domain_tile/gemmini/ex_controller/mesh/tagq                                                                       
   143     0.02% 7.04985e-07 9.16880e-03 4.59964e-04 9.62947e-03   7 /ChipTop/system/tile_prci_domain/tile_reset_domain_tile/gemmini/ex_controller/mesh/total_rows_q                                                               
   103     0.02% 5.60423e-07 5.65862e-03 1.97770e-04 5.85695e-03   8 /ChipTop/system/tile_prci_domain/tile_reset_domain_tile/gemmini/ex_controller/mesh/total_rows_q/ram_ext                                                       
   745     0.11% 4.60057e-06 1.53565e-01 4.92299e-02 2.02800e-01   6 /ChipTop/system/tile_prci_domain/tile_reset_domain_tile/gemmini/ex_controller/mesh_cntl_signals_q                                                             
   707     0.11% 4.45208e-06 1.39345e-01 4.12856e-02 1.80635e-01   7 /ChipTop/system/tile_prci_domain/tile_reset_domain_tile/gemmini/ex_controller/mesh_cntl_signals_q/ram_ext                                                     
  2724     0.41% 1.27634e-05 4.55107e-02 7.70403e-03 5.32275e-02   6 /ChipTop/system/tile_prci_domain/tile_reset_domain_tile/gemmini/ex_controller/cmd_q                                                                           
   684     0.10% 3.45494e-06 2.36683e-02 5.86567e-03 2.95374e-02   6 /ChipTop/system/tile_prci_domain/tile_reset_domain_tile/gemmini/ex_controller/unrolled_cmd_mod                                                                
   534     0.08% 2.95702e-06 1.92297e-02 5.00819e-03 2.42408e-02   7 /ChipTop/system/tile_prci_domain/tile_reset_domain_tile/gemmini/ex_controller/unrolled_cmd_mod/q                                                              
 20754     3.14% 8.43822e-05 1.11773e+00 1.21643e-01 1.23946e+00   5 /ChipTop/system/tile_prci_domain/tile_reset_domain_tile/gemmini/reservation_station                                                                           
 57066     8.62% 1.80353e-04 1.05813e+00 1.21506e-01 1.17982e+00   5 /ChipTop/system/tile_prci_domain/tile_reset_domain_tile/gemmini/mod                                                                                           
 11060     1.67% 3.49256e-05 3.16028e-01 4.03670e-02 3.56430e-01   6 /ChipTop/system/tile_prci_domain/tile_reset_domain_tile/gemmini/mod/st                                                                                        
   471     0.07% 3.88920e-06 3.05576e-01 4.03379e-02 3.45918e-01   7 /ChipTop/system/tile_prci_domain/tile_reset_domain_tile/gemmini/mod/st/command_p                                                                              
 15370     2.32% 4.51425e-05 1.67086e-01 1.96558e-02 1.86787e-01   6 /ChipTop/system/tile_prci_domain/tile_reset_domain_tile/gemmini/mod/ex                                                                                        
   235     0.04% 1.91739e-06 1.50222e-01 1.96243e-02 1.69849e-01   7 /ChipTop/system/tile_prci_domain/tile_reset_domain_tile/gemmini/mod/ex/command_p                                                                              
  7138     1.08% 2.34705e-05 1.66182e-01 2.01897e-02 1.86395e-01   6 /ChipTop/system/tile_prci_domain/tile_reset_domain_tile/gemmini/mod/ld_input                                                                                  
   241     0.04% 1.94025e-06 1.54057e-01 2.01696e-02 1.74229e-01   7 /ChipTop/system/tile_prci_domain/tile_reset_domain_tile/gemmini/mod/ld_input/command_p                                                                        
  9757     1.47% 2.89991e-05 1.59754e-01 1.85569e-02 1.78340e-01   6 /ChipTop/system/tile_prci_domain/tile_reset_domain_tile/gemmini/mod/ld_weights                                                                                
   231     0.03% 1.84066e-06 1.47633e-01 1.85339e-02 1.66169e-01   7 /ChipTop/system/tile_prci_domain/tile_reset_domain_tile/gemmini/mod/ld_weights/command_p                                                                      
  4438     0.67% 1.41455e-05 1.31201e-01 1.54607e-02 1.46676e-01   6 /ChipTop/system/tile_prci_domain/tile_reset_domain_tile/gemmini/mod/ld_bias                                                                                   
   189     0.03% 1.52352e-06 1.20821e-01 1.54443e-02 1.36267e-01   7 /ChipTop/system/tile_prci_domain/tile_reset_domain_tile/gemmini/mod/ld_bias/command_p                                                                         
   565     0.09% 3.46214e-06 3.02583e-02 6.75217e-03 3.70139e-02   6 /ChipTop/system/tile_prci_domain/tile_reset_domain_tile/gemmini/mod/cmd                                                                                       
   543     0.08% 3.39168e-06 2.43409e-02 5.73672e-03 3.00810e-02   7 /ChipTop/system/tile_prci_domain/tile_reset_domain_tile/gemmini/mod/cmd/ram_ext                                                                               
   336     0.05% 8.35254e-07 7.34352e-05 1.29025e-04 2.03295e-04   6 /ChipTop/system/tile_prci_domain/tile_reset_domain_tile/gemmini/mod/arb                                                                                       
  2841     0.43% 1.01887e-05 1.83929e-01 4.46310e-05 1.83983e-01   5 /ChipTop/system/tile_prci_domain/tile_reset_domain_tile/gemmini/tlb                                                                                           
  2351     0.36% 7.51902e-06 2.16070e-02 2.59641e-05 2.16405e-02   6 /ChipTop/system/tile_prci_domain/tile_reset_domain_tile/gemmini/tlb/tlbs_0                                                                                    
  2342     0.35% 7.49191e-06 2.03368e-02 2.57982e-05 2.03700e-02   7 /ChipTop/system/tile_prci_domain/tile_reset_domain_tile/gemmini/tlb/tlbs_0/tlb                                                                                
  1299     0.20% 2.51184e-06 1.46772e-05 1.66476e-05 3.38366e-05   8 /ChipTop/system/tile_prci_domain/tile_reset_domain_tile/gemmini/tlb/tlbs_0/tlb/pmp                                                                            
    48     0.01% 2.01141e-07 1.27087e-03 4.39263e-06 1.27547e-03   6 /ChipTop/system/tile_prci_domain/tile_reset_domain_tile/gemmini/tlb/tlbArbOpt                                                                                 
 15042     2.27% 5.28893e-05 1.48901e-01 9.49572e-03 1.58450e-01   5 /ChipTop/system/tile_prci_domain/tile_reset_domain_tile/gemmini/mod_1                                                                                         
   570     0.09% 3.48059e-06 3.28079e-02 6.68312e-03 3.94945e-02   6 /ChipTop/system/tile_prci_domain/tile_reset_domain_tile/gemmini/mod_1/cmd                                                                                     
   548     0.08% 3.40718e-06 2.68983e-02 5.62050e-03 3.25222e-02   7 /ChipTop/system/tile_prci_domain/tile_reset_domain_tile/gemmini/mod_1/cmd/ram_ext                                                                             
  3378     0.51% 1.04429e-05 1.03551e-02 8.00388e-06 1.03736e-02   6 /ChipTop/system/tile_prci_domain/tile_reset_domain_tile/gemmini/mod_1/stC                                                                                     
  2597     0.39% 7.23108e-06 7.75147e-03 4.80179e-06 7.76350e-03   6 /ChipTop/system/tile_prci_domain/tile_reset_domain_tile/gemmini/mod_1/ex                                                                                      
  1915     0.29% 5.93194e-06 6.48325e-03 6.48957e-06 6.49567e-03   6 /ChipTop/system/tile_prci_domain/tile_reset_domain_tile/gemmini/mod_1/ldD                                                                                     
  2272     0.34% 7.29319e-06 6.48168e-03 5.13549e-06 6.49411e-03   6 /ChipTop/system/tile_prci_domain/tile_reset_domain_tile/gemmini/mod_1/ldB                                                                                     
  2055     0.31% 6.23573e-06 6.48016e-03 3.60447e-06 6.49000e-03   6 /ChipTop/system/tile_prci_domain/tile_reset_domain_tile/gemmini/mod_1/ldA                                                                                     
   171     0.03% 5.16043e-07 6.16844e-05 1.15713e-04 1.77914e-04   6 /ChipTop/system/tile_prci_domain/tile_reset_domain_tile/gemmini/mod_1/arb                                                                                     
   131     0.02% 4.62157e-07 2.69095e-05 4.96862e-05 7.70579e-05   6 /ChipTop/system/tile_prci_domain/tile_reset_domain_tile/gemmini/mod_1/ldab_arb                                                                                
  3559     0.54% 1.75333e-05 5.78626e-02 6.16691e-04 5.84969e-02   5 /ChipTop/system/tile_prci_domain/tile_reset_domain_tile/gemmini/load_controller                                                                               
  2341     0.35% 1.30729e-05 3.77737e-02 2.82253e-05 3.78150e-02   6 /ChipTop/system/tile_prci_domain/tile_reset_domain_tile/gemmini/load_controller/cmd                                                                           
  2304     0.35% 1.29193e-05 3.47607e-02 2.60723e-05 3.47997e-02   7 /ChipTop/system/tile_prci_domain/tile_reset_domain_tile/gemmini/load_controller/cmd/ram_ext                                                                   
   109     0.02% 4.89631e-07 6.03970e-03 1.06012e-05 6.05079e-03   6 /ChipTop/system/tile_prci_domain/tile_reset_domain_tile/gemmini/load_controller/cmd_tracker                                                                   
  5431     0.82% 2.16757e-05 4.47718e-02 9.11905e-03 5.39125e-02   5 /ChipTop/system/tile_prci_domain/tile_reset_domain_tile/gemmini/counters                                                                                      
  5350     0.81% 2.10369e-05 4.09001e-02 9.11904e-03 5.00402e-02   6 /ChipTop/system/tile_prci_domain/tile_reset_domain_tile/gemmini/counters/counterfile                                                                          
   625     0.09% 4.19503e-06 3.10638e-02 6.10470e-03 3.71727e-02   5 /ChipTop/system/tile_prci_domain/tile_reset_domain_tile/gemmini/unrolled_cmd                                                                                  
   604     0.09% 4.12910e-06 2.51817e-02 5.07293e-03 3.02588e-02   6 /ChipTop/system/tile_prci_domain/tile_reset_domain_tile/gemmini/unrolled_cmd/ram_ext                                                                          
   528     0.08% 3.27005e-06 2.98624e-02 5.03772e-03 3.49033e-02   5 /ChipTop/system/tile_prci_domain/tile_reset_domain_tile/gemmini/raw_cmd_q                                                                                     
   506     0.08% 3.19920e-06 2.39445e-02 4.02589e-03 2.79736e-02   6 /ChipTop/system/tile_prci_domain/tile_reset_domain_tile/gemmini/raw_cmd_q/ram_ext                                                                             
  3271     0.49% 1.09865e-05 3.38253e-02 5.60735e-04 3.43970e-02   5 /ChipTop/system/tile_prci_domain/tile_reset_domain_tile/gemmini/store_controller                                                                              
   445     0.07% 2.89004e-06 1.57522e-02 5.48175e-04 1.63032e-02   6 /ChipTop/system/tile_prci_domain/tile_reset_domain_tile/gemmini/store_controller/cmd                                                                          
   423     0.06% 2.82733e-06 1.04209e-02 3.73836e-06 1.04275e-02   7 /ChipTop/system/tile_prci_domain/tile_reset_domain_tile/gemmini/store_controller/cmd/ram_ext                                                                  
   115     0.02% 5.05900e-07 5.14514e-03 1.35458e-07 5.14578e-03   6 /ChipTop/system/tile_prci_domain/tile_reset_domain_tile/gemmini/store_controller/cmd_tracker                                                                  
    13     0.00% 4.96420e-08 1.38976e-03 4.28427e-04 1.81823e-03   5 /ChipTop/system/tile_prci_domain/tile_reset_domain_tile/gemmini/req_arb                                                                                       
    12     0.00% 3.48790e-08 1.64045e-04 3.85067e-04 5.49147e-04   5 /ChipTop/system/tile_prci_domain/tile_reset_domain_tile/gemmini/reservation_station_completed_arb                                                             
    13     0.00% 3.94500e-08 3.94952e-07 1.02141e-07 5.36543e-07   5 /ChipTop/system/tile_prci_domain/tile_reset_domain_tile/gemmini/req_arb_1                                                                                     
    13     0.00% 3.94500e-08 3.94952e-07 1.02141e-07 5.36543e-07   5 /ChipTop/system/tile_prci_domain/tile_reset_domain_tile/gemmini/req_arb_2                                                                                     
    13     0.00% 3.94500e-08 3.94952e-07 1.02141e-07 5.36543e-07   5 /ChipTop/system/tile_prci_domain/tile_reset_domain_tile/gemmini/req_arb_3                                                                                     
-----------------------------------------------------------------------------------------------------------------------------------------------------------------------------------------------------------------------------------
