Power Unit: mW
PDB Frame : /stim#1/frame#0
-----------------------------------------------------------------------------------------------------------------------------------------------------------------------------------------------------------------------------------
 Cells Pct_cells     Leakage    Internal   Switching       Total Lvl Instance                                                                                                                                                      
-----------------------------------------------------------------------------------------------------------------------------------------------------------------------------------------------------------------------------------
488992    73.89% 3.39176e+00 5.85543e+01 1.19776e+01 7.39236e+01   4 /ChipTop/system/tile_prci_domain/tile_reset_domain_tile/gemmini                                                                                               
223763    33.81% 8.11416e-04 3.23937e+01 9.16554e+00 4.15601e+01   5 /ChipTop/system/tile_prci_domain/tile_reset_domain_tile/gemmini/ex_controller                                                                                 
215654    32.59% 7.81053e-04 3.20266e+01 9.02300e+00 4.10504e+01   6 /ChipTop/system/tile_prci_domain/tile_reset_domain_tile/gemmini/ex_controller/mesh                                                                            
205621    31.07% 7.01595e-04 2.37624e+01 8.80868e+00 3.25718e+01   7 /ChipTop/system/tile_prci_domain/tile_reset_domain_tile/gemmini/ex_controller/mesh/mesh                                                                       
   740     0.11% 2.23942e-06 5.21511e-02 3.32696e-02 8.54230e-02   8 /ChipTop/system/tile_prci_domain/tile_reset_domain_tile/gemmini/ex_controller/mesh/mesh/mesh_8_7                                                              
   740     0.11% 2.23942e-06 5.21511e-02 3.32696e-02 8.54230e-02   9 /ChipTop/system/tile_prci_domain/tile_reset_domain_tile/gemmini/ex_controller/mesh/mesh/mesh_8_7/tile_0_0                                                     
   163     0.02% 5.02780e-07 2.09824e-02 2.02733e-02 4.12561e-02  10 /ChipTop/system/tile_prci_domain/tile_reset_domain_tile/gemmini/ex_controller/mesh/mesh/mesh_8_7/tile_0_0/mac_unit                                            
   738     0.11% 2.18128e-06 5.23448e-02 3.18447e-02 8.41917e-02   8 /ChipTop/system/tile_prci_domain/tile_reset_domain_tile/gemmini/ex_controller/mesh/mesh/mesh_8_15                                                             
   738     0.11% 2.18128e-06 5.23448e-02 3.18447e-02 8.41917e-02   9 /ChipTop/system/tile_prci_domain/tile_reset_domain_tile/gemmini/ex_controller/mesh/mesh/mesh_8_15/tile_0_0                                                    
   163     0.02% 5.06568e-07 1.81876e-02 1.65671e-02 3.47552e-02  10 /ChipTop/system/tile_prci_domain/tile_reset_domain_tile/gemmini/ex_controller/mesh/mesh/mesh_8_15/tile_0_0/mac_unit                                           
   740     0.11% 2.20018e-06 5.10019e-02 3.17461e-02 8.27502e-02   8 /ChipTop/system/tile_prci_domain/tile_reset_domain_tile/gemmini/ex_controller/mesh/mesh/mesh_8_8                                                              
   740     0.11% 2.20018e-06 5.10019e-02 3.17461e-02 8.27502e-02   9 /ChipTop/system/tile_prci_domain/tile_reset_domain_tile/gemmini/ex_controller/mesh/mesh/mesh_8_8/tile_0_0                                                     
   163     0.02% 5.17199e-07 1.95009e-02 1.86658e-02 3.81672e-02  10 /ChipTop/system/tile_prci_domain/tile_reset_domain_tile/gemmini/ex_controller/mesh/mesh/mesh_8_8/tile_0_0/mac_unit                                            
   740     0.11% 2.18624e-06 5.09199e-02 3.14104e-02 8.23325e-02   8 /ChipTop/system/tile_prci_domain/tile_reset_domain_tile/gemmini/ex_controller/mesh/mesh/mesh_10_2                                                             
   740     0.11% 2.18624e-06 5.09199e-02 3.14104e-02 8.23325e-02   9 /ChipTop/system/tile_prci_domain/tile_reset_domain_tile/gemmini/ex_controller/mesh/mesh/mesh_10_2/tile_0_0                                                    
   163     0.02% 5.02018e-07 1.85255e-02 1.76365e-02 3.61625e-02  10 /ChipTop/system/tile_prci_domain/tile_reset_domain_tile/gemmini/ex_controller/mesh/mesh/mesh_10_2/tile_0_0/mac_unit                                           
   740     0.11% 2.24304e-06 5.03029e-02 3.18166e-02 8.21218e-02   8 /ChipTop/system/tile_prci_domain/tile_reset_domain_tile/gemmini/ex_controller/mesh/mesh/mesh_8_10                                                             
   740     0.11% 2.24304e-06 5.03029e-02 3.18166e-02 8.21218e-02   9 /ChipTop/system/tile_prci_domain/tile_reset_domain_tile/gemmini/ex_controller/mesh/mesh/mesh_8_10/tile_0_0                                                    
   163     0.02% 5.02024e-07 1.98368e-02 1.92626e-02 3.90999e-02  10 /ChipTop/system/tile_prci_domain/tile_reset_domain_tile/gemmini/ex_controller/mesh/mesh/mesh_8_10/tile_0_0/mac_unit                                           
   738     0.11% 2.19535e-06 5.11857e-02 3.07960e-02 8.19840e-02   8 /ChipTop/system/tile_prci_domain/tile_reset_domain_tile/gemmini/ex_controller/mesh/mesh/mesh_4_15                                                             
   738     0.11% 2.19535e-06 5.11857e-02 3.07960e-02 8.19840e-02   9 /ChipTop/system/tile_prci_domain/tile_reset_domain_tile/gemmini/ex_controller/mesh/mesh/mesh_4_15/tile_0_0                                                    
   163     0.02% 5.07091e-07 1.72083e-02 1.57423e-02 3.29511e-02  10 /ChipTop/system/tile_prci_domain/tile_reset_domain_tile/gemmini/ex_controller/mesh/mesh/mesh_4_15/tile_0_0/mac_unit                                           
   738     0.11% 2.23872e-06 5.07025e-02 3.09845e-02 8.16892e-02   8 /ChipTop/system/tile_prci_domain/tile_reset_domain_tile/gemmini/ex_controller/mesh/mesh/mesh_1_15                                                             
   738     0.11% 2.23872e-06 5.07025e-02 3.09845e-02 8.16892e-02   9 /ChipTop/system/tile_prci_domain/tile_reset_domain_tile/gemmini/ex_controller/mesh/mesh/mesh_1_15/tile_0_0                                                    
   163     0.02% 5.13599e-07 1.73932e-02 1.60224e-02 3.34161e-02  10 /ChipTop/system/tile_prci_domain/tile_reset_domain_tile/gemmini/ex_controller/mesh/mesh/mesh_1_15/tile_0_0/mac_unit                                           
   738     0.11% 2.24594e-06 5.07483e-02 3.09007e-02 8.16513e-02   8 /ChipTop/system/tile_prci_domain/tile_reset_domain_tile/gemmini/ex_controller/mesh/mesh/mesh_5_15                                                             
   738     0.11% 2.24594e-06 5.07483e-02 3.09007e-02 8.16513e-02   9 /ChipTop/system/tile_prci_domain/tile_reset_domain_tile/gemmini/ex_controller/mesh/mesh/mesh_5_15/tile_0_0                                                    
   163     0.02% 5.19620e-07 1.75594e-02 1.62074e-02 3.37673e-02  10 /ChipTop/system/tile_prci_domain/tile_reset_domain_tile/gemmini/ex_controller/mesh/mesh/mesh_5_15/tile_0_0/mac_unit                                           
   738     0.11% 2.18536e-06 5.06875e-02 3.08153e-02 8.15050e-02   8 /ChipTop/system/tile_prci_domain/tile_reset_domain_tile/gemmini/ex_controller/mesh/mesh/mesh_11_2                                                             
   738     0.11% 2.18536e-06 5.06875e-02 3.08153e-02 8.15050e-02   9 /ChipTop/system/tile_prci_domain/tile_reset_domain_tile/gemmini/ex_controller/mesh/mesh/mesh_11_2/tile_0_0                                                    
   163     0.02% 5.14027e-07 1.80638e-02 1.65922e-02 3.46565e-02  10 /ChipTop/system/tile_prci_domain/tile_reset_domain_tile/gemmini/ex_controller/mesh/mesh/mesh_11_2/tile_0_0/mac_unit                                           
   741     0.11% 2.23654e-06 5.03018e-02 3.11282e-02 8.14323e-02   8 /ChipTop/system/tile_prci_domain/tile_reset_domain_tile/gemmini/ex_controller/mesh/mesh/mesh_4_13                                                             
   741     0.11% 2.23654e-06 5.03018e-02 3.11282e-02 8.14323e-02   9 /ChipTop/system/tile_prci_domain/tile_reset_domain_tile/gemmini/ex_controller/mesh/mesh/mesh_4_13/tile_0_0                                                    
   166     0.03% 5.11626e-07 1.87950e-02 1.77723e-02 3.65679e-02  10 /ChipTop/system/tile_prci_domain/tile_reset_domain_tile/gemmini/ex_controller/mesh/mesh/mesh_4_13/tile_0_0/mac_unit                                           
   738     0.11% 2.20446e-06 5.08257e-02 3.05811e-02 8.14090e-02   8 /ChipTop/system/tile_prci_domain/tile_reset_domain_tile/gemmini/ex_controller/mesh/mesh/mesh_11_15                                                            
   738     0.11% 2.20446e-06 5.08257e-02 3.05811e-02 8.14090e-02   9 /ChipTop/system/tile_prci_domain/tile_reset_domain_tile/gemmini/ex_controller/mesh/mesh/mesh_11_15/tile_0_0                                                   
   163     0.02% 5.19176e-07 1.69341e-02 1.54224e-02 3.23570e-02  10 /ChipTop/system/tile_prci_domain/tile_reset_domain_tile/gemmini/ex_controller/mesh/mesh/mesh_11_15/tile_0_0/mac_unit                                          
   741     0.11% 2.22417e-06 5.04177e-02 3.09713e-02 8.13913e-02   8 /ChipTop/system/tile_prci_domain/tile_reset_domain_tile/gemmini/ex_controller/mesh/mesh/mesh_12_7                                                             
   741     0.11% 2.22417e-06 5.04177e-02 3.09713e-02 8.13913e-02   9 /ChipTop/system/tile_prci_domain/tile_reset_domain_tile/gemmini/ex_controller/mesh/mesh/mesh_12_7/tile_0_0                                                    
   166     0.03% 5.18825e-07 1.87943e-02 1.75048e-02 3.62996e-02  10 /ChipTop/system/tile_prci_domain/tile_reset_domain_tile/gemmini/ex_controller/mesh/mesh/mesh_12_7/tile_0_0/mac_unit                                           
   738     0.11% 2.17859e-06 5.05578e-02 3.08256e-02 8.13856e-02   8 /ChipTop/system/tile_prci_domain/tile_reset_domain_tile/gemmini/ex_controller/mesh/mesh/mesh_5_7                                                              
   738     0.11% 2.17859e-06 5.05578e-02 3.08256e-02 8.13856e-02   9 /ChipTop/system/tile_prci_domain/tile_reset_domain_tile/gemmini/ex_controller/mesh/mesh/mesh_5_7/tile_0_0                                                     
   163     0.02% 5.10405e-07 1.87749e-02 1.72448e-02 3.60202e-02  10 /ChipTop/system/tile_prci_domain/tile_reset_domain_tile/gemmini/ex_controller/mesh/mesh/mesh_5_7/tile_0_0/mac_unit                                            
   738     0.11% 2.23557e-06 5.05844e-02 3.07866e-02 8.13731e-02   8 /ChipTop/system/tile_prci_domain/tile_reset_domain_tile/gemmini/ex_controller/mesh/mesh/mesh_9_15                                                             
   738     0.11% 2.23557e-06 5.05844e-02 3.07866e-02 8.13731e-02   9 /ChipTop/system/tile_prci_domain/tile_reset_domain_tile/gemmini/ex_controller/mesh/mesh/mesh_9_15/tile_0_0                                                    
   163     0.02% 5.08408e-07 1.72809e-02 1.59664e-02 3.32478e-02  10 /ChipTop/system/tile_prci_domain/tile_reset_domain_tile/gemmini/ex_controller/mesh/mesh/mesh_9_15/tile_0_0/mac_unit                                           
   738     0.11% 2.18647e-06 5.08541e-02 3.04933e-02 8.13496e-02   8 /ChipTop/system/tile_prci_domain/tile_reset_domain_tile/gemmini/ex_controller/mesh/mesh/mesh_10_15                                                            
   738     0.11% 2.18647e-06 5.08541e-02 3.04933e-02 8.13496e-02   9 /ChipTop/system/tile_prci_domain/tile_reset_domain_tile/gemmini/ex_controller/mesh/mesh/mesh_10_15/tile_0_0                                                   
   163     0.02% 5.06458e-07 1.67261e-02 1.51968e-02 3.19234e-02  10 /ChipTop/system/tile_prci_domain/tile_reset_domain_tile/gemmini/ex_controller/mesh/mesh/mesh_10_15/tile_0_0/mac_unit                                          
   741     0.11% 2.21865e-06 5.03831e-02 3.08982e-02 8.12835e-02   8 /ChipTop/system/tile_prci_domain/tile_reset_domain_tile/gemmini/ex_controller/mesh/mesh/mesh_5_13                                                             
   741     0.11% 2.21865e-06 5.03831e-02 3.08982e-02 8.12835e-02   9 /ChipTop/system/tile_prci_domain/tile_reset_domain_tile/gemmini/ex_controller/mesh/mesh/mesh_5_13/tile_0_0                                                    
   166     0.03% 5.03656e-07 1.88112e-02 1.74291e-02 3.62408e-02  10 /ChipTop/system/tile_prci_domain/tile_reset_domain_tile/gemmini/ex_controller/mesh/mesh/mesh_5_13/tile_0_0/mac_unit                                           
   738     0.11% 2.20147e-06 5.07437e-02 3.03940e-02 8.11399e-02   8 /ChipTop/system/tile_prci_domain/tile_reset_domain_tile/gemmini/ex_controller/mesh/mesh/mesh_6_15                                                             
   738     0.11% 2.20147e-06 5.07437e-02 3.03940e-02 8.11399e-02   9 /ChipTop/system/tile_prci_domain/tile_reset_domain_tile/gemmini/ex_controller/mesh/mesh/mesh_6_15/tile_0_0                                                    
   163     0.02% 5.15489e-07 1.65690e-02 1.49996e-02 3.15691e-02  10 /ChipTop/system/tile_prci_domain/tile_reset_domain_tile/gemmini/ex_controller/mesh/mesh/mesh_6_15/tile_0_0/mac_unit                                           
   738     0.11% 2.18818e-06 5.02677e-02 3.05446e-02 8.08145e-02   8 /ChipTop/system/tile_prci_domain/tile_reset_domain_tile/gemmini/ex_controller/mesh/mesh/mesh_5_8                                                              
   738     0.11% 2.18818e-06 5.02677e-02 3.05446e-02 8.08145e-02   9 /ChipTop/system/tile_prci_domain/tile_reset_domain_tile/gemmini/ex_controller/mesh/mesh/mesh_5_8/tile_0_0                                                     
   163     0.02% 5.09628e-07 1.87280e-02 1.71346e-02 3.58631e-02  10 /ChipTop/system/tile_prci_domain/tile_reset_domain_tile/gemmini/ex_controller/mesh/mesh/mesh_5_8/tile_0_0/mac_unit                                            
   740     0.11% 2.26094e-06 5.00066e-02 3.05485e-02 8.05573e-02   8 /ChipTop/system/tile_prci_domain/tile_reset_domain_tile/gemmini/ex_controller/mesh/mesh/mesh_7_15                                                             
   740     0.11% 2.26094e-06 5.00066e-02 3.05485e-02 8.05573e-02   9 /ChipTop/system/tile_prci_domain/tile_reset_domain_tile/gemmini/ex_controller/mesh/mesh/mesh_7_15/tile_0_0                                                    
   163     0.02% 5.24349e-07 1.69910e-02 1.62881e-02 3.32796e-02  10 /ChipTop/system/tile_prci_domain/tile_reset_domain_tile/gemmini/ex_controller/mesh/mesh/mesh_7_15/tile_0_0/mac_unit                                           
   741     0.11% 2.24750e-06 4.94354e-02 3.05391e-02 7.99767e-02   8 /ChipTop/system/tile_prci_domain/tile_reset_domain_tile/gemmini/ex_controller/mesh/mesh/mesh_5_11                                                             
   741     0.11% 2.24750e-06 4.94354e-02 3.05391e-02 7.99767e-02   9 /ChipTop/system/tile_prci_domain/tile_reset_domain_tile/gemmini/ex_controller/mesh/mesh/mesh_5_11/tile_0_0                                                    
   166     0.03% 5.10923e-07 1.86385e-02 1.75980e-02 3.62370e-02  10 /ChipTop/system/tile_prci_domain/tile_reset_domain_tile/gemmini/ex_controller/mesh/mesh/mesh_5_11/tile_0_0/mac_unit                                           
   738     0.11% 2.16665e-06 4.96660e-02 3.02030e-02 7.98712e-02   8 /ChipTop/system/tile_prci_domain/tile_reset_domain_tile/gemmini/ex_controller/mesh/mesh/mesh_15_8                                                             
   738     0.11% 2.16665e-06 4.96660e-02 3.02030e-02 7.98712e-02   9 /ChipTop/system/tile_prci_domain/tile_reset_domain_tile/gemmini/ex_controller/mesh/mesh/mesh_15_8/tile_0_0                                                    
   163     0.02% 4.95051e-07 1.76468e-02 1.63821e-02 3.40294e-02  10 /ChipTop/system/tile_prci_domain/tile_reset_domain_tile/gemmini/ex_controller/mesh/mesh/mesh_15_8/tile_0_0/mac_unit                                           
   741     0.11% 2.21261e-06 4.93573e-02 3.02011e-02 7.95605e-02   8 /ChipTop/system/tile_prci_domain/tile_reset_domain_tile/gemmini/ex_controller/mesh/mesh/mesh_8_11                                                             
   741     0.11% 2.21261e-06 4.93573e-02 3.02011e-02 7.95605e-02   9 /ChipTop/system/tile_prci_domain/tile_reset_domain_tile/gemmini/ex_controller/mesh/mesh/mesh_8_11/tile_0_0                                                    
   166     0.03% 5.15859e-07 1.82768e-02 1.70600e-02 3.53374e-02  10 /ChipTop/system/tile_prci_domain/tile_reset_domain_tile/gemmini/ex_controller/mesh/mesh/mesh_8_11/tile_0_0/mac_unit                                           
   741     0.11% 2.18984e-06 4.92948e-02 3.02461e-02 7.95430e-02   8 /ChipTop/system/tile_prci_domain/tile_reset_domain_tile/gemmini/ex_controller/mesh/mesh/mesh_8_14                                                             
   741     0.11% 2.18984e-06 4.92948e-02 3.02461e-02 7.95430e-02   9 /ChipTop/system/tile_prci_domain/tile_reset_domain_tile/gemmini/ex_controller/mesh/mesh/mesh_8_14/tile_0_0                                                    
   166     0.03% 5.09706e-07 1.93703e-02 1.80464e-02 3.74172e-02  10 /ChipTop/system/tile_prci_domain/tile_reset_domain_tile/gemmini/ex_controller/mesh/mesh/mesh_8_14/tile_0_0/mac_unit                                           
   738     0.11% 2.23727e-06 4.96994e-02 2.97973e-02 7.94990e-02   8 /ChipTop/system/tile_prci_domain/tile_reset_domain_tile/gemmini/ex_controller/mesh/mesh/mesh_15_15                                                            
   738     0.11% 2.23727e-06 4.96994e-02 2.97973e-02 7.94990e-02   9 /ChipTop/system/tile_prci_domain/tile_reset_domain_tile/gemmini/ex_controller/mesh/mesh/mesh_15_15/tile_0_0                                                   
   163     0.02% 5.12629e-07 1.64949e-02 1.51647e-02 3.16602e-02  10 /ChipTop/system/tile_prci_domain/tile_reset_domain_tile/gemmini/ex_controller/mesh/mesh/mesh_15_15/tile_0_0/mac_unit                                          
   741     0.11% 2.20572e-06 4.93845e-02 2.99882e-02 7.93750e-02   8 /ChipTop/system/tile_prci_domain/tile_reset_domain_tile/gemmini/ex_controller/mesh/mesh/mesh_7_11                                                             
   741     0.11% 2.20572e-06 4.93845e-02 2.99882e-02 7.93750e-02   9 /ChipTop/system/tile_prci_domain/tile_reset_domain_tile/gemmini/ex_controller/mesh/mesh/mesh_7_11/tile_0_0                                                    
   166     0.03% 5.07055e-07 1.77994e-02 1.65447e-02 3.43446e-02  10 /ChipTop/system/tile_prci_domain/tile_reset_domain_tile/gemmini/ex_controller/mesh/mesh/mesh_7_11/tile_0_0/mac_unit                                           
   738     0.11% 2.17077e-06 4.93454e-02 2.98688e-02 7.92165e-02   8 /ChipTop/system/tile_prci_domain/tile_reset_domain_tile/gemmini/ex_controller/mesh/mesh/mesh_9_8                                                              
   738     0.11% 2.17077e-06 4.93454e-02 2.98688e-02 7.92165e-02   9 /ChipTop/system/tile_prci_domain/tile_reset_domain_tile/gemmini/ex_controller/mesh/mesh/mesh_9_8/tile_0_0                                                     
   163     0.02% 5.00694e-07 1.75152e-02 1.63017e-02 3.38174e-02  10 /ChipTop/system/tile_prci_domain/tile_reset_domain_tile/gemmini/ex_controller/mesh/mesh/mesh_9_8/tile_0_0/mac_unit                                            
   741     0.11% 2.18304e-06 4.90989e-02 3.01077e-02 7.92088e-02   8 /ChipTop/system/tile_prci_domain/tile_reset_domain_tile/gemmini/ex_controller/mesh/mesh/mesh_9_14                                                             
   741     0.11% 2.18304e-06 4.90989e-02 3.01077e-02 7.92088e-02   9 /ChipTop/system/tile_prci_domain/tile_reset_domain_tile/gemmini/ex_controller/mesh/mesh/mesh_9_14/tile_0_0                                                    
   166     0.03% 5.02365e-07 1.85919e-02 1.75658e-02 3.61582e-02  10 /ChipTop/system/tile_prci_domain/tile_reset_domain_tile/gemmini/ex_controller/mesh/mesh/mesh_9_14/tile_0_0/mac_unit                                           
   741     0.11% 2.19177e-06 4.92562e-02 2.98315e-02 7.90899e-02   8 /ChipTop/system/tile_prci_domain/tile_reset_domain_tile/gemmini/ex_controller/mesh/mesh/mesh_3_4                                                              
   741     0.11% 2.19177e-06 4.92562e-02 2.98315e-02 7.90899e-02   9 /ChipTop/system/tile_prci_domain/tile_reset_domain_tile/gemmini/ex_controller/mesh/mesh/mesh_3_4/tile_0_0                                                     
   166     0.03% 5.04393e-07 1.77328e-02 1.64246e-02 3.41579e-02  10 /ChipTop/system/tile_prci_domain/tile_reset_domain_tile/gemmini/ex_controller/mesh/mesh/mesh_3_4/tile_0_0/mac_unit                                            
   741     0.11% 2.16894e-06 4.92152e-02 2.98677e-02 7.90851e-02   8 /ChipTop/system/tile_prci_domain/tile_reset_domain_tile/gemmini/ex_controller/mesh/mesh/mesh_9_9                                                              
   741     0.11% 2.16894e-06 4.92152e-02 2.98677e-02 7.90851e-02   9 /ChipTop/system/tile_prci_domain/tile_reset_domain_tile/gemmini/ex_controller/mesh/mesh/mesh_9_9/tile_0_0                                                     
   166     0.03% 4.96834e-07 1.77529e-02 1.65888e-02 3.43422e-02  10 /ChipTop/system/tile_prci_domain/tile_reset_domain_tile/gemmini/ex_controller/mesh/mesh/mesh_9_9/tile_0_0/mac_unit                                            
   738     0.11% 2.19097e-06 4.93475e-02 2.96619e-02 7.90116e-02   8 /ChipTop/system/tile_prci_domain/tile_reset_domain_tile/gemmini/ex_controller/mesh/mesh/mesh_12_2                                                             
   738     0.11% 2.19097e-06 4.93475e-02 2.96619e-02 7.90116e-02   9 /ChipTop/system/tile_prci_domain/tile_reset_domain_tile/gemmini/ex_controller/mesh/mesh/mesh_12_2/tile_0_0                                                    
   163     0.02% 5.14559e-07 1.71547e-02 1.57749e-02 3.29301e-02  10 /ChipTop/system/tile_prci_domain/tile_reset_domain_tile/gemmini/ex_controller/mesh/mesh/mesh_12_2/tile_0_0/mac_unit                                           
   738     0.11% 2.20233e-06 4.92644e-02 2.95990e-02 7.88655e-02   8 /ChipTop/system/tile_prci_domain/tile_reset_domain_tile/gemmini/ex_controller/mesh/mesh/mesh_14_7                                                             
   738     0.11% 2.20233e-06 4.92644e-02 2.95990e-02 7.88655e-02   9 /ChipTop/system/tile_prci_domain/tile_reset_domain_tile/gemmini/ex_controller/mesh/mesh/mesh_14_7/tile_0_0                                                    
   163     0.02% 5.30383e-07 1.73858e-02 1.58040e-02 3.31903e-02  10 /ChipTop/system/tile_prci_domain/tile_reset_domain_tile/gemmini/ex_controller/mesh/mesh/mesh_14_7/tile_0_0/mac_unit                                           
   741     0.11% 2.20025e-06 4.91779e-02 2.96401e-02 7.88202e-02   8 /ChipTop/system/tile_prci_domain/tile_reset_domain_tile/gemmini/ex_controller/mesh/mesh/mesh_12_9                                                             
   741     0.11% 2.20025e-06 4.91779e-02 2.96401e-02 7.88202e-02   9 /ChipTop/system/tile_prci_domain/tile_reset_domain_tile/gemmini/ex_controller/mesh/mesh/mesh_12_9/tile_0_0                                                    
   166     0.03% 5.27667e-07 1.72765e-02 1.59950e-02 3.32721e-02  10 /ChipTop/system/tile_prci_domain/tile_reset_domain_tile/gemmini/ex_controller/mesh/mesh/mesh_12_9/tile_0_0/mac_unit                                           
   738     0.11% 2.24437e-06 4.91714e-02 2.96459e-02 7.88196e-02   8 /ChipTop/system/tile_prci_domain/tile_reset_domain_tile/gemmini/ex_controller/mesh/mesh/mesh_8_2                                                              
   738     0.11% 2.24437e-06 4.91714e-02 2.96459e-02 7.88196e-02   9 /ChipTop/system/tile_prci_domain/tile_reset_domain_tile/gemmini/ex_controller/mesh/mesh/mesh_8_2/tile_0_0                                                     
   163     0.02% 5.20614e-07 1.73200e-02 1.60053e-02 3.33258e-02  10 /ChipTop/system/tile_prci_domain/tile_reset_domain_tile/gemmini/ex_controller/mesh/mesh/mesh_8_2/tile_0_0/mac_unit                                            
   738     0.11% 2.19130e-06 4.92837e-02 2.94700e-02 7.87559e-02   8 /ChipTop/system/tile_prci_domain/tile_reset_domain_tile/gemmini/ex_controller/mesh/mesh/mesh_12_8                                                             
   738     0.11% 2.19130e-06 4.92837e-02 2.94700e-02 7.87559e-02   9 /ChipTop/system/tile_prci_domain/tile_reset_domain_tile/gemmini/ex_controller/mesh/mesh/mesh_12_8/tile_0_0                                                    
   163     0.02% 5.26713e-07 1.72040e-02 1.57108e-02 3.29153e-02  10 /ChipTop/system/tile_prci_domain/tile_reset_domain_tile/gemmini/ex_controller/mesh/mesh/mesh_12_8/tile_0_0/mac_unit                                           
   738     0.11% 2.23648e-06 4.89525e-02 2.97087e-02 7.86635e-02   8 /ChipTop/system/tile_prci_domain/tile_reset_domain_tile/gemmini/ex_controller/mesh/mesh/mesh_8_4                                                              
   738     0.11% 2.23648e-06 4.89525e-02 2.97087e-02 7.86635e-02   9 /ChipTop/system/tile_prci_domain/tile_reset_domain_tile/gemmini/ex_controller/mesh/mesh/mesh_8_4/tile_0_0                                                     
   163     0.02% 5.11580e-07 1.81464e-02 1.67412e-02 3.48881e-02  10 /ChipTop/system/tile_prci_domain/tile_reset_domain_tile/gemmini/ex_controller/mesh/mesh/mesh_8_4/tile_0_0/mac_unit                                            
   741     0.11% 2.22639e-06 4.87511e-02 2.98461e-02 7.85994e-02   8 /ChipTop/system/tile_prci_domain/tile_reset_domain_tile/gemmini/ex_controller/mesh/mesh/mesh_10_14                                                            
   741     0.11% 2.22639e-06 4.87511e-02 2.98461e-02 7.85994e-02   9 /ChipTop/system/tile_prci_domain/tile_reset_domain_tile/gemmini/ex_controller/mesh/mesh/mesh_10_14/tile_0_0                                                   
   166     0.03% 5.03516e-07 1.89377e-02 1.77458e-02 3.66840e-02  10 /ChipTop/system/tile_prci_domain/tile_reset_domain_tile/gemmini/ex_controller/mesh/mesh/mesh_10_14/tile_0_0/mac_unit                                          
   738     0.11% 2.17897e-06 4.90933e-02 2.93899e-02 7.84854e-02   8 /ChipTop/system/tile_prci_domain/tile_reset_domain_tile/gemmini/ex_controller/mesh/mesh/mesh_7_2                                                              
   738     0.11% 2.17897e-06 4.90933e-02 2.93899e-02 7.84854e-02   9 /ChipTop/system/tile_prci_domain/tile_reset_domain_tile/gemmini/ex_controller/mesh/mesh/mesh_7_2/tile_0_0                                                     
   163     0.02% 5.14267e-07 1.70392e-02 1.56388e-02 3.26785e-02  10 /ChipTop/system/tile_prci_domain/tile_reset_domain_tile/gemmini/ex_controller/mesh/mesh/mesh_7_2/tile_0_0/mac_unit                                            
   740     0.11% 2.21197e-06 4.86853e-02 2.97866e-02 7.84741e-02   8 /ChipTop/system/tile_prci_domain/tile_reset_domain_tile/gemmini/ex_controller/mesh/mesh/mesh_11_13                                                            
   740     0.11% 2.21197e-06 4.86853e-02 2.97866e-02 7.84741e-02   9 /ChipTop/system/tile_prci_domain/tile_reset_domain_tile/gemmini/ex_controller/mesh/mesh/mesh_11_13/tile_0_0                                                   
   163     0.02% 5.16706e-07 1.71032e-02 1.64876e-02 3.35913e-02  10 /ChipTop/system/tile_prci_domain/tile_reset_domain_tile/gemmini/ex_controller/mesh/mesh/mesh_11_13/tile_0_0/mac_unit                                          
   741     0.11% 2.23329e-06 4.89166e-02 2.95458e-02 7.84646e-02   8 /ChipTop/system/tile_prci_domain/tile_reset_domain_tile/gemmini/ex_controller/mesh/mesh/mesh_10_9                                                             
   741     0.11% 2.23329e-06 4.89166e-02 2.95458e-02 7.84646e-02   9 /ChipTop/system/tile_prci_domain/tile_reset_domain_tile/gemmini/ex_controller/mesh/mesh/mesh_10_9/tile_0_0                                                    
   166     0.03% 5.20899e-07 1.79111e-02 1.64577e-02 3.43693e-02  10 /ChipTop/system/tile_prci_domain/tile_reset_domain_tile/gemmini/ex_controller/mesh/mesh/mesh_10_9/tile_0_0/mac_unit                                           
   738     0.11% 2.20942e-06 4.89757e-02 2.94274e-02 7.84053e-02   8 /ChipTop/system/tile_prci_domain/tile_reset_domain_tile/gemmini/ex_controller/mesh/mesh/mesh_14_11                                                            
   738     0.11% 2.20942e-06 4.89757e-02 2.94274e-02 7.84053e-02   9 /ChipTop/system/tile_prci_domain/tile_reset_domain_tile/gemmini/ex_controller/mesh/mesh/mesh_14_11/tile_0_0                                                   
   163     0.02% 5.18982e-07 1.75404e-02 1.60043e-02 3.35452e-02  10 /ChipTop/system/tile_prci_domain/tile_reset_domain_tile/gemmini/ex_controller/mesh/mesh/mesh_14_11/tile_0_0/mac_unit                                          
   741     0.11% 2.18079e-06 4.87092e-02 2.96740e-02 7.83853e-02   8 /ChipTop/system/tile_prci_domain/tile_reset_domain_tile/gemmini/ex_controller/mesh/mesh/mesh_9_11                                                             
   741     0.11% 2.18079e-06 4.87092e-02 2.96740e-02 7.83853e-02   9 /ChipTop/system/tile_prci_domain/tile_reset_domain_tile/gemmini/ex_controller/mesh/mesh/mesh_9_11/tile_0_0                                                    
   166     0.03% 5.01507e-07 1.73230e-02 1.62999e-02 3.36234e-02  10 /ChipTop/system/tile_prci_domain/tile_reset_domain_tile/gemmini/ex_controller/mesh/mesh/mesh_9_11/tile_0_0/mac_unit                                           
   738     0.11% 2.20119e-06 4.91631e-02 2.92173e-02 7.83825e-02   8 /ChipTop/system/tile_prci_domain/tile_reset_domain_tile/gemmini/ex_controller/mesh/mesh/mesh_3_15                                                             
   738     0.11% 2.20119e-06 4.91631e-02 2.92173e-02 7.83825e-02   9 /ChipTop/system/tile_prci_domain/tile_reset_domain_tile/gemmini/ex_controller/mesh/mesh/mesh_3_15/tile_0_0                                                    
   163     0.02% 5.10348e-07 1.55787e-02 1.42237e-02 2.98030e-02  10 /ChipTop/system/tile_prci_domain/tile_reset_domain_tile/gemmini/ex_controller/mesh/mesh/mesh_3_15/tile_0_0/mac_unit                                           
   738     0.11% 2.20515e-06 4.93215e-02 2.90039e-02 7.83276e-02   8 /ChipTop/system/tile_prci_domain/tile_reset_domain_tile/gemmini/ex_controller/mesh/mesh/mesh_12_15                                                            
   738     0.11% 2.20515e-06 4.93215e-02 2.90039e-02 7.83276e-02   9 /ChipTop/system/tile_prci_domain/tile_reset_domain_tile/gemmini/ex_controller/mesh/mesh/mesh_12_15/tile_0_0                                                   
   163     0.02% 5.32746e-07 1.55960e-02 1.39376e-02 2.95341e-02  10 /ChipTop/system/tile_prci_domain/tile_reset_domain_tile/gemmini/ex_controller/mesh/mesh/mesh_12_15/tile_0_0/mac_unit                                          
   741     0.11% 2.21686e-06 4.88577e-02 2.93886e-02 7.82486e-02   8 /ChipTop/system/tile_prci_domain/tile_reset_domain_tile/gemmini/ex_controller/mesh/mesh/mesh_2_11                                                             
   741     0.11% 2.21686e-06 4.88577e-02 2.93886e-02 7.82486e-02   9 /ChipTop/system/tile_prci_domain/tile_reset_domain_tile/gemmini/ex_controller/mesh/mesh/mesh_2_11/tile_0_0                                                    
   166     0.03% 5.20006e-07 1.72449e-02 1.59011e-02 3.31465e-02  10 /ChipTop/system/tile_prci_domain/tile_reset_domain_tile/gemmini/ex_controller/mesh/mesh/mesh_2_11/tile_0_0/mac_unit                                           
   738     0.11% 2.21902e-06 4.86975e-02 2.94463e-02 7.81460e-02   8 /ChipTop/system/tile_prci_domain/tile_reset_domain_tile/gemmini/ex_controller/mesh/mesh/mesh_2_7                                                              
   738     0.11% 2.21902e-06 4.86975e-02 2.94463e-02 7.81460e-02   9 /ChipTop/system/tile_prci_domain/tile_reset_domain_tile/gemmini/ex_controller/mesh/mesh/mesh_2_7/tile_0_0                                                     
   163     0.02% 5.03945e-07 1.77116e-02 1.63248e-02 3.40370e-02  10 /ChipTop/system/tile_prci_domain/tile_reset_domain_tile/gemmini/ex_controller/mesh/mesh/mesh_2_7/tile_0_0/mac_unit                                            
   741     0.11% 2.23202e-06 4.87858e-02 2.93373e-02 7.81253e-02   8 /ChipTop/system/tile_prci_domain/tile_reset_domain_tile/gemmini/ex_controller/mesh/mesh/mesh_10_10                                                            
   741     0.11% 2.23202e-06 4.87858e-02 2.93373e-02 7.81253e-02   9 /ChipTop/system/tile_prci_domain/tile_reset_domain_tile/gemmini/ex_controller/mesh/mesh/mesh_10_10/tile_0_0                                                   
   166     0.03% 5.05755e-07 1.79485e-02 1.64755e-02 3.44245e-02  10 /ChipTop/system/tile_prci_domain/tile_reset_domain_tile/gemmini/ex_controller/mesh/mesh/mesh_10_10/tile_0_0/mac_unit                                          
   740     0.11% 2.22149e-06 4.85379e-02 2.95094e-02 7.80495e-02   8 /ChipTop/system/tile_prci_domain/tile_reset_domain_tile/gemmini/ex_controller/mesh/mesh/mesh_4_4                                                              
   740     0.11% 2.22149e-06 4.85379e-02 2.95094e-02 7.80495e-02   9 /ChipTop/system/tile_prci_domain/tile_reset_domain_tile/gemmini/ex_controller/mesh/mesh/mesh_4_4/tile_0_0                                                     
   163     0.02% 5.16581e-07 1.72863e-02 1.66151e-02 3.39019e-02  10 /ChipTop/system/tile_prci_domain/tile_reset_domain_tile/gemmini/ex_controller/mesh/mesh/mesh_4_4/tile_0_0/mac_unit                                            
   738     0.11% 2.18986e-06 4.88567e-02 2.91294e-02 7.79883e-02   8 /ChipTop/system/tile_prci_domain/tile_reset_domain_tile/gemmini/ex_controller/mesh/mesh/mesh_14_2                                                             
   738     0.11% 2.18986e-06 4.88567e-02 2.91294e-02 7.79883e-02   9 /ChipTop/system/tile_prci_domain/tile_reset_domain_tile/gemmini/ex_controller/mesh/mesh/mesh_14_2/tile_0_0                                                    
   163     0.02% 5.15852e-07 1.67093e-02 1.52597e-02 3.19695e-02  10 /ChipTop/system/tile_prci_domain/tile_reset_domain_tile/gemmini/ex_controller/mesh/mesh/mesh_14_2/tile_0_0/mac_unit                                           
   741     0.11% 2.18853e-06 4.87118e-02 2.92670e-02 7.79810e-02   8 /ChipTop/system/tile_prci_domain/tile_reset_domain_tile/gemmini/ex_controller/mesh/mesh/mesh_14_13                                                            
   741     0.11% 2.18853e-06 4.87118e-02 2.92670e-02 7.79810e-02   9 /ChipTop/system/tile_prci_domain/tile_reset_domain_tile/gemmini/ex_controller/mesh/mesh/mesh_14_13/tile_0_0                                                   
   166     0.03% 5.17251e-07 1.68753e-02 1.56535e-02 3.25293e-02  10 /ChipTop/system/tile_prci_domain/tile_reset_domain_tile/gemmini/ex_controller/mesh/mesh/mesh_14_13/tile_0_0/mac_unit                                          
   738     0.11% 2.16521e-06 4.83881e-02 2.93625e-02 7.77528e-02   8 /ChipTop/system/tile_prci_domain/tile_reset_domain_tile/gemmini/ex_controller/mesh/mesh/mesh_15_1                                                             
   738     0.11% 2.16521e-06 4.83881e-02 2.93625e-02 7.77528e-02   9 /ChipTop/system/tile_prci_domain/tile_reset_domain_tile/gemmini/ex_controller/mesh/mesh/mesh_15_1/tile_0_0                                                    
   163     0.02% 4.98059e-07 1.88128e-02 1.73238e-02 3.61371e-02  10 /ChipTop/system/tile_prci_domain/tile_reset_domain_tile/gemmini/ex_controller/mesh/mesh/mesh_15_1/tile_0_0/mac_unit                                           
   738     0.11% 2.19244e-06 4.86681e-02 2.89992e-02 7.76694e-02   8 /ChipTop/system/tile_prci_domain/tile_reset_domain_tile/gemmini/ex_controller/mesh/mesh/mesh_15_7                                                             
   738     0.11% 2.19244e-06 4.86681e-02 2.89992e-02 7.76694e-02   9 /ChipTop/system/tile_prci_domain/tile_reset_domain_tile/gemmini/ex_controller/mesh/mesh/mesh_15_7/tile_0_0                                                    
   163     0.02% 5.10412e-07 1.67862e-02 1.52295e-02 3.20162e-02  10 /ChipTop/system/tile_prci_domain/tile_reset_domain_tile/gemmini/ex_controller/mesh/mesh/mesh_15_7/tile_0_0/mac_unit                                           
   738     0.11% 2.23858e-06 4.85392e-02 2.91102e-02 7.76516e-02   8 /ChipTop/system/tile_prci_domain/tile_reset_domain_tile/gemmini/ex_controller/mesh/mesh/mesh_4_8                                                              
   738     0.11% 2.23858e-06 4.85392e-02 2.91102e-02 7.76516e-02   9 /ChipTop/system/tile_prci_domain/tile_reset_domain_tile/gemmini/ex_controller/mesh/mesh/mesh_4_8/tile_0_0                                                     
   163     0.02% 5.19986e-07 1.71433e-02 1.57962e-02 3.29401e-02  10 /ChipTop/system/tile_prci_domain/tile_reset_domain_tile/gemmini/ex_controller/mesh/mesh/mesh_4_8/tile_0_0/mac_unit                                            
   738     0.11% 2.17901e-06 4.85392e-02 2.90838e-02 7.76252e-02   8 /ChipTop/system/tile_prci_domain/tile_reset_domain_tile/gemmini/ex_controller/mesh/mesh/mesh_13_4                                                             
   738     0.11% 2.17901e-06 4.85392e-02 2.90838e-02 7.76252e-02   9 /ChipTop/system/tile_prci_domain/tile_reset_domain_tile/gemmini/ex_controller/mesh/mesh/mesh_13_4/tile_0_0                                                    
   163     0.02% 5.05090e-07 1.66885e-02 1.54601e-02 3.21490e-02  10 /ChipTop/system/tile_prci_domain/tile_reset_domain_tile/gemmini/ex_controller/mesh/mesh/mesh_13_4/tile_0_0/mac_unit                                           
   738     0.11% 2.24125e-06 4.83046e-02 2.92822e-02 7.75891e-02   8 /ChipTop/system/tile_prci_domain/tile_reset_domain_tile/gemmini/ex_controller/mesh/mesh/mesh_6_14                                                             
   738     0.11% 2.24125e-06 4.83046e-02 2.92822e-02 7.75891e-02   9 /ChipTop/system/tile_prci_domain/tile_reset_domain_tile/gemmini/ex_controller/mesh/mesh/mesh_6_14/tile_0_0                                                    
   163     0.02% 5.17340e-07 1.85104e-02 1.71427e-02 3.56536e-02  10 /ChipTop/system/tile_prci_domain/tile_reset_domain_tile/gemmini/ex_controller/mesh/mesh/mesh_6_14/tile_0_0/mac_unit                                           
   738     0.11% 2.18091e-06 4.86554e-02 2.88137e-02 7.74713e-02   8 /ChipTop/system/tile_prci_domain/tile_reset_domain_tile/gemmini/ex_controller/mesh/mesh/mesh_4_2                                                              
   738     0.11% 2.18091e-06 4.86554e-02 2.88137e-02 7.74713e-02   9 /ChipTop/system/tile_prci_domain/tile_reset_domain_tile/gemmini/ex_controller/mesh/mesh/mesh_4_2/tile_0_0                                                     
   163     0.02% 5.19142e-07 1.64270e-02 1.48730e-02 3.13005e-02  10 /ChipTop/system/tile_prci_domain/tile_reset_domain_tile/gemmini/ex_controller/mesh/mesh/mesh_4_2/tile_0_0/mac_unit                                            
   741     0.11% 2.22026e-06 4.82799e-02 2.91391e-02 7.74213e-02   8 /ChipTop/system/tile_prci_domain/tile_reset_domain_tile/gemmini/ex_controller/mesh/mesh/mesh_14_3                                                             
   741     0.11% 2.22026e-06 4.82799e-02 2.91391e-02 7.74213e-02   9 /ChipTop/system/tile_prci_domain/tile_reset_domain_tile/gemmini/ex_controller/mesh/mesh/mesh_14_3/tile_0_0                                                    
   166     0.03% 5.07129e-07 1.83746e-02 1.70171e-02 3.53922e-02  10 /ChipTop/system/tile_prci_domain/tile_reset_domain_tile/gemmini/ex_controller/mesh/mesh/mesh_14_3/tile_0_0/mac_unit                                           
   740     0.11% 2.18279e-06 4.80410e-02 2.92243e-02 7.72675e-02   8 /ChipTop/system/tile_prci_domain/tile_reset_domain_tile/gemmini/ex_controller/mesh/mesh/mesh_7_14                                                             
   740     0.11% 2.18279e-06 4.80410e-02 2.92243e-02 7.72675e-02   9 /ChipTop/system/tile_prci_domain/tile_reset_domain_tile/gemmini/ex_controller/mesh/mesh/mesh_7_14/tile_0_0                                                    
   163     0.02% 5.14100e-07 1.82722e-02 1.74082e-02 3.56809e-02  10 /ChipTop/system/tile_prci_domain/tile_reset_domain_tile/gemmini/ex_controller/mesh/mesh/mesh_7_14/tile_0_0/mac_unit                                           
   738     0.11% 2.18297e-06 4.82271e-02 2.90304e-02 7.72598e-02   8 /ChipTop/system/tile_prci_domain/tile_reset_domain_tile/gemmini/ex_controller/mesh/mesh/mesh_13_8                                                             
   738     0.11% 2.18297e-06 4.82271e-02 2.90304e-02 7.72598e-02   9 /ChipTop/system/tile_prci_domain/tile_reset_domain_tile/gemmini/ex_controller/mesh/mesh/mesh_13_8/tile_0_0                                                    
   163     0.02% 5.00085e-07 1.65902e-02 1.54368e-02 3.20275e-02  10 /ChipTop/system/tile_prci_domain/tile_reset_domain_tile/gemmini/ex_controller/mesh/mesh/mesh_13_8/tile_0_0/mac_unit                                           
   738     0.11% 2.18679e-06 4.86141e-02 2.86370e-02 7.72533e-02   8 /ChipTop/system/tile_prci_domain/tile_reset_domain_tile/gemmini/ex_controller/mesh/mesh/mesh_5_2                                                              
   738     0.11% 2.18679e-06 4.86141e-02 2.86370e-02 7.72533e-02   9 /ChipTop/system/tile_prci_domain/tile_reset_domain_tile/gemmini/ex_controller/mesh/mesh/mesh_5_2/tile_0_0                                                     
   163     0.02% 5.15804e-07 1.65417e-02 1.49857e-02 3.15279e-02  10 /ChipTop/system/tile_prci_domain/tile_reset_domain_tile/gemmini/ex_controller/mesh/mesh/mesh_5_2/tile_0_0/mac_unit                                            
   738     0.11% 2.20709e-06 4.83224e-02 2.89117e-02 7.72363e-02   8 /ChipTop/system/tile_prci_domain/tile_reset_domain_tile/gemmini/ex_controller/mesh/mesh/mesh_12_4                                                             
   738     0.11% 2.20709e-06 4.83224e-02 2.89117e-02 7.72363e-02   9 /ChipTop/system/tile_prci_domain/tile_reset_domain_tile/gemmini/ex_controller/mesh/mesh/mesh_12_4/tile_0_0                                                    
   163     0.02% 5.21534e-07 1.68798e-02 1.54409e-02 3.23212e-02  10 /ChipTop/system/tile_prci_domain/tile_reset_domain_tile/gemmini/ex_controller/mesh/mesh/mesh_12_4/tile_0_0/mac_unit                                           
   738     0.11% 2.18245e-06 4.84800e-02 2.87509e-02 7.72330e-02   8 /ChipTop/system/tile_prci_domain/tile_reset_domain_tile/gemmini/ex_controller/mesh/mesh/mesh_3_8                                                              
   738     0.11% 2.18245e-06 4.84800e-02 2.87509e-02 7.72330e-02   9 /ChipTop/system/tile_prci_domain/tile_reset_domain_tile/gemmini/ex_controller/mesh/mesh/mesh_3_8/tile_0_0                                                     
   163     0.02% 5.12949e-07 1.67091e-02 1.51614e-02 3.18710e-02  10 /ChipTop/system/tile_prci_domain/tile_reset_domain_tile/gemmini/ex_controller/mesh/mesh/mesh_3_8/tile_0_0/mac_unit                                            
   738     0.11% 2.18944e-06 4.83118e-02 2.89064e-02 7.72203e-02   8 /ChipTop/system/tile_prci_domain/tile_reset_domain_tile/gemmini/ex_controller/mesh/mesh/mesh_3_2                                                              
   738     0.11% 2.18944e-06 4.83118e-02 2.89064e-02 7.72203e-02   9 /ChipTop/system/tile_prci_domain/tile_reset_domain_tile/gemmini/ex_controller/mesh/mesh/mesh_3_2/tile_0_0                                                     
   163     0.02% 5.14265e-07 1.64705e-02 1.50870e-02 3.15581e-02  10 /ChipTop/system/tile_prci_domain/tile_reset_domain_tile/gemmini/ex_controller/mesh/mesh/mesh_3_2/tile_0_0/mac_unit                                            
   738     0.11% 2.24461e-06 4.81836e-02 2.90271e-02 7.72130e-02   8 /ChipTop/system/tile_prci_domain/tile_reset_domain_tile/gemmini/ex_controller/mesh/mesh/mesh_15_14                                                            
   738     0.11% 2.24461e-06 4.81836e-02 2.90271e-02 7.72130e-02   9 /ChipTop/system/tile_prci_domain/tile_reset_domain_tile/gemmini/ex_controller/mesh/mesh/mesh_15_14/tile_0_0                                                   
   163     0.02% 5.11104e-07 1.82364e-02 1.68452e-02 3.50820e-02  10 /ChipTop/system/tile_prci_domain/tile_reset_domain_tile/gemmini/ex_controller/mesh/mesh/mesh_15_14/tile_0_0/mac_unit                                          
   741     0.11% 2.26559e-06 4.82016e-02 2.89439e-02 7.71478e-02   8 /ChipTop/system/tile_prci_domain/tile_reset_domain_tile/gemmini/ex_controller/mesh/mesh/mesh_3_11                                                             
   741     0.11% 2.26559e-06 4.82016e-02 2.89439e-02 7.71478e-02   9 /ChipTop/system/tile_prci_domain/tile_reset_domain_tile/gemmini/ex_controller/mesh/mesh/mesh_3_11/tile_0_0                                                    
   166     0.03% 5.29003e-07 1.73202e-02 1.59592e-02 3.32800e-02  10 /ChipTop/system/tile_prci_domain/tile_reset_domain_tile/gemmini/ex_controller/mesh/mesh/mesh_3_11/tile_0_0/mac_unit                                           
   741     0.11% 2.23568e-06 4.80947e-02 2.88965e-02 7.69934e-02   8 /ChipTop/system/tile_prci_domain/tile_reset_domain_tile/gemmini/ex_controller/mesh/mesh/mesh_13_13                                                            
   741     0.11% 2.23568e-06 4.80947e-02 2.88965e-02 7.69934e-02   9 /ChipTop/system/tile_prci_domain/tile_reset_domain_tile/gemmini/ex_controller/mesh/mesh/mesh_13_13/tile_0_0                                                   
   166     0.03% 5.06035e-07 1.69369e-02 1.56494e-02 3.25868e-02  10 /ChipTop/system/tile_prci_domain/tile_reset_domain_tile/gemmini/ex_controller/mesh/mesh/mesh_13_13/tile_0_0/mac_unit                                          
   738     0.11% 2.23643e-06 4.80661e-02 2.88465e-02 7.69148e-02   8 /ChipTop/system/tile_prci_domain/tile_reset_domain_tile/gemmini/ex_controller/mesh/mesh/mesh_15_11                                                            
   738     0.11% 2.23643e-06 4.80661e-02 2.88465e-02 7.69148e-02   9 /ChipTop/system/tile_prci_domain/tile_reset_domain_tile/gemmini/ex_controller/mesh/mesh/mesh_15_11/tile_0_0                                                   
   163     0.02% 5.01438e-07 1.72633e-02 1.59613e-02 3.32251e-02  10 /ChipTop/system/tile_prci_domain/tile_reset_domain_tile/gemmini/ex_controller/mesh/mesh/mesh_15_11/tile_0_0/mac_unit                                          
   741     0.11% 2.20361e-06 4.81433e-02 2.87421e-02 7.68877e-02   8 /ChipTop/system/tile_prci_domain/tile_reset_domain_tile/gemmini/ex_controller/mesh/mesh/mesh_11_7                                                             
   741     0.11% 2.20361e-06 4.81433e-02 2.87421e-02 7.68877e-02   9 /ChipTop/system/tile_prci_domain/tile_reset_domain_tile/gemmini/ex_controller/mesh/mesh/mesh_11_7/tile_0_0                                                    
   166     0.03% 5.23438e-07 1.64863e-02 1.51599e-02 3.16468e-02  10 /ChipTop/system/tile_prci_domain/tile_reset_domain_tile/gemmini/ex_controller/mesh/mesh/mesh_11_7/tile_0_0/mac_unit                                           
   738     0.11% 2.23129e-06 4.82077e-02 2.86561e-02 7.68660e-02   8 /ChipTop/system/tile_prci_domain/tile_reset_domain_tile/gemmini/ex_controller/mesh/mesh/mesh_7_8                                                              
   738     0.11% 2.23129e-06 4.82077e-02 2.86561e-02 7.68660e-02   9 /ChipTop/system/tile_prci_domain/tile_reset_domain_tile/gemmini/ex_controller/mesh/mesh/mesh_7_8/tile_0_0                                                     
   163     0.02% 5.16320e-07 1.67229e-02 1.53130e-02 3.20364e-02  10 /ChipTop/system/tile_prci_domain/tile_reset_domain_tile/gemmini/ex_controller/mesh/mesh/mesh_7_8/tile_0_0/mac_unit                                            
   741     0.11% 2.23808e-06 4.78710e-02 2.89378e-02 7.68110e-02   8 /ChipTop/system/tile_prci_domain/tile_reset_domain_tile/gemmini/ex_controller/mesh/mesh/mesh_1_11                                                             
   741     0.11% 2.23808e-06 4.78710e-02 2.89378e-02 7.68110e-02   9 /ChipTop/system/tile_prci_domain/tile_reset_domain_tile/gemmini/ex_controller/mesh/mesh/mesh_1_11/tile_0_0                                                    
   166     0.03% 5.05069e-07 1.69483e-02 1.58375e-02 3.27863e-02  10 /ChipTop/system/tile_prci_domain/tile_reset_domain_tile/gemmini/ex_controller/mesh/mesh/mesh_1_11/tile_0_0/mac_unit                                           
   738     0.11% 2.23290e-06 4.79927e-02 2.87921e-02 7.67870e-02   8 /ChipTop/system/tile_prci_domain/tile_reset_domain_tile/gemmini/ex_controller/mesh/mesh/mesh_9_13                                                             
   738     0.11% 2.23290e-06 4.79927e-02 2.87921e-02 7.67870e-02   9 /ChipTop/system/tile_prci_domain/tile_reset_domain_tile/gemmini/ex_controller/mesh/mesh/mesh_9_13/tile_0_0                                                    
   163     0.02% 5.11595e-07 1.66501e-02 1.54491e-02 3.20998e-02  10 /ChipTop/system/tile_prci_domain/tile_reset_domain_tile/gemmini/ex_controller/mesh/mesh/mesh_9_13/tile_0_0/mac_unit                                           
   738     0.11% 2.23218e-06 4.78325e-02 2.88683e-02 7.67031e-02   8 /ChipTop/system/tile_prci_domain/tile_reset_domain_tile/gemmini/ex_controller/mesh/mesh/mesh_7_9                                                              
   738     0.11% 2.23218e-06 4.78325e-02 2.88683e-02 7.67031e-02   9 /ChipTop/system/tile_prci_domain/tile_reset_domain_tile/gemmini/ex_controller/mesh/mesh/mesh_7_9/tile_0_0                                                     
   163     0.02% 5.12395e-07 1.75938e-02 1.63117e-02 3.39061e-02  10 /ChipTop/system/tile_prci_domain/tile_reset_domain_tile/gemmini/ex_controller/mesh/mesh/mesh_7_9/tile_0_0/mac_unit                                            
   738     0.11% 2.25331e-06 4.84542e-02 2.82058e-02 7.66622e-02   8 /ChipTop/system/tile_prci_domain/tile_reset_domain_tile/gemmini/ex_controller/mesh/mesh/mesh_13_15                                                            
   738     0.11% 2.25331e-06 4.84542e-02 2.82058e-02 7.66622e-02   9 /ChipTop/system/tile_prci_domain/tile_reset_domain_tile/gemmini/ex_controller/mesh/mesh/mesh_13_15/tile_0_0                                                   
   163     0.02% 5.34231e-07 1.52457e-02 1.35464e-02 2.87927e-02  10 /ChipTop/system/tile_prci_domain/tile_reset_domain_tile/gemmini/ex_controller/mesh/mesh/mesh_13_15/tile_0_0/mac_unit                                          
   741     0.11% 2.17738e-06 4.81191e-02 2.84852e-02 7.66065e-02   8 /ChipTop/system/tile_prci_domain/tile_reset_domain_tile/gemmini/ex_controller/mesh/mesh/mesh_10_7                                                             
   741     0.11% 2.17738e-06 4.81191e-02 2.84852e-02 7.66065e-02   9 /ChipTop/system/tile_prci_domain/tile_reset_domain_tile/gemmini/ex_controller/mesh/mesh/mesh_10_7/tile_0_0                                                    
   166     0.03% 5.15744e-07 1.64184e-02 1.48948e-02 3.13138e-02  10 /ChipTop/system/tile_prci_domain/tile_reset_domain_tile/gemmini/ex_controller/mesh/mesh/mesh_10_7/tile_0_0/mac_unit                                           
   741     0.11% 2.23098e-06 4.76369e-02 2.88972e-02 7.65364e-02   8 /ChipTop/system/tile_prci_domain/tile_reset_domain_tile/gemmini/ex_controller/mesh/mesh/mesh_5_3                                                              
   741     0.11% 2.23098e-06 4.76369e-02 2.88972e-02 7.65364e-02   9 /ChipTop/system/tile_prci_domain/tile_reset_domain_tile/gemmini/ex_controller/mesh/mesh/mesh_5_3/tile_0_0                                                     
   166     0.03% 5.15683e-07 1.84509e-02 1.70603e-02 3.55116e-02  10 /ChipTop/system/tile_prci_domain/tile_reset_domain_tile/gemmini/ex_controller/mesh/mesh/mesh_5_3/tile_0_0/mac_unit                                            
   741     0.11% 2.24867e-06 4.78014e-02 2.86853e-02 7.64890e-02   8 /ChipTop/system/tile_prci_domain/tile_reset_domain_tile/gemmini/ex_controller/mesh/mesh/mesh_9_7                                                              
   741     0.11% 2.24867e-06 4.78014e-02 2.86853e-02 7.64890e-02   9 /ChipTop/system/tile_prci_domain/tile_reset_domain_tile/gemmini/ex_controller/mesh/mesh/mesh_9_7/tile_0_0                                                     
   166     0.03% 5.22799e-07 1.65155e-02 1.53479e-02 3.18639e-02  10 /ChipTop/system/tile_prci_domain/tile_reset_domain_tile/gemmini/ex_controller/mesh/mesh/mesh_9_7/tile_0_0/mac_unit                                            
   738     0.11% 2.21783e-06 4.77025e-02 2.86543e-02 7.63590e-02   8 /ChipTop/system/tile_prci_domain/tile_reset_domain_tile/gemmini/ex_controller/mesh/mesh/mesh_10_13                                                            
   738     0.11% 2.21783e-06 4.77025e-02 2.86543e-02 7.63590e-02   9 /ChipTop/system/tile_prci_domain/tile_reset_domain_tile/gemmini/ex_controller/mesh/mesh/mesh_10_13/tile_0_0                                                   
   163     0.02% 4.97727e-07 1.66664e-02 1.54344e-02 3.21013e-02  10 /ChipTop/system/tile_prci_domain/tile_reset_domain_tile/gemmini/ex_controller/mesh/mesh/mesh_10_13/tile_0_0/mac_unit                                          
   741     0.11% 2.20767e-06 4.77208e-02 2.85956e-02 7.63186e-02   8 /ChipTop/system/tile_prci_domain/tile_reset_domain_tile/gemmini/ex_controller/mesh/mesh/mesh_11_10                                                            
   741     0.11% 2.20767e-06 4.77208e-02 2.85956e-02 7.63186e-02   9 /ChipTop/system/tile_prci_domain/tile_reset_domain_tile/gemmini/ex_controller/mesh/mesh/mesh_11_10/tile_0_0                                                   
   166     0.03% 5.25786e-07 1.67681e-02 1.54038e-02 3.21724e-02  10 /ChipTop/system/tile_prci_domain/tile_reset_domain_tile/gemmini/ex_controller/mesh/mesh/mesh_11_10/tile_0_0/mac_unit                                          
   738     0.11% 2.17056e-06 4.75335e-02 2.86601e-02 7.61959e-02   8 /ChipTop/system/tile_prci_domain/tile_reset_domain_tile/gemmini/ex_controller/mesh/mesh/mesh_2_14                                                             
   738     0.11% 2.17056e-06 4.75335e-02 2.86601e-02 7.61959e-02   9 /ChipTop/system/tile_prci_domain/tile_reset_domain_tile/gemmini/ex_controller/mesh/mesh/mesh_2_14/tile_0_0                                                    
   163     0.02% 4.93362e-07 1.77652e-02 1.64933e-02 3.42590e-02  10 /ChipTop/system/tile_prci_domain/tile_reset_domain_tile/gemmini/ex_controller/mesh/mesh/mesh_2_14/tile_0_0/mac_unit                                           
   738     0.11% 2.17538e-06 4.78286e-02 2.83274e-02 7.61582e-02   8 /ChipTop/system/tile_prci_domain/tile_reset_domain_tile/gemmini/ex_controller/mesh/mesh/mesh_8_13                                                             
   738     0.11% 2.17538e-06 4.78286e-02 2.83274e-02 7.61582e-02   9 /ChipTop/system/tile_prci_domain/tile_reset_domain_tile/gemmini/ex_controller/mesh/mesh/mesh_8_13/tile_0_0                                                    
   163     0.02% 5.16107e-07 1.59904e-02 1.45654e-02 3.05563e-02  10 /ChipTop/system/tile_prci_domain/tile_reset_domain_tile/gemmini/ex_controller/mesh/mesh/mesh_8_13/tile_0_0/mac_unit                                           
   738     0.11% 2.21664e-06 4.78545e-02 2.82875e-02 7.61442e-02   8 /ChipTop/system/tile_prci_domain/tile_reset_domain_tile/gemmini/ex_controller/mesh/mesh/mesh_3_9                                                              
   738     0.11% 2.21664e-06 4.78545e-02 2.82875e-02 7.61442e-02   9 /ChipTop/system/tile_prci_domain/tile_reset_domain_tile/gemmini/ex_controller/mesh/mesh/mesh_3_9/tile_0_0                                                     
   163     0.02% 5.30659e-07 1.67282e-02 1.51710e-02 3.18997e-02  10 /ChipTop/system/tile_prci_domain/tile_reset_domain_tile/gemmini/ex_controller/mesh/mesh/mesh_3_9/tile_0_0/mac_unit                                            
   738     0.11% 2.19344e-06 4.77899e-02 2.82919e-02 7.60840e-02   8 /ChipTop/system/tile_prci_domain/tile_reset_domain_tile/gemmini/ex_controller/mesh/mesh/mesh_12_14                                                            
   738     0.11% 2.19344e-06 4.77899e-02 2.82919e-02 7.60840e-02   9 /ChipTop/system/tile_prci_domain/tile_reset_domain_tile/gemmini/ex_controller/mesh/mesh/mesh_12_14/tile_0_0                                                   
   163     0.02% 5.19228e-07 1.74204e-02 1.57834e-02 3.32043e-02  10 /ChipTop/system/tile_prci_domain/tile_reset_domain_tile/gemmini/ex_controller/mesh/mesh/mesh_12_14/tile_0_0/mac_unit                                          
   738     0.11% 2.20215e-06 4.77298e-02 2.82963e-02 7.60283e-02   8 /ChipTop/system/tile_prci_domain/tile_reset_domain_tile/gemmini/ex_controller/mesh/mesh/mesh_13_11                                                            
   738     0.11% 2.20215e-06 4.77298e-02 2.82963e-02 7.60283e-02   9 /ChipTop/system/tile_prci_domain/tile_reset_domain_tile/gemmini/ex_controller/mesh/mesh/mesh_13_11/tile_0_0                                                   
   163     0.02% 5.07418e-07 1.62167e-02 1.49084e-02 3.11256e-02  10 /ChipTop/system/tile_prci_domain/tile_reset_domain_tile/gemmini/ex_controller/mesh/mesh/mesh_13_11/tile_0_0/mac_unit                                          
   741     0.11% 2.21070e-06 4.77104e-02 2.82730e-02 7.59856e-02   8 /ChipTop/system/tile_prci_domain/tile_reset_domain_tile/gemmini/ex_controller/mesh/mesh/mesh_11_9                                                             
   741     0.11% 2.21070e-06 4.77104e-02 2.82730e-02 7.59856e-02   9 /ChipTop/system/tile_prci_domain/tile_reset_domain_tile/gemmini/ex_controller/mesh/mesh/mesh_11_9/tile_0_0                                                    
   166     0.03% 5.25876e-07 1.61340e-02 1.48745e-02 3.10090e-02  10 /ChipTop/system/tile_prci_domain/tile_reset_domain_tile/gemmini/ex_controller/mesh/mesh/mesh_11_9/tile_0_0/mac_unit                                           
   741     0.11% 2.21628e-06 4.72899e-02 2.86716e-02 7.59637e-02   8 /ChipTop/system/tile_prci_domain/tile_reset_domain_tile/gemmini/ex_controller/mesh/mesh/mesh_1_4                                                              
   741     0.11% 2.21628e-06 4.72899e-02 2.86716e-02 7.59637e-02   9 /ChipTop/system/tile_prci_domain/tile_reset_domain_tile/gemmini/ex_controller/mesh/mesh/mesh_1_4/tile_0_0                                                     
   166     0.03% 5.05864e-07 1.65364e-02 1.55899e-02 3.21268e-02  10 /ChipTop/system/tile_prci_domain/tile_reset_domain_tile/gemmini/ex_controller/mesh/mesh/mesh_1_4/tile_0_0/mac_unit                                            
   738     0.11% 2.18649e-06 4.75318e-02 2.84189e-02 7.59528e-02   8 /ChipTop/system/tile_prci_domain/tile_reset_domain_tile/gemmini/ex_controller/mesh/mesh/mesh_14_14                                                            
   738     0.11% 2.18649e-06 4.75318e-02 2.84189e-02 7.59528e-02   9 /ChipTop/system/tile_prci_domain/tile_reset_domain_tile/gemmini/ex_controller/mesh/mesh/mesh_14_14/tile_0_0                                                   
   163     0.02% 5.01417e-07 1.74636e-02 1.61006e-02 3.35646e-02  10 /ChipTop/system/tile_prci_domain/tile_reset_domain_tile/gemmini/ex_controller/mesh/mesh/mesh_14_14/tile_0_0/mac_unit                                          
   738     0.11% 2.27629e-06 4.77687e-02 2.81667e-02 7.59377e-02   8 /ChipTop/system/tile_prci_domain/tile_reset_domain_tile/gemmini/ex_controller/mesh/mesh/mesh_12_11                                                            
   738     0.11% 2.27629e-06 4.77687e-02 2.81667e-02 7.59377e-02   9 /ChipTop/system/tile_prci_domain/tile_reset_domain_tile/gemmini/ex_controller/mesh/mesh/mesh_12_11/tile_0_0                                                   
   163     0.02% 5.41175e-07 1.68262e-02 1.51145e-02 3.19412e-02  10 /ChipTop/system/tile_prci_domain/tile_reset_domain_tile/gemmini/ex_controller/mesh/mesh/mesh_12_11/tile_0_0/mac_unit                                          
   738     0.11% 2.27305e-06 4.73006e-02 2.85701e-02 7.58730e-02   8 /ChipTop/system/tile_prci_domain/tile_reset_domain_tile/gemmini/ex_controller/mesh/mesh/mesh_8_1                                                              
   738     0.11% 2.27305e-06 4.73006e-02 2.85701e-02 7.58730e-02   9 /ChipTop/system/tile_prci_domain/tile_reset_domain_tile/gemmini/ex_controller/mesh/mesh/mesh_8_1/tile_0_0                                                     
   163     0.02% 5.28351e-07 1.87549e-02 1.72871e-02 3.60425e-02  10 /ChipTop/system/tile_prci_domain/tile_reset_domain_tile/gemmini/ex_controller/mesh/mesh/mesh_8_1/tile_0_0/mac_unit                                            
   740     0.11% 2.23766e-06 4.73483e-02 2.84815e-02 7.58321e-02   8 /ChipTop/system/tile_prci_domain/tile_reset_domain_tile/gemmini/ex_controller/mesh/mesh/mesh_8_9                                                              
   740     0.11% 2.23766e-06 4.73483e-02 2.84815e-02 7.58321e-02   9 /ChipTop/system/tile_prci_domain/tile_reset_domain_tile/gemmini/ex_controller/mesh/mesh/mesh_8_9/tile_0_0                                                     
   163     0.02% 5.21723e-07 1.71319e-02 1.60748e-02 3.32071e-02  10 /ChipTop/system/tile_prci_domain/tile_reset_domain_tile/gemmini/ex_controller/mesh/mesh/mesh_8_9/tile_0_0/mac_unit                                            
   741     0.11% 2.24906e-06 4.73564e-02 2.84555e-02 7.58142e-02   8 /ChipTop/system/tile_prci_domain/tile_reset_domain_tile/gemmini/ex_controller/mesh/mesh/mesh_4_11                                                             
   741     0.11% 2.24906e-06 4.73564e-02 2.84555e-02 7.58142e-02   9 /ChipTop/system/tile_prci_domain/tile_reset_domain_tile/gemmini/ex_controller/mesh/mesh/mesh_4_11/tile_0_0                                                    
   166     0.03% 5.22281e-07 1.66201e-02 1.54934e-02 3.21140e-02  10 /ChipTop/system/tile_prci_domain/tile_reset_domain_tile/gemmini/ex_controller/mesh/mesh/mesh_4_11/tile_0_0/mac_unit                                           
   738     0.11% 2.17383e-06 4.77144e-02 2.80073e-02 7.57238e-02   8 /ChipTop/system/tile_prci_domain/tile_reset_domain_tile/gemmini/ex_controller/mesh/mesh/mesh_6_8                                                              
   738     0.11% 2.17383e-06 4.77144e-02 2.80073e-02 7.57238e-02   9 /ChipTop/system/tile_prci_domain/tile_reset_domain_tile/gemmini/ex_controller/mesh/mesh/mesh_6_8/tile_0_0                                                     
   163     0.02% 5.18426e-07 1.61563e-02 1.45060e-02 3.06628e-02  10 /ChipTop/system/tile_prci_domain/tile_reset_domain_tile/gemmini/ex_controller/mesh/mesh/mesh_6_8/tile_0_0/mac_unit                                            
   741     0.11% 2.26922e-06 4.71492e-02 2.84747e-02 7.56261e-02   8 /ChipTop/system/tile_prci_domain/tile_reset_domain_tile/gemmini/ex_controller/mesh/mesh/mesh_6_11                                                             
   741     0.11% 2.26922e-06 4.71492e-02 2.84747e-02 7.56261e-02   9 /ChipTop/system/tile_prci_domain/tile_reset_domain_tile/gemmini/ex_controller/mesh/mesh/mesh_6_11/tile_0_0                                                    
   166     0.03% 5.28538e-07 1.66368e-02 1.55584e-02 3.21958e-02  10 /ChipTop/system/tile_prci_domain/tile_reset_domain_tile/gemmini/ex_controller/mesh/mesh/mesh_6_11/tile_0_0/mac_unit                                           
   738     0.11% 2.25029e-06 4.75819e-02 2.80271e-02 7.56112e-02   8 /ChipTop/system/tile_prci_domain/tile_reset_domain_tile/gemmini/ex_controller/mesh/mesh/mesh_6_2                                                              
   738     0.11% 2.25029e-06 4.75819e-02 2.80271e-02 7.56112e-02   9 /ChipTop/system/tile_prci_domain/tile_reset_domain_tile/gemmini/ex_controller/mesh/mesh/mesh_6_2/tile_0_0                                                     
   163     0.02% 5.27402e-07 1.61981e-02 1.47615e-02 3.09601e-02  10 /ChipTop/system/tile_prci_domain/tile_reset_domain_tile/gemmini/ex_controller/mesh/mesh/mesh_6_2/tile_0_0/mac_unit                                            
   738     0.11% 2.23249e-06 4.74984e-02 2.80496e-02 7.55502e-02   8 /ChipTop/system/tile_prci_domain/tile_reset_domain_tile/gemmini/ex_controller/mesh/mesh/mesh_14_8                                                             
   738     0.11% 2.23249e-06 4.74984e-02 2.80496e-02 7.55502e-02   9 /ChipTop/system/tile_prci_domain/tile_reset_domain_tile/gemmini/ex_controller/mesh/mesh/mesh_14_8/tile_0_0                                                    
   163     0.02% 5.18625e-07 1.62348e-02 1.47023e-02 3.09376e-02  10 /ChipTop/system/tile_prci_domain/tile_reset_domain_tile/gemmini/ex_controller/mesh/mesh/mesh_14_8/tile_0_0/mac_unit                                           
   738     0.11% 2.25257e-06 4.73155e-02 2.82093e-02 7.55271e-02   8 /ChipTop/system/tile_prci_domain/tile_reset_domain_tile/gemmini/ex_controller/mesh/mesh/mesh_13_14                                                            
   738     0.11% 2.25257e-06 4.73155e-02 2.82093e-02 7.55271e-02   9 /ChipTop/system/tile_prci_domain/tile_reset_domain_tile/gemmini/ex_controller/mesh/mesh/mesh_13_14/tile_0_0                                                   
   163     0.02% 5.19792e-07 1.74263e-02 1.59514e-02 3.33782e-02  10 /ChipTop/system/tile_prci_domain/tile_reset_domain_tile/gemmini/ex_controller/mesh/mesh/mesh_13_14/tile_0_0/mac_unit                                          
   738     0.11% 2.26088e-06 4.72835e-02 2.81793e-02 7.54651e-02   8 /ChipTop/system/tile_prci_domain/tile_reset_domain_tile/gemmini/ex_controller/mesh/mesh/mesh_11_4                                                             
   738     0.11% 2.26088e-06 4.72835e-02 2.81793e-02 7.54651e-02   9 /ChipTop/system/tile_prci_domain/tile_reset_domain_tile/gemmini/ex_controller/mesh/mesh/mesh_11_4/tile_0_0                                                    
   163     0.02% 5.34563e-07 1.64798e-02 1.51606e-02 3.16409e-02  10 /ChipTop/system/tile_prci_domain/tile_reset_domain_tile/gemmini/ex_controller/mesh/mesh/mesh_11_4/tile_0_0/mac_unit                                           
   741     0.11% 2.24156e-06 4.68722e-02 2.85652e-02 7.54396e-02   8 /ChipTop/system/tile_prci_domain/tile_reset_domain_tile/gemmini/ex_controller/mesh/mesh/mesh_13_5                                                             
   741     0.11% 2.24156e-06 4.68722e-02 2.85652e-02 7.54396e-02   9 /ChipTop/system/tile_prci_domain/tile_reset_domain_tile/gemmini/ex_controller/mesh/mesh/mesh_13_5/tile_0_0                                                    
   166     0.03% 5.05945e-07 1.86251e-02 1.74340e-02 3.60596e-02  10 /ChipTop/system/tile_prci_domain/tile_reset_domain_tile/gemmini/ex_controller/mesh/mesh/mesh_13_5/tile_0_0/mac_unit                                           
   741     0.11% 2.20027e-06 4.67186e-02 2.86206e-02 7.53414e-02   8 /ChipTop/system/tile_prci_domain/tile_reset_domain_tile/gemmini/ex_controller/mesh/mesh/mesh_7_5                                                              
   741     0.11% 2.20027e-06 4.67186e-02 2.86206e-02 7.53414e-02   9 /ChipTop/system/tile_prci_domain/tile_reset_domain_tile/gemmini/ex_controller/mesh/mesh/mesh_7_5/tile_0_0                                                     
   166     0.03% 5.00832e-07 1.84687e-02 1.73164e-02 3.57856e-02  10 /ChipTop/system/tile_prci_domain/tile_reset_domain_tile/gemmini/ex_controller/mesh/mesh/mesh_7_5/tile_0_0/mac_unit                                            
   741     0.11% 2.24221e-06 4.69119e-02 2.84046e-02 7.53187e-02   8 /ChipTop/system/tile_prci_domain/tile_reset_domain_tile/gemmini/ex_controller/mesh/mesh/mesh_12_6                                                             
   741     0.11% 2.24221e-06 4.69119e-02 2.84046e-02 7.53187e-02   9 /ChipTop/system/tile_prci_domain/tile_reset_domain_tile/gemmini/ex_controller/mesh/mesh/mesh_12_6/tile_0_0                                                    
   166     0.03% 5.19880e-07 1.90012e-02 1.77680e-02 3.67697e-02  10 /ChipTop/system/tile_prci_domain/tile_reset_domain_tile/gemmini/ex_controller/mesh/mesh/mesh_12_6/tile_0_0/mac_unit                                           
   740     0.11% 2.21423e-06 4.69770e-02 2.83385e-02 7.53177e-02   8 /ChipTop/system/tile_prci_domain/tile_reset_domain_tile/gemmini/ex_controller/mesh/mesh/mesh_10_4                                                             
   740     0.11% 2.21423e-06 4.69770e-02 2.83385e-02 7.53177e-02   9 /ChipTop/system/tile_prci_domain/tile_reset_domain_tile/gemmini/ex_controller/mesh/mesh/mesh_10_4/tile_0_0                                                    
   163     0.02% 5.13931e-07 1.59912e-02 1.54775e-02 3.14691e-02  10 /ChipTop/system/tile_prci_domain/tile_reset_domain_tile/gemmini/ex_controller/mesh/mesh/mesh_10_4/tile_0_0/mac_unit                                           
   738     0.11% 2.23371e-06 4.70483e-02 2.82187e-02 7.52693e-02   8 /ChipTop/system/tile_prci_domain/tile_reset_domain_tile/gemmini/ex_controller/mesh/mesh/mesh_14_1                                                             
   738     0.11% 2.23371e-06 4.70483e-02 2.82187e-02 7.52693e-02   9 /ChipTop/system/tile_prci_domain/tile_reset_domain_tile/gemmini/ex_controller/mesh/mesh/mesh_14_1/tile_0_0                                                    
   163     0.02% 5.10972e-07 1.80347e-02 1.65701e-02 3.46053e-02  10 /ChipTop/system/tile_prci_domain/tile_reset_domain_tile/gemmini/ex_controller/mesh/mesh/mesh_14_1/tile_0_0/mac_unit                                           
   741     0.11% 2.25688e-06 4.69578e-02 2.82731e-02 7.52332e-02   8 /ChipTop/system/tile_prci_domain/tile_reset_domain_tile/gemmini/ex_controller/mesh/mesh/mesh_14_9                                                             
   741     0.11% 2.25688e-06 4.69578e-02 2.82731e-02 7.52332e-02   9 /ChipTop/system/tile_prci_domain/tile_reset_domain_tile/gemmini/ex_controller/mesh/mesh/mesh_14_9/tile_0_0                                                    
   166     0.03% 5.29597e-07 1.61963e-02 1.52733e-02 3.14702e-02  10 /ChipTop/system/tile_prci_domain/tile_reset_domain_tile/gemmini/ex_controller/mesh/mesh/mesh_14_9/tile_0_0/mac_unit                                           
   738     0.11% 2.21376e-06 4.72354e-02 2.79761e-02 7.52137e-02   8 /ChipTop/system/tile_prci_domain/tile_reset_domain_tile/gemmini/ex_controller/mesh/mesh/mesh_7_10                                                             
   738     0.11% 2.21376e-06 4.72354e-02 2.79761e-02 7.52137e-02   9 /ChipTop/system/tile_prci_domain/tile_reset_domain_tile/gemmini/ex_controller/mesh/mesh/mesh_7_10/tile_0_0                                                    
   163     0.02% 5.22791e-07 1.63330e-02 1.49023e-02 3.12359e-02  10 /ChipTop/system/tile_prci_domain/tile_reset_domain_tile/gemmini/ex_controller/mesh/mesh/mesh_7_10/tile_0_0/mac_unit                                           
   738     0.11% 2.27032e-06 4.73259e-02 2.78410e-02 7.51691e-02   8 /ChipTop/system/tile_prci_domain/tile_reset_domain_tile/gemmini/ex_controller/mesh/mesh/mesh_6_7                                                              
   738     0.11% 2.27032e-06 4.73259e-02 2.78410e-02 7.51691e-02   9 /ChipTop/system/tile_prci_domain/tile_reset_domain_tile/gemmini/ex_controller/mesh/mesh/mesh_6_7/tile_0_0                                                     
   163     0.02% 5.48059e-07 1.62284e-02 1.46229e-02 3.08518e-02  10 /ChipTop/system/tile_prci_domain/tile_reset_domain_tile/gemmini/ex_controller/mesh/mesh/mesh_6_7/tile_0_0/mac_unit                                            
   738     0.11% 2.20024e-06 4.72440e-02 2.78152e-02 7.50614e-02   8 /ChipTop/system/tile_prci_domain/tile_reset_domain_tile/gemmini/ex_controller/mesh/mesh/mesh_12_12                                                            
   738     0.11% 2.20024e-06 4.72440e-02 2.78152e-02 7.50614e-02   9 /ChipTop/system/tile_prci_domain/tile_reset_domain_tile/gemmini/ex_controller/mesh/mesh/mesh_12_12/tile_0_0                                                   
   163     0.02% 5.10072e-07 1.74128e-02 1.57844e-02 3.31976e-02  10 /ChipTop/system/tile_prci_domain/tile_reset_domain_tile/gemmini/ex_controller/mesh/mesh/mesh_12_12/tile_0_0/mac_unit                                          
   738     0.11% 2.17676e-06 4.69780e-02 2.80372e-02 7.50174e-02   8 /ChipTop/system/tile_prci_domain/tile_reset_domain_tile/gemmini/ex_controller/mesh/mesh/mesh_3_14                                                             
   738     0.11% 2.17676e-06 4.69780e-02 2.80372e-02 7.50174e-02   9 /ChipTop/system/tile_prci_domain/tile_reset_domain_tile/gemmini/ex_controller/mesh/mesh/mesh_3_14/tile_0_0                                                    
   163     0.02% 5.00078e-07 1.71661e-02 1.58476e-02 3.30141e-02  10 /ChipTop/system/tile_prci_domain/tile_reset_domain_tile/gemmini/ex_controller/mesh/mesh/mesh_3_14/tile_0_0/mac_unit                                           
   741     0.11% 2.19671e-06 4.68995e-02 2.80919e-02 7.49936e-02   8 /ChipTop/system/tile_prci_domain/tile_reset_domain_tile/gemmini/ex_controller/mesh/mesh/mesh_11_5                                                             
   741     0.11% 2.19671e-06 4.68995e-02 2.80919e-02 7.49936e-02   9 /ChipTop/system/tile_prci_domain/tile_reset_domain_tile/gemmini/ex_controller/mesh/mesh/mesh_11_5/tile_0_0                                                    
   166     0.03% 5.04537e-07 1.83380e-02 1.68632e-02 3.52017e-02  10 /ChipTop/system/tile_prci_domain/tile_reset_domain_tile/gemmini/ex_controller/mesh/mesh/mesh_11_5/tile_0_0/mac_unit                                           
   738     0.11% 2.26932e-06 4.72608e-02 2.77090e-02 7.49721e-02   8 /ChipTop/system/tile_prci_domain/tile_reset_domain_tile/gemmini/ex_controller/mesh/mesh/mesh_2_13                                                             
   738     0.11% 2.26932e-06 4.72608e-02 2.77090e-02 7.49721e-02   9 /ChipTop/system/tile_prci_domain/tile_reset_domain_tile/gemmini/ex_controller/mesh/mesh/mesh_2_13/tile_0_0                                                    
   163     0.02% 5.40551e-07 1.62360e-02 1.44871e-02 3.07236e-02  10 /ChipTop/system/tile_prci_domain/tile_reset_domain_tile/gemmini/ex_controller/mesh/mesh/mesh_2_13/tile_0_0/mac_unit                                           
   741     0.11% 2.23878e-06 4.72181e-02 2.76917e-02 7.49120e-02   8 /ChipTop/system/tile_prci_domain/tile_reset_domain_tile/gemmini/ex_controller/mesh/mesh/mesh_2_4                                                              
   741     0.11% 2.23878e-06 4.72181e-02 2.76917e-02 7.49120e-02   9 /ChipTop/system/tile_prci_domain/tile_reset_domain_tile/gemmini/ex_controller/mesh/mesh/mesh_2_4/tile_0_0                                                     
   166     0.03% 5.24151e-07 1.58589e-02 1.44626e-02 3.03220e-02  10 /ChipTop/system/tile_prci_domain/tile_reset_domain_tile/gemmini/ex_controller/mesh/mesh/mesh_2_4/tile_0_0/mac_unit                                            
   741     0.11% 2.20607e-06 4.70008e-02 2.77950e-02 7.47980e-02   8 /ChipTop/system/tile_prci_domain/tile_reset_domain_tile/gemmini/ex_controller/mesh/mesh/mesh_12_13                                                            
   741     0.11% 2.20607e-06 4.70008e-02 2.77950e-02 7.47980e-02   9 /ChipTop/system/tile_prci_domain/tile_reset_domain_tile/gemmini/ex_controller/mesh/mesh/mesh_12_13/tile_0_0                                                   
   166     0.03% 5.27022e-07 1.55142e-02 1.41577e-02 2.96724e-02  10 /ChipTop/system/tile_prci_domain/tile_reset_domain_tile/gemmini/ex_controller/mesh/mesh/mesh_12_13/tile_0_0/mac_unit                                          
   738     0.11% 2.24657e-06 4.71995e-02 2.74995e-02 7.47012e-02   8 /ChipTop/system/tile_prci_domain/tile_reset_domain_tile/gemmini/ex_controller/mesh/mesh/mesh_9_4                                                              
   738     0.11% 2.24657e-06 4.71995e-02 2.74995e-02 7.47012e-02   9 /ChipTop/system/tile_prci_domain/tile_reset_domain_tile/gemmini/ex_controller/mesh/mesh/mesh_9_4/tile_0_0                                                     
   163     0.02% 5.27604e-07 1.61257e-02 1.44052e-02 3.05314e-02  10 /ChipTop/system/tile_prci_domain/tile_reset_domain_tile/gemmini/ex_controller/mesh/mesh/mesh_9_4/tile_0_0/mac_unit                                            
   738     0.11% 2.23536e-06 4.70489e-02 2.75760e-02 7.46271e-02   8 /ChipTop/system/tile_prci_domain/tile_reset_domain_tile/gemmini/ex_controller/mesh/mesh/mesh_11_8                                                             
   738     0.11% 2.23536e-06 4.70489e-02 2.75760e-02 7.46271e-02   9 /ChipTop/system/tile_prci_domain/tile_reset_domain_tile/gemmini/ex_controller/mesh/mesh/mesh_11_8/tile_0_0                                                    
   163     0.02% 5.30246e-07 1.57314e-02 1.43465e-02 3.00785e-02  10 /ChipTop/system/tile_prci_domain/tile_reset_domain_tile/gemmini/ex_controller/mesh/mesh/mesh_11_8/tile_0_0/mac_unit                                           
   738     0.11% 2.25223e-06 4.67370e-02 2.78325e-02 7.45718e-02   8 /ChipTop/system/tile_prci_domain/tile_reset_domain_tile/gemmini/ex_controller/mesh/mesh/mesh_8_12                                                             
   738     0.11% 2.25223e-06 4.67370e-02 2.78325e-02 7.45718e-02   9 /ChipTop/system/tile_prci_domain/tile_reset_domain_tile/gemmini/ex_controller/mesh/mesh/mesh_8_12/tile_0_0                                                    
   163     0.02% 5.25875e-07 1.76185e-02 1.60221e-02 3.36411e-02  10 /ChipTop/system/tile_prci_domain/tile_reset_domain_tile/gemmini/ex_controller/mesh/mesh/mesh_8_12/tile_0_0/mac_unit                                           
   741     0.11% 2.17499e-06 4.69518e-02 2.75307e-02 7.44847e-02   8 /ChipTop/system/tile_prci_domain/tile_reset_domain_tile/gemmini/ex_controller/mesh/mesh/mesh_15_13                                                            
   741     0.11% 2.17499e-06 4.69518e-02 2.75307e-02 7.44847e-02   9 /ChipTop/system/tile_prci_domain/tile_reset_domain_tile/gemmini/ex_controller/mesh/mesh/mesh_15_13/tile_0_0                                                   
   166     0.03% 5.25832e-07 1.52574e-02 1.38938e-02 2.91517e-02  10 /ChipTop/system/tile_prci_domain/tile_reset_domain_tile/gemmini/ex_controller/mesh/mesh/mesh_15_13/tile_0_0/mac_unit                                          
   741     0.11% 2.20551e-06 4.66547e-02 2.77439e-02 7.44007e-02   8 /ChipTop/system/tile_prci_domain/tile_reset_domain_tile/gemmini/ex_controller/mesh/mesh/mesh_13_9                                                             
   741     0.11% 2.20551e-06 4.66547e-02 2.77439e-02 7.44007e-02   9 /ChipTop/system/tile_prci_domain/tile_reset_domain_tile/gemmini/ex_controller/mesh/mesh/mesh_13_9/tile_0_0                                                    
   166     0.03% 5.18326e-07 1.53803e-02 1.44059e-02 2.97867e-02  10 /ChipTop/system/tile_prci_domain/tile_reset_domain_tile/gemmini/ex_controller/mesh/mesh/mesh_13_9/tile_0_0/mac_unit                                           
   740     0.11% 2.25717e-06 4.63900e-02 2.79838e-02 7.43760e-02   8 /ChipTop/system/tile_prci_domain/tile_reset_domain_tile/gemmini/ex_controller/mesh/mesh/mesh_11_0                                                             
   740     0.11% 2.25717e-06 4.63900e-02 2.79838e-02 7.43760e-02   9 /ChipTop/system/tile_prci_domain/tile_reset_domain_tile/gemmini/ex_controller/mesh/mesh/mesh_11_0/tile_0_0                                                    
   163     0.02% 5.19276e-07 1.87257e-02 1.77123e-02 3.64386e-02  10 /ChipTop/system/tile_prci_domain/tile_reset_domain_tile/gemmini/ex_controller/mesh/mesh/mesh_11_0/tile_0_0/mac_unit                                           
   738     0.11% 2.18614e-06 4.67208e-02 2.76374e-02 7.43604e-02   8 /ChipTop/system/tile_prci_domain/tile_reset_domain_tile/gemmini/ex_controller/mesh/mesh/mesh_7_12                                                             
   738     0.11% 2.18614e-06 4.67208e-02 2.76374e-02 7.43604e-02   9 /ChipTop/system/tile_prci_domain/tile_reset_domain_tile/gemmini/ex_controller/mesh/mesh/mesh_7_12/tile_0_0                                                    
   163     0.02% 5.01843e-07 1.72428e-02 1.57876e-02 3.30309e-02  10 /ChipTop/system/tile_prci_domain/tile_reset_domain_tile/gemmini/ex_controller/mesh/mesh/mesh_7_12/tile_0_0/mac_unit                                           
   738     0.11% 2.24490e-06 4.68932e-02 2.74299e-02 7.43253e-02   8 /ChipTop/system/tile_prci_domain/tile_reset_domain_tile/gemmini/ex_controller/mesh/mesh/mesh_2_2                                                              
   738     0.11% 2.24490e-06 4.68932e-02 2.74299e-02 7.43253e-02   9 /ChipTop/system/tile_prci_domain/tile_reset_domain_tile/gemmini/ex_controller/mesh/mesh/mesh_2_2/tile_0_0                                                     
   163     0.02% 5.17987e-07 1.57447e-02 1.41446e-02 2.98899e-02  10 /ChipTop/system/tile_prci_domain/tile_reset_domain_tile/gemmini/ex_controller/mesh/mesh/mesh_2_2/tile_0_0/mac_unit                                            
   741     0.11% 2.19375e-06 4.64028e-02 2.78539e-02 7.42589e-02   8 /ChipTop/system/tile_prci_domain/tile_reset_domain_tile/gemmini/ex_controller/mesh/mesh/mesh_6_6                                                              
   741     0.11% 2.19375e-06 4.64028e-02 2.78539e-02 7.42589e-02   9 /ChipTop/system/tile_prci_domain/tile_reset_domain_tile/gemmini/ex_controller/mesh/mesh/mesh_6_6/tile_0_0                                                     
   166     0.03% 5.02390e-07 1.83909e-02 1.70624e-02 3.54538e-02  10 /ChipTop/system/tile_prci_domain/tile_reset_domain_tile/gemmini/ex_controller/mesh/mesh/mesh_6_6/tile_0_0/mac_unit                                            
   738     0.11% 2.19207e-06 4.67353e-02 2.74940e-02 7.42315e-02   8 /ChipTop/system/tile_prci_domain/tile_reset_domain_tile/gemmini/ex_controller/mesh/mesh/mesh_3_7                                                              
   738     0.11% 2.19207e-06 4.67353e-02 2.74940e-02 7.42315e-02   9 /ChipTop/system/tile_prci_domain/tile_reset_domain_tile/gemmini/ex_controller/mesh/mesh/mesh_3_7/tile_0_0                                                     
   163     0.02% 5.05319e-07 1.55601e-02 1.42274e-02 2.97880e-02  10 /ChipTop/system/tile_prci_domain/tile_reset_domain_tile/gemmini/ex_controller/mesh/mesh/mesh_3_7/tile_0_0/mac_unit                                            
   741     0.11% 2.23908e-06 4.64038e-02 2.77196e-02 7.41256e-02   8 /ChipTop/system/tile_prci_domain/tile_reset_domain_tile/gemmini/ex_controller/mesh/mesh/mesh_15_10                                                            
   741     0.11% 2.23908e-06 4.64038e-02 2.77196e-02 7.41256e-02   9 /ChipTop/system/tile_prci_domain/tile_reset_domain_tile/gemmini/ex_controller/mesh/mesh/mesh_15_10/tile_0_0                                                   
   166     0.03% 5.08142e-07 1.62791e-02 1.49982e-02 3.12778e-02  10 /ChipTop/system/tile_prci_domain/tile_reset_domain_tile/gemmini/ex_controller/mesh/mesh/mesh_15_10/tile_0_0/mac_unit                                          
   738     0.11% 2.17388e-06 4.69143e-02 2.71899e-02 7.41063e-02   8 /ChipTop/system/tile_prci_domain/tile_reset_domain_tile/gemmini/ex_controller/mesh/mesh/mesh_1_13                                                             
   738     0.11% 2.17388e-06 4.69143e-02 2.71899e-02 7.41063e-02   9 /ChipTop/system/tile_prci_domain/tile_reset_domain_tile/gemmini/ex_controller/mesh/mesh/mesh_1_13/tile_0_0                                                    
   163     0.02% 5.15178e-07 1.46993e-02 1.32184e-02 2.79183e-02  10 /ChipTop/system/tile_prci_domain/tile_reset_domain_tile/gemmini/ex_controller/mesh/mesh/mesh_1_13/tile_0_0/mac_unit                                           
   740     0.11% 2.20047e-06 4.64872e-02 2.76099e-02 7.40993e-02   8 /ChipTop/system/tile_prci_domain/tile_reset_domain_tile/gemmini/ex_controller/mesh/mesh/mesh_3_12                                                             
   740     0.11% 2.20047e-06 4.64872e-02 2.76099e-02 7.40993e-02   9 /ChipTop/system/tile_prci_domain/tile_reset_domain_tile/gemmini/ex_controller/mesh/mesh/mesh_3_12/tile_0_0                                                    
   163     0.02% 5.02356e-07 1.68847e-02 1.59347e-02 3.28199e-02  10 /ChipTop/system/tile_prci_domain/tile_reset_domain_tile/gemmini/ex_controller/mesh/mesh/mesh_3_12/tile_0_0/mac_unit                                           
   741     0.11% 2.21980e-06 4.64051e-02 2.76492e-02 7.40565e-02   8 /ChipTop/system/tile_prci_domain/tile_reset_domain_tile/gemmini/ex_controller/mesh/mesh/mesh_11_3                                                             
   741     0.11% 2.21980e-06 4.64051e-02 2.76492e-02 7.40565e-02   9 /ChipTop/system/tile_prci_domain/tile_reset_domain_tile/gemmini/ex_controller/mesh/mesh/mesh_11_3/tile_0_0                                                    
   166     0.03% 5.17250e-07 1.70358e-02 1.57832e-02 3.28195e-02  10 /ChipTop/system/tile_prci_domain/tile_reset_domain_tile/gemmini/ex_controller/mesh/mesh/mesh_11_3/tile_0_0/mac_unit                                           
   738     0.11% 2.18070e-06 4.67062e-02 2.73462e-02 7.40546e-02   8 /ChipTop/system/tile_prci_domain/tile_reset_domain_tile/gemmini/ex_controller/mesh/mesh/mesh_15_4                                                             
   738     0.11% 2.18070e-06 4.67062e-02 2.73462e-02 7.40546e-02   9 /ChipTop/system/tile_prci_domain/tile_reset_domain_tile/gemmini/ex_controller/mesh/mesh/mesh_15_4/tile_0_0                                                    
   163     0.02% 5.06516e-07 1.52373e-02 1.38469e-02 2.90848e-02  10 /ChipTop/system/tile_prci_domain/tile_reset_domain_tile/gemmini/ex_controller/mesh/mesh/mesh_15_4/tile_0_0/mac_unit                                           
   738     0.11% 2.24900e-06 4.71622e-02 2.68736e-02 7.40380e-02   8 /ChipTop/system/tile_prci_domain/tile_reset_domain_tile/gemmini/ex_controller/mesh/mesh/mesh_9_2                                                              
   738     0.11% 2.24900e-06 4.71622e-02 2.68736e-02 7.40380e-02   9 /ChipTop/system/tile_prci_domain/tile_reset_domain_tile/gemmini/ex_controller/mesh/mesh/mesh_9_2/tile_0_0                                                     
   163     0.02% 5.32203e-07 1.53496e-02 1.35125e-02 2.88626e-02  10 /ChipTop/system/tile_prci_domain/tile_reset_domain_tile/gemmini/ex_controller/mesh/mesh/mesh_9_2/tile_0_0/mac_unit                                            
   741     0.11% 2.17921e-06 4.66236e-02 2.73424e-02 7.39682e-02   8 /ChipTop/system/tile_prci_domain/tile_reset_domain_tile/gemmini/ex_controller/mesh/mesh/mesh_3_13                                                             
   741     0.11% 2.17921e-06 4.66236e-02 2.73424e-02 7.39682e-02   9 /ChipTop/system/tile_prci_domain/tile_reset_domain_tile/gemmini/ex_controller/mesh/mesh/mesh_3_13/tile_0_0                                                    
   166     0.03% 5.09425e-07 1.50439e-02 1.38147e-02 2.88591e-02  10 /ChipTop/system/tile_prci_domain/tile_reset_domain_tile/gemmini/ex_controller/mesh/mesh/mesh_3_13/tile_0_0/mac_unit                                           
   741     0.11% 2.18175e-06 4.63789e-02 2.74914e-02 7.38725e-02   8 /ChipTop/system/tile_prci_domain/tile_reset_domain_tile/gemmini/ex_controller/mesh/mesh/mesh_4_3                                                              
   741     0.11% 2.18175e-06 4.63789e-02 2.74914e-02 7.38725e-02   9 /ChipTop/system/tile_prci_domain/tile_reset_domain_tile/gemmini/ex_controller/mesh/mesh/mesh_4_3/tile_0_0                                                     
   166     0.03% 5.02712e-07 1.68952e-02 1.56348e-02 3.25305e-02  10 /ChipTop/system/tile_prci_domain/tile_reset_domain_tile/gemmini/ex_controller/mesh/mesh/mesh_4_3/tile_0_0/mac_unit                                            
   741     0.11% 2.22608e-06 4.63149e-02 2.74501e-02 7.37672e-02   8 /ChipTop/system/tile_prci_domain/tile_reset_domain_tile/gemmini/ex_controller/mesh/mesh/mesh_9_10                                                             
   741     0.11% 2.22608e-06 4.63149e-02 2.74501e-02 7.37672e-02   9 /ChipTop/system/tile_prci_domain/tile_reset_domain_tile/gemmini/ex_controller/mesh/mesh/mesh_9_10/tile_0_0                                                    
   166     0.03% 5.25104e-07 1.55488e-02 1.44574e-02 3.00067e-02  10 /ChipTop/system/tile_prci_domain/tile_reset_domain_tile/gemmini/ex_controller/mesh/mesh/mesh_9_10/tile_0_0/mac_unit                                           
   741     0.11% 2.18851e-06 4.64534e-02 2.73006e-02 7.37562e-02   8 /ChipTop/system/tile_prci_domain/tile_reset_domain_tile/gemmini/ex_controller/mesh/mesh/mesh_14_10                                                            
   741     0.11% 2.18851e-06 4.64534e-02 2.73006e-02 7.37562e-02   9 /ChipTop/system/tile_prci_domain/tile_reset_domain_tile/gemmini/ex_controller/mesh/mesh/mesh_14_10/tile_0_0                                                   
   166     0.03% 5.18332e-07 1.54959e-02 1.42261e-02 2.97225e-02  10 /ChipTop/system/tile_prci_domain/tile_reset_domain_tile/gemmini/ex_controller/mesh/mesh/mesh_14_10/tile_0_0/mac_unit                                          
   741     0.11% 2.19818e-06 4.63120e-02 2.74036e-02 7.37177e-02   8 /ChipTop/system/tile_prci_domain/tile_reset_domain_tile/gemmini/ex_controller/mesh/mesh/mesh_2_12                                                             
   741     0.11% 2.19818e-06 4.63120e-02 2.74036e-02 7.37177e-02   9 /ChipTop/system/tile_prci_domain/tile_reset_domain_tile/gemmini/ex_controller/mesh/mesh/mesh_2_12/tile_0_0                                                    
   166     0.03% 5.13847e-07 1.68438e-02 1.54410e-02 3.22853e-02  10 /ChipTop/system/tile_prci_domain/tile_reset_domain_tile/gemmini/ex_controller/mesh/mesh/mesh_2_12/tile_0_0/mac_unit                                           
   740     0.11% 2.24874e-06 4.63015e-02 2.73609e-02 7.36646e-02   8 /ChipTop/system/tile_prci_domain/tile_reset_domain_tile/gemmini/ex_controller/mesh/mesh/mesh_7_13                                                             
   740     0.11% 2.24874e-06 4.63015e-02 2.73609e-02 7.36646e-02   9 /ChipTop/system/tile_prci_domain/tile_reset_domain_tile/gemmini/ex_controller/mesh/mesh/mesh_7_13/tile_0_0                                                    
   163     0.02% 5.26576e-07 1.51714e-02 1.44669e-02 2.96388e-02  10 /ChipTop/system/tile_prci_domain/tile_reset_domain_tile/gemmini/ex_controller/mesh/mesh/mesh_7_13/tile_0_0/mac_unit                                           
   741     0.11% 2.22640e-06 4.60559e-02 2.75992e-02 7.36573e-02   8 /ChipTop/system/tile_prci_domain/tile_reset_domain_tile/gemmini/ex_controller/mesh/mesh/mesh_3_3                                                              
   741     0.11% 2.22640e-06 4.60559e-02 2.75992e-02 7.36573e-02   9 /ChipTop/system/tile_prci_domain/tile_reset_domain_tile/gemmini/ex_controller/mesh/mesh/mesh_3_3/tile_0_0                                                     
   166     0.03% 5.08175e-07 1.74830e-02 1.61858e-02 3.36693e-02  10 /ChipTop/system/tile_prci_domain/tile_reset_domain_tile/gemmini/ex_controller/mesh/mesh/mesh_3_3/tile_0_0/mac_unit                                            
   740     0.11% 2.20484e-06 4.58785e-02 2.77536e-02 7.36344e-02   8 /ChipTop/system/tile_prci_domain/tile_reset_domain_tile/gemmini/ex_controller/mesh/mesh/mesh_8_6                                                              
   740     0.11% 2.20484e-06 4.58785e-02 2.77536e-02 7.36344e-02   9 /ChipTop/system/tile_prci_domain/tile_reset_domain_tile/gemmini/ex_controller/mesh/mesh/mesh_8_6/tile_0_0                                                     
   163     0.02% 5.07983e-07 1.81095e-02 1.72918e-02 3.54018e-02  10 /ChipTop/system/tile_prci_domain/tile_reset_domain_tile/gemmini/ex_controller/mesh/mesh/mesh_8_6/tile_0_0/mac_unit                                            
   738     0.11% 2.25652e-06 4.62901e-02 2.73297e-02 7.36220e-02   8 /ChipTop/system/tile_prci_domain/tile_reset_domain_tile/gemmini/ex_controller/mesh/mesh/mesh_5_12                                                             
   738     0.11% 2.25652e-06 4.62901e-02 2.73297e-02 7.36220e-02   9 /ChipTop/system/tile_prci_domain/tile_reset_domain_tile/gemmini/ex_controller/mesh/mesh/mesh_5_12/tile_0_0                                                    
   163     0.02% 5.28781e-07 1.70025e-02 1.55295e-02 3.25326e-02  10 /ChipTop/system/tile_prci_domain/tile_reset_domain_tile/gemmini/ex_controller/mesh/mesh/mesh_5_12/tile_0_0/mac_unit                                           
   738     0.11% 2.16434e-06 4.63878e-02 2.71954e-02 7.35853e-02   8 /ChipTop/system/tile_prci_domain/tile_reset_domain_tile/gemmini/ex_controller/mesh/mesh/mesh_2_10                                                             
   738     0.11% 2.16434e-06 4.63878e-02 2.71954e-02 7.35853e-02   9 /ChipTop/system/tile_prci_domain/tile_reset_domain_tile/gemmini/ex_controller/mesh/mesh/mesh_2_10/tile_0_0                                                    
   163     0.02% 5.08808e-07 1.56247e-02 1.41430e-02 2.97682e-02  10 /ChipTop/system/tile_prci_domain/tile_reset_domain_tile/gemmini/ex_controller/mesh/mesh/mesh_2_10/tile_0_0/mac_unit                                           
   741     0.11% 2.19224e-06 4.58355e-02 2.76060e-02 7.34437e-02   8 /ChipTop/system/tile_prci_domain/tile_reset_domain_tile/gemmini/ex_controller/mesh/mesh/mesh_2_6                                                              
   741     0.11% 2.19224e-06 4.58355e-02 2.76060e-02 7.34437e-02   9 /ChipTop/system/tile_prci_domain/tile_reset_domain_tile/gemmini/ex_controller/mesh/mesh/mesh_2_6/tile_0_0                                                     
   166     0.03% 5.05553e-07 1.80792e-02 1.67672e-02 3.48469e-02  10 /ChipTop/system/tile_prci_domain/tile_reset_domain_tile/gemmini/ex_controller/mesh/mesh/mesh_2_6/tile_0_0/mac_unit                                            
   738     0.11% 2.22118e-06 4.63977e-02 2.70131e-02 7.34129e-02   8 /ChipTop/system/tile_prci_domain/tile_reset_domain_tile/gemmini/ex_controller/mesh/mesh/mesh_6_9                                                              
   738     0.11% 2.22118e-06 4.63977e-02 2.70131e-02 7.34129e-02   9 /ChipTop/system/tile_prci_domain/tile_reset_domain_tile/gemmini/ex_controller/mesh/mesh/mesh_6_9/tile_0_0                                                     
   163     0.02% 5.41306e-07 1.51970e-02 1.37416e-02 2.89391e-02  10 /ChipTop/system/tile_prci_domain/tile_reset_domain_tile/gemmini/ex_controller/mesh/mesh/mesh_6_9/tile_0_0/mac_unit                                            
   741     0.11% 2.21525e-06 4.60739e-02 2.73144e-02 7.33905e-02   8 /ChipTop/system/tile_prci_domain/tile_reset_domain_tile/gemmini/ex_controller/mesh/mesh/mesh_7_3                                                              
   741     0.11% 2.21525e-06 4.60739e-02 2.73144e-02 7.33905e-02   9 /ChipTop/system/tile_prci_domain/tile_reset_domain_tile/gemmini/ex_controller/mesh/mesh/mesh_7_3/tile_0_0                                                     
   166     0.03% 5.19407e-07 1.65786e-02 1.52494e-02 3.18285e-02  10 /ChipTop/system/tile_prci_domain/tile_reset_domain_tile/gemmini/ex_controller/mesh/mesh/mesh_7_3/tile_0_0/mac_unit                                            
   741     0.11% 2.24089e-06 4.57468e-02 2.76336e-02 7.33827e-02   8 /ChipTop/system/tile_prci_domain/tile_reset_domain_tile/gemmini/ex_controller/mesh/mesh/mesh_12_5                                                             
   741     0.11% 2.24089e-06 4.57468e-02 2.76336e-02 7.33827e-02   9 /ChipTop/system/tile_prci_domain/tile_reset_domain_tile/gemmini/ex_controller/mesh/mesh/mesh_12_5/tile_0_0                                                    
   166     0.03% 5.17919e-07 1.79713e-02 1.66995e-02 3.46712e-02  10 /ChipTop/system/tile_prci_domain/tile_reset_domain_tile/gemmini/ex_controller/mesh/mesh/mesh_12_5/tile_0_0/mac_unit                                           
   738     0.11% 2.19969e-06 4.62839e-02 2.70068e-02 7.32928e-02   8 /ChipTop/system/tile_prci_domain/tile_reset_domain_tile/gemmini/ex_controller/mesh/mesh/mesh_6_4                                                              
   738     0.11% 2.19969e-06 4.62839e-02 2.70068e-02 7.32928e-02   9 /ChipTop/system/tile_prci_domain/tile_reset_domain_tile/gemmini/ex_controller/mesh/mesh/mesh_6_4/tile_0_0                                                     
   163     0.02% 5.16240e-07 1.53490e-02 1.38305e-02 2.91800e-02  10 /ChipTop/system/tile_prci_domain/tile_reset_domain_tile/gemmini/ex_controller/mesh/mesh/mesh_6_4/tile_0_0/mac_unit                                            
   738     0.11% 2.20390e-06 4.63655e-02 2.68863e-02 7.32540e-02   8 /ChipTop/system/tile_prci_domain/tile_reset_domain_tile/gemmini/ex_controller/mesh/mesh/mesh_1_2                                                              
   738     0.11% 2.20390e-06 4.63655e-02 2.68863e-02 7.32540e-02   9 /ChipTop/system/tile_prci_domain/tile_reset_domain_tile/gemmini/ex_controller/mesh/mesh/mesh_1_2/tile_0_0                                                     
   163     0.02% 5.24912e-07 1.46028e-02 1.31659e-02 2.77693e-02  10 /ChipTop/system/tile_prci_domain/tile_reset_domain_tile/gemmini/ex_controller/mesh/mesh/mesh_1_2/tile_0_0/mac_unit                                            
   738     0.11% 2.20765e-06 4.59024e-02 2.72943e-02 7.31989e-02   8 /ChipTop/system/tile_prci_domain/tile_reset_domain_tile/gemmini/ex_controller/mesh/mesh/mesh_9_1                                                              
   738     0.11% 2.20765e-06 4.59024e-02 2.72943e-02 7.31989e-02   9 /ChipTop/system/tile_prci_domain/tile_reset_domain_tile/gemmini/ex_controller/mesh/mesh/mesh_9_1/tile_0_0                                                     
   163     0.02% 5.01678e-07 1.70374e-02 1.57273e-02 3.27652e-02  10 /ChipTop/system/tile_prci_domain/tile_reset_domain_tile/gemmini/ex_controller/mesh/mesh/mesh_9_1/tile_0_0/mac_unit                                            
   738     0.11% 2.24882e-06 4.63935e-02 2.67922e-02 7.31880e-02   8 /ChipTop/system/tile_prci_domain/tile_reset_domain_tile/gemmini/ex_controller/mesh/mesh/mesh_5_9                                                              
   738     0.11% 2.24882e-06 4.63935e-02 2.67922e-02 7.31880e-02   9 /ChipTop/system/tile_prci_domain/tile_reset_domain_tile/gemmini/ex_controller/mesh/mesh/mesh_5_9/tile_0_0                                                     
   163     0.02% 5.27626e-07 1.57027e-02 1.40123e-02 2.97155e-02  10 /ChipTop/system/tile_prci_domain/tile_reset_domain_tile/gemmini/ex_controller/mesh/mesh/mesh_5_9/tile_0_0/mac_unit                                            
   741     0.11% 2.25714e-06 4.59716e-02 2.71928e-02 7.31667e-02   8 /ChipTop/system/tile_prci_domain/tile_reset_domain_tile/gemmini/ex_controller/mesh/mesh/mesh_5_5                                                              
   741     0.11% 2.25714e-06 4.59716e-02 2.71928e-02 7.31667e-02   9 /ChipTop/system/tile_prci_domain/tile_reset_domain_tile/gemmini/ex_controller/mesh/mesh/mesh_5_5/tile_0_0                                                     
   166     0.03% 5.20767e-07 1.76924e-02 1.60809e-02 3.37738e-02  10 /ChipTop/system/tile_prci_domain/tile_reset_domain_tile/gemmini/ex_controller/mesh/mesh/mesh_5_5/tile_0_0/mac_unit                                            
   738     0.11% 2.24946e-06 4.60885e-02 2.70265e-02 7.31172e-02   8 /ChipTop/system/tile_prci_domain/tile_reset_domain_tile/gemmini/ex_controller/mesh/mesh/mesh_14_4                                                             
   738     0.11% 2.24946e-06 4.60885e-02 2.70265e-02 7.31172e-02   9 /ChipTop/system/tile_prci_domain/tile_reset_domain_tile/gemmini/ex_controller/mesh/mesh/mesh_14_4/tile_0_0                                                    
   163     0.02% 5.33799e-07 1.53574e-02 1.40106e-02 2.93686e-02  10 /ChipTop/system/tile_prci_domain/tile_reset_domain_tile/gemmini/ex_controller/mesh/mesh/mesh_14_4/tile_0_0/mac_unit                                           
   741     0.11% 2.22238e-06 4.57906e-02 2.72407e-02 7.30335e-02   8 /ChipTop/system/tile_prci_domain/tile_reset_domain_tile/gemmini/ex_controller/mesh/mesh/mesh_2_3                                                              
   741     0.11% 2.22238e-06 4.57906e-02 2.72407e-02 7.30335e-02   9 /ChipTop/system/tile_prci_domain/tile_reset_domain_tile/gemmini/ex_controller/mesh/mesh/mesh_2_3/tile_0_0                                                     
   166     0.03% 5.06043e-07 1.68930e-02 1.55612e-02 3.24547e-02  10 /ChipTop/system/tile_prci_domain/tile_reset_domain_tile/gemmini/ex_controller/mesh/mesh/mesh_2_3/tile_0_0/mac_unit                                            
   738     0.11% 2.21346e-06 4.61257e-02 2.68711e-02 7.29990e-02   8 /ChipTop/system/tile_prci_domain/tile_reset_domain_tile/gemmini/ex_controller/mesh/mesh/mesh_1_7                                                              
   738     0.11% 2.21346e-06 4.61257e-02 2.68711e-02 7.29990e-02   9 /ChipTop/system/tile_prci_domain/tile_reset_domain_tile/gemmini/ex_controller/mesh/mesh/mesh_1_7/tile_0_0                                                     
   163     0.02% 5.20427e-07 1.47152e-02 1.33649e-02 2.80806e-02  10 /ChipTop/system/tile_prci_domain/tile_reset_domain_tile/gemmini/ex_controller/mesh/mesh/mesh_1_7/tile_0_0/mac_unit                                            
   740     0.11% 2.24855e-06 4.57434e-02 2.71391e-02 7.28847e-02   8 /ChipTop/system/tile_prci_domain/tile_reset_domain_tile/gemmini/ex_controller/mesh/mesh/mesh_10_3                                                             
   740     0.11% 2.24855e-06 4.57434e-02 2.71391e-02 7.28847e-02   9 /ChipTop/system/tile_prci_domain/tile_reset_domain_tile/gemmini/ex_controller/mesh/mesh/mesh_10_3/tile_0_0                                                    
   163     0.02% 5.15882e-07 1.69341e-02 1.58379e-02 3.27724e-02  10 /ChipTop/system/tile_prci_domain/tile_reset_domain_tile/gemmini/ex_controller/mesh/mesh/mesh_10_3/tile_0_0/mac_unit                                           
   741     0.11% 2.25876e-06 4.52784e-02 2.75281e-02 7.28088e-02   8 /ChipTop/system/tile_prci_domain/tile_reset_domain_tile/gemmini/ex_controller/mesh/mesh/mesh_15_0                                                             
   741     0.11% 2.25876e-06 4.52784e-02 2.75281e-02 7.28088e-02   9 /ChipTop/system/tile_prci_domain/tile_reset_domain_tile/gemmini/ex_controller/mesh/mesh/mesh_15_0/tile_0_0                                                    
   166     0.03% 5.17694e-07 1.78602e-02 1.68772e-02 3.47379e-02  10 /ChipTop/system/tile_prci_domain/tile_reset_domain_tile/gemmini/ex_controller/mesh/mesh/mesh_15_0/tile_0_0/mac_unit                                           
   738     0.11% 2.18194e-06 4.60408e-02 2.67507e-02 7.27937e-02   8 /ChipTop/system/tile_prci_domain/tile_reset_domain_tile/gemmini/ex_controller/mesh/mesh/mesh_1_8                                                              
   738     0.11% 2.18194e-06 4.60408e-02 2.67507e-02 7.27937e-02   9 /ChipTop/system/tile_prci_domain/tile_reset_domain_tile/gemmini/ex_controller/mesh/mesh/mesh_1_8/tile_0_0                                                     
   163     0.02% 5.14817e-07 1.45620e-02 1.31379e-02 2.77003e-02  10 /ChipTop/system/tile_prci_domain/tile_reset_domain_tile/gemmini/ex_controller/mesh/mesh/mesh_1_8/tile_0_0/mac_unit                                            
   738     0.11% 2.20551e-06 4.57620e-02 2.69997e-02 7.27639e-02   8 /ChipTop/system/tile_prci_domain/tile_reset_domain_tile/gemmini/ex_controller/mesh/mesh/mesh_14_12                                                            
   738     0.11% 2.20551e-06 4.57620e-02 2.69997e-02 7.27639e-02   9 /ChipTop/system/tile_prci_domain/tile_reset_domain_tile/gemmini/ex_controller/mesh/mesh/mesh_14_12/tile_0_0                                                   
   163     0.02% 5.19053e-07 1.60725e-02 1.47477e-02 3.08208e-02  10 /ChipTop/system/tile_prci_domain/tile_reset_domain_tile/gemmini/ex_controller/mesh/mesh/mesh_14_12/tile_0_0/mac_unit                                          
   738     0.11% 2.24964e-06 4.59773e-02 2.67792e-02 7.27588e-02   8 /ChipTop/system/tile_prci_domain/tile_reset_domain_tile/gemmini/ex_controller/mesh/mesh/mesh_13_2                                                             
   738     0.11% 2.24964e-06 4.59773e-02 2.67792e-02 7.27588e-02   9 /ChipTop/system/tile_prci_domain/tile_reset_domain_tile/gemmini/ex_controller/mesh/mesh/mesh_13_2/tile_0_0                                                    
   163     0.02% 5.25201e-07 1.48472e-02 1.35042e-02 2.83519e-02  10 /ChipTop/system/tile_prci_domain/tile_reset_domain_tile/gemmini/ex_controller/mesh/mesh/mesh_13_2/tile_0_0/mac_unit                                           
   741     0.11% 2.20030e-06 4.57974e-02 2.69561e-02 7.27556e-02   8 /ChipTop/system/tile_prci_domain/tile_reset_domain_tile/gemmini/ex_controller/mesh/mesh/mesh_15_9                                                             
   741     0.11% 2.20030e-06 4.57974e-02 2.69561e-02 7.27556e-02   9 /ChipTop/system/tile_prci_domain/tile_reset_domain_tile/gemmini/ex_controller/mesh/mesh/mesh_15_9/tile_0_0                                                    
   166     0.03% 5.13525e-07 1.51484e-02 1.39619e-02 2.91109e-02  10 /ChipTop/system/tile_prci_domain/tile_reset_domain_tile/gemmini/ex_controller/mesh/mesh/mesh_15_9/tile_0_0/mac_unit                                           
   738     0.11% 2.26593e-06 4.58688e-02 2.67758e-02 7.26469e-02   8 /ChipTop/system/tile_prci_domain/tile_reset_domain_tile/gemmini/ex_controller/mesh/mesh/mesh_2_9                                                              
   738     0.11% 2.26593e-06 4.58688e-02 2.67758e-02 7.26469e-02   9 /ChipTop/system/tile_prci_domain/tile_reset_domain_tile/gemmini/ex_controller/mesh/mesh/mesh_2_9/tile_0_0                                                     
   163     0.02% 5.33080e-07 1.60128e-02 1.44113e-02 3.04246e-02  10 /ChipTop/system/tile_prci_domain/tile_reset_domain_tile/gemmini/ex_controller/mesh/mesh/mesh_2_9/tile_0_0/mac_unit                                            
   741     0.11% 2.26311e-06 4.53164e-02 2.72090e-02 7.25277e-02   8 /ChipTop/system/tile_prci_domain/tile_reset_domain_tile/gemmini/ex_controller/mesh/mesh/mesh_8_5                                                              
   741     0.11% 2.26311e-06 4.53164e-02 2.72090e-02 7.25277e-02   9 /ChipTop/system/tile_prci_domain/tile_reset_domain_tile/gemmini/ex_controller/mesh/mesh/mesh_8_5/tile_0_0                                                     
   166     0.03% 5.21187e-07 1.78856e-02 1.64936e-02 3.43796e-02  10 /ChipTop/system/tile_prci_domain/tile_reset_domain_tile/gemmini/ex_controller/mesh/mesh/mesh_8_5/tile_0_0/mac_unit                                            
   738     0.11% 2.21793e-06 4.56526e-02 2.68229e-02 7.24777e-02   8 /ChipTop/system/tile_prci_domain/tile_reset_domain_tile/gemmini/ex_controller/mesh/mesh/mesh_4_12                                                             
   738     0.11% 2.21793e-06 4.56526e-02 2.68229e-02 7.24777e-02   9 /ChipTop/system/tile_prci_domain/tile_reset_domain_tile/gemmini/ex_controller/mesh/mesh/mesh_4_12/tile_0_0                                                    
   163     0.02% 5.09160e-07 1.63365e-02 1.49290e-02 3.12660e-02  10 /ChipTop/system/tile_prci_domain/tile_reset_domain_tile/gemmini/ex_controller/mesh/mesh/mesh_4_12/tile_0_0/mac_unit                                           
   741     0.11% 2.25577e-06 4.55694e-02 2.68871e-02 7.24588e-02   8 /ChipTop/system/tile_prci_domain/tile_reset_domain_tile/gemmini/ex_controller/mesh/mesh/mesh_12_3                                                             
   741     0.11% 2.25577e-06 4.55694e-02 2.68871e-02 7.24588e-02   9 /ChipTop/system/tile_prci_domain/tile_reset_domain_tile/gemmini/ex_controller/mesh/mesh/mesh_12_3/tile_0_0                                                    
   166     0.03% 5.26962e-07 1.65025e-02 1.51705e-02 3.16735e-02  10 /ChipTop/system/tile_prci_domain/tile_reset_domain_tile/gemmini/ex_controller/mesh/mesh/mesh_12_3/tile_0_0/mac_unit                                           
   738     0.11% 2.19187e-06 4.60209e-02 2.64273e-02 7.24504e-02   8 /ChipTop/system/tile_prci_domain/tile_reset_domain_tile/gemmini/ex_controller/mesh/mesh/mesh_10_8                                                             
   738     0.11% 2.19187e-06 4.60209e-02 2.64273e-02 7.24504e-02   9 /ChipTop/system/tile_prci_domain/tile_reset_domain_tile/gemmini/ex_controller/mesh/mesh/mesh_10_8/tile_0_0                                                    
   163     0.02% 5.22058e-07 1.45749e-02 1.29771e-02 2.75525e-02  10 /ChipTop/system/tile_prci_domain/tile_reset_domain_tile/gemmini/ex_controller/mesh/mesh/mesh_10_8/tile_0_0/mac_unit                                           
   738     0.11% 2.26611e-06 4.58535e-02 2.65766e-02 7.24323e-02   8 /ChipTop/system/tile_prci_domain/tile_reset_domain_tile/gemmini/ex_controller/mesh/mesh/mesh_5_14                                                             
   738     0.11% 2.26611e-06 4.58535e-02 2.65766e-02 7.24323e-02   9 /ChipTop/system/tile_prci_domain/tile_reset_domain_tile/gemmini/ex_controller/mesh/mesh/mesh_5_14/tile_0_0                                                    
   163     0.02% 5.38777e-07 1.63193e-02 1.46649e-02 3.09848e-02  10 /ChipTop/system/tile_prci_domain/tile_reset_domain_tile/gemmini/ex_controller/mesh/mesh/mesh_5_14/tile_0_0/mac_unit                                           
   738     0.11% 2.25579e-06 4.57796e-02 2.65918e-02 7.23736e-02   8 /ChipTop/system/tile_prci_domain/tile_reset_domain_tile/gemmini/ex_controller/mesh/mesh/mesh_13_7                                                             
   738     0.11% 2.25579e-06 4.57796e-02 2.65918e-02 7.23736e-02   9 /ChipTop/system/tile_prci_domain/tile_reset_domain_tile/gemmini/ex_controller/mesh/mesh/mesh_13_7/tile_0_0                                                    
   163     0.02% 5.38469e-07 1.45311e-02 1.32507e-02 2.77824e-02  10 /ChipTop/system/tile_prci_domain/tile_reset_domain_tile/gemmini/ex_controller/mesh/mesh/mesh_13_7/tile_0_0/mac_unit                                           
   741     0.11% 2.19823e-06 4.56104e-02 2.65387e-02 7.21513e-02   8 /ChipTop/system/tile_prci_domain/tile_reset_domain_tile/gemmini/ex_controller/mesh/mesh/mesh_13_10                                                            
   741     0.11% 2.19823e-06 4.56104e-02 2.65387e-02 7.21513e-02   9 /ChipTop/system/tile_prci_domain/tile_reset_domain_tile/gemmini/ex_controller/mesh/mesh/mesh_13_10/tile_0_0                                                   
   166     0.03% 5.17149e-07 1.45866e-02 1.33064e-02 2.78936e-02  10 /ChipTop/system/tile_prci_domain/tile_reset_domain_tile/gemmini/ex_controller/mesh/mesh/mesh_13_10/tile_0_0/mac_unit                                          
   738     0.11% 2.19628e-06 4.54116e-02 2.66586e-02 7.20724e-02   8 /ChipTop/system/tile_prci_domain/tile_reset_domain_tile/gemmini/ex_controller/mesh/mesh/mesh_9_0                                                              
   738     0.11% 2.19628e-06 4.54116e-02 2.66586e-02 7.20724e-02   9 /ChipTop/system/tile_prci_domain/tile_reset_domain_tile/gemmini/ex_controller/mesh/mesh/mesh_9_0/tile_0_0                                                     
   163     0.02% 5.05838e-07 1.72367e-02 1.57660e-02 3.30031e-02  10 /ChipTop/system/tile_prci_domain/tile_reset_domain_tile/gemmini/ex_controller/mesh/mesh/mesh_9_0/tile_0_0/mac_unit                                            
   741     0.11% 2.19748e-06 4.55169e-02 2.65338e-02 7.20529e-02   8 /ChipTop/system/tile_prci_domain/tile_reset_domain_tile/gemmini/ex_controller/mesh/mesh/mesh_6_13                                                             
   741     0.11% 2.19748e-06 4.55169e-02 2.65338e-02 7.20529e-02   9 /ChipTop/system/tile_prci_domain/tile_reset_domain_tile/gemmini/ex_controller/mesh/mesh/mesh_6_13/tile_0_0                                                    
   166     0.03% 5.18962e-07 1.42465e-02 1.29322e-02 2.71792e-02  10 /ChipTop/system/tile_prci_domain/tile_reset_domain_tile/gemmini/ex_controller/mesh/mesh/mesh_6_13/tile_0_0/mac_unit                                           
   741     0.11% 2.27462e-06 4.54177e-02 2.66043e-02 7.20243e-02   8 /ChipTop/system/tile_prci_domain/tile_reset_domain_tile/gemmini/ex_controller/mesh/mesh/mesh_8_3                                                              
   741     0.11% 2.27462e-06 4.54177e-02 2.66043e-02 7.20243e-02   9 /ChipTop/system/tile_prci_domain/tile_reset_domain_tile/gemmini/ex_controller/mesh/mesh/mesh_8_3/tile_0_0                                                     
   166     0.03% 5.44778e-07 1.63134e-02 1.48293e-02 3.11432e-02  10 /ChipTop/system/tile_prci_domain/tile_reset_domain_tile/gemmini/ex_controller/mesh/mesh/mesh_8_3/tile_0_0/mac_unit                                            
   738     0.11% 2.27655e-06 4.51943e-02 2.68272e-02 7.20238e-02   8 /ChipTop/system/tile_prci_domain/tile_reset_domain_tile/gemmini/ex_controller/mesh/mesh/mesh_12_0                                                             
   738     0.11% 2.27655e-06 4.51943e-02 2.68272e-02 7.20238e-02   9 /ChipTop/system/tile_prci_domain/tile_reset_domain_tile/gemmini/ex_controller/mesh/mesh/mesh_12_0/tile_0_0                                                    
   163     0.02% 5.33557e-07 1.74663e-02 1.61892e-02 3.36560e-02  10 /ChipTop/system/tile_prci_domain/tile_reset_domain_tile/gemmini/ex_controller/mesh/mesh/mesh_12_0/tile_0_0/mac_unit                                           
   741     0.11% 2.20630e-06 4.51987e-02 2.68131e-02 7.20140e-02   8 /ChipTop/system/tile_prci_domain/tile_reset_domain_tile/gemmini/ex_controller/mesh/mesh/mesh_15_5                                                             
   741     0.11% 2.20630e-06 4.51987e-02 2.68131e-02 7.20140e-02   9 /ChipTop/system/tile_prci_domain/tile_reset_domain_tile/gemmini/ex_controller/mesh/mesh/mesh_15_5/tile_0_0                                                    
   166     0.03% 5.06927e-07 1.67921e-02 1.55418e-02 3.23345e-02  10 /ChipTop/system/tile_prci_domain/tile_reset_domain_tile/gemmini/ex_controller/mesh/mesh/mesh_15_5/tile_0_0/mac_unit                                           
   738     0.11% 2.19894e-06 4.56952e-02 2.62891e-02 7.19866e-02   8 /ChipTop/system/tile_prci_domain/tile_reset_domain_tile/gemmini/ex_controller/mesh/mesh/mesh_7_4                                                              
   738     0.11% 2.19894e-06 4.56952e-02 2.62891e-02 7.19866e-02   9 /ChipTop/system/tile_prci_domain/tile_reset_domain_tile/gemmini/ex_controller/mesh/mesh/mesh_7_4/tile_0_0                                                     
   163     0.02% 5.25138e-07 1.45291e-02 1.30336e-02 2.75633e-02  10 /ChipTop/system/tile_prci_domain/tile_reset_domain_tile/gemmini/ex_controller/mesh/mesh/mesh_7_4/tile_0_0/mac_unit                                            
   741     0.11% 2.29258e-06 4.51930e-02 2.67654e-02 7.19608e-02   8 /ChipTop/system/tile_prci_domain/tile_reset_domain_tile/gemmini/ex_controller/mesh/mesh/mesh_12_10                                                            
   741     0.11% 2.29258e-06 4.51930e-02 2.67654e-02 7.19608e-02   9 /ChipTop/system/tile_prci_domain/tile_reset_domain_tile/gemmini/ex_controller/mesh/mesh/mesh_12_10/tile_0_0                                                   
   166     0.03% 5.56242e-07 1.51000e-02 1.40996e-02 2.92002e-02  10 /ChipTop/system/tile_prci_domain/tile_reset_domain_tile/gemmini/ex_controller/mesh/mesh/mesh_12_10/tile_0_0/mac_unit                                          
   741     0.11% 2.27836e-06 4.48986e-02 2.67994e-02 7.17002e-02   8 /ChipTop/system/tile_prci_domain/tile_reset_domain_tile/gemmini/ex_controller/mesh/mesh/mesh_4_5                                                              
   741     0.11% 2.27836e-06 4.48986e-02 2.67994e-02 7.17002e-02   9 /ChipTop/system/tile_prci_domain/tile_reset_domain_tile/gemmini/ex_controller/mesh/mesh/mesh_4_5/tile_0_0                                                     
   166     0.03% 5.28287e-07 1.70136e-02 1.58401e-02 3.28542e-02  10 /ChipTop/system/tile_prci_domain/tile_reset_domain_tile/gemmini/ex_controller/mesh/mesh/mesh_4_5/tile_0_0/mac_unit                                            
   738     0.11% 2.24543e-06 4.53832e-02 2.63042e-02 7.16896e-02   8 /ChipTop/system/tile_prci_domain/tile_reset_domain_tile/gemmini/ex_controller/mesh/mesh/mesh_4_9                                                              
   738     0.11% 2.24543e-06 4.53832e-02 2.63042e-02 7.16896e-02   9 /ChipTop/system/tile_prci_domain/tile_reset_domain_tile/gemmini/ex_controller/mesh/mesh/mesh_4_9/tile_0_0                                                     
   163     0.02% 5.34146e-07 1.48793e-02 1.34496e-02 2.83294e-02  10 /ChipTop/system/tile_prci_domain/tile_reset_domain_tile/gemmini/ex_controller/mesh/mesh/mesh_4_9/tile_0_0/mac_unit                                            
   741     0.11% 2.25742e-06 4.51943e-02 2.64224e-02 7.16189e-02   8 /ChipTop/system/tile_prci_domain/tile_reset_domain_tile/gemmini/ex_controller/mesh/mesh/mesh_6_3                                                              
   741     0.11% 2.25742e-06 4.51943e-02 2.64224e-02 7.16189e-02   9 /ChipTop/system/tile_prci_domain/tile_reset_domain_tile/gemmini/ex_controller/mesh/mesh/mesh_6_3/tile_0_0                                                     
   166     0.03% 5.23941e-07 1.64243e-02 1.49758e-02 3.14006e-02  10 /ChipTop/system/tile_prci_domain/tile_reset_domain_tile/gemmini/ex_controller/mesh/mesh/mesh_6_3/tile_0_0/mac_unit                                            
   738     0.11% 2.19708e-06 4.53252e-02 2.62910e-02 7.16183e-02   8 /ChipTop/system/tile_prci_domain/tile_reset_domain_tile/gemmini/ex_controller/mesh/mesh/mesh_1_14                                                             
   738     0.11% 2.19708e-06 4.53252e-02 2.62910e-02 7.16183e-02   9 /ChipTop/system/tile_prci_domain/tile_reset_domain_tile/gemmini/ex_controller/mesh/mesh/mesh_1_14/tile_0_0                                                    
   163     0.02% 5.13592e-07 1.54445e-02 1.40096e-02 2.94546e-02  10 /ChipTop/system/tile_prci_domain/tile_reset_domain_tile/gemmini/ex_controller/mesh/mesh/mesh_1_14/tile_0_0/mac_unit                                           
   738     0.11% 2.28045e-06 4.52631e-02 2.63458e-02 7.16112e-02   8 /ChipTop/system/tile_prci_domain/tile_reset_domain_tile/gemmini/ex_controller/mesh/mesh/mesh_5_1                                                              
   738     0.11% 2.28045e-06 4.52631e-02 2.63458e-02 7.16112e-02   9 /ChipTop/system/tile_prci_domain/tile_reset_domain_tile/gemmini/ex_controller/mesh/mesh/mesh_5_1/tile_0_0                                                     
   163     0.02% 5.36077e-07 1.69551e-02 1.52015e-02 3.21572e-02  10 /ChipTop/system/tile_prci_domain/tile_reset_domain_tile/gemmini/ex_controller/mesh/mesh/mesh_5_1/tile_0_0/mac_unit                                            
   738     0.11% 2.20761e-06 4.58937e-02 2.56969e-02 7.15927e-02   8 /ChipTop/system/tile_prci_domain/tile_reset_domain_tile/gemmini/ex_controller/mesh/mesh/mesh_14_15                                                            
   738     0.11% 2.20761e-06 4.58937e-02 2.56969e-02 7.15927e-02   9 /ChipTop/system/tile_prci_domain/tile_reset_domain_tile/gemmini/ex_controller/mesh/mesh/mesh_14_15/tile_0_0                                                   
   163     0.02% 5.46823e-07 1.20218e-02 1.05086e-02 2.25310e-02  10 /ChipTop/system/tile_prci_domain/tile_reset_domain_tile/gemmini/ex_controller/mesh/mesh/mesh_14_15/tile_0_0/mac_unit                                          
   738     0.11% 2.23916e-06 4.55574e-02 2.60051e-02 7.15647e-02   8 /ChipTop/system/tile_prci_domain/tile_reset_domain_tile/gemmini/ex_controller/mesh/mesh/mesh_15_2                                                             
   738     0.11% 2.23916e-06 4.55574e-02 2.60051e-02 7.15647e-02   9 /ChipTop/system/tile_prci_domain/tile_reset_domain_tile/gemmini/ex_controller/mesh/mesh/mesh_15_2/tile_0_0                                                    
   163     0.02% 5.24320e-07 1.40559e-02 1.25446e-02 2.66010e-02  10 /ChipTop/system/tile_prci_domain/tile_reset_domain_tile/gemmini/ex_controller/mesh/mesh/mesh_15_2/tile_0_0/mac_unit                                           
   738     0.11% 2.20180e-06 4.55368e-02 2.60143e-02 7.15533e-02   8 /ChipTop/system/tile_prci_domain/tile_reset_domain_tile/gemmini/ex_controller/mesh/mesh/mesh_7_7                                                              
   738     0.11% 2.20180e-06 4.55368e-02 2.60143e-02 7.15533e-02   9 /ChipTop/system/tile_prci_domain/tile_reset_domain_tile/gemmini/ex_controller/mesh/mesh/mesh_7_7/tile_0_0                                                     
   163     0.02% 5.31618e-07 1.40121e-02 1.24753e-02 2.64880e-02  10 /ChipTop/system/tile_prci_domain/tile_reset_domain_tile/gemmini/ex_controller/mesh/mesh/mesh_7_7/tile_0_0/mac_unit                                            
   738     0.11% 2.25338e-06 4.52521e-02 2.62857e-02 7.15401e-02   8 /ChipTop/system/tile_prci_domain/tile_reset_domain_tile/gemmini/ex_controller/mesh/mesh/mesh_4_14                                                             
   738     0.11% 2.25338e-06 4.52521e-02 2.62857e-02 7.15401e-02   9 /ChipTop/system/tile_prci_domain/tile_reset_domain_tile/gemmini/ex_controller/mesh/mesh/mesh_4_14/tile_0_0                                                    
   163     0.02% 5.27118e-07 1.58116e-02 1.43433e-02 3.01555e-02  10 /ChipTop/system/tile_prci_domain/tile_reset_domain_tile/gemmini/ex_controller/mesh/mesh/mesh_4_14/tile_0_0/mac_unit                                           
   738     0.11% 2.18271e-06 4.54227e-02 2.60122e-02 7.14371e-02   8 /ChipTop/system/tile_prci_domain/tile_reset_domain_tile/gemmini/ex_controller/mesh/mesh/mesh_6_10                                                             
   738     0.11% 2.18271e-06 4.54227e-02 2.60122e-02 7.14371e-02   9 /ChipTop/system/tile_prci_domain/tile_reset_domain_tile/gemmini/ex_controller/mesh/mesh/mesh_6_10/tile_0_0                                                    
   163     0.02% 5.21436e-07 1.42896e-02 1.28173e-02 2.71073e-02  10 /ChipTop/system/tile_prci_domain/tile_reset_domain_tile/gemmini/ex_controller/mesh/mesh/mesh_6_10/tile_0_0/mac_unit                                           
   738     0.11% 2.21128e-06 4.54537e-02 2.58713e-02 7.13272e-02   8 /ChipTop/system/tile_prci_domain/tile_reset_domain_tile/gemmini/ex_controller/mesh/mesh/mesh_2_8                                                              
   738     0.11% 2.21128e-06 4.54537e-02 2.58713e-02 7.13272e-02   9 /ChipTop/system/tile_prci_domain/tile_reset_domain_tile/gemmini/ex_controller/mesh/mesh/mesh_2_8/tile_0_0                                                     
   163     0.02% 5.28329e-07 1.40084e-02 1.23537e-02 2.63626e-02  10 /ChipTop/system/tile_prci_domain/tile_reset_domain_tile/gemmini/ex_controller/mesh/mesh/mesh_2_8/tile_0_0/mac_unit                                            
   738     0.11% 2.24762e-06 4.52401e-02 2.60240e-02 7.12663e-02   8 /ChipTop/system/tile_prci_domain/tile_reset_domain_tile/gemmini/ex_controller/mesh/mesh/mesh_4_7                                                              
   738     0.11% 2.24762e-06 4.52401e-02 2.60240e-02 7.12663e-02   9 /ChipTop/system/tile_prci_domain/tile_reset_domain_tile/gemmini/ex_controller/mesh/mesh/mesh_4_7/tile_0_0                                                     
   163     0.02% 5.35120e-07 1.45561e-02 1.30071e-02 2.75637e-02  10 /ChipTop/system/tile_prci_domain/tile_reset_domain_tile/gemmini/ex_controller/mesh/mesh/mesh_4_7/tile_0_0/mac_unit                                            
   738     0.11% 2.22413e-06 4.48434e-02 2.63710e-02 7.12167e-02   8 /ChipTop/system/tile_prci_domain/tile_reset_domain_tile/gemmini/ex_controller/mesh/mesh/mesh_2_0                                                              
   738     0.11% 2.22413e-06 4.48434e-02 2.63710e-02 7.12167e-02   9 /ChipTop/system/tile_prci_domain/tile_reset_domain_tile/gemmini/ex_controller/mesh/mesh/mesh_2_0/tile_0_0                                                     
   163     0.02% 5.15840e-07 1.68824e-02 1.55262e-02 3.24091e-02  10 /ChipTop/system/tile_prci_domain/tile_reset_domain_tile/gemmini/ex_controller/mesh/mesh/mesh_2_0/tile_0_0/mac_unit                                            
   738     0.11% 2.25610e-06 4.49095e-02 2.63032e-02 7.12150e-02   8 /ChipTop/system/tile_prci_domain/tile_reset_domain_tile/gemmini/ex_controller/mesh/mesh/mesh_9_12                                                             
   738     0.11% 2.25610e-06 4.49095e-02 2.63032e-02 7.12150e-02   9 /ChipTop/system/tile_prci_domain/tile_reset_domain_tile/gemmini/ex_controller/mesh/mesh/mesh_9_12/tile_0_0                                                    
   163     0.02% 5.21475e-07 1.59308e-02 1.45826e-02 3.05139e-02  10 /ChipTop/system/tile_prci_domain/tile_reset_domain_tile/gemmini/ex_controller/mesh/mesh/mesh_9_12/tile_0_0/mac_unit                                           
   738     0.11% 2.28212e-06 4.54311e-02 2.57693e-02 7.12027e-02   8 /ChipTop/system/tile_prci_domain/tile_reset_domain_tile/gemmini/ex_controller/mesh/mesh/mesh_2_15                                                             
   738     0.11% 2.28212e-06 4.54311e-02 2.57693e-02 7.12027e-02   9 /ChipTop/system/tile_prci_domain/tile_reset_domain_tile/gemmini/ex_controller/mesh/mesh/mesh_2_15/tile_0_0                                                    
   163     0.02% 5.52944e-07 1.29158e-02 1.13697e-02 2.42861e-02  10 /ChipTop/system/tile_prci_domain/tile_reset_domain_tile/gemmini/ex_controller/mesh/mesh/mesh_2_15/tile_0_0/mac_unit                                           
   741     0.11% 2.19598e-06 4.46288e-02 2.65704e-02 7.12014e-02   8 /ChipTop/system/tile_prci_domain/tile_reset_domain_tile/gemmini/ex_controller/mesh/mesh/mesh_9_6                                                              
   741     0.11% 2.19598e-06 4.46288e-02 2.65704e-02 7.12014e-02   9 /ChipTop/system/tile_prci_domain/tile_reset_domain_tile/gemmini/ex_controller/mesh/mesh/mesh_9_6/tile_0_0                                                     
   166     0.03% 4.98376e-07 1.69238e-02 1.59854e-02 3.29097e-02  10 /ChipTop/system/tile_prci_domain/tile_reset_domain_tile/gemmini/ex_controller/mesh/mesh/mesh_9_6/tile_0_0/mac_unit                                            
   741     0.11% 2.23821e-06 4.47362e-02 2.64181e-02 7.11565e-02   8 /ChipTop/system/tile_prci_domain/tile_reset_domain_tile/gemmini/ex_controller/mesh/mesh/mesh_7_6                                                              
   741     0.11% 2.23821e-06 4.47362e-02 2.64181e-02 7.11565e-02   9 /ChipTop/system/tile_prci_domain/tile_reset_domain_tile/gemmini/ex_controller/mesh/mesh/mesh_7_6/tile_0_0                                                     
   166     0.03% 5.16111e-07 1.72911e-02 1.59782e-02 3.32698e-02  10 /ChipTop/system/tile_prci_domain/tile_reset_domain_tile/gemmini/ex_controller/mesh/mesh/mesh_7_6/tile_0_0/mac_unit                                            
   740     0.11% 2.26052e-06 4.44403e-02 2.67071e-02 7.11496e-02   8 /ChipTop/system/tile_prci_domain/tile_reset_domain_tile/gemmini/ex_controller/mesh/mesh/mesh_13_6                                                             
   740     0.11% 2.26052e-06 4.44403e-02 2.67071e-02 7.11496e-02   9 /ChipTop/system/tile_prci_domain/tile_reset_domain_tile/gemmini/ex_controller/mesh/mesh/mesh_13_6/tile_0_0                                                    
   163     0.02% 5.17427e-07 1.71894e-02 1.65080e-02 3.36979e-02  10 /ChipTop/system/tile_prci_domain/tile_reset_domain_tile/gemmini/ex_controller/mesh/mesh/mesh_13_6/tile_0_0/mac_unit                                           
   738     0.11% 2.21286e-06 4.49478e-02 2.61936e-02 7.11436e-02   8 /ChipTop/system/tile_prci_domain/tile_reset_domain_tile/gemmini/ex_controller/mesh/mesh/mesh_12_1                                                             
   738     0.11% 2.21286e-06 4.49478e-02 2.61936e-02 7.11436e-02   9 /ChipTop/system/tile_prci_domain/tile_reset_domain_tile/gemmini/ex_controller/mesh/mesh/mesh_12_1/tile_0_0                                                    
   163     0.02% 5.19740e-07 1.58929e-02 1.44216e-02 3.03150e-02  10 /ChipTop/system/tile_prci_domain/tile_reset_domain_tile/gemmini/ex_controller/mesh/mesh/mesh_12_1/tile_0_0/mac_unit                                           
   738     0.11% 2.25371e-06 4.50828e-02 2.60231e-02 7.11081e-02   8 /ChipTop/system/tile_prci_domain/tile_reset_domain_tile/gemmini/ex_controller/mesh/mesh/mesh_4_10                                                             
   738     0.11% 2.25371e-06 4.50828e-02 2.60231e-02 7.11081e-02   9 /ChipTop/system/tile_prci_domain/tile_reset_domain_tile/gemmini/ex_controller/mesh/mesh/mesh_4_10/tile_0_0                                                    
   163     0.02% 5.38633e-07 1.47048e-02 1.33385e-02 2.80439e-02  10 /ChipTop/system/tile_prci_domain/tile_reset_domain_tile/gemmini/ex_controller/mesh/mesh/mesh_4_10/tile_0_0/mac_unit                                           
   741     0.11% 2.24141e-06 4.47238e-02 2.63648e-02 7.10908e-02   8 /ChipTop/system/tile_prci_domain/tile_reset_domain_tile/gemmini/ex_controller/mesh/mesh/mesh_9_3                                                              
   741     0.11% 2.24141e-06 4.47238e-02 2.63648e-02 7.10908e-02   9 /ChipTop/system/tile_prci_domain/tile_reset_domain_tile/gemmini/ex_controller/mesh/mesh/mesh_9_3/tile_0_0                                                     
   166     0.03% 5.16080e-07 1.57556e-02 1.46949e-02 3.04510e-02  10 /ChipTop/system/tile_prci_domain/tile_reset_domain_tile/gemmini/ex_controller/mesh/mesh/mesh_9_3/tile_0_0/mac_unit                                            
   741     0.11% 2.23384e-06 4.45646e-02 2.65178e-02 7.10846e-02   8 /ChipTop/system/tile_prci_domain/tile_reset_domain_tile/gemmini/ex_controller/mesh/mesh/mesh_15_6                                                             
   741     0.11% 2.23384e-06 4.45646e-02 2.65178e-02 7.10846e-02   9 /ChipTop/system/tile_prci_domain/tile_reset_domain_tile/gemmini/ex_controller/mesh/mesh/mesh_15_6/tile_0_0                                                    
   166     0.03% 5.05531e-07 1.71659e-02 1.60542e-02 3.32206e-02  10 /ChipTop/system/tile_prci_domain/tile_reset_domain_tile/gemmini/ex_controller/mesh/mesh/mesh_15_6/tile_0_0/mac_unit                                           
   738     0.11% 2.21231e-06 4.50308e-02 2.59698e-02 7.10028e-02   8 /ChipTop/system/tile_prci_domain/tile_reset_domain_tile/gemmini/ex_controller/mesh/mesh/mesh_15_12                                                            
   738     0.11% 2.21231e-06 4.50308e-02 2.59698e-02 7.10028e-02   9 /ChipTop/system/tile_prci_domain/tile_reset_domain_tile/gemmini/ex_controller/mesh/mesh/mesh_15_12/tile_0_0                                                   
   163     0.02% 5.23874e-07 1.54314e-02 1.38407e-02 2.92726e-02  10 /ChipTop/system/tile_prci_domain/tile_reset_domain_tile/gemmini/ex_controller/mesh/mesh/mesh_15_12/tile_0_0/mac_unit                                          
   738     0.11% 2.28241e-06 4.49096e-02 2.60740e-02 7.09859e-02   8 /ChipTop/system/tile_prci_domain/tile_reset_domain_tile/gemmini/ex_controller/mesh/mesh/mesh_5_4                                                              
   738     0.11% 2.28241e-06 4.49096e-02 2.60740e-02 7.09859e-02   9 /ChipTop/system/tile_prci_domain/tile_reset_domain_tile/gemmini/ex_controller/mesh/mesh/mesh_5_4/tile_0_0                                                     
   163     0.02% 5.55772e-07 1.47644e-02 1.33335e-02 2.80985e-02  10 /ChipTop/system/tile_prci_domain/tile_reset_domain_tile/gemmini/ex_controller/mesh/mesh/mesh_5_4/tile_0_0/mac_unit                                            
   741     0.11% 2.24615e-06 4.43822e-02 2.65840e-02 7.09685e-02   8 /ChipTop/system/tile_prci_domain/tile_reset_domain_tile/gemmini/ex_controller/mesh/mesh/mesh_4_6                                                              
   741     0.11% 2.24615e-06 4.43822e-02 2.65840e-02 7.09685e-02   9 /ChipTop/system/tile_prci_domain/tile_reset_domain_tile/gemmini/ex_controller/mesh/mesh/mesh_4_6/tile_0_0                                                     
   166     0.03% 5.17883e-07 1.74217e-02 1.63554e-02 3.37776e-02  10 /ChipTop/system/tile_prci_domain/tile_reset_domain_tile/gemmini/ex_controller/mesh/mesh/mesh_4_6/tile_0_0/mac_unit                                            
   741     0.11% 2.25225e-06 4.45441e-02 2.64217e-02 7.09680e-02   8 /ChipTop/system/tile_prci_domain/tile_reset_domain_tile/gemmini/ex_controller/mesh/mesh/mesh_1_3                                                              
   741     0.11% 2.25225e-06 4.45441e-02 2.64217e-02 7.09680e-02   9 /ChipTop/system/tile_prci_domain/tile_reset_domain_tile/gemmini/ex_controller/mesh/mesh/mesh_1_3/tile_0_0                                                     
   166     0.03% 5.25702e-07 1.60547e-02 1.47605e-02 3.08157e-02  10 /ChipTop/system/tile_prci_domain/tile_reset_domain_tile/gemmini/ex_controller/mesh/mesh/mesh_1_3/tile_0_0/mac_unit                                            
   741     0.11% 2.24404e-06 4.46737e-02 2.61260e-02 7.08019e-02   8 /ChipTop/system/tile_prci_domain/tile_reset_domain_tile/gemmini/ex_controller/mesh/mesh/mesh_13_3                                                             
   741     0.11% 2.24404e-06 4.46737e-02 2.61260e-02 7.08019e-02   9 /ChipTop/system/tile_prci_domain/tile_reset_domain_tile/gemmini/ex_controller/mesh/mesh/mesh_13_3/tile_0_0                                                    
   166     0.03% 5.13698e-07 1.55776e-02 1.42957e-02 2.98738e-02  10 /ChipTop/system/tile_prci_domain/tile_reset_domain_tile/gemmini/ex_controller/mesh/mesh/mesh_13_3/tile_0_0/mac_unit                                           
   738     0.11% 2.28669e-06 4.47501e-02 2.60248e-02 7.07772e-02   8 /ChipTop/system/tile_prci_domain/tile_reset_domain_tile/gemmini/ex_controller/mesh/mesh/mesh_1_9                                                              
   738     0.11% 2.28669e-06 4.47501e-02 2.60248e-02 7.07772e-02   9 /ChipTop/system/tile_prci_domain/tile_reset_domain_tile/gemmini/ex_controller/mesh/mesh/mesh_1_9/tile_0_0                                                     
   163     0.02% 5.51784e-07 1.47453e-02 1.32853e-02 2.80312e-02  10 /ChipTop/system/tile_prci_domain/tile_reset_domain_tile/gemmini/ex_controller/mesh/mesh/mesh_1_9/tile_0_0/mac_unit                                            
   738     0.11% 2.21852e-06 4.46180e-02 2.61427e-02 7.07629e-02   8 /ChipTop/system/tile_prci_domain/tile_reset_domain_tile/gemmini/ex_controller/mesh/mesh/mesh_3_0                                                              
   738     0.11% 2.21852e-06 4.46180e-02 2.61427e-02 7.07629e-02   9 /ChipTop/system/tile_prci_domain/tile_reset_domain_tile/gemmini/ex_controller/mesh/mesh/mesh_3_0/tile_0_0                                                     
   163     0.02% 5.08504e-07 1.68644e-02 1.54274e-02 3.22923e-02  10 /ChipTop/system/tile_prci_domain/tile_reset_domain_tile/gemmini/ex_controller/mesh/mesh/mesh_3_0/tile_0_0/mac_unit                                            
   738     0.11% 2.17694e-06 4.49076e-02 2.57921e-02 7.07018e-02   8 /ChipTop/system/tile_prci_domain/tile_reset_domain_tile/gemmini/ex_controller/mesh/mesh/mesh_1_10                                                             
   738     0.11% 2.17694e-06 4.49076e-02 2.57921e-02 7.07018e-02   9 /ChipTop/system/tile_prci_domain/tile_reset_domain_tile/gemmini/ex_controller/mesh/mesh/mesh_1_10/tile_0_0                                                    
   163     0.02% 5.14160e-07 1.40404e-02 1.26455e-02 2.66864e-02  10 /ChipTop/system/tile_prci_domain/tile_reset_domain_tile/gemmini/ex_controller/mesh/mesh/mesh_1_10/tile_0_0/mac_unit                                           
   741     0.11% 2.22791e-06 4.45077e-02 2.61517e-02 7.06616e-02   8 /ChipTop/system/tile_prci_domain/tile_reset_domain_tile/gemmini/ex_controller/mesh/mesh/mesh_15_3                                                             
   741     0.11% 2.22791e-06 4.45077e-02 2.61517e-02 7.06616e-02   9 /ChipTop/system/tile_prci_domain/tile_reset_domain_tile/gemmini/ex_controller/mesh/mesh/mesh_15_3/tile_0_0                                                    
   166     0.03% 5.07893e-07 1.53787e-02 1.43852e-02 2.97645e-02  10 /ChipTop/system/tile_prci_domain/tile_reset_domain_tile/gemmini/ex_controller/mesh/mesh/mesh_15_3/tile_0_0/mac_unit                                           
   738     0.11% 2.24577e-06 4.45794e-02 2.59968e-02 7.05784e-02   8 /ChipTop/system/tile_prci_domain/tile_reset_domain_tile/gemmini/ex_controller/mesh/mesh/mesh_10_12                                                            
   738     0.11% 2.24577e-06 4.45794e-02 2.59968e-02 7.05784e-02   9 /ChipTop/system/tile_prci_domain/tile_reset_domain_tile/gemmini/ex_controller/mesh/mesh/mesh_10_12/tile_0_0                                                   
   163     0.02% 5.19669e-07 1.56583e-02 1.43461e-02 3.00049e-02  10 /ChipTop/system/tile_prci_domain/tile_reset_domain_tile/gemmini/ex_controller/mesh/mesh/mesh_10_12/tile_0_0/mac_unit                                          
   741     0.11% 2.26453e-06 4.45640e-02 2.59277e-02 7.04940e-02   8 /ChipTop/system/tile_prci_domain/tile_reset_domain_tile/gemmini/ex_controller/mesh/mesh/mesh_10_11                                                            
   741     0.11% 2.26453e-06 4.45640e-02 2.59277e-02 7.04940e-02   9 /ChipTop/system/tile_prci_domain/tile_reset_domain_tile/gemmini/ex_controller/mesh/mesh/mesh_10_11/tile_0_0                                                   
   166     0.03% 5.43235e-07 1.43368e-02 1.31309e-02 2.74683e-02  10 /ChipTop/system/tile_prci_domain/tile_reset_domain_tile/gemmini/ex_controller/mesh/mesh/mesh_10_11/tile_0_0/mac_unit                                          
   738     0.11% 2.21378e-06 4.45903e-02 2.59009e-02 7.04934e-02   8 /ChipTop/system/tile_prci_domain/tile_reset_domain_tile/gemmini/ex_controller/mesh/mesh/mesh_1_1                                                              
   738     0.11% 2.21378e-06 4.45903e-02 2.59009e-02 7.04934e-02   9 /ChipTop/system/tile_prci_domain/tile_reset_domain_tile/gemmini/ex_controller/mesh/mesh/mesh_1_1/tile_0_0                                                     
   163     0.02% 5.18096e-07 1.53665e-02 1.39518e-02 2.93189e-02  10 /ChipTop/system/tile_prci_domain/tile_reset_domain_tile/gemmini/ex_controller/mesh/mesh/mesh_1_1/tile_0_0/mac_unit                                            
   738     0.11% 2.25940e-06 4.44382e-02 2.59879e-02 7.04283e-02   8 /ChipTop/system/tile_prci_domain/tile_reset_domain_tile/gemmini/ex_controller/mesh/mesh/mesh_7_1                                                              
   738     0.11% 2.25940e-06 4.44382e-02 2.59879e-02 7.04283e-02   9 /ChipTop/system/tile_prci_domain/tile_reset_domain_tile/gemmini/ex_controller/mesh/mesh/mesh_7_1/tile_0_0                                                     
   163     0.02% 5.17452e-07 1.62818e-02 1.49286e-02 3.12109e-02  10 /ChipTop/system/tile_prci_domain/tile_reset_domain_tile/gemmini/ex_controller/mesh/mesh/mesh_7_1/tile_0_0/mac_unit                                            
   741     0.11% 2.18914e-06 4.42692e-02 2.60722e-02 7.03436e-02   8 /ChipTop/system/tile_prci_domain/tile_reset_domain_tile/gemmini/ex_controller/mesh/mesh/mesh_11_6                                                             
   741     0.11% 2.18914e-06 4.42692e-02 2.60722e-02 7.03436e-02   9 /ChipTop/system/tile_prci_domain/tile_reset_domain_tile/gemmini/ex_controller/mesh/mesh/mesh_11_6/tile_0_0                                                    
   166     0.03% 4.97226e-07 1.66337e-02 1.54906e-02 3.21248e-02  10 /ChipTop/system/tile_prci_domain/tile_reset_domain_tile/gemmini/ex_controller/mesh/mesh/mesh_11_6/tile_0_0/mac_unit                                           
   741     0.11% 2.23002e-06 4.43475e-02 2.59736e-02 7.03234e-02   8 /ChipTop/system/tile_prci_domain/tile_reset_domain_tile/gemmini/ex_controller/mesh/mesh/mesh_5_6                                                              
   741     0.11% 2.23002e-06 4.43475e-02 2.59736e-02 7.03234e-02   9 /ChipTop/system/tile_prci_domain/tile_reset_domain_tile/gemmini/ex_controller/mesh/mesh/mesh_5_6/tile_0_0                                                     
   166     0.03% 5.11735e-07 1.67528e-02 1.55394e-02 3.22927e-02  10 /ChipTop/system/tile_prci_domain/tile_reset_domain_tile/gemmini/ex_controller/mesh/mesh/mesh_5_6/tile_0_0/mac_unit                                            
   741     0.11% 2.25066e-06 4.41174e-02 2.59005e-02 7.00202e-02   8 /ChipTop/system/tile_prci_domain/tile_reset_domain_tile/gemmini/ex_controller/mesh/mesh/mesh_1_12                                                             
   741     0.11% 2.25066e-06 4.41174e-02 2.59005e-02 7.00202e-02   9 /ChipTop/system/tile_prci_domain/tile_reset_domain_tile/gemmini/ex_controller/mesh/mesh/mesh_1_12/tile_0_0                                                    
   166     0.03% 5.22321e-07 1.51622e-02 1.39412e-02 2.91039e-02  10 /ChipTop/system/tile_prci_domain/tile_reset_domain_tile/gemmini/ex_controller/mesh/mesh/mesh_1_12/tile_0_0/mac_unit                                           
   738     0.11% 2.20633e-06 4.41250e-02 2.56596e-02 6.97868e-02   8 /ChipTop/system/tile_prci_domain/tile_reset_domain_tile/gemmini/ex_controller/mesh/mesh/mesh_2_5                                                              
   738     0.11% 2.20633e-06 4.41250e-02 2.56596e-02 6.97868e-02   9 /ChipTop/system/tile_prci_domain/tile_reset_domain_tile/gemmini/ex_controller/mesh/mesh/mesh_2_5/tile_0_0                                                     
   163     0.02% 5.12982e-07 1.57001e-02 1.42807e-02 2.99813e-02  10 /ChipTop/system/tile_prci_domain/tile_reset_domain_tile/gemmini/ex_controller/mesh/mesh/mesh_2_5/tile_0_0/mac_unit                                            
   738     0.11% 2.26677e-06 4.45507e-02 2.51936e-02 6.97465e-02   8 /ChipTop/system/tile_prci_domain/tile_reset_domain_tile/gemmini/ex_controller/mesh/mesh/mesh_11_14                                                            
   738     0.11% 2.26677e-06 4.45507e-02 2.51936e-02 6.97465e-02   9 /ChipTop/system/tile_prci_domain/tile_reset_domain_tile/gemmini/ex_controller/mesh/mesh/mesh_11_14/tile_0_0                                                   
   163     0.02% 5.56971e-07 1.43569e-02 1.29147e-02 2.72722e-02  10 /ChipTop/system/tile_prci_domain/tile_reset_domain_tile/gemmini/ex_controller/mesh/mesh/mesh_11_14/tile_0_0/mac_unit                                          
   741     0.11% 2.22385e-06 4.40540e-02 2.56495e-02 6.97057e-02   8 /ChipTop/system/tile_prci_domain/tile_reset_domain_tile/gemmini/ex_controller/mesh/mesh/mesh_14_5                                                             
   741     0.11% 2.22385e-06 4.40540e-02 2.56495e-02 6.97057e-02   9 /ChipTop/system/tile_prci_domain/tile_reset_domain_tile/gemmini/ex_controller/mesh/mesh/mesh_14_5/tile_0_0                                                    
   166     0.03% 5.32658e-07 1.55441e-02 1.43142e-02 2.98589e-02  10 /ChipTop/system/tile_prci_domain/tile_reset_domain_tile/gemmini/ex_controller/mesh/mesh/mesh_14_5/tile_0_0/mac_unit                                           
   738     0.11% 2.24070e-06 4.40008e-02 2.55633e-02 6.95663e-02   8 /ChipTop/system/tile_prci_domain/tile_reset_domain_tile/gemmini/ex_controller/mesh/mesh/mesh_6_0                                                              
   738     0.11% 2.24070e-06 4.40008e-02 2.55633e-02 6.95663e-02   9 /ChipTop/system/tile_prci_domain/tile_reset_domain_tile/gemmini/ex_controller/mesh/mesh/mesh_6_0/tile_0_0                                                     
   163     0.02% 5.11857e-07 1.63457e-02 1.49048e-02 3.12509e-02  10 /ChipTop/system/tile_prci_domain/tile_reset_domain_tile/gemmini/ex_controller/mesh/mesh/mesh_6_0/tile_0_0/mac_unit                                            
   740     0.11% 2.26397e-06 4.40953e-02 2.53795e-02 6.94771e-02   8 /ChipTop/system/tile_prci_domain/tile_reset_domain_tile/gemmini/ex_controller/mesh/mesh/mesh_11_12                                                            
   740     0.11% 2.26397e-06 4.40953e-02 2.53795e-02 6.94771e-02   9 /ChipTop/system/tile_prci_domain/tile_reset_domain_tile/gemmini/ex_controller/mesh/mesh/mesh_11_12/tile_0_0                                                   
   163     0.02% 5.28497e-07 1.51763e-02 1.40712e-02 2.92480e-02  10 /ChipTop/system/tile_prci_domain/tile_reset_domain_tile/gemmini/ex_controller/mesh/mesh/mesh_11_12/tile_0_0/mac_unit                                          
   740     0.11% 2.20183e-06 4.40089e-02 2.54163e-02 6.94274e-02   8 /ChipTop/system/tile_prci_domain/tile_reset_domain_tile/gemmini/ex_controller/mesh/mesh/mesh_11_1                                                             
   740     0.11% 2.20183e-06 4.40089e-02 2.54163e-02 6.94274e-02   9 /ChipTop/system/tile_prci_domain/tile_reset_domain_tile/gemmini/ex_controller/mesh/mesh/mesh_11_1/tile_0_0                                                    
   163     0.02% 5.10934e-07 1.50105e-02 1.39890e-02 2.90001e-02  10 /ChipTop/system/tile_prci_domain/tile_reset_domain_tile/gemmini/ex_controller/mesh/mesh/mesh_11_1/tile_0_0/mac_unit                                           
   738     0.11% 2.19389e-06 4.36872e-02 2.53669e-02 6.90563e-02   8 /ChipTop/system/tile_prci_domain/tile_reset_domain_tile/gemmini/ex_controller/mesh/mesh/mesh_1_0                                                              
   738     0.11% 2.19389e-06 4.36872e-02 2.53669e-02 6.90563e-02   9 /ChipTop/system/tile_prci_domain/tile_reset_domain_tile/gemmini/ex_controller/mesh/mesh/mesh_1_0/tile_0_0                                                     
   163     0.02% 5.11036e-07 1.57309e-02 1.44740e-02 3.02055e-02  10 /ChipTop/system/tile_prci_domain/tile_reset_domain_tile/gemmini/ex_controller/mesh/mesh/mesh_1_0/tile_0_0/mac_unit                                            
   738     0.11% 2.25864e-06 4.36442e-02 2.54059e-02 6.90524e-02   8 /ChipTop/system/tile_prci_domain/tile_reset_domain_tile/gemmini/ex_controller/mesh/mesh/mesh_7_0                                                              
   738     0.11% 2.25864e-06 4.36442e-02 2.54059e-02 6.90524e-02   9 /ChipTop/system/tile_prci_domain/tile_reset_domain_tile/gemmini/ex_controller/mesh/mesh/mesh_7_0/tile_0_0                                                     
   163     0.02% 5.29231e-07 1.64016e-02 1.50171e-02 3.14192e-02  10 /ChipTop/system/tile_prci_domain/tile_reset_domain_tile/gemmini/ex_controller/mesh/mesh/mesh_7_0/tile_0_0/mac_unit                                            
   738     0.11% 2.28804e-06 4.36476e-02 2.52152e-02 6.88651e-02   8 /ChipTop/system/tile_prci_domain/tile_reset_domain_tile/gemmini/ex_controller/mesh/mesh/mesh_3_5                                                              
   738     0.11% 2.28804e-06 4.36476e-02 2.52152e-02 6.88651e-02   9 /ChipTop/system/tile_prci_domain/tile_reset_domain_tile/gemmini/ex_controller/mesh/mesh/mesh_3_5/tile_0_0                                                     
   163     0.02% 5.41659e-07 1.55548e-02 1.41630e-02 2.97184e-02  10 /ChipTop/system/tile_prci_domain/tile_reset_domain_tile/gemmini/ex_controller/mesh/mesh/mesh_3_5/tile_0_0/mac_unit                                            
   738     0.11% 2.19894e-06 4.35188e-02 2.50621e-02 6.85832e-02   8 /ChipTop/system/tile_prci_domain/tile_reset_domain_tile/gemmini/ex_controller/mesh/mesh/mesh_13_0                                                             
   738     0.11% 2.19894e-06 4.35188e-02 2.50621e-02 6.85832e-02   9 /ChipTop/system/tile_prci_domain/tile_reset_domain_tile/gemmini/ex_controller/mesh/mesh/mesh_13_0/tile_0_0                                                    
   163     0.02% 5.08165e-07 1.57857e-02 1.43113e-02 3.00975e-02  10 /ChipTop/system/tile_prci_domain/tile_reset_domain_tile/gemmini/ex_controller/mesh/mesh/mesh_13_0/tile_0_0/mac_unit                                           
   738     0.11% 2.26160e-06 4.35964e-02 2.48729e-02 6.84716e-02   8 /ChipTop/system/tile_prci_domain/tile_reset_domain_tile/gemmini/ex_controller/mesh/mesh/mesh_13_12                                                            
   738     0.11% 2.26160e-06 4.35964e-02 2.48729e-02 6.84716e-02   9 /ChipTop/system/tile_prci_domain/tile_reset_domain_tile/gemmini/ex_controller/mesh/mesh/mesh_13_12/tile_0_0                                                   
   163     0.02% 5.37150e-07 1.41300e-02 1.28973e-02 2.70278e-02  10 /ChipTop/system/tile_prci_domain/tile_reset_domain_tile/gemmini/ex_controller/mesh/mesh/mesh_13_12/tile_0_0/mac_unit                                          
   738     0.11% 2.24900e-06 4.34208e-02 2.49086e-02 6.83316e-02   8 /ChipTop/system/tile_prci_domain/tile_reset_domain_tile/gemmini/ex_controller/mesh/mesh/mesh_6_12                                                             
   738     0.11% 2.24900e-06 4.34208e-02 2.49086e-02 6.83316e-02   9 /ChipTop/system/tile_prci_domain/tile_reset_domain_tile/gemmini/ex_controller/mesh/mesh/mesh_6_12/tile_0_0                                                    
   163     0.02% 5.17466e-07 1.48948e-02 1.35170e-02 2.84124e-02  10 /ChipTop/system/tile_prci_domain/tile_reset_domain_tile/gemmini/ex_controller/mesh/mesh/mesh_6_12/tile_0_0/mac_unit                                           
   738     0.11% 2.21435e-06 4.34167e-02 2.47423e-02 6.81613e-02   8 /ChipTop/system/tile_prci_domain/tile_reset_domain_tile/gemmini/ex_controller/mesh/mesh/mesh_8_0                                                              
   738     0.11% 2.21435e-06 4.34167e-02 2.47423e-02 6.81613e-02   9 /ChipTop/system/tile_prci_domain/tile_reset_domain_tile/gemmini/ex_controller/mesh/mesh/mesh_8_0/tile_0_0                                                     
   163     0.02% 5.27715e-07 1.58671e-02 1.40714e-02 2.99390e-02  10 /ChipTop/system/tile_prci_domain/tile_reset_domain_tile/gemmini/ex_controller/mesh/mesh/mesh_8_0/tile_0_0/mac_unit                                            
   738     0.11% 2.24570e-06 4.30712e-02 2.48862e-02 6.79597e-02   8 /ChipTop/system/tile_prci_domain/tile_reset_domain_tile/gemmini/ex_controller/mesh/mesh/mesh_1_5                                                              
   738     0.11% 2.24570e-06 4.30712e-02 2.48862e-02 6.79597e-02   9 /ChipTop/system/tile_prci_domain/tile_reset_domain_tile/gemmini/ex_controller/mesh/mesh/mesh_1_5/tile_0_0                                                     
   163     0.02% 5.19407e-07 1.49951e-02 1.37264e-02 2.87220e-02  10 /ChipTop/system/tile_prci_domain/tile_reset_domain_tile/gemmini/ex_controller/mesh/mesh/mesh_1_5/tile_0_0/mac_unit                                            
   738     0.11% 2.25215e-06 4.34135e-02 2.45100e-02 6.79257e-02   8 /ChipTop/system/tile_prci_domain/tile_reset_domain_tile/gemmini/ex_controller/mesh/mesh/mesh_3_10                                                             
   738     0.11% 2.25215e-06 4.34135e-02 2.45100e-02 6.79257e-02   9 /ChipTop/system/tile_prci_domain/tile_reset_domain_tile/gemmini/ex_controller/mesh/mesh/mesh_3_10/tile_0_0                                                    
   163     0.02% 5.45758e-07 1.33707e-02 1.19512e-02 2.53224e-02  10 /ChipTop/system/tile_prci_domain/tile_reset_domain_tile/gemmini/ex_controller/mesh/mesh/mesh_3_10/tile_0_0/mac_unit                                           
   741     0.11% 2.25648e-06 4.29630e-02 2.49327e-02 6.78980e-02   8 /ChipTop/system/tile_prci_domain/tile_reset_domain_tile/gemmini/ex_controller/mesh/mesh/mesh_14_6                                                             
   741     0.11% 2.25648e-06 4.29630e-02 2.49327e-02 6.78980e-02   9 /ChipTop/system/tile_prci_domain/tile_reset_domain_tile/gemmini/ex_controller/mesh/mesh/mesh_14_6/tile_0_0                                                    
   166     0.03% 5.32122e-07 1.56936e-02 1.46289e-02 3.03231e-02  10 /ChipTop/system/tile_prci_domain/tile_reset_domain_tile/gemmini/ex_controller/mesh/mesh/mesh_14_6/tile_0_0/mac_unit                                           
   810     0.12% 2.36415e-06 4.22056e-02 2.53808e-02 6.75888e-02   8 /ChipTop/system/tile_prci_domain/tile_reset_domain_tile/gemmini/ex_controller/mesh/mesh/mesh_0_15                                                             
   810     0.12% 2.36415e-06 4.22056e-02 2.53808e-02 6.75888e-02   9 /ChipTop/system/tile_prci_domain/tile_reset_domain_tile/gemmini/ex_controller/mesh/mesh/mesh_0_15/tile_0_0                                                    
   164     0.02% 5.21603e-07 1.07702e-02 9.87864e-03 2.06493e-02  10 /ChipTop/system/tile_prci_domain/tile_reset_domain_tile/gemmini/ex_controller/mesh/mesh/mesh_0_15/tile_0_0/mac_unit                                           
   738     0.11% 2.23276e-06 4.30114e-02 2.43467e-02 6.73603e-02   8 /ChipTop/system/tile_prci_domain/tile_reset_domain_tile/gemmini/ex_controller/mesh/mesh/mesh_2_1                                                              
   738     0.11% 2.23276e-06 4.30114e-02 2.43467e-02 6.73603e-02   9 /ChipTop/system/tile_prci_domain/tile_reset_domain_tile/gemmini/ex_controller/mesh/mesh/mesh_2_1/tile_0_0                                                     
   163     0.02% 5.33006e-07 1.41465e-02 1.26002e-02 2.67472e-02  10 /ChipTop/system/tile_prci_domain/tile_reset_domain_tile/gemmini/ex_controller/mesh/mesh/mesh_2_1/tile_0_0/mac_unit                                            
   738     0.11% 2.25762e-06 4.28045e-02 2.42811e-02 6.70878e-02   8 /ChipTop/system/tile_prci_domain/tile_reset_domain_tile/gemmini/ex_controller/mesh/mesh/mesh_14_0                                                             
   738     0.11% 2.25762e-06 4.28045e-02 2.42811e-02 6.70878e-02   9 /ChipTop/system/tile_prci_domain/tile_reset_domain_tile/gemmini/ex_controller/mesh/mesh/mesh_14_0/tile_0_0                                                    
   163     0.02% 5.31540e-07 1.50691e-02 1.36422e-02 2.87118e-02  10 /ChipTop/system/tile_prci_domain/tile_reset_domain_tile/gemmini/ex_controller/mesh/mesh/mesh_14_0/tile_0_0/mac_unit                                           
   741     0.11% 2.26336e-06 4.25894e-02 2.44103e-02 6.70020e-02   8 /ChipTop/system/tile_prci_domain/tile_reset_domain_tile/gemmini/ex_controller/mesh/mesh/mesh_6_5                                                              
   741     0.11% 2.26336e-06 4.25894e-02 2.44103e-02 6.70020e-02   9 /ChipTop/system/tile_prci_domain/tile_reset_domain_tile/gemmini/ex_controller/mesh/mesh/mesh_6_5/tile_0_0                                                     
   166     0.03% 5.20714e-07 1.48204e-02 1.34655e-02 2.82864e-02  10 /ChipTop/system/tile_prci_domain/tile_reset_domain_tile/gemmini/ex_controller/mesh/mesh/mesh_6_5/tile_0_0/mac_unit                                            
   738     0.11% 2.21020e-06 4.26262e-02 2.42000e-02 6.68284e-02   8 /ChipTop/system/tile_prci_domain/tile_reset_domain_tile/gemmini/ex_controller/mesh/mesh/mesh_13_1                                                             
   738     0.11% 2.21020e-06 4.26262e-02 2.42000e-02 6.68284e-02   9 /ChipTop/system/tile_prci_domain/tile_reset_domain_tile/gemmini/ex_controller/mesh/mesh/mesh_13_1/tile_0_0                                                    
   163     0.02% 5.18487e-07 1.38195e-02 1.25034e-02 2.63235e-02  10 /ChipTop/system/tile_prci_domain/tile_reset_domain_tile/gemmini/ex_controller/mesh/mesh/mesh_13_1/tile_0_0/mac_unit                                           
   741     0.11% 2.25295e-06 4.23815e-02 2.43501e-02 6.67339e-02   8 /ChipTop/system/tile_prci_domain/tile_reset_domain_tile/gemmini/ex_controller/mesh/mesh/mesh_1_6                                                              
   741     0.11% 2.25295e-06 4.23815e-02 2.43501e-02 6.67339e-02   9 /ChipTop/system/tile_prci_domain/tile_reset_domain_tile/gemmini/ex_controller/mesh/mesh/mesh_1_6/tile_0_0                                                     
   166     0.03% 5.36898e-07 1.51456e-02 1.37546e-02 2.89008e-02  10 /ChipTop/system/tile_prci_domain/tile_reset_domain_tile/gemmini/ex_controller/mesh/mesh/mesh_1_6/tile_0_0/mac_unit                                            
   738     0.11% 2.30152e-06 4.24056e-02 2.41593e-02 6.65671e-02   8 /ChipTop/system/tile_prci_domain/tile_reset_domain_tile/gemmini/ex_controller/mesh/mesh/mesh_4_1                                                              
   738     0.11% 2.30152e-06 4.24056e-02 2.41593e-02 6.65671e-02   9 /ChipTop/system/tile_prci_domain/tile_reset_domain_tile/gemmini/ex_controller/mesh/mesh/mesh_4_1/tile_0_0                                                     
   163     0.02% 5.52048e-07 1.44463e-02 1.31419e-02 2.75887e-02  10 /ChipTop/system/tile_prci_domain/tile_reset_domain_tile/gemmini/ex_controller/mesh/mesh/mesh_4_1/tile_0_0/mac_unit                                            
   738     0.11% 2.29589e-06 4.25056e-02 2.40566e-02 6.65645e-02   8 /ChipTop/system/tile_prci_domain/tile_reset_domain_tile/gemmini/ex_controller/mesh/mesh/mesh_3_1                                                              
   738     0.11% 2.29589e-06 4.25056e-02 2.40566e-02 6.65645e-02   9 /ChipTop/system/tile_prci_domain/tile_reset_domain_tile/gemmini/ex_controller/mesh/mesh/mesh_3_1/tile_0_0                                                     
   163     0.02% 5.51333e-07 1.45139e-02 1.29552e-02 2.74696e-02  10 /ChipTop/system/tile_prci_domain/tile_reset_domain_tile/gemmini/ex_controller/mesh/mesh/mesh_3_1/tile_0_0/mac_unit                                            
   812     0.12% 2.34244e-06 4.12375e-02 2.51784e-02 6.64183e-02   8 /ChipTop/system/tile_prci_domain/tile_reset_domain_tile/gemmini/ex_controller/mesh/mesh/mesh_0_11                                                             
   812     0.12% 2.34244e-06 4.12375e-02 2.51784e-02 6.64183e-02   9 /ChipTop/system/tile_prci_domain/tile_reset_domain_tile/gemmini/ex_controller/mesh/mesh/mesh_0_11/tile_0_0                                                    
   166     0.03% 5.11561e-07 1.28455e-02 1.19119e-02 2.47579e-02  10 /ChipTop/system/tile_prci_domain/tile_reset_domain_tile/gemmini/ex_controller/mesh/mesh/mesh_0_11/tile_0_0/mac_unit                                           
   741     0.11% 2.20950e-06 4.22399e-02 2.40969e-02 6.63390e-02   8 /ChipTop/system/tile_prci_domain/tile_reset_domain_tile/gemmini/ex_controller/mesh/mesh/mesh_10_5                                                             
   741     0.11% 2.20950e-06 4.22399e-02 2.40969e-02 6.63390e-02   9 /ChipTop/system/tile_prci_domain/tile_reset_domain_tile/gemmini/ex_controller/mesh/mesh/mesh_10_5/tile_0_0                                                    
   166     0.03% 5.18559e-07 1.45711e-02 1.31474e-02 2.77190e-02  10 /ChipTop/system/tile_prci_domain/tile_reset_domain_tile/gemmini/ex_controller/mesh/mesh/mesh_10_5/tile_0_0/mac_unit                                           
   812     0.12% 2.34138e-06 4.09711e-02 2.49819e-02 6.59554e-02   8 /ChipTop/system/tile_prci_domain/tile_reset_domain_tile/gemmini/ex_controller/mesh/mesh/mesh_0_7                                                              
   812     0.12% 2.34138e-06 4.09711e-02 2.49819e-02 6.59554e-02   9 /ChipTop/system/tile_prci_domain/tile_reset_domain_tile/gemmini/ex_controller/mesh/mesh/mesh_0_7/tile_0_0                                                     
   166     0.03% 5.13280e-07 1.23018e-02 1.15809e-02 2.38832e-02  10 /ChipTop/system/tile_prci_domain/tile_reset_domain_tile/gemmini/ex_controller/mesh/mesh/mesh_0_7/tile_0_0/mac_unit                                            
   738     0.11% 2.22325e-06 4.21780e-02 2.35623e-02 6.57426e-02   8 /ChipTop/system/tile_prci_domain/tile_reset_domain_tile/gemmini/ex_controller/mesh/mesh/mesh_4_0                                                              
   738     0.11% 2.22325e-06 4.21780e-02 2.35623e-02 6.57426e-02   9 /ChipTop/system/tile_prci_domain/tile_reset_domain_tile/gemmini/ex_controller/mesh/mesh/mesh_4_0/tile_0_0                                                     
   163     0.02% 5.22377e-07 1.45102e-02 1.29601e-02 2.74708e-02  10 /ChipTop/system/tile_prci_domain/tile_reset_domain_tile/gemmini/ex_controller/mesh/mesh/mesh_4_0/tile_0_0/mac_unit                                            
   738     0.11% 2.26144e-06 4.21243e-02 2.35797e-02 6.57063e-02   8 /ChipTop/system/tile_prci_domain/tile_reset_domain_tile/gemmini/ex_controller/mesh/mesh/mesh_5_0                                                              
   738     0.11% 2.26144e-06 4.21243e-02 2.35797e-02 6.57063e-02   9 /ChipTop/system/tile_prci_domain/tile_reset_domain_tile/gemmini/ex_controller/mesh/mesh/mesh_5_0/tile_0_0                                                     
   163     0.02% 5.26216e-07 1.47878e-02 1.31145e-02 2.79028e-02  10 /ChipTop/system/tile_prci_domain/tile_reset_domain_tile/gemmini/ex_controller/mesh/mesh/mesh_5_0/tile_0_0/mac_unit                                            
   738     0.11% 2.26297e-06 4.18895e-02 2.34947e-02 6.53864e-02   8 /ChipTop/system/tile_prci_domain/tile_reset_domain_tile/gemmini/ex_controller/mesh/mesh/mesh_6_1                                                              
   738     0.11% 2.26297e-06 4.18895e-02 2.34947e-02 6.53864e-02   9 /ChipTop/system/tile_prci_domain/tile_reset_domain_tile/gemmini/ex_controller/mesh/mesh/mesh_6_1/tile_0_0                                                     
   163     0.02% 5.27496e-07 1.39990e-02 1.24533e-02 2.64528e-02  10 /ChipTop/system/tile_prci_domain/tile_reset_domain_tile/gemmini/ex_controller/mesh/mesh/mesh_6_1/tile_0_0/mac_unit                                            
   740     0.11% 2.22365e-06 4.20550e-02 2.32087e-02 6.52659e-02   8 /ChipTop/system/tile_prci_domain/tile_reset_domain_tile/gemmini/ex_controller/mesh/mesh/mesh_11_11                                                            
   740     0.11% 2.22365e-06 4.20550e-02 2.32087e-02 6.52659e-02   9 /ChipTop/system/tile_prci_domain/tile_reset_domain_tile/gemmini/ex_controller/mesh/mesh/mesh_11_11/tile_0_0                                                   
   163     0.02% 5.44891e-07 1.12063e-02 1.03655e-02 2.15724e-02  10 /ChipTop/system/tile_prci_domain/tile_reset_domain_tile/gemmini/ex_controller/mesh/mesh/mesh_11_11/tile_0_0/mac_unit                                          
   741     0.11% 2.20869e-06 4.14504e-02 2.36404e-02 6.50931e-02   8 /ChipTop/system/tile_prci_domain/tile_reset_domain_tile/gemmini/ex_controller/mesh/mesh/mesh_3_6                                                              
   741     0.11% 2.20869e-06 4.14504e-02 2.36404e-02 6.50931e-02   9 /ChipTop/system/tile_prci_domain/tile_reset_domain_tile/gemmini/ex_controller/mesh/mesh/mesh_3_6/tile_0_0                                                     
   166     0.03% 5.21216e-07 1.46617e-02 1.34644e-02 2.81267e-02  10 /ChipTop/system/tile_prci_domain/tile_reset_domain_tile/gemmini/ex_controller/mesh/mesh/mesh_3_6/tile_0_0/mac_unit                                            
   741     0.11% 2.24609e-06 4.12739e-02 2.32985e-02 6.45746e-02   8 /ChipTop/system/tile_prci_domain/tile_reset_domain_tile/gemmini/ex_controller/mesh/mesh/mesh_9_5                                                              
   741     0.11% 2.24609e-06 4.12739e-02 2.32985e-02 6.45746e-02   9 /ChipTop/system/tile_prci_domain/tile_reset_domain_tile/gemmini/ex_controller/mesh/mesh/mesh_9_5/tile_0_0                                                     
   166     0.03% 5.15869e-07 1.37846e-02 1.25845e-02 2.63696e-02  10 /ChipTop/system/tile_prci_domain/tile_reset_domain_tile/gemmini/ex_controller/mesh/mesh/mesh_9_5/tile_0_0/mac_unit                                            
   812     0.12% 2.36855e-06 4.03167e-02 2.39073e-02 6.42264e-02   8 /ChipTop/system/tile_prci_domain/tile_reset_domain_tile/gemmini/ex_controller/mesh/mesh/mesh_0_2                                                              
   812     0.12% 2.36855e-06 4.03167e-02 2.39073e-02 6.42264e-02   9 /ChipTop/system/tile_prci_domain/tile_reset_domain_tile/gemmini/ex_controller/mesh/mesh/mesh_0_2/tile_0_0                                                     
   166     0.03% 5.26278e-07 1.11413e-02 1.01622e-02 2.13040e-02  10 /ChipTop/system/tile_prci_domain/tile_reset_domain_tile/gemmini/ex_controller/mesh/mesh/mesh_0_2/tile_0_0/mac_unit                                            
   738     0.11% 2.25783e-06 4.10300e-02 2.29167e-02 6.39490e-02   8 /ChipTop/system/tile_prci_domain/tile_reset_domain_tile/gemmini/ex_controller/mesh/mesh/mesh_10_1                                                             
   738     0.11% 2.25783e-06 4.10300e-02 2.29167e-02 6.39490e-02   9 /ChipTop/system/tile_prci_domain/tile_reset_domain_tile/gemmini/ex_controller/mesh/mesh/mesh_10_1/tile_0_0                                                    
   163     0.02% 5.30267e-07 1.30237e-02 1.16493e-02 2.46736e-02  10 /ChipTop/system/tile_prci_domain/tile_reset_domain_tile/gemmini/ex_controller/mesh/mesh/mesh_10_1/tile_0_0/mac_unit                                           
   809     0.12% 2.35759e-06 4.00643e-02 2.38604e-02 6.39270e-02   8 /ChipTop/system/tile_prci_domain/tile_reset_domain_tile/gemmini/ex_controller/mesh/mesh/mesh_0_9                                                              
   809     0.12% 2.35759e-06 4.00643e-02 2.38604e-02 6.39270e-02   9 /ChipTop/system/tile_prci_domain/tile_reset_domain_tile/gemmini/ex_controller/mesh/mesh/mesh_0_9/tile_0_0                                                     
   163     0.02% 5.33624e-07 1.20811e-02 1.07278e-02 2.28095e-02  10 /ChipTop/system/tile_prci_domain/tile_reset_domain_tile/gemmini/ex_controller/mesh/mesh/mesh_0_9/tile_0_0/mac_unit                                            
   812     0.12% 2.38522e-06 3.95456e-02 2.32919e-02 6.28399e-02   8 /ChipTop/system/tile_prci_domain/tile_reset_domain_tile/gemmini/ex_controller/mesh/mesh/mesh_0_10                                                             
   812     0.12% 2.38522e-06 3.95456e-02 2.32919e-02 6.28399e-02   9 /ChipTop/system/tile_prci_domain/tile_reset_domain_tile/gemmini/ex_controller/mesh/mesh/mesh_0_10/tile_0_0                                                    
   166     0.03% 5.37550e-07 1.14292e-02 1.02209e-02 2.16506e-02  10 /ChipTop/system/tile_prci_domain/tile_reset_domain_tile/gemmini/ex_controller/mesh/mesh/mesh_0_10/tile_0_0/mac_unit                                           
   812     0.12% 2.35419e-06 3.93968e-02 2.30320e-02 6.24311e-02   8 /ChipTop/system/tile_prci_domain/tile_reset_domain_tile/gemmini/ex_controller/mesh/mesh/mesh_0_13                                                             
   812     0.12% 2.35419e-06 3.93968e-02 2.30320e-02 6.24311e-02   9 /ChipTop/system/tile_prci_domain/tile_reset_domain_tile/gemmini/ex_controller/mesh/mesh/mesh_0_13/tile_0_0                                                    
   166     0.03% 5.26108e-07 1.02086e-02 9.28734e-03 1.94964e-02  10 /ChipTop/system/tile_prci_domain/tile_reset_domain_tile/gemmini/ex_controller/mesh/mesh/mesh_0_13/tile_0_0/mac_unit                                           
   738     0.11% 2.21898e-06 4.03338e-02 2.16428e-02 6.19788e-02   8 /ChipTop/system/tile_prci_domain/tile_reset_domain_tile/gemmini/ex_controller/mesh/mesh/mesh_5_10                                                             
   738     0.11% 2.21898e-06 4.03338e-02 2.16428e-02 6.19788e-02   9 /ChipTop/system/tile_prci_domain/tile_reset_domain_tile/gemmini/ex_controller/mesh/mesh/mesh_5_10/tile_0_0                                                    
   163     0.02% 5.62503e-07 1.02474e-02 8.72507e-03 1.89730e-02  10 /ChipTop/system/tile_prci_domain/tile_reset_domain_tile/gemmini/ex_controller/mesh/mesh/mesh_5_10/tile_0_0/mac_unit                                           
   812     0.12% 2.35867e-06 3.89679e-02 2.29368e-02 6.19071e-02   8 /ChipTop/system/tile_prci_domain/tile_reset_domain_tile/gemmini/ex_controller/mesh/mesh/mesh_0_14                                                             
   812     0.12% 2.35867e-06 3.89679e-02 2.29368e-02 6.19071e-02   9 /ChipTop/system/tile_prci_domain/tile_reset_domain_tile/gemmini/ex_controller/mesh/mesh/mesh_0_14/tile_0_0                                                    
   166     0.03% 5.15033e-07 1.19772e-02 1.10391e-02 2.30168e-02  10 /ChipTop/system/tile_prci_domain/tile_reset_domain_tile/gemmini/ex_controller/mesh/mesh/mesh_0_14/tile_0_0/mac_unit                                           
   809     0.12% 2.43457e-06 3.84338e-02 2.24949e-02 6.09311e-02   8 /ChipTop/system/tile_prci_domain/tile_reset_domain_tile/gemmini/ex_controller/mesh/mesh/mesh_0_8                                                              
   809     0.12% 2.43457e-06 3.84338e-02 2.24949e-02 6.09311e-02   9 /ChipTop/system/tile_prci_domain/tile_reset_domain_tile/gemmini/ex_controller/mesh/mesh/mesh_0_8/tile_0_0                                                     
   163     0.02% 5.39475e-07 1.04517e-02 9.35344e-03 1.98056e-02  10 /ChipTop/system/tile_prci_domain/tile_reset_domain_tile/gemmini/ex_controller/mesh/mesh/mesh_0_8/tile_0_0/mac_unit                                            
   812     0.12% 2.34360e-06 3.83249e-02 2.24925e-02 6.08198e-02   8 /ChipTop/system/tile_prci_domain/tile_reset_domain_tile/gemmini/ex_controller/mesh/mesh/mesh_0_12                                                             
   812     0.12% 2.34360e-06 3.83249e-02 2.24925e-02 6.08198e-02   9 /ChipTop/system/tile_prci_domain/tile_reset_domain_tile/gemmini/ex_controller/mesh/mesh/mesh_0_12/tile_0_0                                                    
   166     0.03% 5.22305e-07 1.12984e-02 1.05335e-02 2.18324e-02  10 /ChipTop/system/tile_prci_domain/tile_reset_domain_tile/gemmini/ex_controller/mesh/mesh/mesh_0_12/tile_0_0/mac_unit                                           
   812     0.12% 2.32848e-06 3.80185e-02 2.24028e-02 6.04236e-02   8 /ChipTop/system/tile_prci_domain/tile_reset_domain_tile/gemmini/ex_controller/mesh/mesh/mesh_0_5                                                              
   812     0.12% 2.32848e-06 3.80185e-02 2.24028e-02 6.04236e-02   9 /ChipTop/system/tile_prci_domain/tile_reset_domain_tile/gemmini/ex_controller/mesh/mesh/mesh_0_5/tile_0_0                                                     
   166     0.03% 5.16180e-07 1.25149e-02 1.13943e-02 2.39097e-02  10 /ChipTop/system/tile_prci_domain/tile_reset_domain_tile/gemmini/ex_controller/mesh/mesh/mesh_0_5/tile_0_0/mac_unit                                            
   738     0.11% 2.27520e-06 3.91920e-02 2.08109e-02 6.00052e-02   8 /ChipTop/system/tile_prci_domain/tile_reset_domain_tile/gemmini/ex_controller/mesh/mesh/mesh_10_0                                                             
   738     0.11% 2.27520e-06 3.91920e-02 2.08109e-02 6.00052e-02   9 /ChipTop/system/tile_prci_domain/tile_reset_domain_tile/gemmini/ex_controller/mesh/mesh/mesh_10_0/tile_0_0                                                    
   163     0.02% 5.54796e-07 1.16801e-02 1.02486e-02 2.19292e-02  10 /ChipTop/system/tile_prci_domain/tile_reset_domain_tile/gemmini/ex_controller/mesh/mesh/mesh_10_0/tile_0_0/mac_unit                                           
   812     0.12% 2.36232e-06 3.69730e-02 2.17123e-02 5.86877e-02   8 /ChipTop/system/tile_prci_domain/tile_reset_domain_tile/gemmini/ex_controller/mesh/mesh/mesh_0_1                                                              
   812     0.12% 2.36232e-06 3.69730e-02 2.17123e-02 5.86877e-02   9 /ChipTop/system/tile_prci_domain/tile_reset_domain_tile/gemmini/ex_controller/mesh/mesh/mesh_0_1/tile_0_0                                                     
   166     0.03% 5.27479e-07 1.12936e-02 1.05455e-02 2.18396e-02  10 /ChipTop/system/tile_prci_domain/tile_reset_domain_tile/gemmini/ex_controller/mesh/mesh/mesh_0_1/tile_0_0/mac_unit                                            
   812     0.12% 2.41731e-06 3.70112e-02 2.12913e-02 5.83049e-02   8 /ChipTop/system/tile_prci_domain/tile_reset_domain_tile/gemmini/ex_controller/mesh/mesh/mesh_0_4                                                              
   812     0.12% 2.41731e-06 3.70112e-02 2.12913e-02 5.83049e-02   9 /ChipTop/system/tile_prci_domain/tile_reset_domain_tile/gemmini/ex_controller/mesh/mesh/mesh_0_4/tile_0_0                                                     
   166     0.03% 5.52535e-07 9.35775e-03 8.40991e-03 1.77682e-02  10 /ChipTop/system/tile_prci_domain/tile_reset_domain_tile/gemmini/ex_controller/mesh/mesh/mesh_0_4/tile_0_0/mac_unit                                            
   741     0.11% 2.20809e-06 3.68669e-02 1.95713e-02 5.64404e-02   8 /ChipTop/system/tile_prci_domain/tile_reset_domain_tile/gemmini/ex_controller/mesh/mesh/mesh_10_6                                                             
   741     0.11% 2.20809e-06 3.68669e-02 1.95713e-02 5.64404e-02   9 /ChipTop/system/tile_prci_domain/tile_reset_domain_tile/gemmini/ex_controller/mesh/mesh/mesh_10_6/tile_0_0                                                    
   166     0.03% 5.40423e-07 1.05229e-02 9.29528e-03 1.98188e-02  10 /ChipTop/system/tile_prci_domain/tile_reset_domain_tile/gemmini/ex_controller/mesh/mesh/mesh_10_6/tile_0_0/mac_unit                                           
   812     0.12% 2.38283e-06 3.53593e-02 2.00468e-02 5.54085e-02   8 /ChipTop/system/tile_prci_domain/tile_reset_domain_tile/gemmini/ex_controller/mesh/mesh/mesh_0_6                                                              
   812     0.12% 2.38283e-06 3.53593e-02 2.00468e-02 5.54085e-02   9 /ChipTop/system/tile_prci_domain/tile_reset_domain_tile/gemmini/ex_controller/mesh/mesh/mesh_0_6/tile_0_0                                                     
   166     0.03% 5.38278e-07 1.09043e-02 1.00584e-02 2.09632e-02  10 /ChipTop/system/tile_prci_domain/tile_reset_domain_tile/gemmini/ex_controller/mesh/mesh/mesh_0_6/tile_0_0/mac_unit                                            
   812     0.12% 2.35366e-06 3.53317e-02 1.98429e-02 5.51769e-02   8 /ChipTop/system/tile_prci_domain/tile_reset_domain_tile/gemmini/ex_controller/mesh/mesh/mesh_0_0                                                              
   812     0.12% 2.35366e-06 3.53317e-02 1.98429e-02 5.51769e-02   9 /ChipTop/system/tile_prci_domain/tile_reset_domain_tile/gemmini/ex_controller/mesh/mesh/mesh_0_0/tile_0_0                                                     
   166     0.03% 5.26462e-07 1.05222e-02 9.60083e-03 2.01236e-02  10 /ChipTop/system/tile_prci_domain/tile_reset_domain_tile/gemmini/ex_controller/mesh/mesh/mesh_0_0/tile_0_0/mac_unit                                            
   812     0.12% 2.40840e-06 3.52443e-02 1.97981e-02 5.50449e-02   8 /ChipTop/system/tile_prci_domain/tile_reset_domain_tile/gemmini/ex_controller/mesh/mesh/mesh_0_3                                                              
   812     0.12% 2.40840e-06 3.52443e-02 1.97981e-02 5.50449e-02   9 /ChipTop/system/tile_prci_domain/tile_reset_domain_tile/gemmini/ex_controller/mesh/mesh/mesh_0_3/tile_0_0                                                     
   166     0.03% 5.61194e-07 9.31775e-03 8.44112e-03 1.77594e-02  10 /ChipTop/system/tile_prci_domain/tile_reset_domain_tile/gemmini/ex_controller/mesh/mesh/mesh_0_3/tile_0_0/mac_unit                                            
  2685     0.41% 2.34893e-05 2.26390e-01 2.02494e-05 2.26434e-01   7 /ChipTop/system/tile_prci_domain/tile_reset_domain_tile/gemmini/ex_controller/mesh/transposer                                                                 
     9     0.00% 8.67510e-08 1.11042e-03 7.00090e-08 1.11057e-03   8 /ChipTop/system/tile_prci_domain/tile_reset_domain_tile/gemmini/ex_controller/mesh/transposer/pes_5_15                                                        
     9     0.00% 8.65420e-08 1.11040e-03 7.00090e-08 1.11056e-03   8 /ChipTop/system/tile_prci_domain/tile_reset_domain_tile/gemmini/ex_controller/mesh/transposer/pes_8_15                                                        
     9     0.00% 8.66190e-08 1.09729e-03 7.00090e-08 1.09744e-03   8 /ChipTop/system/tile_prci_domain/tile_reset_domain_tile/gemmini/ex_controller/mesh/transposer/pes_12_15                                                       
     9     0.00% 8.67800e-08 1.09073e-03 7.00090e-08 1.09089e-03   8 /ChipTop/system/tile_prci_domain/tile_reset_domain_tile/gemmini/ex_controller/mesh/transposer/pes_7_15                                                        
     9     0.00% 8.66200e-08 1.09072e-03 7.00090e-08 1.09088e-03   8 /ChipTop/system/tile_prci_domain/tile_reset_domain_tile/gemmini/ex_controller/mesh/transposer/pes_4_15                                                        
     9     0.00% 8.71050e-08 1.09071e-03 7.00090e-08 1.09087e-03   8 /ChipTop/system/tile_prci_domain/tile_reset_domain_tile/gemmini/ex_controller/mesh/transposer/pes_14_15                                                       
     9     0.00% 8.70540e-08 1.08417e-03 7.00090e-08 1.08432e-03   8 /ChipTop/system/tile_prci_domain/tile_reset_domain_tile/gemmini/ex_controller/mesh/transposer/pes_11_15                                                       
     9     0.00% 8.68950e-08 1.08416e-03 7.00090e-08 1.08432e-03   8 /ChipTop/system/tile_prci_domain/tile_reset_domain_tile/gemmini/ex_controller/mesh/transposer/pes_10_15                                                       
     9     0.00% 8.74210e-08 1.08414e-03 7.48010e-08 1.08431e-03   8 /ChipTop/system/tile_prci_domain/tile_reset_domain_tile/gemmini/ex_controller/mesh/transposer/pes_0_15                                                        
     9     0.00% 8.71150e-08 1.08415e-03 7.00090e-08 1.08430e-03   8 /ChipTop/system/tile_prci_domain/tile_reset_domain_tile/gemmini/ex_controller/mesh/transposer/pes_6_15                                                        
     9     0.00% 8.70070e-08 1.08415e-03 7.00090e-08 1.08430e-03   8 /ChipTop/system/tile_prci_domain/tile_reset_domain_tile/gemmini/ex_controller/mesh/transposer/pes_3_15                                                        
     9     0.00% 8.64610e-08 1.07759e-03 7.00090e-08 1.07775e-03   8 /ChipTop/system/tile_prci_domain/tile_reset_domain_tile/gemmini/ex_controller/mesh/transposer/pes_2_15                                                        
     9     0.00% 8.69490e-08 1.07102e-03 7.00090e-08 1.07118e-03   8 /ChipTop/system/tile_prci_domain/tile_reset_domain_tile/gemmini/ex_controller/mesh/transposer/pes_9_15                                                        
     9     0.00% 8.70200e-08 1.06446e-03 7.00090e-08 1.06462e-03   8 /ChipTop/system/tile_prci_domain/tile_reset_domain_tile/gemmini/ex_controller/mesh/transposer/pes_1_15                                                        
     9     0.00% 8.76310e-08 1.06445e-03 7.00090e-08 1.06461e-03   8 /ChipTop/system/tile_prci_domain/tile_reset_domain_tile/gemmini/ex_controller/mesh/transposer/pes_13_15                                                       
     9     0.00% 8.12130e-08 9.80725e-04 7.03630e-08 9.80877e-04   8 /ChipTop/system/tile_prci_domain/tile_reset_domain_tile/gemmini/ex_controller/mesh/transposer/pes_15_15                                                       
     9     0.00% 8.75790e-08 8.70811e-04 7.00090e-08 8.70969e-04   8 /ChipTop/system/tile_prci_domain/tile_reset_domain_tile/gemmini/ex_controller/mesh/transposer/pes_15_5                                                        
     9     0.00% 8.69270e-08 8.70811e-04 7.00090e-08 8.70968e-04   8 /ChipTop/system/tile_prci_domain/tile_reset_domain_tile/gemmini/ex_controller/mesh/transposer/pes_15_8                                                        
     9     0.00% 8.58190e-08 8.70633e-04 7.00090e-08 8.70789e-04   8 /ChipTop/system/tile_prci_domain/tile_reset_domain_tile/gemmini/ex_controller/mesh/transposer/pes_15_12                                                       
     9     0.00% 8.93750e-08 8.70544e-04 7.00090e-08 8.70703e-04   8 /ChipTop/system/tile_prci_domain/tile_reset_domain_tile/gemmini/ex_controller/mesh/transposer/pes_15_14                                                       
     9     0.00% 8.69980e-08 8.70544e-04 7.00090e-08 8.70701e-04   8 /ChipTop/system/tile_prci_domain/tile_reset_domain_tile/gemmini/ex_controller/mesh/transposer/pes_15_7                                                        
     9     0.00% 8.58310e-08 8.70544e-04 7.00090e-08 8.70700e-04   8 /ChipTop/system/tile_prci_domain/tile_reset_domain_tile/gemmini/ex_controller/mesh/transposer/pes_15_4                                                        
     9     0.00% 8.63010e-08 8.70456e-04 7.64970e-08 8.70618e-04   8 /ChipTop/system/tile_prci_domain/tile_reset_domain_tile/gemmini/ex_controller/mesh/transposer/pes_15_0                                                        
     9     0.00% 8.84810e-08 8.70455e-04 7.00090e-08 8.70613e-04   8 /ChipTop/system/tile_prci_domain/tile_reset_domain_tile/gemmini/ex_controller/mesh/transposer/pes_15_3                                                        
     9     0.00% 8.81070e-08 8.70455e-04 7.00090e-08 8.70613e-04   8 /ChipTop/system/tile_prci_domain/tile_reset_domain_tile/gemmini/ex_controller/mesh/transposer/pes_15_10                                                       
     9     0.00% 8.71630e-08 8.70455e-04 7.00090e-08 8.70612e-04   8 /ChipTop/system/tile_prci_domain/tile_reset_domain_tile/gemmini/ex_controller/mesh/transposer/pes_15_6                                                        
     9     0.00% 8.58780e-08 8.70455e-04 7.00090e-08 8.70611e-04   8 /ChipTop/system/tile_prci_domain/tile_reset_domain_tile/gemmini/ex_controller/mesh/transposer/pes_15_11                                                       
     9     0.00% 8.54270e-08 8.70366e-04 7.00090e-08 8.70521e-04   8 /ChipTop/system/tile_prci_domain/tile_reset_domain_tile/gemmini/ex_controller/mesh/transposer/pes_15_2                                                        
     9     0.00% 8.70430e-08 8.70277e-04 7.00090e-08 8.70434e-04   8 /ChipTop/system/tile_prci_domain/tile_reset_domain_tile/gemmini/ex_controller/mesh/transposer/pes_15_9                                                        
     9     0.00% 8.80790e-08 8.70188e-04 7.00090e-08 8.70346e-04   8 /ChipTop/system/tile_prci_domain/tile_reset_domain_tile/gemmini/ex_controller/mesh/transposer/pes_15_1                                                        
     9     0.00% 8.66000e-08 8.70188e-04 7.00090e-08 8.70344e-04   8 /ChipTop/system/tile_prci_domain/tile_reset_domain_tile/gemmini/ex_controller/mesh/transposer/pes_15_13                                                       
     9     0.00% 8.76400e-08 8.67518e-04 9.96970e-08 8.67705e-04   8 /ChipTop/system/tile_prci_domain/tile_reset_domain_tile/gemmini/ex_controller/mesh/transposer/pes_0_0                                                         
     9     0.00% 8.92620e-08 8.67515e-04 7.48010e-08 8.67679e-04   8 /ChipTop/system/tile_prci_domain/tile_reset_domain_tile/gemmini/ex_controller/mesh/transposer/pes_0_8                                                         
     9     0.00% 8.89450e-08 8.67515e-04 7.48010e-08 8.67679e-04   8 /ChipTop/system/tile_prci_domain/tile_reset_domain_tile/gemmini/ex_controller/mesh/transposer/pes_0_9                                                         
     9     0.00% 8.73520e-08 8.67515e-04 7.64970e-08 8.67679e-04   8 /ChipTop/system/tile_prci_domain/tile_reset_domain_tile/gemmini/ex_controller/mesh/transposer/pes_6_0                                                         
     9     0.00% 8.73420e-08 8.67515e-04 7.64970e-08 8.67679e-04   8 /ChipTop/system/tile_prci_domain/tile_reset_domain_tile/gemmini/ex_controller/mesh/transposer/pes_4_0                                                         
     9     0.00% 8.72740e-08 8.67515e-04 7.64970e-08 8.67679e-04   8 /ChipTop/system/tile_prci_domain/tile_reset_domain_tile/gemmini/ex_controller/mesh/transposer/pes_12_0                                                        
     9     0.00% 8.88950e-08 8.67515e-04 7.48010e-08 8.67679e-04   8 /ChipTop/system/tile_prci_domain/tile_reset_domain_tile/gemmini/ex_controller/mesh/transposer/pes_0_1                                                         
     9     0.00% 8.69950e-08 8.67515e-04 7.64970e-08 8.67679e-04   8 /ChipTop/system/tile_prci_domain/tile_reset_domain_tile/gemmini/ex_controller/mesh/transposer/pes_5_0                                                         
     9     0.00% 8.84260e-08 8.67515e-04 7.48010e-08 8.67679e-04   8 /ChipTop/system/tile_prci_domain/tile_reset_domain_tile/gemmini/ex_controller/mesh/transposer/pes_0_13                                                        
     9     0.00% 8.64090e-08 8.67515e-04 7.64970e-08 8.67678e-04   8 /ChipTop/system/tile_prci_domain/tile_reset_domain_tile/gemmini/ex_controller/mesh/transposer/pes_8_0                                                         
     9     0.00% 8.63970e-08 8.67515e-04 7.64970e-08 8.67678e-04   8 /ChipTop/system/tile_prci_domain/tile_reset_domain_tile/gemmini/ex_controller/mesh/transposer/pes_1_0                                                         
     9     0.00% 8.62390e-08 8.67515e-04 7.64970e-08 8.67678e-04   8 /ChipTop/system/tile_prci_domain/tile_reset_domain_tile/gemmini/ex_controller/mesh/transposer/pes_10_0                                                        
     9     0.00% 8.77430e-08 8.67515e-04 7.48010e-08 8.67678e-04   8 /ChipTop/system/tile_prci_domain/tile_reset_domain_tile/gemmini/ex_controller/mesh/transposer/pes_0_12                                                        
     9     0.00% 8.60690e-08 8.67515e-04 7.64970e-08 8.67678e-04   8 /ChipTop/system/tile_prci_domain/tile_reset_domain_tile/gemmini/ex_controller/mesh/transposer/pes_14_0                                                        
     9     0.00% 8.57920e-08 8.67515e-04 7.64970e-08 8.67678e-04   8 /ChipTop/system/tile_prci_domain/tile_reset_domain_tile/gemmini/ex_controller/mesh/transposer/pes_7_0                                                         
     9     0.00% 8.57020e-08 8.67515e-04 7.64970e-08 8.67677e-04   8 /ChipTop/system/tile_prci_domain/tile_reset_domain_tile/gemmini/ex_controller/mesh/transposer/pes_2_0                                                         
     9     0.00% 8.56350e-08 8.67515e-04 7.64970e-08 8.67677e-04   8 /ChipTop/system/tile_prci_domain/tile_reset_domain_tile/gemmini/ex_controller/mesh/transposer/pes_11_0                                                        
     9     0.00% 8.72450e-08 8.67515e-04 7.48010e-08 8.67677e-04   8 /ChipTop/system/tile_prci_domain/tile_reset_domain_tile/gemmini/ex_controller/mesh/transposer/pes_0_4                                                         
     9     0.00% 8.70340e-08 8.67515e-04 7.48010e-08 8.67677e-04   8 /ChipTop/system/tile_prci_domain/tile_reset_domain_tile/gemmini/ex_controller/mesh/transposer/pes_0_6                                                         
     9     0.00% 8.52650e-08 8.67515e-04 7.64970e-08 8.67677e-04   8 /ChipTop/system/tile_prci_domain/tile_reset_domain_tile/gemmini/ex_controller/mesh/transposer/pes_13_0                                                        
     9     0.00% 8.68270e-08 8.67515e-04 7.48010e-08 8.67677e-04   8 /ChipTop/system/tile_prci_domain/tile_reset_domain_tile/gemmini/ex_controller/mesh/transposer/pes_0_14                                                        
     9     0.00% 8.68160e-08 8.67515e-04 7.48010e-08 8.67677e-04   8 /ChipTop/system/tile_prci_domain/tile_reset_domain_tile/gemmini/ex_controller/mesh/transposer/pes_0_11                                                        
     9     0.00% 8.51740e-08 8.67515e-04 7.64970e-08 8.67677e-04   8 /ChipTop/system/tile_prci_domain/tile_reset_domain_tile/gemmini/ex_controller/mesh/transposer/pes_3_0                                                         
     9     0.00% 8.66750e-08 8.67515e-04 7.48010e-08 8.67677e-04   8 /ChipTop/system/tile_prci_domain/tile_reset_domain_tile/gemmini/ex_controller/mesh/transposer/pes_0_10                                                        
     9     0.00% 8.66560e-08 8.67515e-04 7.48010e-08 8.67677e-04   8 /ChipTop/system/tile_prci_domain/tile_reset_domain_tile/gemmini/ex_controller/mesh/transposer/pes_0_5                                                         
     9     0.00% 8.65160e-08 8.67515e-04 7.48010e-08 8.67677e-04   8 /ChipTop/system/tile_prci_domain/tile_reset_domain_tile/gemmini/ex_controller/mesh/transposer/pes_0_7                                                         
     9     0.00% 8.45600e-08 8.67515e-04 7.64970e-08 8.67676e-04   8 /ChipTop/system/tile_prci_domain/tile_reset_domain_tile/gemmini/ex_controller/mesh/transposer/pes_9_0                                                         
     9     0.00% 8.55620e-08 8.67515e-04 7.48010e-08 8.67676e-04   8 /ChipTop/system/tile_prci_domain/tile_reset_domain_tile/gemmini/ex_controller/mesh/transposer/pes_0_2                                                         
     9     0.00% 8.52830e-08 8.67515e-04 7.48010e-08 8.67675e-04   8 /ChipTop/system/tile_prci_domain/tile_reset_domain_tile/gemmini/ex_controller/mesh/transposer/pes_0_3                                                         
     9     0.00% 9.06350e-08 8.67514e-04 7.00090e-08 8.67675e-04   8 /ChipTop/system/tile_prci_domain/tile_reset_domain_tile/gemmini/ex_controller/mesh/transposer/pes_13_9                                                        
     9     0.00% 9.00870e-08 8.67514e-04 7.00090e-08 8.67675e-04   8 /ChipTop/system/tile_prci_domain/tile_reset_domain_tile/gemmini/ex_controller/mesh/transposer/pes_7_10                                                        
     9     0.00% 9.00580e-08 8.67514e-04 7.00090e-08 8.67675e-04   8 /ChipTop/system/tile_prci_domain/tile_reset_domain_tile/gemmini/ex_controller/mesh/transposer/pes_10_10                                                       
     9     0.00% 9.00190e-08 8.67514e-04 7.00090e-08 8.67674e-04   8 /ChipTop/system/tile_prci_domain/tile_reset_domain_tile/gemmini/ex_controller/mesh/transposer/pes_2_2                                                         
     9     0.00% 8.96010e-08 8.67514e-04 7.00090e-08 8.67674e-04   8 /ChipTop/system/tile_prci_domain/tile_reset_domain_tile/gemmini/ex_controller/mesh/transposer/pes_1_8                                                         
     9     0.00% 8.95900e-08 8.67514e-04 7.00090e-08 8.67674e-04   8 /ChipTop/system/tile_prci_domain/tile_reset_domain_tile/gemmini/ex_controller/mesh/transposer/pes_3_1                                                         
     9     0.00% 8.89740e-08 8.67514e-04 7.00090e-08 8.67673e-04   8 /ChipTop/system/tile_prci_domain/tile_reset_domain_tile/gemmini/ex_controller/mesh/transposer/pes_10_7                                                        
     9     0.00% 8.89240e-08 8.67514e-04 7.00090e-08 8.67673e-04   8 /ChipTop/system/tile_prci_domain/tile_reset_domain_tile/gemmini/ex_controller/mesh/transposer/pes_13_13                                                       
     9     0.00% 8.88770e-08 8.67514e-04 7.00090e-08 8.67673e-04   8 /ChipTop/system/tile_prci_domain/tile_reset_domain_tile/gemmini/ex_controller/mesh/transposer/pes_5_13                                                        
     9     0.00% 8.88540e-08 8.67514e-04 7.00090e-08 8.67673e-04   8 /ChipTop/system/tile_prci_domain/tile_reset_domain_tile/gemmini/ex_controller/mesh/transposer/pes_5_5                                                         
     9     0.00% 8.87650e-08 8.67514e-04 7.00090e-08 8.67673e-04   8 /ChipTop/system/tile_prci_domain/tile_reset_domain_tile/gemmini/ex_controller/mesh/transposer/pes_14_10                                                       
     9     0.00% 8.87490e-08 8.67514e-04 7.00090e-08 8.67673e-04   8 /ChipTop/system/tile_prci_domain/tile_reset_domain_tile/gemmini/ex_controller/mesh/transposer/pes_11_5                                                        
     9     0.00% 8.85670e-08 8.67514e-04 7.00090e-08 8.67673e-04   8 /ChipTop/system/tile_prci_domain/tile_reset_domain_tile/gemmini/ex_controller/mesh/transposer/pes_2_6                                                         
     9     0.00% 8.85670e-08 8.67514e-04 7.00090e-08 8.67673e-04   8 /ChipTop/system/tile_prci_domain/tile_reset_domain_tile/gemmini/ex_controller/mesh/transposer/pes_10_3                                                        
     9     0.00% 8.85170e-08 8.67514e-04 7.00090e-08 8.67673e-04   8 /ChipTop/system/tile_prci_domain/tile_reset_domain_tile/gemmini/ex_controller/mesh/transposer/pes_4_9                                                         
     9     0.00% 8.85160e-08 8.67514e-04 7.00090e-08 8.67673e-04   8 /ChipTop/system/tile_prci_domain/tile_reset_domain_tile/gemmini/ex_controller/mesh/transposer/pes_8_3                                                         
     9     0.00% 8.84880e-08 8.67514e-04 7.00090e-08 8.67673e-04   8 /ChipTop/system/tile_prci_domain/tile_reset_domain_tile/gemmini/ex_controller/mesh/transposer/pes_13_2                                                        
     9     0.00% 8.84260e-08 8.67514e-04 7.00090e-08 8.67673e-04   8 /ChipTop/system/tile_prci_domain/tile_reset_domain_tile/gemmini/ex_controller/mesh/transposer/pes_14_2                                                        
     9     0.00% 8.83970e-08 8.67514e-04 7.00090e-08 8.67673e-04   8 /ChipTop/system/tile_prci_domain/tile_reset_domain_tile/gemmini/ex_controller/mesh/transposer/pes_10_14                                                       
     9     0.00% 8.83700e-08 8.67514e-04 7.00090e-08 8.67673e-04   8 /ChipTop/system/tile_prci_domain/tile_reset_domain_tile/gemmini/ex_controller/mesh/transposer/pes_14_1                                                        
     9     0.00% 8.83080e-08 8.67514e-04 7.00090e-08 8.67673e-04   8 /ChipTop/system/tile_prci_domain/tile_reset_domain_tile/gemmini/ex_controller/mesh/transposer/pes_1_4                                                         
     9     0.00% 8.82790e-08 8.67514e-04 7.00090e-08 8.67673e-04   8 /ChipTop/system/tile_prci_domain/tile_reset_domain_tile/gemmini/ex_controller/mesh/transposer/pes_12_10                                                       
     9     0.00% 8.82690e-08 8.67514e-04 7.00090e-08 8.67673e-04   8 /ChipTop/system/tile_prci_domain/tile_reset_domain_tile/gemmini/ex_controller/mesh/transposer/pes_14_6                                                        
     9     0.00% 8.82450e-08 8.67514e-04 7.00090e-08 8.67673e-04   8 /ChipTop/system/tile_prci_domain/tile_reset_domain_tile/gemmini/ex_controller/mesh/transposer/pes_5_11                                                        
     9     0.00% 8.82000e-08 8.67514e-04 7.00090e-08 8.67673e-04   8 /ChipTop/system/tile_prci_domain/tile_reset_domain_tile/gemmini/ex_controller/mesh/transposer/pes_11_14                                                       
     9     0.00% 8.81900e-08 8.67514e-04 7.00090e-08 8.67673e-04   8 /ChipTop/system/tile_prci_domain/tile_reset_domain_tile/gemmini/ex_controller/mesh/transposer/pes_3_3                                                         
     9     0.00% 8.81380e-08 8.67514e-04 7.00090e-08 8.67673e-04   8 /ChipTop/system/tile_prci_domain/tile_reset_domain_tile/gemmini/ex_controller/mesh/transposer/pes_9_11                                                        
     9     0.00% 8.81380e-08 8.67514e-04 7.00090e-08 8.67673e-04   8 /ChipTop/system/tile_prci_domain/tile_reset_domain_tile/gemmini/ex_controller/mesh/transposer/pes_12_3                                                        
     9     0.00% 8.80310e-08 8.67514e-04 7.00090e-08 8.67673e-04   8 /ChipTop/system/tile_prci_domain/tile_reset_domain_tile/gemmini/ex_controller/mesh/transposer/pes_9_3                                                         
     9     0.00% 8.80180e-08 8.67514e-04 7.00090e-08 8.67672e-04   8 /ChipTop/system/tile_prci_domain/tile_reset_domain_tile/gemmini/ex_controller/mesh/transposer/pes_3_9                                                         
     9     0.00% 8.80120e-08 8.67514e-04 7.00090e-08 8.67672e-04   8 /ChipTop/system/tile_prci_domain/tile_reset_domain_tile/gemmini/ex_controller/mesh/transposer/pes_8_10                                                        
     9     0.00% 8.79890e-08 8.67514e-04 7.00090e-08 8.67672e-04   8 /ChipTop/system/tile_prci_domain/tile_reset_domain_tile/gemmini/ex_controller/mesh/transposer/pes_5_12                                                        
     9     0.00% 8.79620e-08 8.67514e-04 7.00090e-08 8.67672e-04   8 /ChipTop/system/tile_prci_domain/tile_reset_domain_tile/gemmini/ex_controller/mesh/transposer/pes_7_7                                                         
     9     0.00% 8.79500e-08 8.67514e-04 7.00090e-08 8.67672e-04   8 /ChipTop/system/tile_prci_domain/tile_reset_domain_tile/gemmini/ex_controller/mesh/transposer/pes_3_14                                                        
     9     0.00% 8.79500e-08 8.67514e-04 7.00090e-08 8.67672e-04   8 /ChipTop/system/tile_prci_domain/tile_reset_domain_tile/gemmini/ex_controller/mesh/transposer/pes_7_11                                                        
     9     0.00% 8.79500e-08 8.67514e-04 7.00090e-08 8.67672e-04   8 /ChipTop/system/tile_prci_domain/tile_reset_domain_tile/gemmini/ex_controller/mesh/transposer/pes_9_7                                                         
     9     0.00% 8.79400e-08 8.67514e-04 7.00090e-08 8.67672e-04   8 /ChipTop/system/tile_prci_domain/tile_reset_domain_tile/gemmini/ex_controller/mesh/transposer/pes_4_14                                                        
     9     0.00% 8.79400e-08 8.67514e-04 7.00090e-08 8.67672e-04   8 /ChipTop/system/tile_prci_domain/tile_reset_domain_tile/gemmini/ex_controller/mesh/transposer/pes_12_14                                                       
     9     0.00% 8.78590e-08 8.67515e-04 7.00090e-08 8.67672e-04   8 /ChipTop/system/tile_prci_domain/tile_reset_domain_tile/gemmini/ex_controller/mesh/transposer/pes_9_14                                                        
     9     0.00% 8.79000e-08 8.67514e-04 7.00090e-08 8.67672e-04   8 /ChipTop/system/tile_prci_domain/tile_reset_domain_tile/gemmini/ex_controller/mesh/transposer/pes_8_12                                                        
     9     0.00% 8.78610e-08 8.67514e-04 7.00090e-08 8.67672e-04   8 /ChipTop/system/tile_prci_domain/tile_reset_domain_tile/gemmini/ex_controller/mesh/transposer/pes_7_4                                                         
     9     0.00% 8.78500e-08 8.67514e-04 7.00090e-08 8.67672e-04   8 /ChipTop/system/tile_prci_domain/tile_reset_domain_tile/gemmini/ex_controller/mesh/transposer/pes_13_12                                                       
     9     0.00% 8.77810e-08 8.67514e-04 7.00090e-08 8.67672e-04   8 /ChipTop/system/tile_prci_domain/tile_reset_domain_tile/gemmini/ex_controller/mesh/transposer/pes_1_6                                                         
     9     0.00% 8.77810e-08 8.67514e-04 7.00090e-08 8.67672e-04   8 /ChipTop/system/tile_prci_domain/tile_reset_domain_tile/gemmini/ex_controller/mesh/transposer/pes_1_9                                                         
     9     0.00% 8.77430e-08 8.67514e-04 7.00090e-08 8.67672e-04   8 /ChipTop/system/tile_prci_domain/tile_reset_domain_tile/gemmini/ex_controller/mesh/transposer/pes_8_5                                                         
     9     0.00% 8.77410e-08 8.67514e-04 7.00090e-08 8.67672e-04   8 /ChipTop/system/tile_prci_domain/tile_reset_domain_tile/gemmini/ex_controller/mesh/transposer/pes_13_11                                                       
     9     0.00% 8.77310e-08 8.67514e-04 7.00090e-08 8.67672e-04   8 /ChipTop/system/tile_prci_domain/tile_reset_domain_tile/gemmini/ex_controller/mesh/transposer/pes_3_11                                                        
     9     0.00% 8.77310e-08 8.67514e-04 7.00090e-08 8.67672e-04   8 /ChipTop/system/tile_prci_domain/tile_reset_domain_tile/gemmini/ex_controller/mesh/transposer/pes_3_13                                                        
     9     0.00% 8.77020e-08 8.67514e-04 7.00090e-08 8.67672e-04   8 /ChipTop/system/tile_prci_domain/tile_reset_domain_tile/gemmini/ex_controller/mesh/transposer/pes_4_12                                                        
     9     0.00% 8.76400e-08 8.67514e-04 7.00090e-08 8.67672e-04   8 /ChipTop/system/tile_prci_domain/tile_reset_domain_tile/gemmini/ex_controller/mesh/transposer/pes_7_2                                                         
     9     0.00% 8.75840e-08 8.67514e-04 7.00090e-08 8.67672e-04   8 /ChipTop/system/tile_prci_domain/tile_reset_domain_tile/gemmini/ex_controller/mesh/transposer/pes_10_6                                                        
     9     0.00% 8.75590e-08 8.67514e-04 7.00090e-08 8.67672e-04   8 /ChipTop/system/tile_prci_domain/tile_reset_domain_tile/gemmini/ex_controller/mesh/transposer/pes_1_10                                                        
     9     0.00% 8.74800e-08 8.67514e-04 7.00090e-08 8.67672e-04   8 /ChipTop/system/tile_prci_domain/tile_reset_domain_tile/gemmini/ex_controller/mesh/transposer/pes_4_11                                                        
     9     0.00% 8.74590e-08 8.67514e-04 7.00090e-08 8.67672e-04   8 /ChipTop/system/tile_prci_domain/tile_reset_domain_tile/gemmini/ex_controller/mesh/transposer/pes_3_8                                                         
     9     0.00% 8.74040e-08 8.67514e-04 7.00090e-08 8.67672e-04   8 /ChipTop/system/tile_prci_domain/tile_reset_domain_tile/gemmini/ex_controller/mesh/transposer/pes_7_8                                                         
     9     0.00% 8.73930e-08 8.67514e-04 7.00090e-08 8.67672e-04   8 /ChipTop/system/tile_prci_domain/tile_reset_domain_tile/gemmini/ex_controller/mesh/transposer/pes_11_12                                                       
     9     0.00% 8.73730e-08 8.67514e-04 7.00090e-08 8.67672e-04   8 /ChipTop/system/tile_prci_domain/tile_reset_domain_tile/gemmini/ex_controller/mesh/transposer/pes_14_12                                                       
     9     0.00% 8.73520e-08 8.67514e-04 7.00090e-08 8.67672e-04   8 /ChipTop/system/tile_prci_domain/tile_reset_domain_tile/gemmini/ex_controller/mesh/transposer/pes_9_8                                                         
     9     0.00% 8.73460e-08 8.67514e-04 7.00090e-08 8.67672e-04   8 /ChipTop/system/tile_prci_domain/tile_reset_domain_tile/gemmini/ex_controller/mesh/transposer/pes_12_12                                                       
     9     0.00% 8.73410e-08 8.67514e-04 7.00090e-08 8.67672e-04   8 /ChipTop/system/tile_prci_domain/tile_reset_domain_tile/gemmini/ex_controller/mesh/transposer/pes_11_4                                                        
     9     0.00% 8.73230e-08 8.67514e-04 7.00090e-08 8.67672e-04   8 /ChipTop/system/tile_prci_domain/tile_reset_domain_tile/gemmini/ex_controller/mesh/transposer/pes_3_6                                                         
     9     0.00% 8.73230e-08 8.67514e-04 7.00090e-08 8.67672e-04   8 /ChipTop/system/tile_prci_domain/tile_reset_domain_tile/gemmini/ex_controller/mesh/transposer/pes_5_14                                                        
     9     0.00% 8.73110e-08 8.67514e-04 7.00090e-08 8.67672e-04   8 /ChipTop/system/tile_prci_domain/tile_reset_domain_tile/gemmini/ex_controller/mesh/transposer/pes_6_10                                                        
     9     0.00% 8.72840e-08 8.67514e-04 7.00090e-08 8.67672e-04   8 /ChipTop/system/tile_prci_domain/tile_reset_domain_tile/gemmini/ex_controller/mesh/transposer/pes_2_4                                                         
     9     0.00% 8.72840e-08 8.67514e-04 7.00090e-08 8.67672e-04   8 /ChipTop/system/tile_prci_domain/tile_reset_domain_tile/gemmini/ex_controller/mesh/transposer/pes_11_9                                                        
     9     0.00% 8.72450e-08 8.67514e-04 7.00090e-08 8.67672e-04   8 /ChipTop/system/tile_prci_domain/tile_reset_domain_tile/gemmini/ex_controller/mesh/transposer/pes_5_7                                                         
     9     0.00% 8.72450e-08 8.67514e-04 7.00090e-08 8.67672e-04   8 /ChipTop/system/tile_prci_domain/tile_reset_domain_tile/gemmini/ex_controller/mesh/transposer/pes_10_5                                                        
     9     0.00% 8.72220e-08 8.67514e-04 7.00090e-08 8.67672e-04   8 /ChipTop/system/tile_prci_domain/tile_reset_domain_tile/gemmini/ex_controller/mesh/transposer/pes_11_2                                                        
     9     0.00% 8.71830e-08 8.67514e-04 7.00090e-08 8.67672e-04   8 /ChipTop/system/tile_prci_domain/tile_reset_domain_tile/gemmini/ex_controller/mesh/transposer/pes_12_11                                                       
     9     0.00% 8.71760e-08 8.67514e-04 7.00090e-08 8.67672e-04   8 /ChipTop/system/tile_prci_domain/tile_reset_domain_tile/gemmini/ex_controller/mesh/transposer/pes_6_4                                                         
     9     0.00% 8.71020e-08 8.67515e-04 7.00090e-08 8.67672e-04   8 /ChipTop/system/tile_prci_domain/tile_reset_domain_tile/gemmini/ex_controller/mesh/transposer/pes_1_1                                                         
     9     0.00% 8.71660e-08 8.67514e-04 7.00090e-08 8.67672e-04   8 /ChipTop/system/tile_prci_domain/tile_reset_domain_tile/gemmini/ex_controller/mesh/transposer/pes_7_6                                                         
     9     0.00% 8.71430e-08 8.67514e-04 7.00090e-08 8.67672e-04   8 /ChipTop/system/tile_prci_domain/tile_reset_domain_tile/gemmini/ex_controller/mesh/transposer/pes_10_8                                                        
     9     0.00% 8.71350e-08 8.67514e-04 7.00090e-08 8.67672e-04   8 /ChipTop/system/tile_prci_domain/tile_reset_domain_tile/gemmini/ex_controller/mesh/transposer/pes_10_4                                                        
     9     0.00% 8.71320e-08 8.67514e-04 7.00090e-08 8.67672e-04   8 /ChipTop/system/tile_prci_domain/tile_reset_domain_tile/gemmini/ex_controller/mesh/transposer/pes_6_5                                                         
     9     0.00% 8.70850e-08 8.67514e-04 7.00090e-08 8.67672e-04   8 /ChipTop/system/tile_prci_domain/tile_reset_domain_tile/gemmini/ex_controller/mesh/transposer/pes_1_2                                                         
     9     0.00% 8.69730e-08 8.67515e-04 7.00090e-08 8.67671e-04   8 /ChipTop/system/tile_prci_domain/tile_reset_domain_tile/gemmini/ex_controller/mesh/transposer/pes_5_10                                                        
     9     0.00% 8.70250e-08 8.67514e-04 7.00090e-08 8.67671e-04   8 /ChipTop/system/tile_prci_domain/tile_reset_domain_tile/gemmini/ex_controller/mesh/transposer/pes_7_1                                                         
     9     0.00% 8.70070e-08 8.67514e-04 7.00090e-08 8.67671e-04   8 /ChipTop/system/tile_prci_domain/tile_reset_domain_tile/gemmini/ex_controller/mesh/transposer/pes_1_11                                                        
     9     0.00% 8.69960e-08 8.67514e-04 7.00090e-08 8.67671e-04   8 /ChipTop/system/tile_prci_domain/tile_reset_domain_tile/gemmini/ex_controller/mesh/transposer/pes_6_11                                                        
     9     0.00% 8.69570e-08 8.67514e-04 7.00090e-08 8.67671e-04   8 /ChipTop/system/tile_prci_domain/tile_reset_domain_tile/gemmini/ex_controller/mesh/transposer/pes_7_12                                                        
     9     0.00% 8.69570e-08 8.67514e-04 7.00090e-08 8.67671e-04   8 /ChipTop/system/tile_prci_domain/tile_reset_domain_tile/gemmini/ex_controller/mesh/transposer/pes_9_5                                                         
     9     0.00% 8.69450e-08 8.67514e-04 7.00090e-08 8.67671e-04   8 /ChipTop/system/tile_prci_domain/tile_reset_domain_tile/gemmini/ex_controller/mesh/transposer/pes_12_6                                                        
     9     0.00% 8.69320e-08 8.67514e-04 7.00090e-08 8.67671e-04   8 /ChipTop/system/tile_prci_domain/tile_reset_domain_tile/gemmini/ex_controller/mesh/transposer/pes_8_9                                                         
     9     0.00% 8.69280e-08 8.67514e-04 7.00090e-08 8.67671e-04   8 /ChipTop/system/tile_prci_domain/tile_reset_domain_tile/gemmini/ex_controller/mesh/transposer/pes_14_14                                                       
     9     0.00% 8.69050e-08 8.67514e-04 7.00090e-08 8.67671e-04   8 /ChipTop/system/tile_prci_domain/tile_reset_domain_tile/gemmini/ex_controller/mesh/transposer/pes_14_3                                                        
     9     0.00% 8.68660e-08 8.67514e-04 7.00090e-08 8.67671e-04   8 /ChipTop/system/tile_prci_domain/tile_reset_domain_tile/gemmini/ex_controller/mesh/transposer/pes_2_8                                                         
     9     0.00% 8.68660e-08 8.67514e-04 7.00090e-08 8.67671e-04   8 /ChipTop/system/tile_prci_domain/tile_reset_domain_tile/gemmini/ex_controller/mesh/transposer/pes_6_7                                                         
     9     0.00% 8.68560e-08 8.67514e-04 7.00090e-08 8.67671e-04   8 /ChipTop/system/tile_prci_domain/tile_reset_domain_tile/gemmini/ex_controller/mesh/transposer/pes_11_1                                                        
     9     0.00% 8.68160e-08 8.67514e-04 7.00090e-08 8.67671e-04   8 /ChipTop/system/tile_prci_domain/tile_reset_domain_tile/gemmini/ex_controller/mesh/transposer/pes_8_4                                                         
     9     0.00% 8.68140e-08 8.67514e-04 7.00090e-08 8.67671e-04   8 /ChipTop/system/tile_prci_domain/tile_reset_domain_tile/gemmini/ex_controller/mesh/transposer/pes_4_8                                                         
     9     0.00% 8.67980e-08 8.67514e-04 7.00090e-08 8.67671e-04   8 /ChipTop/system/tile_prci_domain/tile_reset_domain_tile/gemmini/ex_controller/mesh/transposer/pes_11_11                                                       
     9     0.00% 8.67870e-08 8.67514e-04 7.00090e-08 8.67671e-04   8 /ChipTop/system/tile_prci_domain/tile_reset_domain_tile/gemmini/ex_controller/mesh/transposer/pes_6_14                                                        
     9     0.00% 8.67870e-08 8.67514e-04 7.00090e-08 8.67671e-04   8 /ChipTop/system/tile_prci_domain/tile_reset_domain_tile/gemmini/ex_controller/mesh/transposer/pes_7_13                                                        
     9     0.00% 8.67750e-08 8.67514e-04 7.00090e-08 8.67671e-04   8 /ChipTop/system/tile_prci_domain/tile_reset_domain_tile/gemmini/ex_controller/mesh/transposer/pes_8_8                                                         
     9     0.00% 8.67360e-08 8.67514e-04 7.00090e-08 8.67671e-04   8 /ChipTop/system/tile_prci_domain/tile_reset_domain_tile/gemmini/ex_controller/mesh/transposer/pes_1_7                                                         
     9     0.00% 8.67090e-08 8.67514e-04 7.00090e-08 8.67671e-04   8 /ChipTop/system/tile_prci_domain/tile_reset_domain_tile/gemmini/ex_controller/mesh/transposer/pes_6_2                                                         
     9     0.00% 8.67070e-08 8.67514e-04 7.00090e-08 8.67671e-04   8 /ChipTop/system/tile_prci_domain/tile_reset_domain_tile/gemmini/ex_controller/mesh/transposer/pes_2_7                                                         
     9     0.00% 8.66960e-08 8.67514e-04 7.00090e-08 8.67671e-04   8 /ChipTop/system/tile_prci_domain/tile_reset_domain_tile/gemmini/ex_controller/mesh/transposer/pes_8_11                                                        
     9     0.00% 8.66840e-08 8.67514e-04 7.00090e-08 8.67671e-04   8 /ChipTop/system/tile_prci_domain/tile_reset_domain_tile/gemmini/ex_controller/mesh/transposer/pes_4_7                                                         
     9     0.00% 8.66570e-08 8.67514e-04 7.00090e-08 8.67671e-04   8 /ChipTop/system/tile_prci_domain/tile_reset_domain_tile/gemmini/ex_controller/mesh/transposer/pes_4_13                                                        
     9     0.00% 8.66570e-08 8.67514e-04 7.00090e-08 8.67671e-04   8 /ChipTop/system/tile_prci_domain/tile_reset_domain_tile/gemmini/ex_controller/mesh/transposer/pes_5_4                                                         
     9     0.00% 8.66370e-08 8.67514e-04 7.00090e-08 8.67671e-04   8 /ChipTop/system/tile_prci_domain/tile_reset_domain_tile/gemmini/ex_controller/mesh/transposer/pes_2_3                                                         
     9     0.00% 8.66300e-08 8.67514e-04 7.00090e-08 8.67671e-04   8 /ChipTop/system/tile_prci_domain/tile_reset_domain_tile/gemmini/ex_controller/mesh/transposer/pes_6_13                                                        
     9     0.00% 8.66180e-08 8.67514e-04 7.00090e-08 8.67671e-04   8 /ChipTop/system/tile_prci_domain/tile_reset_domain_tile/gemmini/ex_controller/mesh/transposer/pes_5_3                                                         
     9     0.00% 8.66180e-08 8.67514e-04 7.00090e-08 8.67671e-04   8 /ChipTop/system/tile_prci_domain/tile_reset_domain_tile/gemmini/ex_controller/mesh/transposer/pes_13_5                                                        
     9     0.00% 8.66160e-08 8.67514e-04 7.00090e-08 8.67671e-04   8 /ChipTop/system/tile_prci_domain/tile_reset_domain_tile/gemmini/ex_controller/mesh/transposer/pes_2_13                                                        
     9     0.00% 8.66280e-08 8.67514e-04 7.00090e-08 8.67671e-04   8 /ChipTop/system/tile_prci_domain/tile_reset_domain_tile/gemmini/ex_controller/mesh/transposer/pes_7_5                                                         
     9     0.00% 8.65500e-08 8.67515e-04 7.00090e-08 8.67671e-04   8 /ChipTop/system/tile_prci_domain/tile_reset_domain_tile/gemmini/ex_controller/mesh/transposer/pes_5_9                                                         
     9     0.00% 8.65680e-08 8.67514e-04 7.00090e-08 8.67671e-04   8 /ChipTop/system/tile_prci_domain/tile_reset_domain_tile/gemmini/ex_controller/mesh/transposer/pes_8_7                                                         
     9     0.00% 8.65680e-08 8.67514e-04 7.00090e-08 8.67671e-04   8 /ChipTop/system/tile_prci_domain/tile_reset_domain_tile/gemmini/ex_controller/mesh/transposer/pes_14_4                                                        
     9     0.00% 8.65660e-08 8.67514e-04 7.00090e-08 8.67671e-04   8 /ChipTop/system/tile_prci_domain/tile_reset_domain_tile/gemmini/ex_controller/mesh/transposer/pes_3_10                                                        
     9     0.00% 8.65380e-08 8.67514e-04 7.00090e-08 8.67671e-04   8 /ChipTop/system/tile_prci_domain/tile_reset_domain_tile/gemmini/ex_controller/mesh/transposer/pes_1_14                                                        
     9     0.00% 8.65380e-08 8.67514e-04 7.00090e-08 8.67671e-04   8 /ChipTop/system/tile_prci_domain/tile_reset_domain_tile/gemmini/ex_controller/mesh/transposer/pes_14_7                                                        
     9     0.00% 8.65250e-08 8.67514e-04 7.00090e-08 8.67671e-04   8 /ChipTop/system/tile_prci_domain/tile_reset_domain_tile/gemmini/ex_controller/mesh/transposer/pes_11_8                                                        
     9     0.00% 8.64690e-08 8.67514e-04 7.00090e-08 8.67671e-04   8 /ChipTop/system/tile_prci_domain/tile_reset_domain_tile/gemmini/ex_controller/mesh/transposer/pes_12_2                                                        
     9     0.00% 8.64590e-08 8.67514e-04 7.00090e-08 8.67671e-04   8 /ChipTop/system/tile_prci_domain/tile_reset_domain_tile/gemmini/ex_controller/mesh/transposer/pes_4_10                                                        
     9     0.00% 8.64580e-08 8.67514e-04 7.00090e-08 8.67671e-04   8 /ChipTop/system/tile_prci_domain/tile_reset_domain_tile/gemmini/ex_controller/mesh/transposer/pes_10_1                                                        
     9     0.00% 8.64090e-08 8.67514e-04 7.00090e-08 8.67671e-04   8 /ChipTop/system/tile_prci_domain/tile_reset_domain_tile/gemmini/ex_controller/mesh/transposer/pes_11_6                                                        
     9     0.00% 8.64090e-08 8.67514e-04 7.00090e-08 8.67671e-04   8 /ChipTop/system/tile_prci_domain/tile_reset_domain_tile/gemmini/ex_controller/mesh/transposer/pes_14_9                                                        
     9     0.00% 8.64080e-08 8.67514e-04 7.00090e-08 8.67671e-04   8 /ChipTop/system/tile_prci_domain/tile_reset_domain_tile/gemmini/ex_controller/mesh/transposer/pes_8_6                                                         
     9     0.00% 8.63970e-08 8.67514e-04 7.00090e-08 8.67671e-04   8 /ChipTop/system/tile_prci_domain/tile_reset_domain_tile/gemmini/ex_controller/mesh/transposer/pes_1_13                                                        
     9     0.00% 8.63800e-08 8.67514e-04 7.00090e-08 8.67671e-04   8 /ChipTop/system/tile_prci_domain/tile_reset_domain_tile/gemmini/ex_controller/mesh/transposer/pes_2_9                                                         
     9     0.00% 8.63580e-08 8.67514e-04 7.00090e-08 8.67671e-04   8 /ChipTop/system/tile_prci_domain/tile_reset_domain_tile/gemmini/ex_controller/mesh/transposer/pes_3_2                                                         
     9     0.00% 8.62890e-08 8.67515e-04 7.00090e-08 8.67671e-04   8 /ChipTop/system/tile_prci_domain/tile_reset_domain_tile/gemmini/ex_controller/mesh/transposer/pes_1_5                                                         
     9     0.00% 8.63310e-08 8.67514e-04 7.00090e-08 8.67671e-04   8 /ChipTop/system/tile_prci_domain/tile_reset_domain_tile/gemmini/ex_controller/mesh/transposer/pes_6_3                                                         
     9     0.00% 8.63300e-08 8.67514e-04 7.00090e-08 8.67671e-04   8 /ChipTop/system/tile_prci_domain/tile_reset_domain_tile/gemmini/ex_controller/mesh/transposer/pes_8_13                                                        
     9     0.00% 8.63180e-08 8.67514e-04 7.00090e-08 8.67671e-04   8 /ChipTop/system/tile_prci_domain/tile_reset_domain_tile/gemmini/ex_controller/mesh/transposer/pes_6_9                                                         
     9     0.00% 8.63180e-08 8.67514e-04 7.00090e-08 8.67671e-04   8 /ChipTop/system/tile_prci_domain/tile_reset_domain_tile/gemmini/ex_controller/mesh/transposer/pes_8_1                                                         
     9     0.00% 8.63180e-08 8.67514e-04 7.00090e-08 8.67671e-04   8 /ChipTop/system/tile_prci_domain/tile_reset_domain_tile/gemmini/ex_controller/mesh/transposer/pes_9_13                                                        
     9     0.00% 8.63020e-08 8.67514e-04 7.00090e-08 8.67671e-04   8 /ChipTop/system/tile_prci_domain/tile_reset_domain_tile/gemmini/ex_controller/mesh/transposer/pes_12_8                                                        
     9     0.00% 8.62890e-08 8.67514e-04 7.00090e-08 8.67671e-04   8 /ChipTop/system/tile_prci_domain/tile_reset_domain_tile/gemmini/ex_controller/mesh/transposer/pes_1_12                                                        
     9     0.00% 8.62680e-08 8.67514e-04 7.00090e-08 8.67671e-04   8 /ChipTop/system/tile_prci_domain/tile_reset_domain_tile/gemmini/ex_controller/mesh/transposer/pes_10_2                                                        
     9     0.00% 8.62270e-08 8.67514e-04 7.00090e-08 8.67671e-04   8 /ChipTop/system/tile_prci_domain/tile_reset_domain_tile/gemmini/ex_controller/mesh/transposer/pes_11_7                                                        
     9     0.00% 8.62210e-08 8.67514e-04 7.00090e-08 8.67671e-04   8 /ChipTop/system/tile_prci_domain/tile_reset_domain_tile/gemmini/ex_controller/mesh/transposer/pes_5_6                                                         
     9     0.00% 8.62110e-08 8.67514e-04 7.00090e-08 8.67671e-04   8 /ChipTop/system/tile_prci_domain/tile_reset_domain_tile/gemmini/ex_controller/mesh/transposer/pes_13_10                                                       
     9     0.00% 8.62000e-08 8.67514e-04 7.00090e-08 8.67671e-04   8 /ChipTop/system/tile_prci_domain/tile_reset_domain_tile/gemmini/ex_controller/mesh/transposer/pes_13_3                                                        
     9     0.00% 8.61710e-08 8.67514e-04 7.00090e-08 8.67671e-04   8 /ChipTop/system/tile_prci_domain/tile_reset_domain_tile/gemmini/ex_controller/mesh/transposer/pes_3_4                                                         
     9     0.00% 8.61600e-08 8.67514e-04 7.00090e-08 8.67671e-04   8 /ChipTop/system/tile_prci_domain/tile_reset_domain_tile/gemmini/ex_controller/mesh/transposer/pes_4_5                                                         
     9     0.00% 8.61420e-08 8.67514e-04 7.00090e-08 8.67671e-04   8 /ChipTop/system/tile_prci_domain/tile_reset_domain_tile/gemmini/ex_controller/mesh/transposer/pes_10_13                                                       
     9     0.00% 8.61300e-08 8.67514e-04 7.00090e-08 8.67671e-04   8 /ChipTop/system/tile_prci_domain/tile_reset_domain_tile/gemmini/ex_controller/mesh/transposer/pes_10_12                                                       
     9     0.00% 8.61090e-08 8.67514e-04 7.00090e-08 8.67671e-04   8 /ChipTop/system/tile_prci_domain/tile_reset_domain_tile/gemmini/ex_controller/mesh/transposer/pes_13_7                                                        
     9     0.00% 8.60930e-08 8.67514e-04 7.00090e-08 8.67671e-04   8 /ChipTop/system/tile_prci_domain/tile_reset_domain_tile/gemmini/ex_controller/mesh/transposer/pes_2_14                                                        
     9     0.00% 8.60930e-08 8.67514e-04 7.00090e-08 8.67671e-04   8 /ChipTop/system/tile_prci_domain/tile_reset_domain_tile/gemmini/ex_controller/mesh/transposer/pes_7_9                                                         
     9     0.00% 8.60800e-08 8.67514e-04 7.00090e-08 8.67671e-04   8 /ChipTop/system/tile_prci_domain/tile_reset_domain_tile/gemmini/ex_controller/mesh/transposer/pes_3_12                                                        
     9     0.00% 8.60800e-08 8.67514e-04 7.00090e-08 8.67671e-04   8 /ChipTop/system/tile_prci_domain/tile_reset_domain_tile/gemmini/ex_controller/mesh/transposer/pes_12_9                                                        
     9     0.00% 8.60800e-08 8.67514e-04 7.00090e-08 8.67671e-04   8 /ChipTop/system/tile_prci_domain/tile_reset_domain_tile/gemmini/ex_controller/mesh/transposer/pes_14_13                                                       
     9     0.00% 8.60700e-08 8.67514e-04 7.00090e-08 8.67671e-04   8 /ChipTop/system/tile_prci_domain/tile_reset_domain_tile/gemmini/ex_controller/mesh/transposer/pes_2_12                                                        
     9     0.00% 8.60190e-08 8.67514e-04 7.00090e-08 8.67670e-04   8 /ChipTop/system/tile_prci_domain/tile_reset_domain_tile/gemmini/ex_controller/mesh/transposer/pes_9_10                                                        
     9     0.00% 8.60010e-08 8.67514e-04 7.00090e-08 8.67670e-04   8 /ChipTop/system/tile_prci_domain/tile_reset_domain_tile/gemmini/ex_controller/mesh/transposer/pes_9_2                                                         
     9     0.00% 8.59890e-08 8.67514e-04 7.00090e-08 8.67670e-04   8 /ChipTop/system/tile_prci_domain/tile_reset_domain_tile/gemmini/ex_controller/mesh/transposer/pes_5_8                                                         
     9     0.00% 8.58730e-08 8.67514e-04 7.00090e-08 8.67670e-04   8 /ChipTop/system/tile_prci_domain/tile_reset_domain_tile/gemmini/ex_controller/mesh/transposer/pes_8_14                                                        
     9     0.00% 8.58440e-08 8.67514e-04 7.00090e-08 8.67670e-04   8 /ChipTop/system/tile_prci_domain/tile_reset_domain_tile/gemmini/ex_controller/mesh/transposer/pes_7_14                                                        
     9     0.00% 8.58310e-08 8.67514e-04 7.00090e-08 8.67670e-04   8 /ChipTop/system/tile_prci_domain/tile_reset_domain_tile/gemmini/ex_controller/mesh/transposer/pes_13_4                                                        
     9     0.00% 8.58110e-08 8.67514e-04 7.00090e-08 8.67670e-04   8 /ChipTop/system/tile_prci_domain/tile_reset_domain_tile/gemmini/ex_controller/mesh/transposer/pes_1_3                                                         
     9     0.00% 8.57530e-08 8.67515e-04 7.00090e-08 8.67670e-04   8 /ChipTop/system/tile_prci_domain/tile_reset_domain_tile/gemmini/ex_controller/mesh/transposer/pes_2_5                                                         
     9     0.00% 8.57980e-08 8.67514e-04 7.00090e-08 8.67670e-04   8 /ChipTop/system/tile_prci_domain/tile_reset_domain_tile/gemmini/ex_controller/mesh/transposer/pes_4_6                                                         
     9     0.00% 8.57920e-08 8.67514e-04 7.00090e-08 8.67670e-04   8 /ChipTop/system/tile_prci_domain/tile_reset_domain_tile/gemmini/ex_controller/mesh/transposer/pes_8_2                                                         
     9     0.00% 8.57130e-08 8.67514e-04 7.00090e-08 8.67670e-04   8 /ChipTop/system/tile_prci_domain/tile_reset_domain_tile/gemmini/ex_controller/mesh/transposer/pes_9_9                                                         
     9     0.00% 8.56910e-08 8.67514e-04 7.00090e-08 8.67670e-04   8 /ChipTop/system/tile_prci_domain/tile_reset_domain_tile/gemmini/ex_controller/mesh/transposer/pes_9_6                                                         
     9     0.00% 8.56740e-08 8.67514e-04 7.00090e-08 8.67670e-04   8 /ChipTop/system/tile_prci_domain/tile_reset_domain_tile/gemmini/ex_controller/mesh/transposer/pes_12_13                                                       
     9     0.00% 8.56510e-08 8.67514e-04 7.00090e-08 8.67670e-04   8 /ChipTop/system/tile_prci_domain/tile_reset_domain_tile/gemmini/ex_controller/mesh/transposer/pes_4_4                                                         
     9     0.00% 8.55840e-08 8.67515e-04 7.00090e-08 8.67670e-04   8 /ChipTop/system/tile_prci_domain/tile_reset_domain_tile/gemmini/ex_controller/mesh/transposer/pes_11_10                                                       
     9     0.00% 8.56060e-08 8.67514e-04 7.00090e-08 8.67670e-04   8 /ChipTop/system/tile_prci_domain/tile_reset_domain_tile/gemmini/ex_controller/mesh/transposer/pes_14_5                                                        
     9     0.00% 8.55440e-08 8.67514e-04 7.00090e-08 8.67670e-04   8 /ChipTop/system/tile_prci_domain/tile_reset_domain_tile/gemmini/ex_controller/mesh/transposer/pes_13_1                                                        
     9     0.00% 8.55150e-08 8.67514e-04 7.00090e-08 8.67670e-04   8 /ChipTop/system/tile_prci_domain/tile_reset_domain_tile/gemmini/ex_controller/mesh/transposer/pes_6_1                                                         
     9     0.00% 8.54820e-08 8.67514e-04 7.00090e-08 8.67670e-04   8 /ChipTop/system/tile_prci_domain/tile_reset_domain_tile/gemmini/ex_controller/mesh/transposer/pes_9_12                                                        
     9     0.00% 8.54540e-08 8.67514e-04 7.00090e-08 8.67670e-04   8 /ChipTop/system/tile_prci_domain/tile_reset_domain_tile/gemmini/ex_controller/mesh/transposer/pes_10_11                                                       
     9     0.00% 8.54530e-08 8.67514e-04 7.00090e-08 8.67670e-04   8 /ChipTop/system/tile_prci_domain/tile_reset_domain_tile/gemmini/ex_controller/mesh/transposer/pes_3_7                                                         
     9     0.00% 8.54530e-08 8.67514e-04 7.00090e-08 8.67670e-04   8 /ChipTop/system/tile_prci_domain/tile_reset_domain_tile/gemmini/ex_controller/mesh/transposer/pes_4_2                                                         
     9     0.00% 8.54470e-08 8.67514e-04 7.00090e-08 8.67670e-04   8 /ChipTop/system/tile_prci_domain/tile_reset_domain_tile/gemmini/ex_controller/mesh/transposer/pes_7_3                                                         
     9     0.00% 8.54240e-08 8.67514e-04 7.00090e-08 8.67670e-04   8 /ChipTop/system/tile_prci_domain/tile_reset_domain_tile/gemmini/ex_controller/mesh/transposer/pes_6_8                                                         
     9     0.00% 8.53460e-08 8.67514e-04 7.00090e-08 8.67670e-04   8 /ChipTop/system/tile_prci_domain/tile_reset_domain_tile/gemmini/ex_controller/mesh/transposer/pes_12_5                                                        
     9     0.00% 8.53350e-08 8.67514e-04 7.00090e-08 8.67670e-04   8 /ChipTop/system/tile_prci_domain/tile_reset_domain_tile/gemmini/ex_controller/mesh/transposer/pes_2_1                                                         
     9     0.00% 8.53340e-08 8.67514e-04 7.00090e-08 8.67670e-04   8 /ChipTop/system/tile_prci_domain/tile_reset_domain_tile/gemmini/ex_controller/mesh/transposer/pes_12_1                                                        
     9     0.00% 8.53230e-08 8.67514e-04 7.00090e-08 8.67670e-04   8 /ChipTop/system/tile_prci_domain/tile_reset_domain_tile/gemmini/ex_controller/mesh/transposer/pes_4_1                                                         
     9     0.00% 8.52940e-08 8.67514e-04 7.00090e-08 8.67670e-04   8 /ChipTop/system/tile_prci_domain/tile_reset_domain_tile/gemmini/ex_controller/mesh/transposer/pes_5_1                                                         
     9     0.00% 8.52830e-08 8.67514e-04 7.00090e-08 8.67670e-04   8 /ChipTop/system/tile_prci_domain/tile_reset_domain_tile/gemmini/ex_controller/mesh/transposer/pes_6_6                                                         
     9     0.00% 8.52560e-08 8.67514e-04 7.00090e-08 8.67670e-04   8 /ChipTop/system/tile_prci_domain/tile_reset_domain_tile/gemmini/ex_controller/mesh/transposer/pes_13_14                                                       
     9     0.00% 8.51660e-08 8.67514e-04 7.00090e-08 8.67670e-04   8 /ChipTop/system/tile_prci_domain/tile_reset_domain_tile/gemmini/ex_controller/mesh/transposer/pes_9_4                                                         
     9     0.00% 8.51530e-08 8.67514e-04 7.00090e-08 8.67670e-04   8 /ChipTop/system/tile_prci_domain/tile_reset_domain_tile/gemmini/ex_controller/mesh/transposer/pes_12_7                                                        
     9     0.00% 8.50580e-08 8.67514e-04 7.00090e-08 8.67670e-04   8 /ChipTop/system/tile_prci_domain/tile_reset_domain_tile/gemmini/ex_controller/mesh/transposer/pes_5_2                                                         
     9     0.00% 8.50170e-08 8.67514e-04 7.00090e-08 8.67669e-04   8 /ChipTop/system/tile_prci_domain/tile_reset_domain_tile/gemmini/ex_controller/mesh/transposer/pes_13_6                                                        
     9     0.00% 8.49670e-08 8.67514e-04 7.00090e-08 8.67669e-04   8 /ChipTop/system/tile_prci_domain/tile_reset_domain_tile/gemmini/ex_controller/mesh/transposer/pes_12_4                                                        
     9     0.00% 8.49170e-08 8.67514e-04 7.00090e-08 8.67669e-04   8 /ChipTop/system/tile_prci_domain/tile_reset_domain_tile/gemmini/ex_controller/mesh/transposer/pes_2_11                                                        
     9     0.00% 8.48370e-08 8.67514e-04 7.00090e-08 8.67669e-04   8 /ChipTop/system/tile_prci_domain/tile_reset_domain_tile/gemmini/ex_controller/mesh/transposer/pes_14_8                                                        
     9     0.00% 8.47700e-08 8.67514e-04 7.00090e-08 8.67669e-04   8 /ChipTop/system/tile_prci_domain/tile_reset_domain_tile/gemmini/ex_controller/mesh/transposer/pes_11_3                                                        
     9     0.00% 8.46970e-08 8.67514e-04 7.00090e-08 8.67669e-04   8 /ChipTop/system/tile_prci_domain/tile_reset_domain_tile/gemmini/ex_controller/mesh/transposer/pes_6_12                                                        
     9     0.00% 8.46170e-08 8.67514e-04 7.00090e-08 8.67669e-04   8 /ChipTop/system/tile_prci_domain/tile_reset_domain_tile/gemmini/ex_controller/mesh/transposer/pes_2_10                                                        
     9     0.00% 8.45390e-08 8.67514e-04 7.00090e-08 8.67669e-04   8 /ChipTop/system/tile_prci_domain/tile_reset_domain_tile/gemmini/ex_controller/mesh/transposer/pes_13_8                                                        
     9     0.00% 8.42610e-08 8.67514e-04 7.00090e-08 8.67669e-04   8 /ChipTop/system/tile_prci_domain/tile_reset_domain_tile/gemmini/ex_controller/mesh/transposer/pes_11_13                                                       
     9     0.00% 8.39330e-08 8.67514e-04 7.00090e-08 8.67668e-04   8 /ChipTop/system/tile_prci_domain/tile_reset_domain_tile/gemmini/ex_controller/mesh/transposer/pes_14_11                                                       
     9     0.00% 8.39120e-08 8.67514e-04 7.00090e-08 8.67668e-04   8 /ChipTop/system/tile_prci_domain/tile_reset_domain_tile/gemmini/ex_controller/mesh/transposer/pes_10_9                                                        
     9     0.00% 8.38540e-08 8.67514e-04 7.00090e-08 8.67668e-04   8 /ChipTop/system/tile_prci_domain/tile_reset_domain_tile/gemmini/ex_controller/mesh/transposer/pes_3_5                                                         
     9     0.00% 8.37240e-08 8.67514e-04 7.00090e-08 8.67668e-04   8 /ChipTop/system/tile_prci_domain/tile_reset_domain_tile/gemmini/ex_controller/mesh/transposer/pes_9_1                                                         
     9     0.00% 8.35540e-08 8.67514e-04 7.00090e-08 8.67668e-04   8 /ChipTop/system/tile_prci_domain/tile_reset_domain_tile/gemmini/ex_controller/mesh/transposer/pes_4_3                                                         
   565     0.09% 3.35174e-06 1.68473e-02 2.07782e-03 1.89285e-02   7 /ChipTop/system/tile_prci_domain/tile_reset_domain_tile/gemmini/ex_controller/mesh/tagq                                                                       
   143     0.02% 7.05469e-07 9.13253e-03 4.41617e-04 9.57485e-03   7 /ChipTop/system/tile_prci_domain/tile_reset_domain_tile/gemmini/ex_controller/mesh/total_rows_q                                                               
   103     0.02% 5.60437e-07 5.64547e-03 1.90846e-04 5.83688e-03   8 /ChipTop/system/tile_prci_domain/tile_reset_domain_tile/gemmini/ex_controller/mesh/total_rows_q/ram_ext                                                       
   745     0.11% 4.61083e-06 1.49777e-01 4.77067e-02 1.97488e-01   6 /ChipTop/system/tile_prci_domain/tile_reset_domain_tile/gemmini/ex_controller/mesh_cntl_signals_q                                                             
   707     0.11% 4.46172e-06 1.36043e-01 4.01080e-02 1.76156e-01   7 /ChipTop/system/tile_prci_domain/tile_reset_domain_tile/gemmini/ex_controller/mesh_cntl_signals_q/ram_ext                                                     
  2724     0.41% 1.28052e-05 4.49912e-02 7.43801e-03 5.24420e-02   6 /ChipTop/system/tile_prci_domain/tile_reset_domain_tile/gemmini/ex_controller/cmd_q                                                                           
   684     0.10% 3.45971e-06 2.31813e-02 5.60574e-03 2.87905e-02   6 /ChipTop/system/tile_prci_domain/tile_reset_domain_tile/gemmini/ex_controller/unrolled_cmd_mod                                                                
   534     0.08% 2.95872e-06 1.87738e-02 4.78775e-03 2.35645e-02   7 /ChipTop/system/tile_prci_domain/tile_reset_domain_tile/gemmini/ex_controller/unrolled_cmd_mod/q                                                              
155908    23.56% 3.39056e+00 2.34591e+01 2.53993e+00 2.93896e+01   5 /ChipTop/system/tile_prci_domain/tile_reset_domain_tile/gemmini/spad                                                                                          
 13654     2.06% 1.12546e+00 5.62065e+00 9.66806e-01 7.71292e+00   6 /ChipTop/system/tile_prci_domain/tile_reset_domain_tile/gemmini/spad/acc_mems_0                                                                               
     9     0.00% 5.62694e-01 1.37147e+00 1.10864e-02 1.94525e+00   7 /ChipTop/system/tile_prci_domain/tile_reset_domain_tile/gemmini/spad/acc_mems_0/mem_1                                                                         
     9     0.00% 5.62694e-01 1.37147e+00 1.10864e-02 1.94525e+00   8 /ChipTop/system/tile_prci_domain/tile_reset_domain_tile/gemmini/spad/acc_mems_0/mem_1/mem_0_ext                                                               
     9     0.00% 5.62694e-01 1.37147e+00 1.10864e-02 1.94525e+00   7 /ChipTop/system/tile_prci_domain/tile_reset_domain_tile/gemmini/spad/acc_mems_0/mem                                                                           
     9     0.00% 5.62694e-01 1.37147e+00 1.10864e-02 1.94525e+00   8 /ChipTop/system/tile_prci_domain/tile_reset_domain_tile/gemmini/spad/acc_mems_0/mem/mem_0_ext                                                                 
  1348     0.20% 7.43475e-06 7.21150e-02 1.29991e-02 8.51216e-02   7 /ChipTop/system/tile_prci_domain/tile_reset_domain_tile/gemmini/spad/acc_mems_0/q                                                                             
   567     0.09% 4.78548e-06 2.50461e-02 3.97432e-06 2.50549e-02   8 /ChipTop/system/tile_prci_domain/tile_reset_domain_tile/gemmini/spad/acc_mems_0/q/ram_ext                                                                     
 63996     9.67% 1.88742e-04 5.99865e+00 8.16700e-01 6.81554e+00   6 /ChipTop/system/tile_prci_domain/tile_reset_domain_tile/gemmini/spad/acc_scale_unit                                                                           
  5337     0.81% 4.35803e-05 5.99861e+00 8.16566e-01 6.81522e+00   7 /ChipTop/system/tile_prci_domain/tile_reset_domain_tile/gemmini/spad/acc_scale_unit/pipe_out_p                                                                
  2872     0.43% 6.95111e-06 1.26705e-06 3.33281e-06 1.15510e-05   7 /ChipTop/system/tile_prci_domain/tile_reset_domain_tile/gemmini/spad/acc_scale_unit/activated_data_e_scaled_muladder_1                                        
   346     0.05% 7.14988e-07 3.75004e-07 1.67613e-06 2.76612e-06   8 /ChipTop/system/tile_prci_domain/tile_reset_domain_tile/gemmini/spad/acc_scale_unit/activated_data_e_scaled_muladder_1/roundRawFNToRecFN                      
   346     0.05% 7.14988e-07 3.75004e-07 1.67613e-06 2.76612e-06   9 /ChipTop/system/tile_prci_domain/tile_reset_domain_tile/gemmini/spad/acc_scale_unit/activated_data_e_scaled_muladder_1/roundRawFNToRecFN/roundAnyRawFNToRecFN 
   459     0.07% 1.11255e-06 5.48631e-07 7.14921e-07 2.37610e-06   8 /ChipTop/system/tile_prci_domain/tile_reset_domain_tile/gemmini/spad/acc_scale_unit/activated_data_e_scaled_muladder_1/mulAddRecFNToRaw_postMul               
    49     0.01% 1.27465e-07 8.07130e-08 2.50259e-07 4.58437e-07   8 /ChipTop/system/tile_prci_domain/tile_reset_domain_tile/gemmini/spad/acc_scale_unit/activated_data_e_scaled_muladder_1/mulAddRecFNToRaw_preMul                
  2493     0.38% 6.64751e-06 1.33410e-06 2.96518e-06 1.09468e-05   7 /ChipTop/system/tile_prci_domain/tile_reset_domain_tile/gemmini/spad/acc_scale_unit/activated_data_e_scaled_muladder_2                                        
   435     0.07% 1.13053e-06 6.00291e-07 7.03369e-07 2.43419e-06   8 /ChipTop/system/tile_prci_domain/tile_reset_domain_tile/gemmini/spad/acc_scale_unit/activated_data_e_scaled_muladder_2/mulAddRecFNToRaw_postMul               
   346     0.05% 6.46244e-07 3.46988e-07 1.34562e-06 2.33885e-06   8 /ChipTop/system/tile_prci_domain/tile_reset_domain_tile/gemmini/spad/acc_scale_unit/activated_data_e_scaled_muladder_2/roundRawFNToRecFN                      
   346     0.05% 6.46244e-07 3.46988e-07 1.34562e-06 2.33885e-06   9 /ChipTop/system/tile_prci_domain/tile_reset_domain_tile/gemmini/spad/acc_scale_unit/activated_data_e_scaled_muladder_2/roundRawFNToRecFN/roundAnyRawFNToRecFN 
    47     0.01% 1.41355e-07 1.15655e-07 2.65494e-07 5.22504e-07   8 /ChipTop/system/tile_prci_domain/tile_reset_domain_tile/gemmini/spad/acc_scale_unit/activated_data_e_scaled_muladder_2/mulAddRecFNToRaw_preMul                
  2476     0.37% 6.26533e-06 1.35738e-06 3.30095e-06 1.09237e-05   7 /ChipTop/system/tile_prci_domain/tile_reset_domain_tile/gemmini/spad/acc_scale_unit/activated_data_e_scaled_muladder_3                                        
   346     0.05% 6.68177e-07 3.69340e-07 1.59858e-06 2.63610e-06   8 /ChipTop/system/tile_prci_domain/tile_reset_domain_tile/gemmini/spad/acc_scale_unit/activated_data_e_scaled_muladder_3/roundRawFNToRecFN                      
   346     0.05% 6.68177e-07 3.69340e-07 1.59858e-06 2.63610e-06   9 /ChipTop/system/tile_prci_domain/tile_reset_domain_tile/gemmini/spad/acc_scale_unit/activated_data_e_scaled_muladder_3/roundRawFNToRecFN/roundAnyRawFNToRecFN 
   435     0.07% 1.13989e-06 6.17057e-07 6.90263e-07 2.44721e-06   8 /ChipTop/system/tile_prci_domain/tile_reset_domain_tile/gemmini/spad/acc_scale_unit/activated_data_e_scaled_muladder_3/mulAddRecFNToRaw_postMul               
    47     0.01% 1.41713e-07 9.87610e-08 3.57775e-07 5.98249e-07   8 /ChipTop/system/tile_prci_domain/tile_reset_domain_tile/gemmini/spad/acc_scale_unit/activated_data_e_scaled_muladder_3/mulAddRecFNToRaw_preMul                
  2467     0.37% 6.12741e-06 1.39378e-06 3.32976e-06 1.08509e-05   7 /ChipTop/system/tile_prci_domain/tile_reset_domain_tile/gemmini/spad/acc_scale_unit/activated_data_e_scaled_muladder_13                                       
   346     0.05% 6.67483e-07 3.68669e-07 1.60247e-06 2.63862e-06   8 /ChipTop/system/tile_prci_domain/tile_reset_domain_tile/gemmini/spad/acc_scale_unit/activated_data_e_scaled_muladder_13/roundRawFNToRecFN                     
   346     0.05% 6.67483e-07 3.68669e-07 1.60247e-06 2.63862e-06   9 /ChipTop/system/tile_prci_domain/tile_reset_domain_tile/gemmini/spad/acc_scale_unit/activated_data_e_scaled_muladder_13/roundRawFNToRecFN/roundAnyRawFNToRecFN
   436     0.07% 1.11883e-06 6.44291e-07 7.06669e-07 2.46979e-06   8 /ChipTop/system/tile_prci_domain/tile_reset_domain_tile/gemmini/spad/acc_scale_unit/activated_data_e_scaled_muladder_13/mulAddRecFNToRaw_postMul              
    47     0.01% 1.45506e-07 9.23270e-08 3.56444e-07 5.94277e-07   8 /ChipTop/system/tile_prci_domain/tile_reset_domain_tile/gemmini/spad/acc_scale_unit/activated_data_e_scaled_muladder_13/mulAddRecFNToRaw_preMul               
  2517     0.38% 6.26905e-06 1.35857e-06 3.20313e-06 1.08308e-05   7 /ChipTop/system/tile_prci_domain/tile_reset_domain_tile/gemmini/spad/acc_scale_unit/activated_data_e_scaled_muladder_7                                        
   346     0.05% 6.70064e-07 3.73979e-07 1.57326e-06 2.61730e-06   8 /ChipTop/system/tile_prci_domain/tile_reset_domain_tile/gemmini/spad/acc_scale_unit/activated_data_e_scaled_muladder_7/roundRawFNToRecFN                      
   346     0.05% 6.70064e-07 3.73979e-07 1.57326e-06 2.61730e-06   9 /ChipTop/system/tile_prci_domain/tile_reset_domain_tile/gemmini/spad/acc_scale_unit/activated_data_e_scaled_muladder_7/roundRawFNToRecFN/roundAnyRawFNToRecFN 
   437     0.07% 1.08050e-06 6.17803e-07 6.33095e-07 2.33139e-06   8 /ChipTop/system/tile_prci_domain/tile_reset_domain_tile/gemmini/spad/acc_scale_unit/activated_data_e_scaled_muladder_7/mulAddRecFNToRaw_postMul               
    46     0.01% 1.61655e-07 1.15174e-07 3.23759e-07 6.00588e-07   8 /ChipTop/system/tile_prci_domain/tile_reset_domain_tile/gemmini/spad/acc_scale_unit/activated_data_e_scaled_muladder_7/mulAddRecFNToRaw_preMul                
  2529     0.38% 6.19578e-06 1.35747e-06 3.27297e-06 1.08262e-05   7 /ChipTop/system/tile_prci_domain/tile_reset_domain_tile/gemmini/spad/acc_scale_unit/activated_data_e_scaled_muladder_10                                       
   436     0.07% 1.12304e-06 6.73585e-07 7.15658e-07 2.51229e-06   8 /ChipTop/system/tile_prci_domain/tile_reset_domain_tile/gemmini/spad/acc_scale_unit/activated_data_e_scaled_muladder_10/mulAddRecFNToRaw_postMul              
   346     0.05% 6.67729e-07 3.42227e-07 1.50118e-06 2.51114e-06   8 /ChipTop/system/tile_prci_domain/tile_reset_domain_tile/gemmini/spad/acc_scale_unit/activated_data_e_scaled_muladder_10/roundRawFNToRecFN                     
   346     0.05% 6.67729e-07 3.42227e-07 1.50118e-06 2.51114e-06   9 /ChipTop/system/tile_prci_domain/tile_reset_domain_tile/gemmini/spad/acc_scale_unit/activated_data_e_scaled_muladder_10/roundRawFNToRecFN/roundAnyRawFNToRecFN
    47     0.01% 1.36101e-07 1.06496e-07 3.27153e-07 5.69750e-07   8 /ChipTop/system/tile_prci_domain/tile_reset_domain_tile/gemmini/spad/acc_scale_unit/activated_data_e_scaled_muladder_10/mulAddRecFNToRaw_preMul               
  2488     0.38% 6.19226e-06 1.38136e-06 3.07443e-06 1.06480e-05   7 /ChipTop/system/tile_prci_domain/tile_reset_domain_tile/gemmini/spad/acc_scale_unit/activated_data_e_scaled_muladder_6                                        
   435     0.07% 1.07318e-06 6.97821e-07 6.88637e-07 2.45964e-06   8 /ChipTop/system/tile_prci_domain/tile_reset_domain_tile/gemmini/spad/acc_scale_unit/activated_data_e_scaled_muladder_6/mulAddRecFNToRaw_postMul               
   346     0.05% 6.79020e-07 3.29000e-07 1.38096e-06 2.38898e-06   8 /ChipTop/system/tile_prci_domain/tile_reset_domain_tile/gemmini/spad/acc_scale_unit/activated_data_e_scaled_muladder_6/roundRawFNToRecFN                      
   346     0.05% 6.79020e-07 3.29000e-07 1.38096e-06 2.38898e-06   9 /ChipTop/system/tile_prci_domain/tile_reset_domain_tile/gemmini/spad/acc_scale_unit/activated_data_e_scaled_muladder_6/roundRawFNToRecFN/roundAnyRawFNToRecFN 
    47     0.01% 1.40714e-07 1.08940e-07 2.79969e-07 5.29623e-07   8 /ChipTop/system/tile_prci_domain/tile_reset_domain_tile/gemmini/spad/acc_scale_unit/activated_data_e_scaled_muladder_6/mulAddRecFNToRaw_preMul                
  2439     0.37% 6.03727e-06 1.27597e-06 3.26204e-06 1.05753e-05   7 /ChipTop/system/tile_prci_domain/tile_reset_domain_tile/gemmini/spad/acc_scale_unit/activated_data_e_scaled_muladder_9                                        
   346     0.05% 6.81307e-07 3.02884e-07 1.52221e-06 2.50640e-06   8 /ChipTop/system/tile_prci_domain/tile_reset_domain_tile/gemmini/spad/acc_scale_unit/activated_data_e_scaled_muladder_9/roundRawFNToRecFN                      
   346     0.05% 6.81307e-07 3.02884e-07 1.52221e-06 2.50640e-06   9 /ChipTop/system/tile_prci_domain/tile_reset_domain_tile/gemmini/spad/acc_scale_unit/activated_data_e_scaled_muladder_9/roundRawFNToRecFN/roundAnyRawFNToRecFN 
   437     0.07% 1.13627e-06 6.52478e-07 7.11009e-07 2.49976e-06   8 /ChipTop/system/tile_prci_domain/tile_reset_domain_tile/gemmini/spad/acc_scale_unit/activated_data_e_scaled_muladder_9/mulAddRecFNToRaw_postMul               
    47     0.01% 1.38530e-07 9.64350e-08 3.37841e-07 5.72806e-07   8 /ChipTop/system/tile_prci_domain/tile_reset_domain_tile/gemmini/spad/acc_scale_unit/activated_data_e_scaled_muladder_9/mulAddRecFNToRaw_preMul                
  2432     0.37% 6.00077e-06 1.34102e-06 3.22008e-06 1.05619e-05   7 /ChipTop/system/tile_prci_domain/tile_reset_domain_tile/gemmini/spad/acc_scale_unit/activated_data_e_scaled_muladder_12                                       
   346     0.05% 6.63423e-07 3.57235e-07 1.54649e-06 2.56715e-06   8 /ChipTop/system/tile_prci_domain/tile_reset_domain_tile/gemmini/spad/acc_scale_unit/activated_data_e_scaled_muladder_12/roundRawFNToRecFN                     
   346     0.05% 6.63423e-07 3.57235e-07 1.54649e-06 2.56715e-06   9 /ChipTop/system/tile_prci_domain/tile_reset_domain_tile/gemmini/spad/acc_scale_unit/activated_data_e_scaled_muladder_12/roundRawFNToRecFN/roundAnyRawFNToRecFN
   436     0.07% 1.06985e-06 6.14328e-07 6.65914e-07 2.35009e-06   8 /ChipTop/system/tile_prci_domain/tile_reset_domain_tile/gemmini/spad/acc_scale_unit/activated_data_e_scaled_muladder_12/mulAddRecFNToRaw_postMul              
    46     0.01% 1.38488e-07 9.91010e-08 3.43052e-07 5.80641e-07   8 /ChipTop/system/tile_prci_domain/tile_reset_domain_tile/gemmini/spad/acc_scale_unit/activated_data_e_scaled_muladder_12/mulAddRecFNToRaw_preMul               
  2442     0.37% 5.98203e-06 1.28100e-06 3.26175e-06 1.05248e-05   7 /ChipTop/system/tile_prci_domain/tile_reset_domain_tile/gemmini/spad/acc_scale_unit/activated_data_e_scaled_muladder_14                                       
   346     0.05% 6.53346e-07 3.05383e-07 1.52212e-06 2.48085e-06   8 /ChipTop/system/tile_prci_domain/tile_reset_domain_tile/gemmini/spad/acc_scale_unit/activated_data_e_scaled_muladder_14/roundRawFNToRecFN                     
   346     0.05% 6.53346e-07 3.05383e-07 1.52212e-06 2.48085e-06   9 /ChipTop/system/tile_prci_domain/tile_reset_domain_tile/gemmini/spad/acc_scale_unit/activated_data_e_scaled_muladder_14/roundRawFNToRecFN/roundAnyRawFNToRecFN
   436     0.07% 1.11753e-06 6.29697e-07 7.14458e-07 2.46168e-06   8 /ChipTop/system/tile_prci_domain/tile_reset_domain_tile/gemmini/spad/acc_scale_unit/activated_data_e_scaled_muladder_14/mulAddRecFNToRaw_postMul              
    49     0.01% 1.33228e-07 9.54500e-08 3.41574e-07 5.70252e-07   8 /ChipTop/system/tile_prci_domain/tile_reset_domain_tile/gemmini/spad/acc_scale_unit/activated_data_e_scaled_muladder_14/mulAddRecFNToRaw_preMul               
  2476     0.37% 6.18705e-06 1.33326e-06 2.98618e-06 1.05065e-05   7 /ChipTop/system/tile_prci_domain/tile_reset_domain_tile/gemmini/spad/acc_scale_unit/activated_data_e_scaled_muladder                                          
   346     0.05% 5.92515e-07 3.62813e-07 1.45588e-06 2.41121e-06   8 /ChipTop/system/tile_prci_domain/tile_reset_domain_tile/gemmini/spad/acc_scale_unit/activated_data_e_scaled_muladder/roundRawFNToRecFN                        
   346     0.05% 5.92515e-07 3.62813e-07 1.45588e-06 2.41121e-06   9 /ChipTop/system/tile_prci_domain/tile_reset_domain_tile/gemmini/spad/acc_scale_unit/activated_data_e_scaled_muladder/roundRawFNToRecFN/roundAnyRawFNToRecFN   
   435     0.07% 1.14658e-06 6.07673e-07 6.45462e-07 2.39971e-06   8 /ChipTop/system/tile_prci_domain/tile_reset_domain_tile/gemmini/spad/acc_scale_unit/activated_data_e_scaled_muladder/mulAddRecFNToRaw_postMul                 
    47     0.01% 1.37145e-07 8.46890e-08 2.49092e-07 4.70926e-07   8 /ChipTop/system/tile_prci_domain/tile_reset_domain_tile/gemmini/spad/acc_scale_unit/activated_data_e_scaled_muladder/mulAddRecFNToRaw_preMul                  
  2439     0.37% 6.06211e-06 1.29010e-06 3.08282e-06 1.04350e-05   7 /ChipTop/system/tile_prci_domain/tile_reset_domain_tile/gemmini/spad/acc_scale_unit/activated_data_e_scaled_muladder_15                                       
   346     0.05% 6.85811e-07 3.61898e-07 1.47769e-06 2.52540e-06   8 /ChipTop/system/tile_prci_domain/tile_reset_domain_tile/gemmini/spad/acc_scale_unit/activated_data_e_scaled_muladder_15/roundRawFNToRecFN                     
   346     0.05% 6.85811e-07 3.61898e-07 1.47769e-06 2.52540e-06   9 /ChipTop/system/tile_prci_domain/tile_reset_domain_tile/gemmini/spad/acc_scale_unit/activated_data_e_scaled_muladder_15/roundRawFNToRecFN/roundAnyRawFNToRecFN
   436     0.07% 1.13132e-06 6.11964e-07 6.79081e-07 2.42236e-06   8 /ChipTop/system/tile_prci_domain/tile_reset_domain_tile/gemmini/spad/acc_scale_unit/activated_data_e_scaled_muladder_15/mulAddRecFNToRaw_postMul              
    46     0.01% 1.44524e-07 9.63810e-08 2.52599e-07 4.93504e-07   8 /ChipTop/system/tile_prci_domain/tile_reset_domain_tile/gemmini/spad/acc_scale_unit/activated_data_e_scaled_muladder_15/mulAddRecFNToRaw_preMul               
  2434     0.37% 5.99390e-06 1.31162e-06 3.11682e-06 1.04223e-05   7 /ChipTop/system/tile_prci_domain/tile_reset_domain_tile/gemmini/spad/acc_scale_unit/activated_data_e_scaled_muladder_8                                        
   346     0.05% 6.28678e-07 3.87656e-07 1.49181e-06 2.50814e-06   8 /ChipTop/system/tile_prci_domain/tile_reset_domain_tile/gemmini/spad/acc_scale_unit/activated_data_e_scaled_muladder_8/roundRawFNToRecFN                      
   346     0.05% 6.28678e-07 3.87656e-07 1.49181e-06 2.50814e-06   9 /ChipTop/system/tile_prci_domain/tile_reset_domain_tile/gemmini/spad/acc_scale_unit/activated_data_e_scaled_muladder_8/roundRawFNToRecFN/roundAnyRawFNToRecFN 
   436     0.07% 1.08857e-06 6.06425e-07 7.13250e-07 2.40824e-06   8 /ChipTop/system/tile_prci_domain/tile_reset_domain_tile/gemmini/spad/acc_scale_unit/activated_data_e_scaled_muladder_8/mulAddRecFNToRaw_postMul               
    46     0.01% 1.26814e-07 9.58230e-08 2.56249e-07 4.78886e-07   8 /ChipTop/system/tile_prci_domain/tile_reset_domain_tile/gemmini/spad/acc_scale_unit/activated_data_e_scaled_muladder_8/mulAddRecFNToRaw_preMul                
  2484     0.38% 6.06811e-06 1.25380e-06 2.96391e-06 1.02858e-05   7 /ChipTop/system/tile_prci_domain/tile_reset_domain_tile/gemmini/spad/acc_scale_unit/activated_data_e_scaled_muladder_4                                        
   346     0.05% 6.99518e-07 2.96953e-07 1.37941e-06 2.37588e-06   8 /ChipTop/system/tile_prci_domain/tile_reset_domain_tile/gemmini/spad/acc_scale_unit/activated_data_e_scaled_muladder_4/roundRawFNToRecFN                      
   346     0.05% 6.99518e-07 2.96953e-07 1.37941e-06 2.37588e-06   9 /ChipTop/system/tile_prci_domain/tile_reset_domain_tile/gemmini/spad/acc_scale_unit/activated_data_e_scaled_muladder_4/roundRawFNToRecFN/roundAnyRawFNToRecFN 
   435     0.07% 1.08511e-06 5.80380e-07 6.76166e-07 2.34165e-06   8 /ChipTop/system/tile_prci_domain/tile_reset_domain_tile/gemmini/spad/acc_scale_unit/activated_data_e_scaled_muladder_4/mulAddRecFNToRaw_postMul               
    47     0.01% 1.37724e-07 9.89480e-08 2.66496e-07 5.03168e-07   8 /ChipTop/system/tile_prci_domain/tile_reset_domain_tile/gemmini/spad/acc_scale_unit/activated_data_e_scaled_muladder_4/mulAddRecFNToRaw_preMul                
  2440     0.37% 5.90839e-06 1.35262e-06 3.00532e-06 1.02663e-05   7 /ChipTop/system/tile_prci_domain/tile_reset_domain_tile/gemmini/spad/acc_scale_unit/activated_data_e_scaled_muladder_5                                        
   437     0.07% 1.10987e-06 6.05059e-07 6.78561e-07 2.39349e-06   8 /ChipTop/system/tile_prci_domain/tile_reset_domain_tile/gemmini/spad/acc_scale_unit/activated_data_e_scaled_muladder_5/mulAddRecFNToRaw_postMul               
   346     0.05% 5.79353e-07 3.59579e-07 1.44085e-06 2.37978e-06   8 /ChipTop/system/tile_prci_domain/tile_reset_domain_tile/gemmini/spad/acc_scale_unit/activated_data_e_scaled_muladder_5/roundRawFNToRecFN                      
   346     0.05% 5.79353e-07 3.59579e-07 1.44085e-06 2.37978e-06   9 /ChipTop/system/tile_prci_domain/tile_reset_domain_tile/gemmini/spad/acc_scale_unit/activated_data_e_scaled_muladder_5/roundRawFNToRecFN/roundAnyRawFNToRecFN 
    46     0.01% 1.44064e-07 1.15769e-07 2.55112e-07 5.14945e-07   8 /ChipTop/system/tile_prci_domain/tile_reset_domain_tile/gemmini/spad/acc_scale_unit/activated_data_e_scaled_muladder_5/mulAddRecFNToRaw_preMul                
  2459     0.37% 6.04397e-06 1.19784e-06 3.02051e-06 1.02623e-05   7 /ChipTop/system/tile_prci_domain/tile_reset_domain_tile/gemmini/spad/acc_scale_unit/activated_data_e_scaled_muladder_11                                       
   346     0.05% 6.64452e-07 2.97080e-07 1.42245e-06 2.38398e-06   8 /ChipTop/system/tile_prci_domain/tile_reset_domain_tile/gemmini/spad/acc_scale_unit/activated_data_e_scaled_muladder_11/roundRawFNToRecFN                     
   346     0.05% 6.64452e-07 2.97080e-07 1.42245e-06 2.38398e-06   9 /ChipTop/system/tile_prci_domain/tile_reset_domain_tile/gemmini/spad/acc_scale_unit/activated_data_e_scaled_muladder_11/roundRawFNToRecFN/roundAnyRawFNToRecFN
   435     0.07% 1.07870e-06 5.67144e-07 7.10882e-07 2.35672e-06   8 /ChipTop/system/tile_prci_domain/tile_reset_domain_tile/gemmini/spad/acc_scale_unit/activated_data_e_scaled_muladder_11/mulAddRecFNToRaw_postMul              
    47     0.01% 1.36630e-07 8.56870e-08 2.65498e-07 4.87815e-07   8 /ChipTop/system/tile_prci_domain/tile_reset_domain_tile/gemmini/spad/acc_scale_unit/activated_data_e_scaled_muladder_11/mulAddRecFNToRaw_preMul               
   556     0.08% 1.43451e-06 8.78490e-07 3.93998e-06 6.25299e-06   7 /ChipTop/system/tile_prci_domain/tile_reset_domain_tile/gemmini/spad/acc_scale_unit/activated_data_e_scaled_in_to_rec_fn_1                                    
   116     0.02% 3.20282e-07 6.89125e-07 2.41908e-06 3.42849e-06   8 /ChipTop/system/tile_prci_domain/tile_reset_domain_tile/gemmini/spad/acc_scale_unit/activated_data_e_scaled_in_to_rec_fn_1/roundAnyRawFNToRecFN               
   574     0.09% 1.54610e-06 3.32654e-07 3.70098e-06 5.57973e-06   7 /ChipTop/system/tile_prci_domain/tile_reset_domain_tile/gemmini/spad/acc_scale_unit/activated_data_e_scaled_in_to_rec_fn_2                                    
   119     0.02% 4.36520e-07 7.83850e-08 2.34938e-06 2.86428e-06   8 /ChipTop/system/tile_prci_domain/tile_reset_domain_tile/gemmini/spad/acc_scale_unit/activated_data_e_scaled_in_to_rec_fn_2/roundAnyRawFNToRecFN               
   577     0.09% 1.40684e-06 8.81714e-07 3.27619e-06 5.56474e-06   7 /ChipTop/system/tile_prci_domain/tile_reset_domain_tile/gemmini/spad/acc_scale_unit/activated_data_e_scaled_in_to_rec_fn_7                                    
   108     0.02% 2.87339e-07 6.75734e-07 1.95594e-06 2.91902e-06   8 /ChipTop/system/tile_prci_domain/tile_reset_domain_tile/gemmini/spad/acc_scale_unit/activated_data_e_scaled_in_to_rec_fn_7/roundAnyRawFNToRecFN               
   559     0.08% 1.29170e-06 8.78597e-07 3.27959e-06 5.44988e-06   7 /ChipTop/system/tile_prci_domain/tile_reset_domain_tile/gemmini/spad/acc_scale_unit/activated_data_e_scaled_in_to_rec_fn_12                                   
   113     0.02% 3.12916e-07 6.41802e-07 1.86513e-06 2.81985e-06   8 /ChipTop/system/tile_prci_domain/tile_reset_domain_tile/gemmini/spad/acc_scale_unit/activated_data_e_scaled_in_to_rec_fn_12/roundAnyRawFNToRecFN              
   577     0.09% 1.40109e-06 8.10835e-07 3.23714e-06 5.44906e-06   7 /ChipTop/system/tile_prci_domain/tile_reset_domain_tile/gemmini/spad/acc_scale_unit/activated_data_e_scaled_in_to_rec_fn_6                                    
   122     0.02% 3.04541e-07 6.43761e-07 2.05189e-06 3.00019e-06   8 /ChipTop/system/tile_prci_domain/tile_reset_domain_tile/gemmini/spad/acc_scale_unit/activated_data_e_scaled_in_to_rec_fn_6/roundAnyRawFNToRecFN               
   535     0.08% 1.28062e-06 8.20081e-07 3.32153e-06 5.42223e-06   7 /ChipTop/system/tile_prci_domain/tile_reset_domain_tile/gemmini/spad/acc_scale_unit/activated_data_e_scaled_in_to_rec_fn_10                                   
   112     0.02% 2.94613e-07 6.51009e-07 2.10670e-06 3.05232e-06   8 /ChipTop/system/tile_prci_domain/tile_reset_domain_tile/gemmini/spad/acc_scale_unit/activated_data_e_scaled_in_to_rec_fn_10/roundAnyRawFNToRecFN              
   550     0.08% 1.26497e-06 8.07404e-07 3.31329e-06 5.38567e-06   7 /ChipTop/system/tile_prci_domain/tile_reset_domain_tile/gemmini/spad/acc_scale_unit/activated_data_e_scaled_in_to_rec_fn_5                                    
   111     0.02% 2.68385e-07 6.27160e-07 2.13598e-06 3.03153e-06   8 /ChipTop/system/tile_prci_domain/tile_reset_domain_tile/gemmini/spad/acc_scale_unit/activated_data_e_scaled_in_to_rec_fn_5/roundAnyRawFNToRecFN               
   553     0.08% 1.35574e-06 7.58456e-07 3.21862e-06 5.33282e-06   7 /ChipTop/system/tile_prci_domain/tile_reset_domain_tile/gemmini/spad/acc_scale_unit/activated_data_e_scaled_in_to_rec_fn_4                                    
   117     0.02% 3.21536e-07 5.91424e-07 2.18023e-06 3.09319e-06   8 /ChipTop/system/tile_prci_domain/tile_reset_domain_tile/gemmini/spad/acc_scale_unit/activated_data_e_scaled_in_to_rec_fn_4/roundAnyRawFNToRecFN               
   552     0.08% 1.34134e-06 2.74960e-07 3.65562e-06 5.27191e-06   7 /ChipTop/system/tile_prci_domain/tile_reset_domain_tile/gemmini/spad/acc_scale_unit/activated_data_e_scaled_in_to_rec_fn_13                                   
   115     0.02% 3.37091e-07 7.62670e-08 2.16458e-06 2.57793e-06   8 /ChipTop/system/tile_prci_domain/tile_reset_domain_tile/gemmini/spad/acc_scale_unit/activated_data_e_scaled_in_to_rec_fn_13/roundAnyRawFNToRecFN              
   571     0.09% 1.41643e-06 7.99914e-07 3.03713e-06 5.25348e-06   7 /ChipTop/system/tile_prci_domain/tile_reset_domain_tile/gemmini/spad/acc_scale_unit/activated_data_e_scaled_in_to_rec_fn_3                                    
   114     0.02% 2.95466e-07 6.35406e-07 1.91334e-06 2.84421e-06   8 /ChipTop/system/tile_prci_domain/tile_reset_domain_tile/gemmini/spad/acc_scale_unit/activated_data_e_scaled_in_to_rec_fn_3/roundAnyRawFNToRecFN               
   527     0.08% 1.18999e-06 8.84835e-07 3.15763e-06 5.23246e-06   7 /ChipTop/system/tile_prci_domain/tile_reset_domain_tile/gemmini/spad/acc_scale_unit/activated_data_e_scaled_in_to_rec_fn_14                                   
   109     0.02% 2.91844e-07 6.84543e-07 2.00447e-06 2.98086e-06   8 /ChipTop/system/tile_prci_domain/tile_reset_domain_tile/gemmini/spad/acc_scale_unit/activated_data_e_scaled_in_to_rec_fn_14/roundAnyRawFNToRecFN              
   569     0.09% 1.43174e-06 6.80396e-07 3.02790e-06 5.14004e-06   7 /ChipTop/system/tile_prci_domain/tile_reset_domain_tile/gemmini/spad/acc_scale_unit/activated_data_e_scaled_in_to_rec_fn                                      
   114     0.02% 2.92478e-07 5.44834e-07 1.98755e-06 2.82486e-06   8 /ChipTop/system/tile_prci_domain/tile_reset_domain_tile/gemmini/spad/acc_scale_unit/activated_data_e_scaled_in_to_rec_fn/roundAnyRawFNToRecFN                 
   547     0.08% 1.30320e-06 5.67533e-07 3.15357e-06 5.02430e-06   7 /ChipTop/system/tile_prci_domain/tile_reset_domain_tile/gemmini/spad/acc_scale_unit/activated_data_e_scaled_in_to_rec_fn_11                                   
   117     0.02% 3.06242e-07 4.17949e-07 2.06643e-06 2.79062e-06   8 /ChipTop/system/tile_prci_domain/tile_reset_domain_tile/gemmini/spad/acc_scale_unit/activated_data_e_scaled_in_to_rec_fn_11/roundAnyRawFNToRecFN              
   540     0.08% 1.33069e-06 3.17747e-07 3.31902e-06 4.96746e-06   7 /ChipTop/system/tile_prci_domain/tile_reset_domain_tile/gemmini/spad/acc_scale_unit/activated_data_e_scaled_in_to_rec_fn_15                                   
   112     0.02% 3.64334e-07 7.01650e-08 1.90793e-06 2.34243e-06   8 /ChipTop/system/tile_prci_domain/tile_reset_domain_tile/gemmini/spad/acc_scale_unit/activated_data_e_scaled_in_to_rec_fn_15/roundAnyRawFNToRecFN              
   531     0.08% 1.20485e-06 7.38570e-07 2.95930e-06 4.90272e-06   7 /ChipTop/system/tile_prci_domain/tile_reset_domain_tile/gemmini/spad/acc_scale_unit/activated_data_e_scaled_in_to_rec_fn_9                                    
   111     0.02% 2.80926e-07 5.93589e-07 1.85536e-06 2.72988e-06   8 /ChipTop/system/tile_prci_domain/tile_reset_domain_tile/gemmini/spad/acc_scale_unit/activated_data_e_scaled_in_to_rec_fn_9/roundAnyRawFNToRecFN               
   527     0.08% 1.28656e-06 3.02309e-07 3.05780e-06 4.64666e-06   7 /ChipTop/system/tile_prci_domain/tile_reset_domain_tile/gemmini/spad/acc_scale_unit/activated_data_e_scaled_in_to_rec_fn_8                                    
   111     0.02% 3.62185e-07 6.58430e-08 1.81748e-06 2.24551e-06   8 /ChipTop/system/tile_prci_domain/tile_reset_domain_tile/gemmini/spad/acc_scale_unit/activated_data_e_scaled_in_to_rec_fn_8/roundAnyRawFNToRecFN               
   331     0.05% 9.56815e-07 7.95620e-08 3.18786e-07 1.35516e-06   7 /ChipTop/system/tile_prci_domain/tile_reset_domain_tile/gemmini/spad/acc_scale_unit/activated_data_e_scaled_rec_fn_to_in_7                                    
   331     0.05% 9.05208e-07 7.81600e-08 3.21384e-07 1.30475e-06   7 /ChipTop/system/tile_prci_domain/tile_reset_domain_tile/gemmini/spad/acc_scale_unit/activated_data_e_scaled_rec_fn_to_in_12                                   
   331     0.05% 8.83475e-07 7.89940e-08 3.21090e-07 1.28356e-06   7 /ChipTop/system/tile_prci_domain/tile_reset_domain_tile/gemmini/spad/acc_scale_unit/activated_data_e_scaled_rec_fn_to_in_3                                    
   331     0.05% 8.51762e-07 7.82940e-08 3.21090e-07 1.25115e-06   7 /ChipTop/system/tile_prci_domain/tile_reset_domain_tile/gemmini/spad/acc_scale_unit/activated_data_e_scaled_rec_fn_to_in_13                                   
   331     0.05% 9.50473e-07 7.71700e-08 1.67751e-07 1.19539e-06   7 /ChipTop/system/tile_prci_domain/tile_reset_domain_tile/gemmini/spad/acc_scale_unit/activated_data_e_scaled_rec_fn_to_in_15                                   
   327     0.05% 8.89859e-07 8.90480e-08 1.71019e-07 1.14993e-06   7 /ChipTop/system/tile_prci_domain/tile_reset_domain_tile/gemmini/spad/acc_scale_unit/activated_data_e_scaled_rec_fn_to_in_1                                    
   331     0.05% 7.29412e-07 7.81440e-08 3.21090e-07 1.12865e-06   7 /ChipTop/system/tile_prci_domain/tile_reset_domain_tile/gemmini/spad/acc_scale_unit/activated_data_e_scaled_rec_fn_to_in_14                                   
   331     0.05% 7.12228e-07 7.95700e-08 3.21090e-07 1.11289e-06   7 /ChipTop/system/tile_prci_domain/tile_reset_domain_tile/gemmini/spad/acc_scale_unit/activated_data_e_scaled_rec_fn_to_in_10                                   
   331     0.05% 7.08901e-07 7.53670e-08 3.21384e-07 1.10565e-06   7 /ChipTop/system/tile_prci_domain/tile_reset_domain_tile/gemmini/spad/acc_scale_unit/activated_data_e_scaled_rec_fn_to_in_9                                    
   331     0.05% 8.51078e-07 7.57330e-08 1.72989e-07 1.09980e-06   7 /ChipTop/system/tile_prci_domain/tile_reset_domain_tile/gemmini/spad/acc_scale_unit/activated_data_e_scaled_rec_fn_to_in_5                                    
   331     0.05% 8.35040e-07 7.97150e-08 1.69721e-07 1.08448e-06   7 /ChipTop/system/tile_prci_domain/tile_reset_domain_tile/gemmini/spad/acc_scale_unit/activated_data_e_scaled_rec_fn_to_in_11                                   
   331     0.05% 8.28728e-07 7.46660e-08 1.70872e-07 1.07427e-06   7 /ChipTop/system/tile_prci_domain/tile_reset_domain_tile/gemmini/spad/acc_scale_unit/activated_data_e_scaled_rec_fn_to_in_2                                    
   331     0.05% 8.23215e-07 7.32480e-08 1.70872e-07 1.06734e-06   7 /ChipTop/system/tile_prci_domain/tile_reset_domain_tile/gemmini/spad/acc_scale_unit/activated_data_e_scaled_rec_fn_to_in_4                                    
   331     0.05% 7.95610e-07 8.00340e-08 1.71019e-07 1.04666e-06   7 /ChipTop/system/tile_prci_domain/tile_reset_domain_tile/gemmini/spad/acc_scale_unit/activated_data_e_scaled_rec_fn_to_in_8                                    
   331     0.05% 7.45695e-07 7.56220e-08 1.70872e-07 9.92189e-07   7 /ChipTop/system/tile_prci_domain/tile_reset_domain_tile/gemmini/spad/acc_scale_unit/activated_data_e_scaled_rec_fn_to_in_6                                    
   331     0.05% 7.24450e-07 7.44190e-08 1.67751e-07 9.66620e-07   7 /ChipTop/system/tile_prci_domain/tile_reset_domain_tile/gemmini/spad/acc_scale_unit/activated_data_e_scaled_rec_fn_to_in                                      
 13629     2.06% 1.12546e+00 4.07823e+00 5.50862e-05 5.20375e+00   6 /ChipTop/system/tile_prci_domain/tile_reset_domain_tile/gemmini/spad/acc_mems_1                                                                               
     9     0.00% 5.62694e-01 1.20348e+00 1.38546e-06 1.76618e+00   7 /ChipTop/system/tile_prci_domain/tile_reset_domain_tile/gemmini/spad/acc_mems_1/mem_1                                                                         
     9     0.00% 5.62694e-01 1.20348e+00 1.38546e-06 1.76618e+00   8 /ChipTop/system/tile_prci_domain/tile_reset_domain_tile/gemmini/spad/acc_mems_1/mem_1/mem_0_ext                                                               
     9     0.00% 5.62694e-01 1.20348e+00 1.22726e-06 1.76618e+00   7 /ChipTop/system/tile_prci_domain/tile_reset_domain_tile/gemmini/spad/acc_mems_1/mem                                                                           
     9     0.00% 5.62694e-01 1.20348e+00 1.22726e-06 1.76618e+00   8 /ChipTop/system/tile_prci_domain/tile_reset_domain_tile/gemmini/spad/acc_mems_1/mem/mem_0_ext                                                                 
  1345     0.20% 7.41436e-06 1.94498e-02 5.85465e-06 1.94631e-02   7 /ChipTop/system/tile_prci_domain/tile_reset_domain_tile/gemmini/spad/acc_mems_1/q                                                                             
   567     0.09% 4.77471e-06 1.81732e-02 3.97432e-06 1.81820e-02   8 /ChipTop/system/tile_prci_domain/tile_reset_domain_tile/gemmini/spad/acc_mems_1/q/ram_ext                                                                     
   545     0.08% 4.53089e-06 6.94615e-01 1.09382e-01 8.04002e-01   6 /ChipTop/system/tile_prci_domain/tile_reset_domain_tile/gemmini/spad/ex_read_pipe_p                                                                           
   335     0.05% 2.84791e-01 4.51866e-01 2.51218e-02 7.61778e-01   6 /ChipTop/system/tile_prci_domain/tile_reset_domain_tile/gemmini/spad/spad_mems_0                                                                              
     5     0.00% 2.84789e-01 4.12354e-01 1.07920e-02 7.07935e-01   7 /ChipTop/system/tile_prci_domain/tile_reset_domain_tile/gemmini/spad/spad_mems_0/mem                                                                          
     5     0.00% 2.84789e-01 4.12354e-01 1.07920e-02 7.07935e-01   8 /ChipTop/system/tile_prci_domain/tile_reset_domain_tile/gemmini/spad/spad_mems_0/mem/mem_ext                                                                  
   307     0.05% 1.75861e-06 3.52895e-02 9.08692e-03 4.43782e-02   7 /ChipTop/system/tile_prci_domain/tile_reset_domain_tile/gemmini/spad/spad_mems_0/q                                                                            
   134     0.02% 1.15134e-06 8.12164e-03 9.37415e-07 8.12373e-03   8 /ChipTop/system/tile_prci_domain/tile_reset_domain_tile/gemmini/spad/spad_mems_0/q/ram_ext                                                                    
   335     0.05% 2.84791e-01 4.19352e-01 3.49353e-06 7.04146e-01   6 /ChipTop/system/tile_prci_domain/tile_reset_domain_tile/gemmini/spad/spad_mems_1                                                                              
     5     0.00% 2.84789e-01 4.11197e-01 7.14209e-07 6.95986e-01   7 /ChipTop/system/tile_prci_domain/tile_reset_domain_tile/gemmini/spad/spad_mems_1/mem                                                                          
     5     0.00% 2.84789e-01 4.11197e-01 7.14209e-07 6.95986e-01   8 /ChipTop/system/tile_prci_domain/tile_reset_domain_tile/gemmini/spad/spad_mems_1/mem/mem_ext                                                                  
   307     0.05% 1.75031e-06 5.61419e-03 1.95983e-06 5.61791e-03   7 /ChipTop/system/tile_prci_domain/tile_reset_domain_tile/gemmini/spad/spad_mems_1/q                                                                            
   134     0.02% 1.13507e-06 4.34152e-03 9.37415e-07 4.34359e-03   8 /ChipTop/system/tile_prci_domain/tile_reset_domain_tile/gemmini/spad/spad_mems_1/q/ram_ext                                                                    
   335     0.05% 2.84791e-01 4.19351e-01 3.39803e-06 7.04145e-01   6 /ChipTop/system/tile_prci_domain/tile_reset_domain_tile/gemmini/spad/spad_mems_2                                                                              
     5     0.00% 2.84789e-01 4.11197e-01 7.14209e-07 6.95986e-01   7 /ChipTop/system/tile_prci_domain/tile_reset_domain_tile/gemmini/spad/spad_mems_2/mem                                                                          
     5     0.00% 2.84789e-01 4.11197e-01 7.14209e-07 6.95986e-01   8 /ChipTop/system/tile_prci_domain/tile_reset_domain_tile/gemmini/spad/spad_mems_2/mem/mem_ext                                                                  
   307     0.05% 1.74191e-06 5.61403e-03 1.88496e-06 5.61766e-03   7 /ChipTop/system/tile_prci_domain/tile_reset_domain_tile/gemmini/spad/spad_mems_2/q                                                                            
   134     0.02% 1.12984e-06 4.34152e-03 9.37415e-07 4.34359e-03   8 /ChipTop/system/tile_prci_domain/tile_reset_domain_tile/gemmini/spad/spad_mems_2/q/ram_ext                                                                    
   335     0.05% 2.84791e-01 4.19351e-01 3.09634e-06 7.04144e-01   6 /ChipTop/system/tile_prci_domain/tile_reset_domain_tile/gemmini/spad/spad_mems_3                                                                              
     5     0.00% 2.84789e-01 4.11197e-01 7.14209e-07 6.95986e-01   7 /ChipTop/system/tile_prci_domain/tile_reset_domain_tile/gemmini/spad/spad_mems_3/mem                                                                          
     5     0.00% 2.84789e-01 4.11197e-01 7.14209e-07 6.95986e-01   8 /ChipTop/system/tile_prci_domain/tile_reset_domain_tile/gemmini/spad/spad_mems_3/mem/mem_ext                                                                  
   307     0.05% 1.74250e-06 5.61327e-03 1.58792e-06 5.61660e-03   7 /ChipTop/system/tile_prci_domain/tile_reset_domain_tile/gemmini/spad/spad_mems_3/q                                                                            
   134     0.02% 1.13019e-06 4.34152e-03 9.37415e-07 4.34359e-03   8 /ChipTop/system/tile_prci_domain/tile_reset_domain_tile/gemmini/spad/spad_mems_3/q/ram_ext                                                                    
  2484     0.38% 1.40771e-05 6.51539e-01 1.60515e-06 6.51555e-01   6 /ChipTop/system/tile_prci_domain/tile_reset_domain_tile/gemmini/spad/acc_adders                                                                               
    65     0.01% 5.59897e-07 4.06432e-02 1.24845e-07 4.06439e-02   7 /ChipTop/system/tile_prci_domain/tile_reset_domain_tile/gemmini/spad/acc_adders/m_4                                                                           
    65     0.01% 5.59897e-07 4.06432e-02 1.24845e-07 4.06439e-02   7 /ChipTop/system/tile_prci_domain/tile_reset_domain_tile/gemmini/spad/acc_adders/m_7                                                                           
    65     0.01% 5.59897e-07 4.06432e-02 1.24845e-07 4.06439e-02   7 /ChipTop/system/tile_prci_domain/tile_reset_domain_tile/gemmini/spad/acc_adders/m_12                                                                          
    65     0.01% 5.59897e-07 4.06432e-02 1.12955e-07 4.06439e-02   7 /ChipTop/system/tile_prci_domain/tile_reset_domain_tile/gemmini/spad/acc_adders/m_1                                                                           
    65     0.01% 5.59897e-07 4.06432e-02 1.12955e-07 4.06439e-02   7 /ChipTop/system/tile_prci_domain/tile_reset_domain_tile/gemmini/spad/acc_adders/m_13                                                                          
    65     0.01% 5.59897e-07 4.06432e-02 1.12955e-07 4.06439e-02   7 /ChipTop/system/tile_prci_domain/tile_reset_domain_tile/gemmini/spad/acc_adders/m_14                                                                          
    65     0.01% 5.59897e-07 4.06432e-02 1.07010e-07 4.06439e-02   7 /ChipTop/system/tile_prci_domain/tile_reset_domain_tile/gemmini/spad/acc_adders/m_8                                                                           
    65     0.01% 5.59897e-07 4.06432e-02 1.01065e-07 4.06438e-02   7 /ChipTop/system/tile_prci_domain/tile_reset_domain_tile/gemmini/spad/acc_adders/m_3                                                                           
    65     0.01% 5.59897e-07 4.06432e-02 9.51200e-08 4.06438e-02   7 /ChipTop/system/tile_prci_domain/tile_reset_domain_tile/gemmini/spad/acc_adders/m_10                                                                          
    65     0.01% 5.59897e-07 4.06432e-02 8.91750e-08 4.06438e-02   7 /ChipTop/system/tile_prci_domain/tile_reset_domain_tile/gemmini/spad/acc_adders/m                                                                             
    65     0.01% 5.59897e-07 4.06432e-02 8.91750e-08 4.06438e-02   7 /ChipTop/system/tile_prci_domain/tile_reset_domain_tile/gemmini/spad/acc_adders/m_5                                                                           
    65     0.01% 5.59897e-07 4.06432e-02 8.91750e-08 4.06438e-02   7 /ChipTop/system/tile_prci_domain/tile_reset_domain_tile/gemmini/spad/acc_adders/m_6                                                                           
    65     0.01% 5.59897e-07 4.06431e-02 8.32300e-08 4.06438e-02   7 /ChipTop/system/tile_prci_domain/tile_reset_domain_tile/gemmini/spad/acc_adders/m_9                                                                           
    65     0.01% 5.59897e-07 4.06431e-02 8.32300e-08 4.06438e-02   7 /ChipTop/system/tile_prci_domain/tile_reset_domain_tile/gemmini/spad/acc_adders/m_15                                                                          
    65     0.01% 5.59897e-07 4.06431e-02 7.72850e-08 4.06438e-02   7 /ChipTop/system/tile_prci_domain/tile_reset_domain_tile/gemmini/spad/acc_adders/m_2                                                                           
    65     0.01% 5.59897e-07 4.06431e-02 7.72850e-08 4.06438e-02   7 /ChipTop/system/tile_prci_domain/tile_reset_domain_tile/gemmini/spad/acc_adders/m_11                                                                          
   545     0.08% 4.54129e-06 5.21271e-01 6.97726e-02 5.91048e-01   6 /ChipTop/system/tile_prci_domain/tile_reset_domain_tile/gemmini/spad/dma_read_pipe_p                                                                          
   545     0.08% 4.38104e-06 5.17839e-01 6.97756e-02 5.87619e-01   6 /ChipTop/system/tile_prci_domain/tile_reset_domain_tile/gemmini/spad/ex_read_pipe_p_1                                                                         
   545     0.08% 4.37531e-06 5.17839e-01 6.97738e-02 5.87618e-01   6 /ChipTop/system/tile_prci_domain/tile_reset_domain_tile/gemmini/spad/dma_read_pipe_p_2                                                                        
   545     0.08% 4.34742e-06 5.17839e-01 6.97738e-02 5.87617e-01   6 /ChipTop/system/tile_prci_domain/tile_reset_domain_tile/gemmini/spad/dma_read_pipe_p_1                                                                        
   545     0.08% 4.37439e-06 5.17833e-01 6.97747e-02 5.87612e-01   6 /ChipTop/system/tile_prci_domain/tile_reset_domain_tile/gemmini/spad/ex_read_pipe_p_3                                                                         
   545     0.08% 4.38010e-06 5.17832e-01 6.97741e-02 5.87610e-01   6 /ChipTop/system/tile_prci_domain/tile_reset_domain_tile/gemmini/spad/ex_read_pipe_p_2                                                                         
   545     0.08% 4.38011e-06 5.17832e-01 6.97727e-02 5.87609e-01   6 /ChipTop/system/tile_prci_domain/tile_reset_domain_tile/gemmini/spad/dma_read_pipe_p_3                                                                        
 10045     1.52% 3.47719e-05 3.74309e-01 3.06968e-03 3.77413e-01   6 /ChipTop/system/tile_prci_domain/tile_reset_domain_tile/gemmini/spad/vsm                                                                                      
  1616     0.24% 3.87470e-06 8.64505e-03 1.05849e-04 8.75477e-03   7 /ChipTop/system/tile_prci_domain/tile_reset_domain_tile/gemmini/spad/vsm/pipe_2                                                                               
  1160     0.18% 2.67994e-06 7.62302e-05 8.23889e-05 1.61299e-04   8 /ChipTop/system/tile_prci_domain/tile_reset_domain_tile/gemmini/spad/vsm/pipe_2/out_bits_data_muladder                                                        
   307     0.05% 6.62962e-07 3.92656e-05 4.22307e-05 8.21592e-05   9 /ChipTop/system/tile_prci_domain/tile_reset_domain_tile/gemmini/spad/vsm/pipe_2/out_bits_data_muladder/mulAddRecFNToRaw_postMul                               
   312     0.05% 7.15733e-07 3.80297e-06 4.96287e-06 9.48157e-06   9 /ChipTop/system/tile_prci_domain/tile_reset_domain_tile/gemmini/spad/vsm/pipe_2/out_bits_data_muladder/roundRawFNToRecFN                                      
   312     0.05% 7.15733e-07 3.80297e-06 4.96287e-06 9.48157e-06  10 /ChipTop/system/tile_prci_domain/tile_reset_domain_tile/gemmini/spad/vsm/pipe_2/out_bits_data_muladder/roundRawFNToRecFN/roundAnyRawFNToRecFN                 
    41     0.01% 1.06731e-07 1.84150e-06 2.08060e-06 4.02883e-06   9 /ChipTop/system/tile_prci_domain/tile_reset_domain_tile/gemmini/spad/vsm/pipe_2/out_bits_data_muladder/mulAddRecFNToRaw_preMul                                
    97     0.01% 1.83519e-07 7.83699e-06 8.15385e-06 1.61744e-05   8 /ChipTop/system/tile_prci_domain/tile_reset_domain_tile/gemmini/spad/vsm/pipe_2/out_bits_data_rec_fn_to_in                                                    
    70     0.01% 1.31995e-07 3.96495e-06 6.90476e-06 1.10017e-05   8 /ChipTop/system/tile_prci_domain/tile_reset_domain_tile/gemmini/spad/vsm/pipe_2/out_bits_data_in_to_rec_fn                                                    
     8     0.00% 1.54700e-08 4.76140e-07 2.36330e-06 2.85491e-06   9 /ChipTop/system/tile_prci_domain/tile_reset_domain_tile/gemmini/spad/vsm/pipe_2/out_bits_data_in_to_rec_fn/roundAnyRawFNToRecFN                               
  1616     0.24% 3.86884e-06 8.64438e-03 1.04227e-04 8.75248e-03   7 /ChipTop/system/tile_prci_domain/tile_reset_domain_tile/gemmini/spad/vsm/pipe_3                                                                               
  1160     0.18% 2.68131e-06 7.82058e-05 8.40353e-05 1.64922e-04   8 /ChipTop/system/tile_prci_domain/tile_reset_domain_tile/gemmini/spad/vsm/pipe_3/out_bits_data_muladder                                                        
   307     0.05% 6.63661e-07 4.45312e-05 4.74847e-05 9.26796e-05   9 /ChipTop/system/tile_prci_domain/tile_reset_domain_tile/gemmini/spad/vsm/pipe_3/out_bits_data_muladder/mulAddRecFNToRaw_postMul                               
   312     0.05% 7.11422e-07 3.14980e-06 3.90630e-06 7.76752e-06   9 /ChipTop/system/tile_prci_domain/tile_reset_domain_tile/gemmini/spad/vsm/pipe_3/out_bits_data_muladder/roundRawFNToRecFN                                      
   312     0.05% 7.11422e-07 3.14980e-06 3.90630e-06 7.76752e-06  10 /ChipTop/system/tile_prci_domain/tile_reset_domain_tile/gemmini/spad/vsm/pipe_3/out_bits_data_muladder/roundRawFNToRecFN/roundAnyRawFNToRecFN                 
    41     0.01% 1.05674e-07 9.88093e-07 1.25629e-06 2.35006e-06   9 /ChipTop/system/tile_prci_domain/tile_reset_domain_tile/gemmini/spad/vsm/pipe_3/out_bits_data_muladder/mulAddRecFNToRaw_preMul                                
    97     0.01% 1.86573e-07 5.94925e-06 5.90546e-06 1.20413e-05   8 /ChipTop/system/tile_prci_domain/tile_reset_domain_tile/gemmini/spad/vsm/pipe_3/out_bits_data_rec_fn_to_in                                                    
    70     0.01% 1.19753e-07 3.44964e-06 6.25794e-06 9.82734e-06   8 /ChipTop/system/tile_prci_domain/tile_reset_domain_tile/gemmini/spad/vsm/pipe_3/out_bits_data_in_to_rec_fn                                                    
     8     0.00% 1.77140e-08 4.58711e-07 2.19583e-06 2.67226e-06   9 /ChipTop/system/tile_prci_domain/tile_reset_domain_tile/gemmini/spad/vsm/pipe_3/out_bits_data_in_to_rec_fn/roundAnyRawFNToRecFN                               
  1616     0.24% 3.93111e-06 8.63206e-03 8.95893e-05 8.72559e-03   7 /ChipTop/system/tile_prci_domain/tile_reset_domain_tile/gemmini/spad/vsm/pipe_1                                                                               
  1160     0.18% 2.72228e-06 6.63220e-05 7.10758e-05 1.40120e-04   8 /ChipTop/system/tile_prci_domain/tile_reset_domain_tile/gemmini/spad/vsm/pipe_1/out_bits_data_muladder                                                        
   307     0.05% 6.73489e-07 3.47393e-05 3.71858e-05 7.25986e-05   9 /ChipTop/system/tile_prci_domain/tile_reset_domain_tile/gemmini/spad/vsm/pipe_1/out_bits_data_muladder/mulAddRecFNToRaw_postMul                               
   312     0.05% 7.14165e-07 3.22129e-06 3.89846e-06 7.83392e-06   9 /ChipTop/system/tile_prci_domain/tile_reset_domain_tile/gemmini/spad/vsm/pipe_1/out_bits_data_muladder/roundRawFNToRecFN                                      
   312     0.05% 7.14165e-07 3.22129e-06 3.89846e-06 7.83392e-06  10 /ChipTop/system/tile_prci_domain/tile_reset_domain_tile/gemmini/spad/vsm/pipe_1/out_bits_data_muladder/roundRawFNToRecFN/roundAnyRawFNToRecFN                 
    41     0.01% 1.05073e-07 1.19200e-06 1.44405e-06 2.74112e-06   9 /ChipTop/system/tile_prci_domain/tile_reset_domain_tile/gemmini/spad/vsm/pipe_1/out_bits_data_muladder/mulAddRecFNToRaw_preMul                                
    97     0.01% 1.90098e-07 5.65459e-06 5.79536e-06 1.16400e-05   8 /ChipTop/system/tile_prci_domain/tile_reset_domain_tile/gemmini/spad/vsm/pipe_1/out_bits_data_rec_fn_to_in                                                    
    70     0.01% 1.35870e-07 2.70005e-06 4.98050e-06 7.81642e-06   8 /ChipTop/system/tile_prci_domain/tile_reset_domain_tile/gemmini/spad/vsm/pipe_1/out_bits_data_in_to_rec_fn                                                    
     8     0.00% 1.60370e-08 3.43359e-07 1.68332e-06 2.04271e-06   9 /ChipTop/system/tile_prci_domain/tile_reset_domain_tile/gemmini/spad/vsm/pipe_1/out_bits_data_in_to_rec_fn/roundAnyRawFNToRecFN                               
  1616     0.24% 3.89975e-06 8.62220e-03 7.99405e-05 8.70604e-03   7 /ChipTop/system/tile_prci_domain/tile_reset_domain_tile/gemmini/spad/vsm/pipe                                                                                 
  1160     0.18% 2.68520e-06 5.62156e-05 5.98898e-05 1.18791e-04   8 /ChipTop/system/tile_prci_domain/tile_reset_domain_tile/gemmini/spad/vsm/pipe/out_bits_data_muladder                                                          
   307     0.05% 6.61273e-07 2.39357e-05 2.57610e-05 5.03580e-05   9 /ChipTop/system/tile_prci_domain/tile_reset_domain_tile/gemmini/spad/vsm/pipe/out_bits_data_muladder/mulAddRecFNToRaw_postMul                                 
   312     0.05% 7.16254e-07 3.50351e-06 3.96870e-06 8.18847e-06   9 /ChipTop/system/tile_prci_domain/tile_reset_domain_tile/gemmini/spad/vsm/pipe/out_bits_data_muladder/roundRawFNToRecFN                                        
   312     0.05% 7.16254e-07 3.50351e-06 3.96870e-06 8.18847e-06  10 /ChipTop/system/tile_prci_domain/tile_reset_domain_tile/gemmini/spad/vsm/pipe/out_bits_data_muladder/roundRawFNToRecFN/roundAnyRawFNToRecFN                   
    41     0.01% 1.09356e-07 1.31615e-06 1.47394e-06 2.89945e-06   9 /ChipTop/system/tile_prci_domain/tile_reset_domain_tile/gemmini/spad/vsm/pipe/out_bits_data_muladder/mulAddRecFNToRaw_preMul                                  
    97     0.01% 1.93537e-07 5.95401e-06 5.92301e-06 1.20706e-05   8 /ChipTop/system/tile_prci_domain/tile_reset_domain_tile/gemmini/spad/vsm/pipe/out_bits_data_rec_fn_to_in                                                      
    70     0.01% 1.43869e-07 3.62074e-06 5.91479e-06 9.67940e-06   8 /ChipTop/system/tile_prci_domain/tile_reset_domain_tile/gemmini/spad/vsm/pipe/out_bits_data_in_to_rec_fn                                                      
     8     0.00% 1.62660e-08 3.76338e-07 1.83966e-06 2.23226e-06   9 /ChipTop/system/tile_prci_domain/tile_reset_domain_tile/gemmini/spad/vsm/pipe/out_bits_data_in_to_rec_fn/roundAnyRawFNToRecFN                                 
   243     0.04% 5.11522e-07 8.69121e-04 1.10985e-06 8.70743e-04   7 /ChipTop/system/tile_prci_domain/tile_reset_domain_tile/gemmini/spad/vsm/arb_3                                                                                
   243     0.04% 4.88399e-07 8.69042e-04 1.09278e-06 8.70623e-04   7 /ChipTop/system/tile_prci_domain/tile_reset_domain_tile/gemmini/spad/vsm/arb_2                                                                                
   243     0.04% 5.12585e-07 8.68963e-04 1.07502e-06 8.70550e-04   7 /ChipTop/system/tile_prci_domain/tile_reset_domain_tile/gemmini/spad/vsm/arb_1                                                                                
   243     0.04% 4.56108e-07 8.68906e-04 1.05821e-06 8.70420e-04   7 /ChipTop/system/tile_prci_domain/tile_reset_domain_tile/gemmini/spad/vsm/arb                                                                                  
 17865     2.70% 6.83430e-05 1.59392e-01 1.75135e-03 1.61212e-01   6 /ChipTop/system/tile_prci_domain/tile_reset_domain_tile/gemmini/spad/reader                                                                                   
  2838     0.43% 1.61713e-05 1.13757e-01 9.26703e-05 1.13866e-01   7 /ChipTop/system/tile_prci_domain/tile_reset_domain_tile/gemmini/spad/reader/xactTracker                                                                       
  1176     0.18% 7.01668e-06 2.35347e-02 1.19732e-04 2.36614e-02   7 /ChipTop/system/tile_prci_domain/tile_reset_domain_tile/gemmini/spad/reader/core                                                                              
   209     0.03% 1.72679e-06 7.54725e-03 2.99425e-05 7.57892e-03   8 /ChipTop/system/tile_prci_domain/tile_reset_domain_tile/gemmini/spad/reader/core/tlb_q                                                                        
   206     0.03% 1.71577e-06 6.27662e-03 2.93114e-05 6.30765e-03   9 /ChipTop/system/tile_prci_domain/tile_reset_domain_tile/gemmini/spad/reader/core/tlb_q/ram_ext                                                                
   209     0.03% 1.73585e-06 7.54596e-03 3.00362e-05 7.57774e-03   8 /ChipTop/system/tile_prci_domain/tile_reset_domain_tile/gemmini/spad/reader/core/translate_q                                                                  
   206     0.03% 1.72484e-06 6.27536e-03 2.97878e-05 6.30687e-03   9 /ChipTop/system/tile_prci_domain/tile_reset_domain_tile/gemmini/spad/reader/core/translate_q/ram_ext                                                          
   226     0.03% 5.34021e-07 2.90250e-06 1.54040e-06 4.97692e-06   8 /ChipTop/system/tile_prci_domain/tile_reset_domain_tile/gemmini/spad/reader/core/tlb_arb                                                                      
 13782     2.08% 4.46074e-05 2.03037e-02 1.52795e-03 2.18762e-02   7 /ChipTop/system/tile_prci_domain/tile_reset_domain_tile/gemmini/spad/reader/beatPacker                                                                        
 10916     1.65% 4.62994e-05 1.25084e-01 3.25004e-05 1.25163e-01   6 /ChipTop/system/tile_prci_domain/tile_reset_domain_tile/gemmini/spad/writer                                                                                   
   214     0.03% 1.79047e-06 7.35669e-03 3.38102e-06 7.36186e-03   7 /ChipTop/system/tile_prci_domain/tile_reset_domain_tile/gemmini/spad/writer/tlb_q                                                                             
   206     0.03% 1.77513e-06 6.08655e-03 3.31640e-06 6.09165e-03   8 /ChipTop/system/tile_prci_domain/tile_reset_domain_tile/gemmini/spad/writer/tlb_q/ram_ext                                                                     
   212     0.03% 1.79532e-06 7.35652e-03 2.57938e-06 7.36090e-03   7 /ChipTop/system/tile_prci_domain/tile_reset_domain_tile/gemmini/spad/writer/shadow_retry_a                                                                    
   206     0.03% 1.77828e-06 6.08640e-03 2.52862e-06 6.09071e-03   8 /ChipTop/system/tile_prci_domain/tile_reset_domain_tile/gemmini/spad/writer/shadow_retry_a/ram_ext                                                            
   214     0.03% 1.72673e-06 7.34928e-03 2.16708e-06 7.35318e-03   7 /ChipTop/system/tile_prci_domain/tile_reset_domain_tile/gemmini/spad/writer/translate_q                                                                       
   206     0.03% 1.71139e-06 6.07916e-03 2.12500e-06 6.08299e-03   8 /ChipTop/system/tile_prci_domain/tile_reset_domain_tile/gemmini/spad/writer/translate_q/ram_ext                                                               
   491     0.07% 8.14825e-07 3.24929e-06 2.28503e-06 6.34914e-06   7 /ChipTop/system/tile_prci_domain/tile_reset_domain_tile/gemmini/spad/writer/tlb_arb                                                                           
  1906     0.29% 1.23481e-05 5.02849e-02 5.55812e-04 5.08530e-02   6 /ChipTop/system/tile_prci_domain/tile_reset_domain_tile/gemmini/spad/norm_unit_passthru_q                                                                     
  1885     0.28% 1.22805e-05 4.50385e-02 1.25658e-05 4.50634e-02   7 /ChipTop/system/tile_prci_domain/tile_reset_domain_tile/gemmini/spad/norm_unit_passthru_q/ram_ext                                                             
  1312     0.20% 8.10896e-06 3.02686e-02 1.29721e-03 3.15739e-02   6 /ChipTop/system/tile_prci_domain/tile_reset_domain_tile/gemmini/spad/buffer                                                                                   
   687     0.10% 4.35151e-06 1.60427e-02 6.40744e-04 1.66878e-02   7 /ChipTop/system/tile_prci_domain/tile_reset_domain_tile/gemmini/spad/buffer/x1_a_q                                                                            
   664     0.10% 4.27914e-06 1.07063e-02 9.10150e-05 1.08016e-02   8 /ChipTop/system/tile_prci_domain/tile_reset_domain_tile/gemmini/spad/buffer/x1_a_q/ram_ext                                                                    
   625     0.09% 3.75744e-06 1.42259e-02 6.56470e-04 1.48861e-02   7 /ChipTop/system/tile_prci_domain/tile_reset_domain_tile/gemmini/spad/buffer/bundleIn_0_d_q                                                                    
   602     0.09% 3.68949e-06 8.97405e-03 1.08327e-04 9.08607e-03   8 /ChipTop/system/tile_prci_domain/tile_reset_domain_tile/gemmini/spad/buffer/bundleIn_0_d_q/ram_ext                                                            
  1197     0.18% 7.97461e-06 3.02731e-02 1.27994e-03 3.15610e-02   6 /ChipTop/system/tile_prci_domain/tile_reset_domain_tile/gemmini/spad/buffer_2                                                                                 
   681     0.10% 4.19737e-06 1.60385e-02 6.40544e-04 1.66833e-02   7 /ChipTop/system/tile_prci_domain/tile_reset_domain_tile/gemmini/spad/buffer_2/x1_a_q                                                                          
   659     0.10% 4.13058e-06 1.07016e-02 9.10660e-05 1.07968e-02   8 /ChipTop/system/tile_prci_domain/tile_reset_domain_tile/gemmini/spad/buffer_2/x1_a_q/ram_ext                                                                  
   516     0.08% 3.77725e-06 1.42346e-02 6.39398e-04 1.48778e-02   7 /ChipTop/system/tile_prci_domain/tile_reset_domain_tile/gemmini/spad/buffer_2/bundleIn_0_d_q                                                                  
   495     0.07% 3.71440e-06 8.98186e-03 9.12967e-05 9.07687e-03   8 /ChipTop/system/tile_prci_domain/tile_reset_domain_tile/gemmini/spad/buffer_2/bundleIn_0_d_q/ram_ext                                                          
   731     0.11% 4.58111e-06 2.28246e-02 1.09437e-03 2.39235e-02   6 /ChipTop/system/tile_prci_domain/tile_reset_domain_tile/gemmini/spad/buffer_1                                                                                 
   681     0.10% 4.32654e-06 1.57575e-02 5.48931e-04 1.63108e-02   7 /ChipTop/system/tile_prci_domain/tile_reset_domain_tile/gemmini/spad/buffer_1/x1_a_q                                                                          
   658     0.10% 4.24863e-06 1.04259e-02 3.66485e-06 1.04338e-02   8 /ChipTop/system/tile_prci_domain/tile_reset_domain_tile/gemmini/spad/buffer_1/x1_a_q/ram_ext                                                                  
    50     0.01% 2.54572e-07 7.06707e-03 5.45440e-04 7.61277e-03   7 /ChipTop/system/tile_prci_domain/tile_reset_domain_tile/gemmini/spad/buffer_1/bundleIn_0_d_q                                                                  
    29     0.00% 1.92903e-07 1.73544e-03 1.96028e-07 1.73583e-03   8 /ChipTop/system/tile_prci_domain/tile_reset_domain_tile/gemmini/spad/buffer_1/bundleIn_0_d_q/ram_ext                                                          
  1191     0.18% 7.28374e-06 2.06157e-02 9.22620e-05 2.07152e-02   6 /ChipTop/system/tile_prci_domain/tile_reset_domain_tile/gemmini/spad/read_issue_q                                                                             
  1152     0.17% 7.12468e-06 1.75932e-02 8.52653e-05 1.76856e-02   7 /ChipTop/system/tile_prci_domain/tile_reset_domain_tile/gemmini/spad/read_issue_q/ram_ext                                                                     
   692     0.10% 5.50250e-06 1.86596e-02 6.37903e-06 1.86715e-02   6 /ChipTop/system/tile_prci_domain/tile_reset_domain_tile/gemmini/spad/vsm_1                                                                                    
   790     0.12% 4.77487e-06 1.86413e-02 5.67893e-06 1.86517e-02   6 /ChipTop/system/tile_prci_domain/tile_reset_domain_tile/gemmini/spad/write_norm_q                                                                             
   750     0.11% 4.61518e-06 1.56313e-02 4.64248e-06 1.56405e-02   7 /ChipTop/system/tile_prci_domain/tile_reset_domain_tile/gemmini/spad/write_norm_q/ram_ext                                                                     
   804     0.12% 4.83669e-06 1.86379e-02 5.31647e-06 1.86481e-02   6 /ChipTop/system/tile_prci_domain/tile_reset_domain_tile/gemmini/spad/write_scale_q                                                                            
   765     0.12% 4.67966e-06 1.56280e-02 4.40076e-06 1.56371e-02   7 /ChipTop/system/tile_prci_domain/tile_reset_domain_tile/gemmini/spad/write_scale_q/ram_ext                                                                    
   650     0.10% 4.14772e-06 1.60337e-02 4.27017e-06 1.60421e-02   6 /ChipTop/system/tile_prci_domain/tile_reset_domain_tile/gemmini/spad/write_issue_q                                                                            
   612     0.09% 3.97962e-06 1.30237e-02 2.92635e-06 1.30306e-02   7 /ChipTop/system/tile_prci_domain/tile_reset_domain_tile/gemmini/spad/write_issue_q/ram_ext                                                                    
   364     0.06% 1.29375e-06 1.39896e-02 2.50916e-05 1.40160e-02   6 /ChipTop/system/tile_prci_domain/tile_reset_domain_tile/gemmini/spad/xbar                                                                                     
   416     0.06% 2.59650e-06 1.22845e-02 5.49774e-04 1.28369e-02   6 /ChipTop/system/tile_prci_domain/tile_reset_domain_tile/gemmini/spad/write_dispatch_q                                                                         
   394     0.06% 2.52840e-06 6.95285e-03 4.47508e-06 6.95985e-03   7 /ChipTop/system/tile_prci_domain/tile_reset_domain_tile/gemmini/spad/write_dispatch_q/ram_ext                                                                 
  1220     0.18% 4.57573e-06 7.85628e-03 3.59604e-04 8.22046e-03   6 /ChipTop/system/tile_prci_domain/tile_reset_domain_tile/gemmini/spad/mvin_scale_pixel_repeater                                                                
   171     0.03% 7.43977e-07 5.54688e-03 7.24031e-07 5.54835e-03   6 /ChipTop/system/tile_prci_domain/tile_reset_domain_tile/gemmini/spad/zero_writer                                                                              
   257     0.04% 8.69355e-07 3.87388e-03 1.20049e-06 3.87595e-03   6 /ChipTop/system/tile_prci_domain/tile_reset_domain_tile/gemmini/spad/zero_writer_pixel_repeater                                                               
 20754     3.14% 8.45317e-05 1.11386e+00 1.16802e-01 1.23075e+00   5 /ChipTop/system/tile_prci_domain/tile_reset_domain_tile/gemmini/reservation_station                                                                           
 57066     8.62% 1.80374e-04 1.05747e+00 1.21202e-01 1.17886e+00   5 /ChipTop/system/tile_prci_domain/tile_reset_domain_tile/gemmini/mod                                                                                           
 11060     1.67% 3.49256e-05 3.16022e-01 4.03654e-02 3.56422e-01   6 /ChipTop/system/tile_prci_domain/tile_reset_domain_tile/gemmini/mod/st                                                                                        
   471     0.07% 3.88922e-06 3.05572e-01 4.03376e-02 3.45914e-01   7 /ChipTop/system/tile_prci_domain/tile_reset_domain_tile/gemmini/mod/st/command_p                                                                              
 15370     2.32% 4.51424e-05 1.67082e-01 1.96543e-02 1.86782e-01   6 /ChipTop/system/tile_prci_domain/tile_reset_domain_tile/gemmini/mod/ex                                                                                        
   235     0.04% 1.91739e-06 1.50221e-01 1.96242e-02 1.69847e-01   7 /ChipTop/system/tile_prci_domain/tile_reset_domain_tile/gemmini/mod/ex/command_p                                                                              
  7138     1.08% 2.34705e-05 1.66178e-01 2.01887e-02 1.86390e-01   6 /ChipTop/system/tile_prci_domain/tile_reset_domain_tile/gemmini/mod/ld_input                                                                                  
   241     0.04% 1.94026e-06 1.54056e-01 2.01694e-02 1.74227e-01   7 /ChipTop/system/tile_prci_domain/tile_reset_domain_tile/gemmini/mod/ld_input/command_p                                                                        
  9757     1.47% 2.89991e-05 1.59751e-01 1.85557e-02 1.78335e-01   6 /ChipTop/system/tile_prci_domain/tile_reset_domain_tile/gemmini/mod/ld_weights                                                                                
   231     0.03% 1.84067e-06 1.47631e-01 1.85338e-02 1.66167e-01   7 /ChipTop/system/tile_prci_domain/tile_reset_domain_tile/gemmini/mod/ld_weights/command_p                                                                      
  4438     0.67% 1.41454e-05 1.31198e-01 1.54599e-02 1.46672e-01   6 /ChipTop/system/tile_prci_domain/tile_reset_domain_tile/gemmini/mod/ld_bias                                                                                   
   189     0.03% 1.52353e-06 1.20820e-01 1.54442e-02 1.36265e-01   7 /ChipTop/system/tile_prci_domain/tile_reset_domain_tile/gemmini/mod/ld_bias/command_p                                                                         
   565     0.09% 3.46836e-06 2.97146e-02 6.47691e-03 3.61950e-02   6 /ChipTop/system/tile_prci_domain/tile_reset_domain_tile/gemmini/mod/cmd                                                                                       
   543     0.08% 3.39786e-06 2.38272e-02 5.48423e-03 2.93148e-02   7 /ChipTop/system/tile_prci_domain/tile_reset_domain_tile/gemmini/mod/cmd/ram_ext                                                                               
   336     0.05% 8.34957e-07 7.02647e-05 1.23454e-04 1.94554e-04   6 /ChipTop/system/tile_prci_domain/tile_reset_domain_tile/gemmini/mod/arb                                                                                       
  2841     0.43% 1.01944e-05 1.83912e-01 4.04492e-05 1.83963e-01   5 /ChipTop/system/tile_prci_domain/tile_reset_domain_tile/gemmini/tlb                                                                                           
  2351     0.36% 7.52341e-06 2.16037e-02 2.37241e-05 2.16350e-02   6 /ChipTop/system/tile_prci_domain/tile_reset_domain_tile/gemmini/tlb/tlbs_0                                                                                    
  2342     0.35% 7.49641e-06 2.03335e-02 2.35661e-05 2.03646e-02   7 /ChipTop/system/tile_prci_domain/tile_reset_domain_tile/gemmini/tlb/tlbs_0/tlb                                                                                
  1299     0.20% 2.51798e-06 1.31879e-05 1.48093e-05 3.05152e-05   8 /ChipTop/system/tile_prci_domain/tile_reset_domain_tile/gemmini/tlb/tlbs_0/tlb/pmp                                                                            
    48     0.01% 2.04363e-07 1.27079e-03 4.20743e-06 1.27520e-03   6 /ChipTop/system/tile_prci_domain/tile_reset_domain_tile/gemmini/tlb/tlbArbOpt                                                                                 
 15042     2.27% 5.28967e-05 1.48281e-01 9.19609e-03 1.57530e-01   5 /ChipTop/system/tile_prci_domain/tile_reset_domain_tile/gemmini/mod_1                                                                                         
   570     0.09% 3.48728e-06 3.22995e-02 6.41594e-03 3.87189e-02   6 /ChipTop/system/tile_prci_domain/tile_reset_domain_tile/gemmini/mod_1/cmd                                                                                     
   548     0.08% 3.41386e-06 2.64207e-02 5.37845e-03 3.18026e-02   7 /ChipTop/system/tile_prci_domain/tile_reset_domain_tile/gemmini/mod_1/cmd/ram_ext                                                                             
  3378     0.51% 1.04429e-05 1.03545e-02 7.66288e-06 1.03726e-02   6 /ChipTop/system/tile_prci_domain/tile_reset_domain_tile/gemmini/mod_1/stC                                                                                     
  2597     0.39% 7.23109e-06 7.75106e-03 4.59717e-06 7.76289e-03   6 /ChipTop/system/tile_prci_domain/tile_reset_domain_tile/gemmini/mod_1/ex                                                                                      
  1915     0.29% 5.93195e-06 6.48277e-03 6.21265e-06 6.49492e-03   6 /ChipTop/system/tile_prci_domain/tile_reset_domain_tile/gemmini/mod_1/ldD                                                                                     
  2272     0.34% 7.29320e-06 6.48128e-03 4.91664e-06 6.49349e-03   6 /ChipTop/system/tile_prci_domain/tile_reset_domain_tile/gemmini/mod_1/ldB                                                                                     
  2055     0.31% 6.23573e-06 6.47982e-03 3.45084e-06 6.48950e-03   6 /ChipTop/system/tile_prci_domain/tile_reset_domain_tile/gemmini/mod_1/ldA                                                                                     
   171     0.03% 5.15940e-07 5.89926e-05 1.10663e-04 1.70171e-04   6 /ChipTop/system/tile_prci_domain/tile_reset_domain_tile/gemmini/mod_1/arb                                                                                     
   131     0.02% 4.62123e-07 2.57355e-05 4.75176e-05 7.37153e-05   6 /ChipTop/system/tile_prci_domain/tile_reset_domain_tile/gemmini/mod_1/ldab_arb                                                                                
  3559     0.54% 1.75411e-05 5.78583e-02 6.18719e-04 5.84946e-02   5 /ChipTop/system/tile_prci_domain/tile_reset_domain_tile/gemmini/load_controller                                                                               
  2341     0.35% 1.30797e-05 3.77698e-02 2.72005e-05 3.78100e-02   6 /ChipTop/system/tile_prci_domain/tile_reset_domain_tile/gemmini/load_controller/cmd                                                                           
  2304     0.35% 1.29273e-05 3.47577e-02 2.52200e-05 3.47958e-02   7 /ChipTop/system/tile_prci_domain/tile_reset_domain_tile/gemmini/load_controller/cmd/ram_ext                                                                   
   109     0.02% 4.89023e-07 6.03861e-03 1.12003e-05 6.05030e-03   6 /ChipTop/system/tile_prci_domain/tile_reset_domain_tile/gemmini/load_controller/cmd_tracker                                                                   
  5431     0.82% 2.16706e-05 4.44189e-02 8.44875e-03 5.28893e-02   5 /ChipTop/system/tile_prci_domain/tile_reset_domain_tile/gemmini/counters                                                                                      
  5350     0.81% 2.10318e-05 4.05472e-02 8.44874e-03 4.90170e-02   6 /ChipTop/system/tile_prci_domain/tile_reset_domain_tile/gemmini/counters/counterfile                                                                          
   625     0.09% 4.19568e-06 3.04836e-02 5.86239e-03 3.63502e-02   5 /ChipTop/system/tile_prci_domain/tile_reset_domain_tile/gemmini/unrolled_cmd                                                                                  
   604     0.09% 4.12989e-06 2.46307e-02 4.85472e-03 2.94896e-02   6 /ChipTop/system/tile_prci_domain/tile_reset_domain_tile/gemmini/unrolled_cmd/ram_ext                                                                          
  3271     0.49% 1.09865e-05 3.38189e-02 5.59547e-04 3.43894e-02   5 /ChipTop/system/tile_prci_domain/tile_reset_domain_tile/gemmini/store_controller                                                                              
   445     0.07% 2.89004e-06 1.57514e-02 5.48008e-04 1.63023e-02   6 /ChipTop/system/tile_prci_domain/tile_reset_domain_tile/gemmini/store_controller/cmd                                                                          
   423     0.06% 2.82733e-06 1.04202e-02 3.57829e-06 1.04266e-02   7 /ChipTop/system/tile_prci_domain/tile_reset_domain_tile/gemmini/store_controller/cmd/ram_ext                                                                  
   115     0.02% 5.05902e-07 5.14496e-03 1.29668e-07 5.14560e-03   6 /ChipTop/system/tile_prci_domain/tile_reset_domain_tile/gemmini/store_controller/cmd_tracker                                                                  
   528     0.08% 3.27646e-06 2.93885e-02 4.84443e-03 3.42362e-02   5 /ChipTop/system/tile_prci_domain/tile_reset_domain_tile/gemmini/raw_cmd_q                                                                                     
   506     0.08% 3.20558e-06 2.35012e-02 3.85542e-03 2.73598e-02   6 /ChipTop/system/tile_prci_domain/tile_reset_domain_tile/gemmini/raw_cmd_q/ram_ext                                                                             
    13     0.00% 4.97060e-08 1.32909e-03 4.09724e-04 1.73886e-03   5 /ChipTop/system/tile_prci_domain/tile_reset_domain_tile/gemmini/req_arb                                                                                       
    12     0.00% 3.48720e-08 1.56482e-04 3.68056e-04 5.24572e-04   5 /ChipTop/system/tile_prci_domain/tile_reset_domain_tile/gemmini/reservation_station_completed_arb                                                             
    13     0.00% 3.94610e-08 3.77815e-07 9.77120e-08 5.14988e-07   5 /ChipTop/system/tile_prci_domain/tile_reset_domain_tile/gemmini/req_arb_1                                                                                     
    13     0.00% 3.94610e-08 3.77815e-07 9.77120e-08 5.14988e-07   5 /ChipTop/system/tile_prci_domain/tile_reset_domain_tile/gemmini/req_arb_2                                                                                     
    13     0.00% 3.94610e-08 3.77815e-07 9.77120e-08 5.14988e-07   5 /ChipTop/system/tile_prci_domain/tile_reset_domain_tile/gemmini/req_arb_3                                                                                     
-----------------------------------------------------------------------------------------------------------------------------------------------------------------------------------------------------------------------------------
