Power Unit: mW
PDB Frame : /stim#1/frame#0
-----------------------------------------------------------------------------------------------------------------------------------------------------------------------------------------------------------------------------------
 Cells Pct_cells     Leakage    Internal   Switching       Total Lvl Instance                                                                                                                                                      
-----------------------------------------------------------------------------------------------------------------------------------------------------------------------------------------------------------------------------------
488992    73.89% 3.39172e+00 4.06439e+01 2.80077e+00 4.68364e+01   4 /ChipTop/system/tile_prci_domain/tile_reset_domain_tile/gemmini                                                                                               
155908    23.56% 3.39056e+00 2.55773e+01 2.58858e+00 3.15564e+01   5 /ChipTop/system/tile_prci_domain/tile_reset_domain_tile/gemmini/spad                                                                                          
 63996     9.67% 1.88742e-04 5.99879e+00 8.16790e-01 6.81577e+00   6 /ChipTop/system/tile_prci_domain/tile_reset_domain_tile/gemmini/spad/acc_scale_unit                                                                           
  5337     0.81% 4.35795e-05 5.99873e+00 8.16585e-01 6.81535e+00   7 /ChipTop/system/tile_prci_domain/tile_reset_domain_tile/gemmini/spad/acc_scale_unit/pipe_out_p                                                                
  2872     0.43% 6.95111e-06 1.94076e-06 5.10490e-06 1.39968e-05   7 /ChipTop/system/tile_prci_domain/tile_reset_domain_tile/gemmini/spad/acc_scale_unit/activated_data_e_scaled_muladder_1                                        
   346     0.05% 7.14988e-07 5.74417e-07 2.56736e-06 3.85676e-06   8 /ChipTop/system/tile_prci_domain/tile_reset_domain_tile/gemmini/spad/acc_scale_unit/activated_data_e_scaled_muladder_1/roundRawFNToRecFN                      
   346     0.05% 7.14988e-07 5.74417e-07 2.56736e-06 3.85676e-06   9 /ChipTop/system/tile_prci_domain/tile_reset_domain_tile/gemmini/spad/acc_scale_unit/activated_data_e_scaled_muladder_1/roundRawFNToRecFN/roundAnyRawFNToRecFN 
   459     0.07% 1.11255e-06 8.40325e-07 1.09507e-06 3.04794e-06   8 /ChipTop/system/tile_prci_domain/tile_reset_domain_tile/gemmini/spad/acc_scale_unit/activated_data_e_scaled_muladder_1/mulAddRecFNToRaw_postMul               
    49     0.01% 1.27465e-07 1.23625e-07 3.83266e-07 6.34356e-07   8 /ChipTop/system/tile_prci_domain/tile_reset_domain_tile/gemmini/spad/acc_scale_unit/activated_data_e_scaled_muladder_1/mulAddRecFNToRaw_preMul                
  2476     0.37% 6.26533e-06 2.07909e-06 5.05611e-06 1.34005e-05   7 /ChipTop/system/tile_prci_domain/tile_reset_domain_tile/gemmini/spad/acc_scale_unit/activated_data_e_scaled_muladder_3                                        
   346     0.05% 6.68177e-07 5.65679e-07 2.44854e-06 3.68240e-06   8 /ChipTop/system/tile_prci_domain/tile_reset_domain_tile/gemmini/spad/acc_scale_unit/activated_data_e_scaled_muladder_3/roundRawFNToRecFN                      
   346     0.05% 6.68177e-07 5.65679e-07 2.44854e-06 3.68240e-06   9 /ChipTop/system/tile_prci_domain/tile_reset_domain_tile/gemmini/spad/acc_scale_unit/activated_data_e_scaled_muladder_3/roundRawFNToRecFN/roundAnyRawFNToRecFN 
   435     0.07% 1.13989e-06 9.45156e-07 1.05728e-06 3.14233e-06   8 /ChipTop/system/tile_prci_domain/tile_reset_domain_tile/gemmini/spad/acc_scale_unit/activated_data_e_scaled_muladder_3/mulAddRecFNToRaw_postMul               
    47     0.01% 1.41713e-07 1.51287e-07 5.48042e-07 8.41042e-07   8 /ChipTop/system/tile_prci_domain/tile_reset_domain_tile/gemmini/spad/acc_scale_unit/activated_data_e_scaled_muladder_3/mulAddRecFNToRaw_preMul                
  2467     0.37% 6.12741e-06 2.13490e-06 5.10030e-06 1.33626e-05   7 /ChipTop/system/tile_prci_domain/tile_reset_domain_tile/gemmini/spad/acc_scale_unit/activated_data_e_scaled_muladder_13                                       
   346     0.05% 6.67483e-07 5.64653e-07 2.45450e-06 3.68664e-06   8 /ChipTop/system/tile_prci_domain/tile_reset_domain_tile/gemmini/spad/acc_scale_unit/activated_data_e_scaled_muladder_13/roundRawFNToRecFN                     
   346     0.05% 6.67483e-07 5.64653e-07 2.45450e-06 3.68664e-06   9 /ChipTop/system/tile_prci_domain/tile_reset_domain_tile/gemmini/spad/acc_scale_unit/activated_data_e_scaled_muladder_13/roundRawFNToRecFN/roundAnyRawFNToRecFN
   436     0.07% 1.11883e-06 9.86890e-07 1.08243e-06 3.18815e-06   8 /ChipTop/system/tile_prci_domain/tile_reset_domain_tile/gemmini/spad/acc_scale_unit/activated_data_e_scaled_muladder_13/mulAddRecFNToRaw_postMul              
    47     0.01% 1.45506e-07 1.41427e-07 5.46012e-07 8.32945e-07   8 /ChipTop/system/tile_prci_domain/tile_reset_domain_tile/gemmini/spad/acc_scale_unit/activated_data_e_scaled_muladder_13/mulAddRecFNToRaw_preMul               
  2529     0.38% 6.19578e-06 2.07931e-06 5.01327e-06 1.32884e-05   7 /ChipTop/system/tile_prci_domain/tile_reset_domain_tile/gemmini/spad/acc_scale_unit/activated_data_e_scaled_muladder_10                                       
   346     0.05% 6.67729e-07 5.24157e-07 2.29927e-06 3.49115e-06   8 /ChipTop/system/tile_prci_domain/tile_reset_domain_tile/gemmini/spad/acc_scale_unit/activated_data_e_scaled_muladder_10/roundRawFNToRecFN                     
   346     0.05% 6.67729e-07 5.24157e-07 2.29927e-06 3.49115e-06   9 /ChipTop/system/tile_prci_domain/tile_reset_domain_tile/gemmini/spad/acc_scale_unit/activated_data_e_scaled_muladder_10/roundRawFNToRecFN/roundAnyRawFNToRecFN
   436     0.07% 1.12304e-06 1.03180e-06 1.09619e-06 3.25104e-06   8 /ChipTop/system/tile_prci_domain/tile_reset_domain_tile/gemmini/spad/acc_scale_unit/activated_data_e_scaled_muladder_10/mulAddRecFNToRaw_postMul              
    47     0.01% 1.36101e-07 1.63140e-07 5.01148e-07 8.00389e-07   8 /ChipTop/system/tile_prci_domain/tile_reset_domain_tile/gemmini/spad/acc_scale_unit/activated_data_e_scaled_muladder_10/mulAddRecFNToRaw_preMul               
  2517     0.38% 6.26905e-06 2.08085e-06 4.90623e-06 1.32561e-05   7 /ChipTop/system/tile_prci_domain/tile_reset_domain_tile/gemmini/spad/acc_scale_unit/activated_data_e_scaled_muladder_7                                        
   346     0.05% 6.70064e-07 5.72783e-07 2.40973e-06 3.65257e-06   8 /ChipTop/system/tile_prci_domain/tile_reset_domain_tile/gemmini/spad/acc_scale_unit/activated_data_e_scaled_muladder_7/roundRawFNToRecFN                      
   346     0.05% 6.70064e-07 5.72783e-07 2.40973e-06 3.65257e-06   9 /ChipTop/system/tile_prci_domain/tile_reset_domain_tile/gemmini/spad/acc_scale_unit/activated_data_e_scaled_muladder_7/roundRawFNToRecFN/roundAnyRawFNToRecFN 
   437     0.07% 1.08050e-06 9.46295e-07 9.69665e-07 2.99646e-06   8 /ChipTop/system/tile_prci_domain/tile_reset_domain_tile/gemmini/spad/acc_scale_unit/activated_data_e_scaled_muladder_7/mulAddRecFNToRaw_postMul               
    46     0.01% 1.61655e-07 1.76418e-07 4.95939e-07 8.34012e-07   8 /ChipTop/system/tile_prci_domain/tile_reset_domain_tile/gemmini/spad/acc_scale_unit/activated_data_e_scaled_muladder_7/mulAddRecFNToRaw_preMul                
  2493     0.38% 6.64751e-06 2.04335e-06 4.54149e-06 1.32323e-05   7 /ChipTop/system/tile_prci_domain/tile_reset_domain_tile/gemmini/spad/acc_scale_unit/activated_data_e_scaled_muladder_2                                        
   346     0.05% 6.46244e-07 5.31426e-07 2.06083e-06 3.23850e-06   8 /ChipTop/system/tile_prci_domain/tile_reset_domain_tile/gemmini/spad/acc_scale_unit/activated_data_e_scaled_muladder_2/roundRawFNToRecFN                      
   346     0.05% 6.46244e-07 5.31426e-07 2.06083e-06 3.23850e-06   9 /ChipTop/system/tile_prci_domain/tile_reset_domain_tile/gemmini/spad/acc_scale_unit/activated_data_e_scaled_muladder_2/roundRawFNToRecFN/roundAnyRawFNToRecFN 
   435     0.07% 1.13053e-06 9.19444e-07 1.07735e-06 3.12733e-06   8 /ChipTop/system/tile_prci_domain/tile_reset_domain_tile/gemmini/spad/acc_scale_unit/activated_data_e_scaled_muladder_2/mulAddRecFNToRaw_postMul               
    47     0.01% 1.41355e-07 1.77148e-07 4.06607e-07 7.25110e-07   8 /ChipTop/system/tile_prci_domain/tile_reset_domain_tile/gemmini/spad/acc_scale_unit/activated_data_e_scaled_muladder_2/mulAddRecFNToRaw_preMul                
  2488     0.38% 6.19226e-06 2.11585e-06 4.70894e-06 1.30170e-05   7 /ChipTop/system/tile_prci_domain/tile_reset_domain_tile/gemmini/spad/acc_scale_unit/activated_data_e_scaled_muladder_6                                        
   346     0.05% 6.79020e-07 5.03882e-07 2.11500e-06 3.29790e-06   8 /ChipTop/system/tile_prci_domain/tile_reset_domain_tile/gemmini/spad/acc_scale_unit/activated_data_e_scaled_muladder_6/roundRawFNToRecFN                      
   346     0.05% 6.79020e-07 5.03882e-07 2.11500e-06 3.29790e-06   9 /ChipTop/system/tile_prci_domain/tile_reset_domain_tile/gemmini/spad/acc_scale_unit/activated_data_e_scaled_muladder_6/roundRawFNToRecFN/roundAnyRawFNToRecFN 
   435     0.07% 1.07318e-06 1.06892e-06 1.05478e-06 3.19688e-06   8 /ChipTop/system/tile_prci_domain/tile_reset_domain_tile/gemmini/spad/acc_scale_unit/activated_data_e_scaled_muladder_6/mulAddRecFNToRaw_postMul               
    47     0.01% 1.40714e-07 1.66878e-07 4.28786e-07 7.36378e-07   8 /ChipTop/system/tile_prci_domain/tile_reset_domain_tile/gemmini/spad/acc_scale_unit/activated_data_e_scaled_muladder_6/mulAddRecFNToRaw_preMul                
  2439     0.37% 6.03727e-06 1.95445e-06 4.99652e-06 1.29882e-05   7 /ChipTop/system/tile_prci_domain/tile_reset_domain_tile/gemmini/spad/acc_scale_unit/activated_data_e_scaled_muladder_9                                        
   346     0.05% 6.81307e-07 4.63860e-07 2.33148e-06 3.47665e-06   8 /ChipTop/system/tile_prci_domain/tile_reset_domain_tile/gemmini/spad/acc_scale_unit/activated_data_e_scaled_muladder_9/roundRawFNToRecFN                      
   346     0.05% 6.81307e-07 4.63860e-07 2.33148e-06 3.47665e-06   9 /ChipTop/system/tile_prci_domain/tile_reset_domain_tile/gemmini/spad/acc_scale_unit/activated_data_e_scaled_muladder_9/roundRawFNToRecFN/roundAnyRawFNToRecFN 
   437     0.07% 1.13627e-06 9.99433e-07 1.08908e-06 3.22479e-06   8 /ChipTop/system/tile_prci_domain/tile_reset_domain_tile/gemmini/spad/acc_scale_unit/activated_data_e_scaled_muladder_9/mulAddRecFNToRaw_postMul               
    47     0.01% 1.38530e-07 1.47722e-07 5.17516e-07 8.03768e-07   8 /ChipTop/system/tile_prci_domain/tile_reset_domain_tile/gemmini/spad/acc_scale_unit/activated_data_e_scaled_muladder_9/mulAddRecFNToRaw_preMul                
  2432     0.37% 6.00077e-06 2.05408e-06 4.93218e-06 1.29870e-05   7 /ChipTop/system/tile_prci_domain/tile_reset_domain_tile/gemmini/spad/acc_scale_unit/activated_data_e_scaled_muladder_12                                       
   346     0.05% 6.63423e-07 5.47126e-07 2.36871e-06 3.57926e-06   8 /ChipTop/system/tile_prci_domain/tile_reset_domain_tile/gemmini/spad/acc_scale_unit/activated_data_e_scaled_muladder_12/roundRawFNToRecFN                     
   346     0.05% 6.63423e-07 5.47126e-07 2.36871e-06 3.57926e-06   9 /ChipTop/system/tile_prci_domain/tile_reset_domain_tile/gemmini/spad/acc_scale_unit/activated_data_e_scaled_muladder_12/roundRawFNToRecFN/roundAnyRawFNToRecFN
   436     0.07% 1.06985e-06 9.40970e-07 1.01996e-06 3.03077e-06   8 /ChipTop/system/tile_prci_domain/tile_reset_domain_tile/gemmini/spad/acc_scale_unit/activated_data_e_scaled_muladder_12/mulAddRecFNToRaw_postMul              
    46     0.01% 1.38488e-07 1.51808e-07 5.25481e-07 8.15777e-07   8 /ChipTop/system/tile_prci_domain/tile_reset_domain_tile/gemmini/spad/acc_scale_unit/activated_data_e_scaled_muladder_12/mulAddRecFNToRaw_preMul               
  2442     0.37% 5.98203e-06 1.96198e-06 4.99605e-06 1.29401e-05   7 /ChipTop/system/tile_prci_domain/tile_reset_domain_tile/gemmini/spad/acc_scale_unit/activated_data_e_scaled_muladder_14                                       
   346     0.05% 6.53346e-07 4.67692e-07 2.33136e-06 3.45240e-06   8 /ChipTop/system/tile_prci_domain/tile_reset_domain_tile/gemmini/spad/acc_scale_unit/activated_data_e_scaled_muladder_14/roundRawFNToRecFN                     
   346     0.05% 6.53346e-07 4.67692e-07 2.33136e-06 3.45240e-06   9 /ChipTop/system/tile_prci_domain/tile_reset_domain_tile/gemmini/spad/acc_scale_unit/activated_data_e_scaled_muladder_14/roundRawFNToRecFN/roundAnyRawFNToRecFN
   436     0.07% 1.11753e-06 9.64521e-07 1.09436e-06 3.17640e-06   8 /ChipTop/system/tile_prci_domain/tile_reset_domain_tile/gemmini/spad/acc_scale_unit/activated_data_e_scaled_muladder_14/mulAddRecFNToRaw_postMul              
    49     0.01% 1.33228e-07 1.46210e-07 5.23229e-07 8.02667e-07   8 /ChipTop/system/tile_prci_domain/tile_reset_domain_tile/gemmini/spad/acc_scale_unit/activated_data_e_scaled_muladder_14/mulAddRecFNToRaw_preMul               
  2476     0.37% 6.18705e-06 2.04209e-06 4.57369e-06 1.28028e-05   7 /ChipTop/system/tile_prci_domain/tile_reset_domain_tile/gemmini/spad/acc_scale_unit/activated_data_e_scaled_muladder                                          
   346     0.05% 5.92515e-07 5.55668e-07 2.22981e-06 3.37800e-06   8 /ChipTop/system/tile_prci_domain/tile_reset_domain_tile/gemmini/spad/acc_scale_unit/activated_data_e_scaled_muladder/roundRawFNToRecFN                        
   346     0.05% 5.92515e-07 5.55668e-07 2.22981e-06 3.37800e-06   9 /ChipTop/system/tile_prci_domain/tile_reset_domain_tile/gemmini/spad/acc_scale_unit/activated_data_e_scaled_muladder/roundRawFNToRecFN/roundAnyRawFNToRecFN   
   435     0.07% 1.14658e-06 9.30770e-07 9.88613e-07 3.06596e-06   8 /ChipTop/system/tile_prci_domain/tile_reset_domain_tile/gemmini/spad/acc_scale_unit/activated_data_e_scaled_muladder/mulAddRecFNToRaw_postMul                 
    47     0.01% 1.37145e-07 1.29722e-07 3.81488e-07 6.48355e-07   8 /ChipTop/system/tile_prci_domain/tile_reset_domain_tile/gemmini/spad/acc_scale_unit/activated_data_e_scaled_muladder/mulAddRecFNToRaw_preMul                  
  2434     0.37% 5.99390e-06 2.00899e-06 4.77394e-06 1.27768e-05   7 /ChipTop/system/tile_prci_domain/tile_reset_domain_tile/gemmini/spad/acc_scale_unit/activated_data_e_scaled_muladder_8                                        
   346     0.05% 6.28678e-07 5.93748e-07 2.28490e-06 3.50732e-06   8 /ChipTop/system/tile_prci_domain/tile_reset_domain_tile/gemmini/spad/acc_scale_unit/activated_data_e_scaled_muladder_8/roundRawFNToRecFN                      
   346     0.05% 6.28678e-07 5.93748e-07 2.28490e-06 3.50732e-06   9 /ChipTop/system/tile_prci_domain/tile_reset_domain_tile/gemmini/spad/acc_scale_unit/activated_data_e_scaled_muladder_8/roundRawFNToRecFN/roundAnyRawFNToRecFN 
   436     0.07% 1.08857e-06 9.28851e-07 1.09251e-06 3.10993e-06   8 /ChipTop/system/tile_prci_domain/tile_reset_domain_tile/gemmini/spad/acc_scale_unit/activated_data_e_scaled_muladder_8/mulAddRecFNToRaw_postMul               
    46     0.01% 1.26814e-07 1.46781e-07 3.92466e-07 6.66061e-07   8 /ChipTop/system/tile_prci_domain/tile_reset_domain_tile/gemmini/spad/acc_scale_unit/activated_data_e_scaled_muladder_8/mulAddRecFNToRaw_preMul                
  2439     0.37% 6.06211e-06 1.97604e-06 4.72185e-06 1.27600e-05   7 /ChipTop/system/tile_prci_domain/tile_reset_domain_tile/gemmini/spad/acc_scale_unit/activated_data_e_scaled_muladder_15                                       
   346     0.05% 6.85811e-07 5.54278e-07 2.26325e-06 3.50334e-06   8 /ChipTop/system/tile_prci_domain/tile_reset_domain_tile/gemmini/spad/acc_scale_unit/activated_data_e_scaled_muladder_15/roundRawFNToRecFN                     
   346     0.05% 6.85811e-07 5.54278e-07 2.26325e-06 3.50334e-06   9 /ChipTop/system/tile_prci_domain/tile_reset_domain_tile/gemmini/spad/acc_scale_unit/activated_data_e_scaled_muladder_15/roundRawFNToRecFN/roundAnyRawFNToRecFN
   436     0.07% 1.13132e-06 9.37336e-07 1.04015e-06 3.10880e-06   8 /ChipTop/system/tile_prci_domain/tile_reset_domain_tile/gemmini/spad/acc_scale_unit/activated_data_e_scaled_muladder_15/mulAddRecFNToRaw_postMul              
    46     0.01% 1.44524e-07 1.47634e-07 3.86877e-07 6.79035e-07   8 /ChipTop/system/tile_prci_domain/tile_reset_domain_tile/gemmini/spad/acc_scale_unit/activated_data_e_scaled_muladder_15/mulAddRecFNToRaw_preMul               
  2440     0.37% 5.90839e-06 2.07186e-06 4.60307e-06 1.25833e-05   7 /ChipTop/system/tile_prci_domain/tile_reset_domain_tile/gemmini/spad/acc_scale_unit/activated_data_e_scaled_muladder_5                                        
   346     0.05% 5.79353e-07 5.50716e-07 2.20678e-06 3.33685e-06   8 /ChipTop/system/tile_prci_domain/tile_reset_domain_tile/gemmini/spad/acc_scale_unit/activated_data_e_scaled_muladder_5/roundRawFNToRecFN                      
   346     0.05% 5.79353e-07 5.50716e-07 2.20678e-06 3.33685e-06   9 /ChipTop/system/tile_prci_domain/tile_reset_domain_tile/gemmini/spad/acc_scale_unit/activated_data_e_scaled_muladder_5/roundRawFNToRecFN/roundAnyRawFNToRecFN 
   437     0.07% 1.10987e-06 9.26752e-07 1.03935e-06 3.07597e-06   8 /ChipTop/system/tile_prci_domain/tile_reset_domain_tile/gemmini/spad/acc_scale_unit/activated_data_e_scaled_muladder_5/mulAddRecFNToRaw_postMul               
    46     0.01% 1.44064e-07 1.77334e-07 3.90725e-07 7.12123e-07   8 /ChipTop/system/tile_prci_domain/tile_reset_domain_tile/gemmini/spad/acc_scale_unit/activated_data_e_scaled_muladder_5/mulAddRecFNToRaw_preMul                
  2484     0.38% 6.06811e-06 1.92041e-06 4.53955e-06 1.25281e-05   7 /ChipTop/system/tile_prci_domain/tile_reset_domain_tile/gemmini/spad/acc_scale_unit/activated_data_e_scaled_muladder_4                                        
   346     0.05% 6.99518e-07 4.54781e-07 2.11262e-06 3.26692e-06   8 /ChipTop/system/tile_prci_domain/tile_reset_domain_tile/gemmini/spad/acc_scale_unit/activated_data_e_scaled_muladder_4/roundRawFNToRecFN                      
   346     0.05% 6.99518e-07 4.54781e-07 2.11262e-06 3.26692e-06   9 /ChipTop/system/tile_prci_domain/tile_reset_domain_tile/gemmini/spad/acc_scale_unit/activated_data_e_scaled_muladder_4/roundRawFNToRecFN/roundAnyRawFNToRecFN 
   435     0.07% 1.08511e-06 8.88933e-07 1.03567e-06 3.00971e-06   8 /ChipTop/system/tile_prci_domain/tile_reset_domain_tile/gemmini/spad/acc_scale_unit/activated_data_e_scaled_muladder_4/mulAddRecFNToRaw_postMul               
    47     0.01% 1.37724e-07 1.51562e-07 4.08140e-07 6.97426e-07   8 /ChipTop/system/tile_prci_domain/tile_reset_domain_tile/gemmini/spad/acc_scale_unit/activated_data_e_scaled_muladder_4/mulAddRecFNToRaw_preMul                
  2459     0.37% 6.04397e-06 1.83469e-06 4.62629e-06 1.25050e-05   7 /ChipTop/system/tile_prci_domain/tile_reset_domain_tile/gemmini/spad/acc_scale_unit/activated_data_e_scaled_muladder_11                                       
   346     0.05% 6.64452e-07 4.54976e-07 2.17859e-06 3.29802e-06   8 /ChipTop/system/tile_prci_domain/tile_reset_domain_tile/gemmini/spad/acc_scale_unit/activated_data_e_scaled_muladder_11/roundRawFNToRecFN                     
   346     0.05% 6.64452e-07 4.54976e-07 2.17859e-06 3.29802e-06   9 /ChipTop/system/tile_prci_domain/tile_reset_domain_tile/gemmini/spad/acc_scale_unit/activated_data_e_scaled_muladder_11/roundRawFNToRecFN/roundAnyRawFNToRecFN
   435     0.07% 1.07870e-06 8.68651e-07 1.08887e-06 3.03622e-06   8 /ChipTop/system/tile_prci_domain/tile_reset_domain_tile/gemmini/spad/acc_scale_unit/activated_data_e_scaled_muladder_11/mulAddRecFNToRaw_postMul              
    47     0.01% 1.36630e-07 1.31250e-07 4.06612e-07 6.74492e-07   8 /ChipTop/system/tile_prci_domain/tile_reset_domain_tile/gemmini/spad/acc_scale_unit/activated_data_e_scaled_muladder_11/mulAddRecFNToRaw_preMul               
   556     0.08% 1.43451e-06 1.34566e-06 6.03525e-06 8.81542e-06   7 /ChipTop/system/tile_prci_domain/tile_reset_domain_tile/gemmini/spad/acc_scale_unit/activated_data_e_scaled_in_to_rec_fn_1                                    
   116     0.02% 3.20282e-07 1.05558e-06 3.70548e-06 5.08133e-06   8 /ChipTop/system/tile_prci_domain/tile_reset_domain_tile/gemmini/spad/acc_scale_unit/activated_data_e_scaled_in_to_rec_fn_1/roundAnyRawFNToRecFN               
   577     0.09% 1.40684e-06 1.35056e-06 5.01817e-06 7.77557e-06   7 /ChipTop/system/tile_prci_domain/tile_reset_domain_tile/gemmini/spad/acc_scale_unit/activated_data_e_scaled_in_to_rec_fn_7                                    
   108     0.02% 2.87339e-07 1.03504e-06 2.99590e-06 4.31827e-06   8 /ChipTop/system/tile_prci_domain/tile_reset_domain_tile/gemmini/spad/acc_scale_unit/activated_data_e_scaled_in_to_rec_fn_7/roundAnyRawFNToRecFN               
   574     0.09% 1.54610e-06 5.09550e-07 5.66922e-06 7.72487e-06   7 /ChipTop/system/tile_prci_domain/tile_reset_domain_tile/gemmini/spad/acc_scale_unit/activated_data_e_scaled_in_to_rec_fn_2                                    
   119     0.02% 4.36520e-07 1.20061e-07 3.59893e-06 4.15551e-06   8 /ChipTop/system/tile_prci_domain/tile_reset_domain_tile/gemmini/spad/acc_scale_unit/activated_data_e_scaled_in_to_rec_fn_2/roundAnyRawFNToRecFN               
   559     0.08% 1.29170e-06 1.34576e-06 5.02330e-06 7.66077e-06   7 /ChipTop/system/tile_prci_domain/tile_reset_domain_tile/gemmini/spad/acc_scale_unit/activated_data_e_scaled_in_to_rec_fn_12                                   
   113     0.02% 3.12916e-07 9.83083e-07 2.85683e-06 4.15283e-06   8 /ChipTop/system/tile_prci_domain/tile_reset_domain_tile/gemmini/spad/acc_scale_unit/activated_data_e_scaled_in_to_rec_fn_12/roundAnyRawFNToRecFN              
   535     0.08% 1.28062e-06 1.25612e-06 5.08762e-06 7.62436e-06   7 /ChipTop/system/tile_prci_domain/tile_reset_domain_tile/gemmini/spad/acc_scale_unit/activated_data_e_scaled_in_to_rec_fn_10                                   
   112     0.02% 2.94613e-07 9.97191e-07 3.22696e-06 4.51876e-06   8 /ChipTop/system/tile_prci_domain/tile_reset_domain_tile/gemmini/spad/acc_scale_unit/activated_data_e_scaled_in_to_rec_fn_10/roundAnyRawFNToRecFN              
   577     0.09% 1.40109e-06 1.24198e-06 4.95835e-06 7.60142e-06   7 /ChipTop/system/tile_prci_domain/tile_reset_domain_tile/gemmini/spad/acc_scale_unit/activated_data_e_scaled_in_to_rec_fn_6                                    
   122     0.02% 3.04541e-07 9.86097e-07 3.14296e-06 4.43360e-06   8 /ChipTop/system/tile_prci_domain/tile_reset_domain_tile/gemmini/spad/acc_scale_unit/activated_data_e_scaled_in_to_rec_fn_6/roundAnyRawFNToRecFN               
   550     0.08% 1.26497e-06 1.23673e-06 5.07494e-06 7.57664e-06   7 /ChipTop/system/tile_prci_domain/tile_reset_domain_tile/gemmini/spad/acc_scale_unit/activated_data_e_scaled_in_to_rec_fn_5                                    
   111     0.02% 2.68385e-07 9.60651e-07 3.27188e-06 4.50092e-06   8 /ChipTop/system/tile_prci_domain/tile_reset_domain_tile/gemmini/spad/acc_scale_unit/activated_data_e_scaled_in_to_rec_fn_5/roundAnyRawFNToRecFN               
   553     0.08% 1.35574e-06 1.16173e-06 4.93010e-06 7.44757e-06   7 /ChipTop/system/tile_prci_domain/tile_reset_domain_tile/gemmini/spad/acc_scale_unit/activated_data_e_scaled_in_to_rec_fn_4                                    
   117     0.02% 3.21536e-07 9.05911e-07 3.33976e-06 4.56720e-06   8 /ChipTop/system/tile_prci_domain/tile_reset_domain_tile/gemmini/spad/acc_scale_unit/activated_data_e_scaled_in_to_rec_fn_4/roundAnyRawFNToRecFN               
   527     0.08% 1.18999e-06 1.35527e-06 4.83637e-06 7.38163e-06   7 /ChipTop/system/tile_prci_domain/tile_reset_domain_tile/gemmini/spad/acc_scale_unit/activated_data_e_scaled_in_to_rec_fn_14                                   
   109     0.02% 2.91844e-07 1.04854e-06 3.07029e-06 4.41068e-06   8 /ChipTop/system/tile_prci_domain/tile_reset_domain_tile/gemmini/spad/acc_scale_unit/activated_data_e_scaled_in_to_rec_fn_14/roundAnyRawFNToRecFN              
   552     0.08% 1.34134e-06 4.21157e-07 5.59969e-06 7.36218e-06   7 /ChipTop/system/tile_prci_domain/tile_reset_domain_tile/gemmini/spad/acc_scale_unit/activated_data_e_scaled_in_to_rec_fn_13                                   
   115     0.02% 3.37091e-07 1.16814e-07 3.31571e-06 3.76962e-06   8 /ChipTop/system/tile_prci_domain/tile_reset_domain_tile/gemmini/spad/acc_scale_unit/activated_data_e_scaled_in_to_rec_fn_13/roundAnyRawFNToRecFN              
   571     0.09% 1.41643e-06 1.22516e-06 4.65178e-06 7.29337e-06   7 /ChipTop/system/tile_prci_domain/tile_reset_domain_tile/gemmini/spad/acc_scale_unit/activated_data_e_scaled_in_to_rec_fn_3                                    
   114     0.02% 2.95466e-07 9.73255e-07 2.93070e-06 4.19943e-06   8 /ChipTop/system/tile_prci_domain/tile_reset_domain_tile/gemmini/spad/acc_scale_unit/activated_data_e_scaled_in_to_rec_fn_3/roundAnyRawFNToRecFN               
   569     0.09% 1.43174e-06 1.04210e-06 4.63766e-06 7.11150e-06   7 /ChipTop/system/tile_prci_domain/tile_reset_domain_tile/gemmini/spad/acc_scale_unit/activated_data_e_scaled_in_to_rec_fn                                      
   114     0.02% 2.92478e-07 8.34502e-07 3.04436e-06 4.17134e-06   8 /ChipTop/system/tile_prci_domain/tile_reset_domain_tile/gemmini/spad/acc_scale_unit/activated_data_e_scaled_in_to_rec_fn/roundAnyRawFNToRecFN                 
   547     0.08% 1.30320e-06 8.69255e-07 4.83019e-06 7.00265e-06   7 /ChipTop/system/tile_prci_domain/tile_reset_domain_tile/gemmini/spad/acc_scale_unit/activated_data_e_scaled_in_to_rec_fn_11                                   
   117     0.02% 3.06242e-07 6.40161e-07 3.16525e-06 4.11166e-06   8 /ChipTop/system/tile_prci_domain/tile_reset_domain_tile/gemmini/spad/acc_scale_unit/activated_data_e_scaled_in_to_rec_fn_11/roundAnyRawFNToRecFN              
   540     0.08% 1.33069e-06 4.86699e-07 5.08367e-06 6.90105e-06   7 /ChipTop/system/tile_prci_domain/tile_reset_domain_tile/gemmini/spad/acc_scale_unit/activated_data_e_scaled_in_to_rec_fn_15                                   
   112     0.02% 3.64334e-07 1.07477e-07 2.92236e-06 3.39417e-06   8 /ChipTop/system/tile_prci_domain/tile_reset_domain_tile/gemmini/spad/acc_scale_unit/activated_data_e_scaled_in_to_rec_fn_15/roundAnyRawFNToRecFN              
   531     0.08% 1.20485e-06 1.13119e-06 4.53253e-06 6.86856e-06   7 /ChipTop/system/tile_prci_domain/tile_reset_domain_tile/gemmini/spad/acc_scale_unit/activated_data_e_scaled_in_to_rec_fn_9                                    
   111     0.02% 2.80926e-07 9.09187e-07 2.84184e-06 4.03195e-06   8 /ChipTop/system/tile_prci_domain/tile_reset_domain_tile/gemmini/spad/acc_scale_unit/activated_data_e_scaled_in_to_rec_fn_9/roundAnyRawFNToRecFN               
   527     0.08% 1.28656e-06 4.63051e-07 4.68337e-06 6.43298e-06   7 /ChipTop/system/tile_prci_domain/tile_reset_domain_tile/gemmini/spad/acc_scale_unit/activated_data_e_scaled_in_to_rec_fn_8                                    
   111     0.02% 3.62185e-07 1.00847e-07 2.78368e-06 3.24671e-06   8 /ChipTop/system/tile_prci_domain/tile_reset_domain_tile/gemmini/spad/acc_scale_unit/activated_data_e_scaled_in_to_rec_fn_8/roundAnyRawFNToRecFN               
   331     0.05% 9.56815e-07 1.21886e-07 4.88375e-07 1.56708e-06   7 /ChipTop/system/tile_prci_domain/tile_reset_domain_tile/gemmini/spad/acc_scale_unit/activated_data_e_scaled_rec_fn_to_in_7                                    
   331     0.05% 9.05208e-07 1.19707e-07 4.92354e-07 1.51727e-06   7 /ChipTop/system/tile_prci_domain/tile_reset_domain_tile/gemmini/spad/acc_scale_unit/activated_data_e_scaled_rec_fn_to_in_12                                   
   331     0.05% 8.83475e-07 1.20989e-07 4.91906e-07 1.49637e-06   7 /ChipTop/system/tile_prci_domain/tile_reset_domain_tile/gemmini/spad/acc_scale_unit/activated_data_e_scaled_rec_fn_to_in_3                                    
   331     0.05% 8.51762e-07 1.19918e-07 4.91906e-07 1.46359e-06   7 /ChipTop/system/tile_prci_domain/tile_reset_domain_tile/gemmini/spad/acc_scale_unit/activated_data_e_scaled_rec_fn_to_in_13                                   
   331     0.05% 7.29412e-07 1.19671e-07 4.91906e-07 1.34099e-06   7 /ChipTop/system/tile_prci_domain/tile_reset_domain_tile/gemmini/spad/acc_scale_unit/activated_data_e_scaled_rec_fn_to_in_14                                   
   331     0.05% 7.12228e-07 1.21891e-07 4.91906e-07 1.32603e-06   7 /ChipTop/system/tile_prci_domain/tile_reset_domain_tile/gemmini/spad/acc_scale_unit/activated_data_e_scaled_rec_fn_to_in_10                                   
   331     0.05% 9.50473e-07 1.18221e-07 2.56894e-07 1.32559e-06   7 /ChipTop/system/tile_prci_domain/tile_reset_domain_tile/gemmini/spad/acc_scale_unit/activated_data_e_scaled_rec_fn_to_in_15                                   
   331     0.05% 7.08901e-07 1.15428e-07 4.92354e-07 1.31668e-06   7 /ChipTop/system/tile_prci_domain/tile_reset_domain_tile/gemmini/spad/acc_scale_unit/activated_data_e_scaled_rec_fn_to_in_9                                    
   327     0.05% 8.89859e-07 1.36408e-07 2.61900e-07 1.28817e-06   7 /ChipTop/system/tile_prci_domain/tile_reset_domain_tile/gemmini/spad/acc_scale_unit/activated_data_e_scaled_rec_fn_to_in_1                                    
   331     0.05% 8.51078e-07 1.15984e-07 2.64918e-07 1.23198e-06   7 /ChipTop/system/tile_prci_domain/tile_reset_domain_tile/gemmini/spad/acc_scale_unit/activated_data_e_scaled_rec_fn_to_in_5                                    
   331     0.05% 8.35040e-07 1.22073e-07 2.59912e-07 1.21703e-06   7 /ChipTop/system/tile_prci_domain/tile_reset_domain_tile/gemmini/spad/acc_scale_unit/activated_data_e_scaled_rec_fn_to_in_11                                   
   331     0.05% 8.28728e-07 1.14371e-07 2.61669e-07 1.20477e-06   7 /ChipTop/system/tile_prci_domain/tile_reset_domain_tile/gemmini/spad/acc_scale_unit/activated_data_e_scaled_rec_fn_to_in_2                                    
   331     0.05% 8.23215e-07 1.12167e-07 2.61669e-07 1.19705e-06   7 /ChipTop/system/tile_prci_domain/tile_reset_domain_tile/gemmini/spad/acc_scale_unit/activated_data_e_scaled_rec_fn_to_in_4                                    
   331     0.05% 7.95610e-07 1.22616e-07 2.61900e-07 1.18013e-06   7 /ChipTop/system/tile_prci_domain/tile_reset_domain_tile/gemmini/spad/acc_scale_unit/activated_data_e_scaled_rec_fn_to_in_8                                    
   331     0.05% 7.45695e-07 1.15841e-07 2.61669e-07 1.12321e-06   7 /ChipTop/system/tile_prci_domain/tile_reset_domain_tile/gemmini/spad/acc_scale_unit/activated_data_e_scaled_rec_fn_to_in_6                                    
   331     0.05% 7.24450e-07 1.13974e-07 2.56894e-07 1.09532e-06   7 /ChipTop/system/tile_prci_domain/tile_reset_domain_tile/gemmini/spad/acc_scale_unit/activated_data_e_scaled_rec_fn_to_in                                      
 13654     2.06% 1.12546e+00 4.07938e+00 6.32233e-04 5.20548e+00   6 /ChipTop/system/tile_prci_domain/tile_reset_domain_tile/gemmini/spad/acc_mems_0                                                                               
     9     0.00% 5.62694e-01 1.20375e+00 1.88678e-05 1.76647e+00   7 /ChipTop/system/tile_prci_domain/tile_reset_domain_tile/gemmini/spad/acc_mems_0/mem_1                                                                         
     9     0.00% 5.62694e-01 1.20375e+00 1.88678e-05 1.76647e+00   8 /ChipTop/system/tile_prci_domain/tile_reset_domain_tile/gemmini/spad/acc_mems_0/mem_1/mem_0_ext                                                               
     9     0.00% 5.62694e-01 1.20375e+00 1.88678e-05 1.76647e+00   7 /ChipTop/system/tile_prci_domain/tile_reset_domain_tile/gemmini/spad/acc_mems_0/mem                                                                           
     9     0.00% 5.62694e-01 1.20375e+00 1.88678e-05 1.76647e+00   8 /ChipTop/system/tile_prci_domain/tile_reset_domain_tile/gemmini/spad/acc_mems_0/mem/mem_0_ext                                                                 
  1348     0.20% 7.42214e-06 1.95511e-02 3.01513e-05 1.95887e-02   7 /ChipTop/system/tile_prci_domain/tile_reset_domain_tile/gemmini/spad/acc_mems_0/q                                                                             
   567     0.09% 4.76346e-06 1.81967e-02 6.08654e-06 1.82076e-02   8 /ChipTop/system/tile_prci_domain/tile_reset_domain_tile/gemmini/spad/acc_mems_0/q/ram_ext                                                                     
 13629     2.06% 1.12546e+00 4.07829e+00 8.45362e-05 5.20383e+00   6 /ChipTop/system/tile_prci_domain/tile_reset_domain_tile/gemmini/spad/acc_mems_1                                                                               
     9     0.00% 5.62694e-01 1.20348e+00 2.12191e-06 1.76618e+00   7 /ChipTop/system/tile_prci_domain/tile_reset_domain_tile/gemmini/spad/acc_mems_1/mem_1                                                                         
     9     0.00% 5.62694e-01 1.20348e+00 2.12191e-06 1.76618e+00   8 /ChipTop/system/tile_prci_domain/tile_reset_domain_tile/gemmini/spad/acc_mems_1/mem_1/mem_0_ext                                                               
     9     0.00% 5.62694e-01 1.20348e+00 1.87955e-06 1.76618e+00   7 /ChipTop/system/tile_prci_domain/tile_reset_domain_tile/gemmini/spad/acc_mems_1/mem                                                                           
     9     0.00% 5.62694e-01 1.20348e+00 1.87955e-06 1.76618e+00   8 /ChipTop/system/tile_prci_domain/tile_reset_domain_tile/gemmini/spad/acc_mems_1/mem/mem_0_ext                                                                 
  1345     0.20% 7.41436e-06 1.94666e-02 8.96666e-06 1.94829e-02   7 /ChipTop/system/tile_prci_domain/tile_reset_domain_tile/gemmini/spad/acc_mems_1/q                                                                             
   567     0.09% 4.77471e-06 1.81866e-02 6.08654e-06 1.81974e-02   8 /ChipTop/system/tile_prci_domain/tile_reset_domain_tile/gemmini/spad/acc_mems_1/q/ram_ext                                                                     
 17865     2.70% 6.83380e-05 1.39319e+00 4.27118e-01 1.82038e+00   6 /ChipTop/system/tile_prci_domain/tile_reset_domain_tile/gemmini/spad/reader                                                                                   
 13782     2.08% 4.46976e-05 6.43137e-01 2.85968e-01 9.29150e-01   7 /ChipTop/system/tile_prci_domain/tile_reset_domain_tile/gemmini/spad/reader/beatPacker                                                                        
  1176     0.18% 6.99197e-06 4.72906e-01 7.30497e-02 5.45963e-01   7 /ChipTop/system/tile_prci_domain/tile_reset_domain_tile/gemmini/spad/reader/core                                                                              
   209     0.03% 1.72896e-06 1.58776e-01 2.14500e-02 1.80227e-01   8 /ChipTop/system/tile_prci_domain/tile_reset_domain_tile/gemmini/spad/reader/core/translate_q                                                                  
   206     0.03% 1.71292e-06 1.57453e-01 2.14242e-02 1.78879e-01   9 /ChipTop/system/tile_prci_domain/tile_reset_domain_tile/gemmini/spad/reader/core/translate_q/ram_ext                                                          
   209     0.03% 1.71643e-06 1.58773e-01 2.12861e-02 1.80061e-01   8 /ChipTop/system/tile_prci_domain/tile_reset_domain_tile/gemmini/spad/reader/core/tlb_q                                                                        
   206     0.03% 1.70039e-06 1.57447e-01 2.12200e-02 1.78668e-01   9 /ChipTop/system/tile_prci_domain/tile_reset_domain_tile/gemmini/spad/reader/core/tlb_q/ram_ext                                                                
   226     0.03% 5.33661e-07 1.47248e-03 1.00294e-03 2.47595e-03   8 /ChipTop/system/tile_prci_domain/tile_reset_domain_tile/gemmini/spad/reader/core/tlb_arb                                                                      
  2838     0.43% 1.61159e-05 2.31012e-01 6.10525e-02 2.92081e-01   7 /ChipTop/system/tile_prci_domain/tile_reset_domain_tile/gemmini/spad/reader/xactTracker                                                                       
   335     0.05% 2.84791e-01 1.35776e+00 5.22240e-03 1.64777e+00   6 /ChipTop/system/tile_prci_domain/tile_reset_domain_tile/gemmini/spad/spad_mems_0                                                                              
     5     0.00% 2.84789e-01 1.34516e+00 1.48166e-03 1.63143e+00   7 /ChipTop/system/tile_prci_domain/tile_reset_domain_tile/gemmini/spad/spad_mems_0/mem                                                                          
     5     0.00% 2.84789e-01 1.34516e+00 1.48166e-03 1.63143e+00   8 /ChipTop/system/tile_prci_domain/tile_reset_domain_tile/gemmini/spad/spad_mems_0/mem/mem_ext                                                                  
   307     0.05% 1.75736e-06 9.26381e-03 1.11886e-03 1.03844e-02   7 /ChipTop/system/tile_prci_domain/tile_reset_domain_tile/gemmini/spad/spad_mems_0/q                                                                            
   134     0.02% 1.14919e-06 4.80917e-03 1.43562e-06 4.81175e-03   8 /ChipTop/system/tile_prci_domain/tile_reset_domain_tile/gemmini/spad/spad_mems_0/q/ram_ext                                                                    
 10045     1.52% 3.44560e-05 1.08890e+00 2.72808e-01 1.36174e+00   6 /ChipTop/system/tile_prci_domain/tile_reset_domain_tile/gemmini/spad/vsm                                                                                      
  1616     0.24% 3.89181e-06 3.29719e-02 2.78548e-02 6.08306e-02   7 /ChipTop/system/tile_prci_domain/tile_reset_domain_tile/gemmini/spad/vsm/pipe_2                                                                               
  1160     0.18% 2.71496e-06 1.82660e-02 2.00756e-02 3.83444e-02   8 /ChipTop/system/tile_prci_domain/tile_reset_domain_tile/gemmini/spad/vsm/pipe_2/out_bits_data_muladder                                                        
   307     0.05% 6.81702e-07 7.59114e-03 7.97923e-03 1.55711e-02   9 /ChipTop/system/tile_prci_domain/tile_reset_domain_tile/gemmini/spad/vsm/pipe_2/out_bits_data_muladder/mulAddRecFNToRaw_postMul                               
   312     0.05% 7.12253e-07 1.30758e-03 1.72272e-03 3.03101e-03   9 /ChipTop/system/tile_prci_domain/tile_reset_domain_tile/gemmini/spad/vsm/pipe_2/out_bits_data_muladder/roundRawFNToRecFN                                      
   312     0.05% 7.12253e-07 1.30758e-03 1.72272e-03 3.03101e-03  10 /ChipTop/system/tile_prci_domain/tile_reset_domain_tile/gemmini/spad/vsm/pipe_2/out_bits_data_muladder/roundRawFNToRecFN/roundAnyRawFNToRecFN                 
    41     0.01% 1.11593e-07 7.05611e-04 7.47533e-04 1.45326e-03   9 /ChipTop/system/tile_prci_domain/tile_reset_domain_tile/gemmini/spad/vsm/pipe_2/out_bits_data_muladder/mulAddRecFNToRaw_preMul                                
    97     0.01% 1.77367e-07 3.80623e-03 3.86722e-03 7.67363e-03   8 /ChipTop/system/tile_prci_domain/tile_reset_domain_tile/gemmini/spad/vsm/pipe_2/out_bits_data_rec_fn_to_in                                                    
    70     0.01% 1.17185e-07 2.11584e-03 3.75370e-03 5.86966e-03   8 /ChipTop/system/tile_prci_domain/tile_reset_domain_tile/gemmini/spad/vsm/pipe_2/out_bits_data_in_to_rec_fn                                                    
     8     0.00% 1.64540e-08 2.74655e-04 1.32255e-03 1.59722e-03   9 /ChipTop/system/tile_prci_domain/tile_reset_domain_tile/gemmini/spad/vsm/pipe_2/out_bits_data_in_to_rec_fn/roundAnyRawFNToRecFN                               
  1616     0.24% 3.89061e-06 3.29866e-02 2.77076e-02 6.06980e-02   7 /ChipTop/system/tile_prci_domain/tile_reset_domain_tile/gemmini/spad/vsm/pipe_3                                                                               
  1160     0.18% 2.70558e-06 1.94223e-02 2.11507e-02 4.05757e-02   8 /ChipTop/system/tile_prci_domain/tile_reset_domain_tile/gemmini/spad/vsm/pipe_3/out_bits_data_muladder                                                        
   307     0.05% 6.88945e-07 9.13771e-03 9.61131e-03 1.87497e-02   9 /ChipTop/system/tile_prci_domain/tile_reset_domain_tile/gemmini/spad/vsm/pipe_3/out_bits_data_muladder/mulAddRecFNToRaw_postMul                               
   312     0.05% 7.05208e-07 9.14988e-04 1.05684e-03 1.97254e-03   9 /ChipTop/system/tile_prci_domain/tile_reset_domain_tile/gemmini/spad/vsm/pipe_3/out_bits_data_muladder/roundRawFNToRecFN                                      
   312     0.05% 7.05208e-07 9.14988e-04 1.05684e-03 1.97254e-03  10 /ChipTop/system/tile_prci_domain/tile_reset_domain_tile/gemmini/spad/vsm/pipe_3/out_bits_data_muladder/roundRawFNToRecFN/roundAnyRawFNToRecFN                 
    41     0.01% 1.10468e-07 3.04761e-04 4.09167e-04 7.14038e-04   9 /ChipTop/system/tile_prci_domain/tile_reset_domain_tile/gemmini/spad/vsm/pipe_3/out_bits_data_muladder/mulAddRecFNToRaw_preMul                                
    70     0.01% 1.18990e-07 2.11600e-03 3.70908e-03 5.82520e-03   8 /ChipTop/system/tile_prci_domain/tile_reset_domain_tile/gemmini/spad/vsm/pipe_3/out_bits_data_in_to_rec_fn                                                    
     8     0.00% 1.64400e-08 2.79031e-04 1.37691e-03 1.65596e-03   9 /ChipTop/system/tile_prci_domain/tile_reset_domain_tile/gemmini/spad/vsm/pipe_3/out_bits_data_in_to_rec_fn/roundAnyRawFNToRecFN                               
    97     0.01% 1.81248e-07 2.67947e-03 2.70411e-03 5.38376e-03   8 /ChipTop/system/tile_prci_domain/tile_reset_domain_tile/gemmini/spad/vsm/pipe_3/out_bits_data_rec_fn_to_in                                                    
  1616     0.24% 3.90399e-06 3.10704e-02 2.55372e-02 5.66115e-02   7 /ChipTop/system/tile_prci_domain/tile_reset_domain_tile/gemmini/spad/vsm/pipe_1                                                                               
  1160     0.18% 2.70082e-06 1.70587e-02 1.89704e-02 3.60319e-02   8 /ChipTop/system/tile_prci_domain/tile_reset_domain_tile/gemmini/spad/vsm/pipe_1/out_bits_data_muladder                                                        
   307     0.05% 6.79290e-07 8.56323e-03 9.27917e-03 1.78431e-02   9 /ChipTop/system/tile_prci_domain/tile_reset_domain_tile/gemmini/spad/vsm/pipe_1/out_bits_data_muladder/mulAddRecFNToRaw_postMul                               
   312     0.05% 7.12145e-07 9.14111e-04 1.33244e-03 2.24727e-03   9 /ChipTop/system/tile_prci_domain/tile_reset_domain_tile/gemmini/spad/vsm/pipe_1/out_bits_data_muladder/roundRawFNToRecFN                                      
   312     0.05% 7.12145e-07 9.14111e-04 1.33244e-03 2.24727e-03  10 /ChipTop/system/tile_prci_domain/tile_reset_domain_tile/gemmini/spad/vsm/pipe_1/out_bits_data_muladder/roundRawFNToRecFN/roundAnyRawFNToRecFN                 
    41     0.01% 1.10039e-07 6.97183e-04 7.81276e-04 1.47857e-03   9 /ChipTop/system/tile_prci_domain/tile_reset_domain_tile/gemmini/spad/vsm/pipe_1/out_bits_data_muladder/mulAddRecFNToRaw_preMul                                
    97     0.01% 1.83430e-07 3.41088e-03 3.37787e-03 6.78893e-03   8 /ChipTop/system/tile_prci_domain/tile_reset_domain_tile/gemmini/spad/vsm/pipe_1/out_bits_data_rec_fn_to_in                                                    
    70     0.01% 1.33207e-07 1.85004e-03 3.05698e-03 4.90716e-03   8 /ChipTop/system/tile_prci_domain/tile_reset_domain_tile/gemmini/spad/vsm/pipe_1/out_bits_data_in_to_rec_fn                                                    
     8     0.00% 1.74480e-08 1.92654e-04 9.14349e-04 1.10702e-03   9 /ChipTop/system/tile_prci_domain/tile_reset_domain_tile/gemmini/spad/vsm/pipe_1/out_bits_data_in_to_rec_fn/roundAnyRawFNToRecFN                               
  1616     0.24% 3.88029e-06 2.75762e-02 2.18201e-02 4.94002e-02   7 /ChipTop/system/tile_prci_domain/tile_reset_domain_tile/gemmini/spad/vsm/pipe                                                                                 
  1160     0.18% 2.71408e-06 1.38162e-02 1.54218e-02 2.92407e-02   8 /ChipTop/system/tile_prci_domain/tile_reset_domain_tile/gemmini/spad/vsm/pipe/out_bits_data_muladder                                                          
   307     0.05% 6.79561e-07 4.94034e-03 5.26154e-03 1.02026e-02   9 /ChipTop/system/tile_prci_domain/tile_reset_domain_tile/gemmini/spad/vsm/pipe/out_bits_data_muladder/mulAddRecFNToRaw_postMul                                 
   312     0.05% 7.21721e-07 1.07534e-03 1.41103e-03 2.48709e-03   9 /ChipTop/system/tile_prci_domain/tile_reset_domain_tile/gemmini/spad/vsm/pipe/out_bits_data_muladder/roundRawFNToRecFN                                        
   312     0.05% 7.21721e-07 1.07534e-03 1.41103e-03 2.48709e-03  10 /ChipTop/system/tile_prci_domain/tile_reset_domain_tile/gemmini/spad/vsm/pipe/out_bits_data_muladder/roundRawFNToRecFN/roundAnyRawFNToRecFN                   
    41     0.01% 1.09889e-07 6.16092e-04 6.43287e-04 1.25949e-03   9 /ChipTop/system/tile_prci_domain/tile_reset_domain_tile/gemmini/spad/vsm/pipe/out_bits_data_muladder/mulAddRecFNToRaw_preMul                                  
    97     0.01% 1.72527e-07 3.52342e-03 3.43603e-03 6.95961e-03   8 /ChipTop/system/tile_prci_domain/tile_reset_domain_tile/gemmini/spad/vsm/pipe/out_bits_data_rec_fn_to_in                                                      
    70     0.01% 1.13039e-07 1.52739e-03 2.85036e-03 4.37787e-03   8 /ChipTop/system/tile_prci_domain/tile_reset_domain_tile/gemmini/spad/vsm/pipe/out_bits_data_in_to_rec_fn                                                      
     8     0.00% 1.64480e-08 2.35993e-04 1.17881e-03 1.41482e-03   9 /ChipTop/system/tile_prci_domain/tile_reset_domain_tile/gemmini/spad/vsm/pipe/out_bits_data_in_to_rec_fn/roundAnyRawFNToRecFN                                 
   243     0.04% 4.91367e-07 1.44661e-03 1.31215e-04 1.57832e-03   7 /ChipTop/system/tile_prci_domain/tile_reset_domain_tile/gemmini/spad/vsm/arb_2                                                                                
   243     0.04% 5.13479e-07 1.34762e-03 1.08556e-04 1.45669e-03   7 /ChipTop/system/tile_prci_domain/tile_reset_domain_tile/gemmini/spad/vsm/arb_3                                                                                
   243     0.04% 5.14346e-07 1.29397e-03 9.59563e-05 1.39044e-03   7 /ChipTop/system/tile_prci_domain/tile_reset_domain_tile/gemmini/spad/vsm/arb_1                                                                                
   243     0.04% 4.59291e-07 1.26441e-03 9.00517e-05 1.35492e-03   7 /ChipTop/system/tile_prci_domain/tile_reset_domain_tile/gemmini/spad/vsm/arb                                                                                  
   335     0.05% 2.84791e-01 4.19356e-01 5.35070e-06 7.04152e-01   6 /ChipTop/system/tile_prci_domain/tile_reset_domain_tile/gemmini/spad/spad_mems_1                                                                              
     5     0.00% 2.84789e-01 4.11197e-01 1.09367e-06 6.95987e-01   7 /ChipTop/system/tile_prci_domain/tile_reset_domain_tile/gemmini/spad/spad_mems_1/mem                                                                          
     5     0.00% 2.84789e-01 4.11197e-01 1.09367e-06 6.95987e-01   8 /ChipTop/system/tile_prci_domain/tile_reset_domain_tile/gemmini/spad/spad_mems_1/mem/mem_ext                                                                  
   307     0.05% 1.75031e-06 5.61874e-03 3.00172e-06 5.62349e-03   7 /ChipTop/system/tile_prci_domain/tile_reset_domain_tile/gemmini/spad/spad_mems_1/q                                                                            
   134     0.02% 1.13507e-06 4.34469e-03 1.43562e-06 4.34726e-03   8 /ChipTop/system/tile_prci_domain/tile_reset_domain_tile/gemmini/spad/spad_mems_1/q/ram_ext                                                                    
   335     0.05% 2.84791e-01 4.19356e-01 5.20433e-06 7.04152e-01   6 /ChipTop/system/tile_prci_domain/tile_reset_domain_tile/gemmini/spad/spad_mems_2                                                                              
     5     0.00% 2.84789e-01 4.11197e-01 1.09367e-06 6.95987e-01   7 /ChipTop/system/tile_prci_domain/tile_reset_domain_tile/gemmini/spad/spad_mems_2/mem                                                                          
     5     0.00% 2.84789e-01 4.11197e-01 1.09367e-06 6.95987e-01   8 /ChipTop/system/tile_prci_domain/tile_reset_domain_tile/gemmini/spad/spad_mems_2/mem/mem_ext                                                                  
   307     0.05% 1.74191e-06 5.61849e-03 2.88698e-06 5.62312e-03   7 /ChipTop/system/tile_prci_domain/tile_reset_domain_tile/gemmini/spad/spad_mems_2/q                                                                            
   134     0.02% 1.12984e-06 4.34469e-03 1.43562e-06 4.34726e-03   8 /ChipTop/system/tile_prci_domain/tile_reset_domain_tile/gemmini/spad/spad_mems_2/q/ram_ext                                                                    
   335     0.05% 2.84791e-01 4.19355e-01 4.74190e-06 7.04150e-01   6 /ChipTop/system/tile_prci_domain/tile_reset_domain_tile/gemmini/spad/spad_mems_3                                                                              
     5     0.00% 2.84789e-01 4.11197e-01 1.09367e-06 6.95987e-01   7 /ChipTop/system/tile_prci_domain/tile_reset_domain_tile/gemmini/spad/spad_mems_3/mem                                                                          
     5     0.00% 2.84789e-01 4.11197e-01 1.09367e-06 6.95987e-01   8 /ChipTop/system/tile_prci_domain/tile_reset_domain_tile/gemmini/spad/spad_mems_3/mem/mem_ext                                                                  
   307     0.05% 1.74250e-06 5.61732e-03 2.43168e-06 5.62150e-03   7 /ChipTop/system/tile_prci_domain/tile_reset_domain_tile/gemmini/spad/spad_mems_3/q                                                                            
   134     0.02% 1.13019e-06 4.34469e-03 1.43562e-06 4.34726e-03   8 /ChipTop/system/tile_prci_domain/tile_reset_domain_tile/gemmini/spad/spad_mems_3/q/ram_ext                                                                    
  2484     0.38% 1.40451e-05 6.50295e-01 2.45808e-06 6.50312e-01   6 /ChipTop/system/tile_prci_domain/tile_reset_domain_tile/gemmini/spad/acc_adders                                                                               
    65     0.01% 5.59897e-07 4.06434e-02 1.91184e-07 4.06441e-02   7 /ChipTop/system/tile_prci_domain/tile_reset_domain_tile/gemmini/spad/acc_adders/m_4                                                                           
    65     0.01% 5.59897e-07 4.06434e-02 1.91184e-07 4.06441e-02   7 /ChipTop/system/tile_prci_domain/tile_reset_domain_tile/gemmini/spad/acc_adders/m_7                                                                           
    65     0.01% 5.59897e-07 4.06434e-02 1.91184e-07 4.06441e-02   7 /ChipTop/system/tile_prci_domain/tile_reset_domain_tile/gemmini/spad/acc_adders/m_12                                                                          
    65     0.01% 5.59897e-07 4.06433e-02 1.72976e-07 4.06441e-02   7 /ChipTop/system/tile_prci_domain/tile_reset_domain_tile/gemmini/spad/acc_adders/m_1                                                                           
    65     0.01% 5.59897e-07 4.06433e-02 1.72976e-07 4.06441e-02   7 /ChipTop/system/tile_prci_domain/tile_reset_domain_tile/gemmini/spad/acc_adders/m_13                                                                          
    65     0.01% 5.59897e-07 4.06433e-02 1.72976e-07 4.06441e-02   7 /ChipTop/system/tile_prci_domain/tile_reset_domain_tile/gemmini/spad/acc_adders/m_14                                                                          
    65     0.01% 5.59897e-07 4.06433e-02 1.63872e-07 4.06440e-02   7 /ChipTop/system/tile_prci_domain/tile_reset_domain_tile/gemmini/spad/acc_adders/m_8                                                                           
    65     0.01% 5.59897e-07 4.06433e-02 1.54768e-07 4.06440e-02   7 /ChipTop/system/tile_prci_domain/tile_reset_domain_tile/gemmini/spad/acc_adders/m_3                                                                           
    65     0.01% 5.59897e-07 4.06433e-02 1.45664e-07 4.06440e-02   7 /ChipTop/system/tile_prci_domain/tile_reset_domain_tile/gemmini/spad/acc_adders/m_10                                                                          
    65     0.01% 5.59897e-07 4.06432e-02 1.36560e-07 4.06439e-02   7 /ChipTop/system/tile_prci_domain/tile_reset_domain_tile/gemmini/spad/acc_adders/m                                                                             
    65     0.01% 5.59897e-07 4.06432e-02 1.36560e-07 4.06439e-02   7 /ChipTop/system/tile_prci_domain/tile_reset_domain_tile/gemmini/spad/acc_adders/m_5                                                                           
    65     0.01% 5.59897e-07 4.06432e-02 1.36560e-07 4.06439e-02   7 /ChipTop/system/tile_prci_domain/tile_reset_domain_tile/gemmini/spad/acc_adders/m_6                                                                           
    65     0.01% 5.59897e-07 4.06432e-02 1.27456e-07 4.06439e-02   7 /ChipTop/system/tile_prci_domain/tile_reset_domain_tile/gemmini/spad/acc_adders/m_9                                                                           
    65     0.01% 5.59897e-07 4.06432e-02 1.27456e-07 4.06439e-02   7 /ChipTop/system/tile_prci_domain/tile_reset_domain_tile/gemmini/spad/acc_adders/m_15                                                                          
    65     0.01% 5.59897e-07 4.06432e-02 1.18352e-07 4.06439e-02   7 /ChipTop/system/tile_prci_domain/tile_reset_domain_tile/gemmini/spad/acc_adders/m_2                                                                           
    65     0.01% 5.59897e-07 4.06432e-02 1.18352e-07 4.06439e-02   7 /ChipTop/system/tile_prci_domain/tile_reset_domain_tile/gemmini/spad/acc_adders/m_11                                                                          
   545     0.08% 4.45139e-06 5.18264e-01 6.97776e-02 5.88046e-01   6 /ChipTop/system/tile_prci_domain/tile_reset_domain_tile/gemmini/spad/ex_read_pipe_p                                                                           
   545     0.08% 4.53678e-06 5.18263e-01 6.97741e-02 5.88042e-01   6 /ChipTop/system/tile_prci_domain/tile_reset_domain_tile/gemmini/spad/dma_read_pipe_p                                                                          
   545     0.08% 4.38094e-06 5.17852e-01 6.97786e-02 5.87635e-01   6 /ChipTop/system/tile_prci_domain/tile_reset_domain_tile/gemmini/spad/ex_read_pipe_p_1                                                                         
   545     0.08% 4.37519e-06 5.17852e-01 6.97759e-02 5.87633e-01   6 /ChipTop/system/tile_prci_domain/tile_reset_domain_tile/gemmini/spad/dma_read_pipe_p_2                                                                        
   545     0.08% 4.34722e-06 5.17852e-01 6.97758e-02 5.87632e-01   6 /ChipTop/system/tile_prci_domain/tile_reset_domain_tile/gemmini/spad/dma_read_pipe_p_1                                                                        
   545     0.08% 4.37434e-06 5.17842e-01 6.97773e-02 5.87624e-01   6 /ChipTop/system/tile_prci_domain/tile_reset_domain_tile/gemmini/spad/ex_read_pipe_p_3                                                                         
   545     0.08% 4.38005e-06 5.17841e-01 6.97764e-02 5.87621e-01   6 /ChipTop/system/tile_prci_domain/tile_reset_domain_tile/gemmini/spad/ex_read_pipe_p_2                                                                         
   545     0.08% 4.38005e-06 5.17841e-01 6.97742e-02 5.87619e-01   6 /ChipTop/system/tile_prci_domain/tile_reset_domain_tile/gemmini/spad/dma_read_pipe_p_3                                                                        
  1312     0.20% 8.20610e-06 4.03861e-01 1.36537e-01 5.40406e-01   6 /ChipTop/system/tile_prci_domain/tile_reset_domain_tile/gemmini/spad/buffer                                                                                   
   625     0.09% 3.82899e-06 2.03378e-01 7.24370e-02 2.75819e-01   7 /ChipTop/system/tile_prci_domain/tile_reset_domain_tile/gemmini/spad/buffer/bundleIn_0_d_q                                                                    
   602     0.09% 3.75185e-06 1.95676e-01 6.97639e-02 2.65444e-01   8 /ChipTop/system/tile_prci_domain/tile_reset_domain_tile/gemmini/spad/buffer/bundleIn_0_d_q/ram_ext                                                            
   687     0.10% 4.37711e-06 2.00483e-01 6.41004e-02 2.64587e-01   7 /ChipTop/system/tile_prci_domain/tile_reset_domain_tile/gemmini/spad/buffer/x1_a_q                                                                            
   664     0.10% 4.29694e-06 1.92674e-01 6.12194e-02 2.53898e-01   8 /ChipTop/system/tile_prci_domain/tile_reset_domain_tile/gemmini/spad/buffer/x1_a_q/ram_ext                                                                    
  1197     0.18% 8.05445e-06 4.05725e-01 1.25712e-01 5.31445e-01   6 /ChipTop/system/tile_prci_domain/tile_reset_domain_tile/gemmini/spad/buffer_2                                                                                 
   516     0.08% 3.84563e-06 2.05472e-01 6.16729e-02 2.67148e-01   7 /ChipTop/system/tile_prci_domain/tile_reset_domain_tile/gemmini/spad/buffer_2/bundleIn_0_d_q                                                                  
   495     0.07% 3.77079e-06 1.97465e-01 5.90957e-02 2.56565e-01   8 /ChipTop/system/tile_prci_domain/tile_reset_domain_tile/gemmini/spad/buffer_2/bundleIn_0_d_q/ram_ext                                                          
   681     0.10% 4.20882e-06 2.00253e-01 6.40391e-02 2.64296e-01   7 /ChipTop/system/tile_prci_domain/tile_reset_domain_tile/gemmini/spad/buffer_2/x1_a_q                                                                          
   659     0.10% 4.13319e-06 1.92048e-01 6.11459e-02 2.53198e-01   8 /ChipTop/system/tile_prci_domain/tile_reset_domain_tile/gemmini/spad/buffer_2/x1_a_q/ram_ext                                                                  
  1220     0.18% 4.61433e-06 2.16521e-01 8.98183e-02 3.06344e-01   6 /ChipTop/system/tile_prci_domain/tile_reset_domain_tile/gemmini/spad/mvin_scale_pixel_repeater                                                                
  1191     0.18% 7.20260e-06 1.72495e-01 6.10708e-02 2.33573e-01   6 /ChipTop/system/tile_prci_domain/tile_reset_domain_tile/gemmini/spad/read_issue_q                                                                             
  1152     0.17% 7.04808e-06 1.60990e-01 5.72745e-02 2.18271e-01   7 /ChipTop/system/tile_prci_domain/tile_reset_domain_tile/gemmini/spad/read_issue_q/ram_ext                                                                     
 10916     1.65% 4.62994e-05 1.25160e-01 5.02489e-05 1.25257e-01   6 /ChipTop/system/tile_prci_domain/tile_reset_domain_tile/gemmini/spad/writer                                                                                   
   214     0.03% 1.79047e-06 7.36564e-03 5.17923e-06 7.37261e-03   7 /ChipTop/system/tile_prci_domain/tile_reset_domain_tile/gemmini/spad/writer/tlb_q                                                                             
   206     0.03% 1.77513e-06 6.09549e-03 5.08022e-06 6.10234e-03   8 /ChipTop/system/tile_prci_domain/tile_reset_domain_tile/gemmini/spad/writer/tlb_q/ram_ext                                                                     
   212     0.03% 1.79532e-06 7.36539e-03 3.95130e-06 7.37114e-03   7 /ChipTop/system/tile_prci_domain/tile_reset_domain_tile/gemmini/spad/writer/shadow_retry_a                                                                    
   206     0.03% 1.77828e-06 6.09525e-03 3.87355e-06 6.10090e-03   8 /ChipTop/system/tile_prci_domain/tile_reset_domain_tile/gemmini/spad/writer/shadow_retry_a/ram_ext                                                            
   214     0.03% 1.72673e-06 7.35429e-03 3.31853e-06 7.35934e-03   7 /ChipTop/system/tile_prci_domain/tile_reset_domain_tile/gemmini/spad/writer/translate_q                                                                       
   206     0.03% 1.71139e-06 6.08415e-03 3.25408e-06 6.08911e-03   8 /ChipTop/system/tile_prci_domain/tile_reset_domain_tile/gemmini/spad/writer/translate_q/ram_ext                                                               
   491     0.07% 8.14825e-07 4.97718e-06 3.50012e-06 9.29212e-06   7 /ChipTop/system/tile_prci_domain/tile_reset_domain_tile/gemmini/spad/writer/tlb_arb                                                                           
  1906     0.29% 1.23013e-05 3.65755e-02 5.62567e-04 3.71504e-02   6 /ChipTop/system/tile_prci_domain/tile_reset_domain_tile/gemmini/spad/norm_unit_passthru_q                                                                     
  1885     0.28% 1.22337e-05 3.13291e-02 1.92447e-05 3.13606e-02   7 /ChipTop/system/tile_prci_domain/tile_reset_domain_tile/gemmini/spad/norm_unit_passthru_q/ram_ext                                                             
   731     0.11% 4.58181e-06 2.30267e-02 1.09656e-03 2.41279e-02   6 /ChipTop/system/tile_prci_domain/tile_reset_domain_tile/gemmini/spad/buffer_1                                                                                 
   681     0.10% 4.32653e-06 1.57689e-02 5.50952e-04 1.63242e-02   7 /ChipTop/system/tile_prci_domain/tile_reset_domain_tile/gemmini/spad/buffer_1/x1_a_q                                                                          
   658     0.10% 4.24863e-06 1.04368e-02 5.61254e-06 1.04466e-02   8 /ChipTop/system/tile_prci_domain/tile_reset_domain_tile/gemmini/spad/buffer_1/x1_a_q/ram_ext                                                                  
    50     0.01% 2.55284e-07 7.25779e-03 5.45605e-04 7.80365e-03   7 /ChipTop/system/tile_prci_domain/tile_reset_domain_tile/gemmini/spad/buffer_1/bundleIn_0_d_q                                                                  
    29     0.00% 1.93619e-07 1.92610e-03 3.00184e-07 1.92659e-03   8 /ChipTop/system/tile_prci_domain/tile_reset_domain_tile/gemmini/spad/buffer_1/bundleIn_0_d_q/ram_ext                                                          
   692     0.10% 5.52318e-06 2.32053e-02 9.76828e-06 2.32206e-02   6 /ChipTop/system/tile_prci_domain/tile_reset_domain_tile/gemmini/spad/vsm_1                                                                                    
   364     0.06% 1.36440e-06 1.67817e-02 3.08236e-03 1.98654e-02   6 /ChipTop/system/tile_prci_domain/tile_reset_domain_tile/gemmini/spad/xbar                                                                                     
   790     0.12% 4.77486e-06 1.86574e-02 8.78563e-06 1.86710e-02   6 /ChipTop/system/tile_prci_domain/tile_reset_domain_tile/gemmini/spad/write_norm_q                                                                             
   750     0.11% 4.61518e-06 1.56437e-02 7.10976e-06 1.56554e-02   7 /ChipTop/system/tile_prci_domain/tile_reset_domain_tile/gemmini/spad/write_norm_q/ram_ext                                                                     
   804     0.12% 4.83668e-06 1.86523e-02 8.23034e-06 1.86653e-02   6 /ChipTop/system/tile_prci_domain/tile_reset_domain_tile/gemmini/spad/write_scale_q                                                                            
   765     0.12% 4.67966e-06 1.56387e-02 6.73950e-06 1.56501e-02   7 /ChipTop/system/tile_prci_domain/tile_reset_domain_tile/gemmini/spad/write_scale_q/ram_ext                                                                    
   650     0.10% 4.14772e-06 1.60465e-02 6.62783e-06 1.60573e-02   6 /ChipTop/system/tile_prci_domain/tile_reset_domain_tile/gemmini/spad/write_issue_q                                                                            
   612     0.09% 3.97962e-06 1.30328e-02 4.48115e-06 1.30413e-02   7 /ChipTop/system/tile_prci_domain/tile_reset_domain_tile/gemmini/spad/write_issue_q/ram_ext                                                                    
   416     0.06% 2.59649e-06 1.22931e-02 5.52245e-04 1.28479e-02   6 /ChipTop/system/tile_prci_domain/tile_reset_domain_tile/gemmini/spad/write_dispatch_q                                                                         
   394     0.06% 2.52840e-06 6.96134e-03 6.85473e-06 6.97072e-03   7 /ChipTop/system/tile_prci_domain/tile_reset_domain_tile/gemmini/spad/write_dispatch_q/ram_ext                                                                 
   171     0.03% 7.39914e-07 5.62830e-03 1.10872e-06 5.63014e-03   6 /ChipTop/system/tile_prci_domain/tile_reset_domain_tile/gemmini/spad/zero_writer                                                                              
   257     0.04% 8.69354e-07 3.87519e-03 1.83831e-06 3.87790e-03   6 /ChipTop/system/tile_prci_domain/tile_reset_domain_tile/gemmini/spad/zero_writer_pixel_repeater                                                               
223763    33.81% 7.75861e-04 1.24255e+01 2.91844e-02 1.24555e+01   5 /ChipTop/system/tile_prci_domain/tile_reset_domain_tile/gemmini/ex_controller                                                                                 
215654    32.59% 7.44524e-04 1.23057e+01 2.30038e-02 1.23294e+01   6 /ChipTop/system/tile_prci_domain/tile_reset_domain_tile/gemmini/ex_controller/mesh                                                                            
205621    31.07% 6.66579e-04 5.07940e+00 2.25747e-02 5.10264e+00   7 /ChipTop/system/tile_prci_domain/tile_reset_domain_tile/gemmini/ex_controller/mesh/mesh                                                                       
   741     0.11% 2.11092e-06 3.19021e-03 1.30988e-04 3.32331e-03   8 /ChipTop/system/tile_prci_domain/tile_reset_domain_tile/gemmini/ex_controller/mesh/mesh/mesh_15_10                                                            
   741     0.11% 2.11092e-06 3.19021e-03 1.30988e-04 3.32331e-03   9 /ChipTop/system/tile_prci_domain/tile_reset_domain_tile/gemmini/ex_controller/mesh/mesh/mesh_15_10/tile_0_0                                                   
   166     0.03% 5.24984e-07 4.28967e-05 4.10505e-05 8.44721e-05  10 /ChipTop/system/tile_prci_domain/tile_reset_domain_tile/gemmini/ex_controller/mesh/mesh/mesh_15_10/tile_0_0/mac_unit                                          
   741     0.11% 2.12070e-06 3.16734e-03 1.17106e-04 3.28657e-03   8 /ChipTop/system/tile_prci_domain/tile_reset_domain_tile/gemmini/ex_controller/mesh/mesh/mesh_12_10                                                            
   741     0.11% 2.12070e-06 3.16734e-03 1.17106e-04 3.28657e-03   9 /ChipTop/system/tile_prci_domain/tile_reset_domain_tile/gemmini/ex_controller/mesh/mesh/mesh_12_10/tile_0_0                                                   
   166     0.03% 5.31119e-07 4.06974e-05 3.87808e-05 8.00093e-05  10 /ChipTop/system/tile_prci_domain/tile_reset_domain_tile/gemmini/ex_controller/mesh/mesh/mesh_12_10/tile_0_0/mac_unit                                          
   738     0.11% 2.07998e-06 3.16439e-03 1.17703e-04 3.28417e-03   8 /ChipTop/system/tile_prci_domain/tile_reset_domain_tile/gemmini/ex_controller/mesh/mesh/mesh_14_11                                                            
   738     0.11% 2.07998e-06 3.16439e-03 1.17703e-04 3.28417e-03   9 /ChipTop/system/tile_prci_domain/tile_reset_domain_tile/gemmini/ex_controller/mesh/mesh/mesh_14_11/tile_0_0                                                   
   163     0.02% 5.37145e-07 4.48234e-05 4.32788e-05 8.86394e-05  10 /ChipTop/system/tile_prci_domain/tile_reset_domain_tile/gemmini/ex_controller/mesh/mesh/mesh_14_11/tile_0_0/mac_unit                                          
   741     0.11% 2.08834e-06 3.16628e-03 1.14226e-04 3.28260e-03   8 /ChipTop/system/tile_prci_domain/tile_reset_domain_tile/gemmini/ex_controller/mesh/mesh/mesh_13_10                                                            
   741     0.11% 2.08834e-06 3.16628e-03 1.14226e-04 3.28260e-03   9 /ChipTop/system/tile_prci_domain/tile_reset_domain_tile/gemmini/ex_controller/mesh/mesh/mesh_13_10/tile_0_0                                                   
   166     0.03% 5.20740e-07 3.86307e-05 3.68252e-05 7.59766e-05  10 /ChipTop/system/tile_prci_domain/tile_reset_domain_tile/gemmini/ex_controller/mesh/mesh/mesh_13_10/tile_0_0/mac_unit                                          
   738     0.11% 2.11412e-06 3.16855e-03 1.06041e-04 3.27671e-03   8 /ChipTop/system/tile_prci_domain/tile_reset_domain_tile/gemmini/ex_controller/mesh/mesh/mesh_15_14                                                            
   738     0.11% 2.11412e-06 3.16855e-03 1.06041e-04 3.27671e-03   9 /ChipTop/system/tile_prci_domain/tile_reset_domain_tile/gemmini/ex_controller/mesh/mesh/mesh_15_14/tile_0_0                                                   
   163     0.02% 5.38129e-07 3.63118e-05 3.35378e-05 7.03877e-05  10 /ChipTop/system/tile_prci_domain/tile_reset_domain_tile/gemmini/ex_controller/mesh/mesh/mesh_15_14/tile_0_0/mac_unit                                          
   741     0.11% 2.09727e-06 3.16237e-03 1.11507e-04 3.27598e-03   8 /ChipTop/system/tile_prci_domain/tile_reset_domain_tile/gemmini/ex_controller/mesh/mesh/mesh_11_10                                                            
   741     0.11% 2.09727e-06 3.16237e-03 1.11507e-04 3.27598e-03   9 /ChipTop/system/tile_prci_domain/tile_reset_domain_tile/gemmini/ex_controller/mesh/mesh/mesh_11_10/tile_0_0                                                   
   166     0.03% 5.31306e-07 3.88894e-05 3.71075e-05 7.65282e-05  10 /ChipTop/system/tile_prci_domain/tile_reset_domain_tile/gemmini/ex_controller/mesh/mesh/mesh_11_10/tile_0_0/mac_unit                                          
   738     0.11% 2.09392e-06 3.16555e-03 1.06170e-04 3.27382e-03   8 /ChipTop/system/tile_prci_domain/tile_reset_domain_tile/gemmini/ex_controller/mesh/mesh/mesh_15_8                                                             
   738     0.11% 2.09392e-06 3.16555e-03 1.06170e-04 3.27382e-03   9 /ChipTop/system/tile_prci_domain/tile_reset_domain_tile/gemmini/ex_controller/mesh/mesh/mesh_15_8/tile_0_0                                                    
   163     0.02% 5.34251e-07 3.20584e-05 2.98704e-05 6.24630e-05  10 /ChipTop/system/tile_prci_domain/tile_reset_domain_tile/gemmini/ex_controller/mesh/mesh/mesh_15_8/tile_0_0/mac_unit                                           
   738     0.11% 2.09483e-06 3.16471e-03 1.03539e-04 3.27035e-03   8 /ChipTop/system/tile_prci_domain/tile_reset_domain_tile/gemmini/ex_controller/mesh/mesh/mesh_14_14                                                            
   738     0.11% 2.09483e-06 3.16471e-03 1.03539e-04 3.27035e-03   9 /ChipTop/system/tile_prci_domain/tile_reset_domain_tile/gemmini/ex_controller/mesh/mesh/mesh_14_14/tile_0_0                                                   
   163     0.02% 5.32945e-07 3.58896e-05 3.26934e-05 6.91160e-05  10 /ChipTop/system/tile_prci_domain/tile_reset_domain_tile/gemmini/ex_controller/mesh/mesh/mesh_14_14/tile_0_0/mac_unit                                          
   741     0.11% 2.05743e-06 3.15880e-03 1.08379e-04 3.26924e-03   8 /ChipTop/system/tile_prci_domain/tile_reset_domain_tile/gemmini/ex_controller/mesh/mesh/mesh_15_5                                                             
   741     0.11% 2.05743e-06 3.15880e-03 1.08379e-04 3.26924e-03   9 /ChipTop/system/tile_prci_domain/tile_reset_domain_tile/gemmini/ex_controller/mesh/mesh/mesh_15_5/tile_0_0                                                    
   166     0.03% 5.27953e-07 3.42391e-05 3.29263e-05 6.76934e-05  10 /ChipTop/system/tile_prci_domain/tile_reset_domain_tile/gemmini/ex_controller/mesh/mesh/mesh_15_5/tile_0_0/mac_unit                                           
   738     0.11% 2.10121e-06 3.16380e-03 1.01395e-04 3.26730e-03   8 /ChipTop/system/tile_prci_domain/tile_reset_domain_tile/gemmini/ex_controller/mesh/mesh/mesh_13_14                                                            
   738     0.11% 2.10121e-06 3.16380e-03 1.01395e-04 3.26730e-03   9 /ChipTop/system/tile_prci_domain/tile_reset_domain_tile/gemmini/ex_controller/mesh/mesh/mesh_13_14/tile_0_0                                                   
   163     0.02% 5.22340e-07 3.35563e-05 2.98624e-05 6.39410e-05  10 /ChipTop/system/tile_prci_domain/tile_reset_domain_tile/gemmini/ex_controller/mesh/mesh/mesh_13_14/tile_0_0/mac_unit                                          
   741     0.11% 2.06224e-06 3.15893e-03 1.06240e-04 3.26723e-03   8 /ChipTop/system/tile_prci_domain/tile_reset_domain_tile/gemmini/ex_controller/mesh/mesh/mesh_14_10                                                            
   741     0.11% 2.06224e-06 3.15893e-03 1.06240e-04 3.26723e-03   9 /ChipTop/system/tile_prci_domain/tile_reset_domain_tile/gemmini/ex_controller/mesh/mesh/mesh_14_10/tile_0_0                                                   
   166     0.03% 5.24099e-07 3.13464e-05 2.88503e-05 6.07209e-05  10 /ChipTop/system/tile_prci_domain/tile_reset_domain_tile/gemmini/ex_controller/mesh/mesh/mesh_14_10/tile_0_0/mac_unit                                          
   738     0.11% 2.08656e-06 3.16190e-03 1.02357e-04 3.26634e-03   8 /ChipTop/system/tile_prci_domain/tile_reset_domain_tile/gemmini/ex_controller/mesh/mesh/mesh_14_8                                                             
   738     0.11% 2.08656e-06 3.16190e-03 1.02357e-04 3.26634e-03   9 /ChipTop/system/tile_prci_domain/tile_reset_domain_tile/gemmini/ex_controller/mesh/mesh/mesh_14_8/tile_0_0                                                    
   163     0.02% 5.33055e-07 3.29714e-05 3.03004e-05 6.38048e-05  10 /ChipTop/system/tile_prci_domain/tile_reset_domain_tile/gemmini/ex_controller/mesh/mesh/mesh_14_8/tile_0_0/mac_unit                                           
   738     0.11% 2.07054e-06 3.15598e-03 1.07337e-04 3.26538e-03   8 /ChipTop/system/tile_prci_domain/tile_reset_domain_tile/gemmini/ex_controller/mesh/mesh/mesh_15_11                                                            
   738     0.11% 2.07054e-06 3.15598e-03 1.07337e-04 3.26538e-03   9 /ChipTop/system/tile_prci_domain/tile_reset_domain_tile/gemmini/ex_controller/mesh/mesh/mesh_15_11/tile_0_0                                                   
   163     0.02% 5.40505e-07 3.28167e-05 3.10773e-05 6.44345e-05  10 /ChipTop/system/tile_prci_domain/tile_reset_domain_tile/gemmini/ex_controller/mesh/mesh/mesh_15_11/tile_0_0/mac_unit                                          
   738     0.11% 2.07870e-06 3.15362e-03 1.08115e-04 3.26381e-03   8 /ChipTop/system/tile_prci_domain/tile_reset_domain_tile/gemmini/ex_controller/mesh/mesh/mesh_12_11                                                            
   738     0.11% 2.07870e-06 3.15362e-03 1.08115e-04 3.26381e-03   9 /ChipTop/system/tile_prci_domain/tile_reset_domain_tile/gemmini/ex_controller/mesh/mesh/mesh_12_11/tile_0_0                                                   
   163     0.02% 5.36215e-07 3.78013e-05 3.58356e-05 7.41730e-05  10 /ChipTop/system/tile_prci_domain/tile_reset_domain_tile/gemmini/ex_controller/mesh/mesh/mesh_12_11/tile_0_0/mac_unit                                          
   738     0.11% 2.10993e-06 3.15664e-03 9.95356e-05 3.25829e-03   8 /ChipTop/system/tile_prci_domain/tile_reset_domain_tile/gemmini/ex_controller/mesh/mesh/mesh_12_14                                                            
   738     0.11% 2.10993e-06 3.15664e-03 9.95356e-05 3.25829e-03   9 /ChipTop/system/tile_prci_domain/tile_reset_domain_tile/gemmini/ex_controller/mesh/mesh/mesh_12_14/tile_0_0                                                   
   163     0.02% 5.35678e-07 3.56389e-05 3.30565e-05 6.92311e-05  10 /ChipTop/system/tile_prci_domain/tile_reset_domain_tile/gemmini/ex_controller/mesh/mesh/mesh_12_14/tile_0_0/mac_unit                                          
   738     0.11% 2.08281e-06 3.15390e-03 1.00756e-04 3.25673e-03   8 /ChipTop/system/tile_prci_domain/tile_reset_domain_tile/gemmini/ex_controller/mesh/mesh/mesh_15_15                                                            
   738     0.11% 2.08281e-06 3.15390e-03 1.00756e-04 3.25673e-03   9 /ChipTop/system/tile_prci_domain/tile_reset_domain_tile/gemmini/ex_controller/mesh/mesh/mesh_15_15/tile_0_0                                                   
   163     0.02% 5.35404e-07 2.92874e-05 2.58082e-05 5.56310e-05  10 /ChipTop/system/tile_prci_domain/tile_reset_domain_tile/gemmini/ex_controller/mesh/mesh/mesh_15_15/tile_0_0/mac_unit                                          
   741     0.11% 2.07746e-06 3.14888e-03 1.03598e-04 3.25455e-03   8 /ChipTop/system/tile_prci_domain/tile_reset_domain_tile/gemmini/ex_controller/mesh/mesh/mesh_9_10                                                             
   741     0.11% 2.07746e-06 3.14888e-03 1.03598e-04 3.25455e-03   9 /ChipTop/system/tile_prci_domain/tile_reset_domain_tile/gemmini/ex_controller/mesh/mesh/mesh_9_10/tile_0_0                                                    
   166     0.03% 5.20593e-07 3.81918e-05 3.68030e-05 7.55154e-05  10 /ChipTop/system/tile_prci_domain/tile_reset_domain_tile/gemmini/ex_controller/mesh/mesh/mesh_9_10/tile_0_0/mac_unit                                           
   740     0.11% 2.09623e-06 3.14699e-03 1.04815e-04 3.25391e-03   8 /ChipTop/system/tile_prci_domain/tile_reset_domain_tile/gemmini/ex_controller/mesh/mesh/mesh_11_11                                                            
   740     0.11% 2.09623e-06 3.14699e-03 1.04815e-04 3.25391e-03   9 /ChipTop/system/tile_prci_domain/tile_reset_domain_tile/gemmini/ex_controller/mesh/mesh/mesh_11_11/tile_0_0                                                   
   163     0.02% 5.52220e-07 3.63321e-05 3.76041e-05 7.44884e-05  10 /ChipTop/system/tile_prci_domain/tile_reset_domain_tile/gemmini/ex_controller/mesh/mesh/mesh_11_11/tile_0_0/mac_unit                                          
   738     0.11% 2.12314e-06 3.15358e-03 9.80033e-05 3.25371e-03   8 /ChipTop/system/tile_prci_domain/tile_reset_domain_tile/gemmini/ex_controller/mesh/mesh/mesh_11_14                                                            
   738     0.11% 2.12314e-06 3.15358e-03 9.80033e-05 3.25371e-03   9 /ChipTop/system/tile_prci_domain/tile_reset_domain_tile/gemmini/ex_controller/mesh/mesh/mesh_11_14/tile_0_0                                                   
   163     0.02% 5.40719e-07 3.62899e-05 3.33711e-05 7.02018e-05  10 /ChipTop/system/tile_prci_domain/tile_reset_domain_tile/gemmini/ex_controller/mesh/mesh/mesh_11_14/tile_0_0/mac_unit                                          
   741     0.11% 2.07084e-06 3.14668e-03 1.04239e-04 3.25299e-03   8 /ChipTop/system/tile_prci_domain/tile_reset_domain_tile/gemmini/ex_controller/mesh/mesh/mesh_15_9                                                             
   741     0.11% 2.07084e-06 3.14668e-03 1.04239e-04 3.25299e-03   9 /ChipTop/system/tile_prci_domain/tile_reset_domain_tile/gemmini/ex_controller/mesh/mesh/mesh_15_9/tile_0_0                                                    
   166     0.03% 5.26820e-07 3.88030e-05 3.75532e-05 7.68830e-05  10 /ChipTop/system/tile_prci_domain/tile_reset_domain_tile/gemmini/ex_controller/mesh/mesh/mesh_15_9/tile_0_0/mac_unit                                           
   738     0.11% 2.10899e-06 3.14760e-03 1.01854e-04 3.25156e-03   8 /ChipTop/system/tile_prci_domain/tile_reset_domain_tile/gemmini/ex_controller/mesh/mesh/mesh_11_15                                                            
   738     0.11% 2.10899e-06 3.14760e-03 1.01854e-04 3.25156e-03   9 /ChipTop/system/tile_prci_domain/tile_reset_domain_tile/gemmini/ex_controller/mesh/mesh/mesh_11_15/tile_0_0                                                   
   163     0.02% 5.33660e-07 4.06557e-05 3.75920e-05 7.87814e-05  10 /ChipTop/system/tile_prci_domain/tile_reset_domain_tile/gemmini/ex_controller/mesh/mesh/mesh_11_15/tile_0_0/mac_unit                                          
   741     0.11% 2.04921e-06 3.14941e-03 9.82619e-05 3.24972e-03   8 /ChipTop/system/tile_prci_domain/tile_reset_domain_tile/gemmini/ex_controller/mesh/mesh/mesh_15_13                                                            
   741     0.11% 2.04921e-06 3.14941e-03 9.82619e-05 3.24972e-03   9 /ChipTop/system/tile_prci_domain/tile_reset_domain_tile/gemmini/ex_controller/mesh/mesh/mesh_15_13/tile_0_0                                                   
   166     0.03% 5.36958e-07 3.14806e-05 2.85570e-05 6.05745e-05  10 /ChipTop/system/tile_prci_domain/tile_reset_domain_tile/gemmini/ex_controller/mesh/mesh/mesh_15_13/tile_0_0/mac_unit                                          
   738     0.11% 2.06253e-06 3.14729e-03 9.99774e-05 3.24933e-03   8 /ChipTop/system/tile_prci_domain/tile_reset_domain_tile/gemmini/ex_controller/mesh/mesh/mesh_13_11                                                            
   738     0.11% 2.06253e-06 3.14729e-03 9.99774e-05 3.24933e-03   9 /ChipTop/system/tile_prci_domain/tile_reset_domain_tile/gemmini/ex_controller/mesh/mesh/mesh_13_11/tile_0_0                                                   
   163     0.02% 5.30178e-07 3.09123e-05 2.88790e-05 6.03215e-05  10 /ChipTop/system/tile_prci_domain/tile_reset_domain_tile/gemmini/ex_controller/mesh/mesh/mesh_13_11/tile_0_0/mac_unit                                          
   738     0.11% 2.09030e-06 3.14840e-03 9.83262e-05 3.24882e-03   8 /ChipTop/system/tile_prci_domain/tile_reset_domain_tile/gemmini/ex_controller/mesh/mesh/mesh_14_15                                                            
   738     0.11% 2.09030e-06 3.14840e-03 9.83262e-05 3.24882e-03   9 /ChipTop/system/tile_prci_domain/tile_reset_domain_tile/gemmini/ex_controller/mesh/mesh/mesh_14_15/tile_0_0                                                   
   163     0.02% 5.35342e-07 2.74932e-05 2.45964e-05 5.26249e-05  10 /ChipTop/system/tile_prci_domain/tile_reset_domain_tile/gemmini/ex_controller/mesh/mesh/mesh_14_15/tile_0_0/mac_unit                                          
   738     0.11% 2.10222e-06 3.15149e-03 9.46146e-05 3.24820e-03   8 /ChipTop/system/tile_prci_domain/tile_reset_domain_tile/gemmini/ex_controller/mesh/mesh/mesh_13_8                                                             
   738     0.11% 2.10222e-06 3.15149e-03 9.46146e-05 3.24820e-03   9 /ChipTop/system/tile_prci_domain/tile_reset_domain_tile/gemmini/ex_controller/mesh/mesh/mesh_13_8/tile_0_0                                                    
   163     0.02% 5.32322e-07 2.70205e-05 2.45631e-05 5.21159e-05  10 /ChipTop/system/tile_prci_domain/tile_reset_domain_tile/gemmini/ex_controller/mesh/mesh/mesh_13_8/tile_0_0/mac_unit                                           
   741     0.11% 2.12545e-06 3.14744e-03 9.85964e-05 3.24817e-03   8 /ChipTop/system/tile_prci_domain/tile_reset_domain_tile/gemmini/ex_controller/mesh/mesh/mesh_13_13                                                            
   741     0.11% 2.12545e-06 3.14744e-03 9.85964e-05 3.24817e-03   9 /ChipTop/system/tile_prci_domain/tile_reset_domain_tile/gemmini/ex_controller/mesh/mesh/mesh_13_13/tile_0_0                                                   
   166     0.03% 5.23161e-07 3.50648e-05 3.23940e-05 6.79820e-05  10 /ChipTop/system/tile_prci_domain/tile_reset_domain_tile/gemmini/ex_controller/mesh/mesh/mesh_13_13/tile_0_0/mac_unit                                          
   738     0.11% 2.06556e-06 3.14495e-03 9.97476e-05 3.24677e-03   8 /ChipTop/system/tile_prci_domain/tile_reset_domain_tile/gemmini/ex_controller/mesh/mesh/mesh_15_7                                                             
   738     0.11% 2.06556e-06 3.14495e-03 9.97476e-05 3.24677e-03   9 /ChipTop/system/tile_prci_domain/tile_reset_domain_tile/gemmini/ex_controller/mesh/mesh/mesh_15_7/tile_0_0                                                    
   163     0.02% 5.31784e-07 3.39035e-05 3.13451e-05 6.57804e-05  10 /ChipTop/system/tile_prci_domain/tile_reset_domain_tile/gemmini/ex_controller/mesh/mesh/mesh_15_7/tile_0_0/mac_unit                                           
   741     0.11% 2.04341e-06 3.14604e-03 9.72494e-05 3.24533e-03   8 /ChipTop/system/tile_prci_domain/tile_reset_domain_tile/gemmini/ex_controller/mesh/mesh/mesh_14_13                                                            
   741     0.11% 2.04341e-06 3.14604e-03 9.72494e-05 3.24533e-03   9 /ChipTop/system/tile_prci_domain/tile_reset_domain_tile/gemmini/ex_controller/mesh/mesh/mesh_14_13/tile_0_0                                                   
   166     0.03% 5.26543e-07 3.44538e-05 3.16639e-05 6.66442e-05  10 /ChipTop/system/tile_prci_domain/tile_reset_domain_tile/gemmini/ex_controller/mesh/mesh/mesh_14_13/tile_0_0/mac_unit                                          
   738     0.11% 2.09278e-06 3.14670e-03 9.58824e-05 3.24468e-03   8 /ChipTop/system/tile_prci_domain/tile_reset_domain_tile/gemmini/ex_controller/mesh/mesh/mesh_15_4                                                             
   738     0.11% 2.09278e-06 3.14670e-03 9.58824e-05 3.24468e-03   9 /ChipTop/system/tile_prci_domain/tile_reset_domain_tile/gemmini/ex_controller/mesh/mesh/mesh_15_4/tile_0_0                                                    
   163     0.02% 5.37219e-07 2.98665e-05 2.82754e-05 5.86790e-05  10 /ChipTop/system/tile_prci_domain/tile_reset_domain_tile/gemmini/ex_controller/mesh/mesh/mesh_15_4/tile_0_0/mac_unit                                           
   738     0.11% 2.10266e-06 3.14715e-03 9.33551e-05 3.24261e-03   8 /ChipTop/system/tile_prci_domain/tile_reset_domain_tile/gemmini/ex_controller/mesh/mesh/mesh_12_8                                                             
   738     0.11% 2.10266e-06 3.14715e-03 9.33551e-05 3.24261e-03   9 /ChipTop/system/tile_prci_domain/tile_reset_domain_tile/gemmini/ex_controller/mesh/mesh/mesh_12_8/tile_0_0                                                    
   163     0.02% 5.45971e-07 2.94292e-05 2.74205e-05 5.73957e-05  10 /ChipTop/system/tile_prci_domain/tile_reset_domain_tile/gemmini/ex_controller/mesh/mesh/mesh_12_8/tile_0_0/mac_unit                                           
   741     0.11% 2.07448e-06 3.14722e-03 9.25098e-05 3.24180e-03   8 /ChipTop/system/tile_prci_domain/tile_reset_domain_tile/gemmini/ex_controller/mesh/mesh/mesh_15_6                                                             
   741     0.11% 2.07448e-06 3.14722e-03 9.25098e-05 3.24180e-03   9 /ChipTop/system/tile_prci_domain/tile_reset_domain_tile/gemmini/ex_controller/mesh/mesh/mesh_15_6/tile_0_0                                                    
   166     0.03% 5.30260e-07 2.94058e-05 2.74369e-05 5.73730e-05  10 /ChipTop/system/tile_prci_domain/tile_reset_domain_tile/gemmini/ex_controller/mesh/mesh/mesh_15_6/tile_0_0/mac_unit                                           
   738     0.11% 2.06645e-06 3.14116e-03 9.62922e-05 3.23952e-03   8 /ChipTop/system/tile_prci_domain/tile_reset_domain_tile/gemmini/ex_controller/mesh/mesh/mesh_14_7                                                             
   738     0.11% 2.06645e-06 3.14116e-03 9.62922e-05 3.23952e-03   9 /ChipTop/system/tile_prci_domain/tile_reset_domain_tile/gemmini/ex_controller/mesh/mesh/mesh_14_7/tile_0_0                                                    
   163     0.02% 5.36584e-07 3.49434e-05 3.29566e-05 6.84366e-05  10 /ChipTop/system/tile_prci_domain/tile_reset_domain_tile/gemmini/ex_controller/mesh/mesh/mesh_14_7/tile_0_0/mac_unit                                           
   740     0.11% 2.12029e-06 3.14048e-03 9.61949e-05 3.23880e-03   8 /ChipTop/system/tile_prci_domain/tile_reset_domain_tile/gemmini/ex_controller/mesh/mesh/mesh_11_13                                                            
   740     0.11% 2.12029e-06 3.14048e-03 9.61949e-05 3.23880e-03   9 /ChipTop/system/tile_prci_domain/tile_reset_domain_tile/gemmini/ex_controller/mesh/mesh/mesh_11_13/tile_0_0                                                   
   163     0.02% 5.34061e-07 3.47096e-05 3.41589e-05 6.94026e-05  10 /ChipTop/system/tile_prci_domain/tile_reset_domain_tile/gemmini/ex_controller/mesh/mesh/mesh_11_13/tile_0_0/mac_unit                                          
   741     0.11% 2.07776e-06 3.14440e-03 9.19558e-05 3.23843e-03   8 /ChipTop/system/tile_prci_domain/tile_reset_domain_tile/gemmini/ex_controller/mesh/mesh/mesh_9_14                                                             
   741     0.11% 2.07776e-06 3.14440e-03 9.19558e-05 3.23843e-03   9 /ChipTop/system/tile_prci_domain/tile_reset_domain_tile/gemmini/ex_controller/mesh/mesh/mesh_9_14/tile_0_0                                                    
   166     0.03% 5.21420e-07 3.79702e-05 3.55341e-05 7.40258e-05  10 /ChipTop/system/tile_prci_domain/tile_reset_domain_tile/gemmini/ex_controller/mesh/mesh/mesh_9_14/tile_0_0/mac_unit                                           
   741     0.11% 2.11185e-06 3.14228e-03 9.38139e-05 3.23820e-03   8 /ChipTop/system/tile_prci_domain/tile_reset_domain_tile/gemmini/ex_controller/mesh/mesh/mesh_12_13                                                            
   741     0.11% 2.11185e-06 3.14228e-03 9.38139e-05 3.23820e-03   9 /ChipTop/system/tile_prci_domain/tile_reset_domain_tile/gemmini/ex_controller/mesh/mesh/mesh_12_13/tile_0_0                                                   
   166     0.03% 5.26097e-07 3.27325e-05 3.03175e-05 6.35761e-05  10 /ChipTop/system/tile_prci_domain/tile_reset_domain_tile/gemmini/ex_controller/mesh/mesh/mesh_12_13/tile_0_0/mac_unit                                          
   741     0.11% 2.08249e-06 3.14150e-03 9.34459e-05 3.23703e-03   8 /ChipTop/system/tile_prci_domain/tile_reset_domain_tile/gemmini/ex_controller/mesh/mesh/mesh_10_10                                                            
   741     0.11% 2.08249e-06 3.14150e-03 9.34459e-05 3.23703e-03   9 /ChipTop/system/tile_prci_domain/tile_reset_domain_tile/gemmini/ex_controller/mesh/mesh/mesh_10_10/tile_0_0                                                   
   166     0.03% 5.35153e-07 2.75566e-05 2.49965e-05 5.30882e-05  10 /ChipTop/system/tile_prci_domain/tile_reset_domain_tile/gemmini/ex_controller/mesh/mesh/mesh_10_10/tile_0_0/mac_unit                                          
   741     0.11% 2.08630e-06 3.14474e-03 8.96588e-05 3.23649e-03   8 /ChipTop/system/tile_prci_domain/tile_reset_domain_tile/gemmini/ex_controller/mesh/mesh/mesh_14_6                                                             
   741     0.11% 2.08630e-06 3.14474e-03 8.96588e-05 3.23649e-03   9 /ChipTop/system/tile_prci_domain/tile_reset_domain_tile/gemmini/ex_controller/mesh/mesh/mesh_14_6/tile_0_0                                                    
   166     0.03% 5.35146e-07 2.84298e-05 2.63654e-05 5.53303e-05  10 /ChipTop/system/tile_prci_domain/tile_reset_domain_tile/gemmini/ex_controller/mesh/mesh/mesh_14_6/tile_0_0/mac_unit                                           
   741     0.11% 2.07870e-06 3.13825e-03 9.58674e-05 3.23620e-03   8 /ChipTop/system/tile_prci_domain/tile_reset_domain_tile/gemmini/ex_controller/mesh/mesh/mesh_10_11                                                            
   741     0.11% 2.07870e-06 3.13825e-03 9.58674e-05 3.23620e-03   9 /ChipTop/system/tile_prci_domain/tile_reset_domain_tile/gemmini/ex_controller/mesh/mesh/mesh_10_11/tile_0_0                                                   
   166     0.03% 5.39392e-07 3.27685e-05 3.14705e-05 6.47784e-05  10 /ChipTop/system/tile_prci_domain/tile_reset_domain_tile/gemmini/ex_controller/mesh/mesh/mesh_10_11/tile_0_0/mac_unit                                          
   741     0.11% 2.05809e-06 3.13719e-03 9.53362e-05 3.23459e-03   8 /ChipTop/system/tile_prci_domain/tile_reset_domain_tile/gemmini/ex_controller/mesh/mesh/mesh_9_11                                                             
   741     0.11% 2.05809e-06 3.13719e-03 9.53362e-05 3.23459e-03   9 /ChipTop/system/tile_prci_domain/tile_reset_domain_tile/gemmini/ex_controller/mesh/mesh/mesh_9_11/tile_0_0                                                    
   166     0.03% 5.26441e-07 3.19832e-05 3.08393e-05 6.33489e-05  10 /ChipTop/system/tile_prci_domain/tile_reset_domain_tile/gemmini/ex_controller/mesh/mesh/mesh_9_11/tile_0_0/mac_unit                                           
   741     0.11% 2.04551e-06 3.13883e-03 9.18586e-05 3.23273e-03   8 /ChipTop/system/tile_prci_domain/tile_reset_domain_tile/gemmini/ex_controller/mesh/mesh/mesh_14_5                                                             
   741     0.11% 2.04551e-06 3.13883e-03 9.18586e-05 3.23273e-03   9 /ChipTop/system/tile_prci_domain/tile_reset_domain_tile/gemmini/ex_controller/mesh/mesh/mesh_14_5/tile_0_0                                                    
   166     0.03% 5.28308e-07 2.95394e-05 2.75868e-05 5.76545e-05  10 /ChipTop/system/tile_prci_domain/tile_reset_domain_tile/gemmini/ex_controller/mesh/mesh/mesh_14_5/tile_0_0/mac_unit                                           
   741     0.11% 2.09762e-06 3.14269e-03 8.78600e-05 3.23265e-03   8 /ChipTop/system/tile_prci_domain/tile_reset_domain_tile/gemmini/ex_controller/mesh/mesh/mesh_10_14                                                            
   741     0.11% 2.09762e-06 3.14269e-03 8.78600e-05 3.23265e-03   9 /ChipTop/system/tile_prci_domain/tile_reset_domain_tile/gemmini/ex_controller/mesh/mesh/mesh_10_14/tile_0_0                                                   
   166     0.03% 5.36594e-07 3.10073e-05 2.80854e-05 5.96293e-05  10 /ChipTop/system/tile_prci_domain/tile_reset_domain_tile/gemmini/ex_controller/mesh/mesh/mesh_10_14/tile_0_0/mac_unit                                          
   740     0.11% 2.10181e-06 3.13906e-03 8.91929e-05 3.23035e-03   8 /ChipTop/system/tile_prci_domain/tile_reset_domain_tile/gemmini/ex_controller/mesh/mesh/mesh_13_6                                                             
   740     0.11% 2.10181e-06 3.13906e-03 8.91929e-05 3.23035e-03   9 /ChipTop/system/tile_prci_domain/tile_reset_domain_tile/gemmini/ex_controller/mesh/mesh/mesh_13_6/tile_0_0                                                    
   163     0.02% 5.23847e-07 2.89598e-05 2.88640e-05 5.83476e-05  10 /ChipTop/system/tile_prci_domain/tile_reset_domain_tile/gemmini/ex_controller/mesh/mesh/mesh_13_6/tile_0_0/mac_unit                                           
   738     0.11% 2.09979e-06 3.13712e-03 9.10759e-05 3.23030e-03   8 /ChipTop/system/tile_prci_domain/tile_reset_domain_tile/gemmini/ex_controller/mesh/mesh/mesh_10_13                                                            
   738     0.11% 2.09979e-06 3.13712e-03 9.10759e-05 3.23030e-03   9 /ChipTop/system/tile_prci_domain/tile_reset_domain_tile/gemmini/ex_controller/mesh/mesh/mesh_10_13/tile_0_0                                                   
   163     0.02% 5.34383e-07 3.17471e-05 2.92482e-05 6.15297e-05  10 /ChipTop/system/tile_prci_domain/tile_reset_domain_tile/gemmini/ex_controller/mesh/mesh/mesh_10_13/tile_0_0/mac_unit                                          
   741     0.11% 2.05770e-06 3.13626e-03 9.08125e-05 3.22913e-03   8 /ChipTop/system/tile_prci_domain/tile_reset_domain_tile/gemmini/ex_controller/mesh/mesh/mesh_12_5                                                             
   741     0.11% 2.05770e-06 3.13626e-03 9.08125e-05 3.22913e-03   9 /ChipTop/system/tile_prci_domain/tile_reset_domain_tile/gemmini/ex_controller/mesh/mesh/mesh_12_5/tile_0_0                                                    
   166     0.03% 5.27520e-07 2.94680e-05 2.82845e-05 5.82800e-05  10 /ChipTop/system/tile_prci_domain/tile_reset_domain_tile/gemmini/ex_controller/mesh/mesh/mesh_12_5/tile_0_0/mac_unit                                           
   741     0.11% 2.05373e-06 3.13622e-03 8.99200e-05 3.22820e-03   8 /ChipTop/system/tile_prci_domain/tile_reset_domain_tile/gemmini/ex_controller/mesh/mesh/mesh_13_5                                                             
   741     0.11% 2.05373e-06 3.13622e-03 8.99200e-05 3.22820e-03   9 /ChipTop/system/tile_prci_domain/tile_reset_domain_tile/gemmini/ex_controller/mesh/mesh/mesh_13_5/tile_0_0                                                    
   166     0.03% 5.25233e-07 3.02904e-05 2.87150e-05 5.95306e-05  10 /ChipTop/system/tile_prci_domain/tile_reset_domain_tile/gemmini/ex_controller/mesh/mesh/mesh_13_5/tile_0_0/mac_unit                                           
   738     0.11% 2.10030e-06 3.13831e-03 8.60398e-05 3.22645e-03   8 /ChipTop/system/tile_prci_domain/tile_reset_domain_tile/gemmini/ex_controller/mesh/mesh/mesh_14_4                                                             
   738     0.11% 2.10030e-06 3.13831e-03 8.60398e-05 3.22645e-03   9 /ChipTop/system/tile_prci_domain/tile_reset_domain_tile/gemmini/ex_controller/mesh/mesh/mesh_14_4/tile_0_0                                                    
   163     0.02% 5.38322e-07 2.52566e-05 2.31070e-05 4.89019e-05  10 /ChipTop/system/tile_prci_domain/tile_reset_domain_tile/gemmini/ex_controller/mesh/mesh/mesh_14_4/tile_0_0/mac_unit                                           
   738     0.11% 2.06542e-06 3.13482e-03 8.76980e-05 3.22458e-03   8 /ChipTop/system/tile_prci_domain/tile_reset_domain_tile/gemmini/ex_controller/mesh/mesh/mesh_13_4                                                             
   738     0.11% 2.06542e-06 3.13482e-03 8.76980e-05 3.22458e-03   9 /ChipTop/system/tile_prci_domain/tile_reset_domain_tile/gemmini/ex_controller/mesh/mesh/mesh_13_4/tile_0_0                                                    
   163     0.02% 5.26827e-07 2.72101e-05 2.53147e-05 5.30516e-05  10 /ChipTop/system/tile_prci_domain/tile_reset_domain_tile/gemmini/ex_controller/mesh/mesh/mesh_13_4/tile_0_0/mac_unit                                           
   738     0.11% 2.12822e-06 3.13136e-03 9.07799e-05 3.22427e-03   8 /ChipTop/system/tile_prci_domain/tile_reset_domain_tile/gemmini/ex_controller/mesh/mesh/mesh_7_10                                                             
   738     0.11% 2.12822e-06 3.13136e-03 9.07799e-05 3.22427e-03   9 /ChipTop/system/tile_prci_domain/tile_reset_domain_tile/gemmini/ex_controller/mesh/mesh/mesh_7_10/tile_0_0                                                    
   163     0.02% 5.35439e-07 3.34732e-05 3.20644e-05 6.60730e-05  10 /ChipTop/system/tile_prci_domain/tile_reset_domain_tile/gemmini/ex_controller/mesh/mesh/mesh_7_10/tile_0_0/mac_unit                                           
   741     0.11% 2.06561e-06 3.13115e-03 8.95412e-05 3.22276e-03   8 /ChipTop/system/tile_prci_domain/tile_reset_domain_tile/gemmini/ex_controller/mesh/mesh/mesh_14_9                                                             
   741     0.11% 2.06561e-06 3.13115e-03 8.95412e-05 3.22276e-03   9 /ChipTop/system/tile_prci_domain/tile_reset_domain_tile/gemmini/ex_controller/mesh/mesh/mesh_14_9/tile_0_0                                                    
   166     0.03% 5.34745e-07 3.22699e-05 3.05583e-05 6.33630e-05  10 /ChipTop/system/tile_prci_domain/tile_reset_domain_tile/gemmini/ex_controller/mesh/mesh/mesh_14_9/tile_0_0/mac_unit                                           
   741     0.11% 2.04804e-06 3.12956e-03 9.06535e-05 3.22226e-03   8 /ChipTop/system/tile_prci_domain/tile_reset_domain_tile/gemmini/ex_controller/mesh/mesh/mesh_10_9                                                             
   741     0.11% 2.04804e-06 3.12956e-03 9.06535e-05 3.22226e-03   9 /ChipTop/system/tile_prci_domain/tile_reset_domain_tile/gemmini/ex_controller/mesh/mesh/mesh_10_9/tile_0_0                                                    
   166     0.03% 5.30839e-07 3.46152e-05 3.29994e-05 6.81454e-05  10 /ChipTop/system/tile_prci_domain/tile_reset_domain_tile/gemmini/ex_controller/mesh/mesh/mesh_10_9/tile_0_0/mac_unit                                           
   738     0.11% 2.05406e-06 3.13299e-03 8.57970e-05 3.22085e-03   8 /ChipTop/system/tile_prci_domain/tile_reset_domain_tile/gemmini/ex_controller/mesh/mesh/mesh_13_15                                                            
   738     0.11% 2.05406e-06 3.13299e-03 8.57970e-05 3.22085e-03   9 /ChipTop/system/tile_prci_domain/tile_reset_domain_tile/gemmini/ex_controller/mesh/mesh/mesh_13_15/tile_0_0                                                   
   163     0.02% 5.24161e-07 2.47645e-05 2.13521e-05 4.66408e-05  10 /ChipTop/system/tile_prci_domain/tile_reset_domain_tile/gemmini/ex_controller/mesh/mesh/mesh_13_15/tile_0_0/mac_unit                                          
   741     0.11% 2.05539e-06 3.13624e-03 8.25176e-05 3.22081e-03   8 /ChipTop/system/tile_prci_domain/tile_reset_domain_tile/gemmini/ex_controller/mesh/mesh/mesh_15_3                                                             
   741     0.11% 2.05539e-06 3.13624e-03 8.25176e-05 3.22081e-03   9 /ChipTop/system/tile_prci_domain/tile_reset_domain_tile/gemmini/ex_controller/mesh/mesh/mesh_15_3/tile_0_0                                                    
   166     0.03% 5.25895e-07 2.18414e-05 1.93270e-05 4.16942e-05  10 /ChipTop/system/tile_prci_domain/tile_reset_domain_tile/gemmini/ex_controller/mesh/mesh/mesh_15_3/tile_0_0/mac_unit                                           
   738     0.11% 2.09977e-06 3.13456e-03 8.35707e-05 3.22023e-03   8 /ChipTop/system/tile_prci_domain/tile_reset_domain_tile/gemmini/ex_controller/mesh/mesh/mesh_11_8                                                             
   738     0.11% 2.09977e-06 3.13456e-03 8.35707e-05 3.22023e-03   9 /ChipTop/system/tile_prci_domain/tile_reset_domain_tile/gemmini/ex_controller/mesh/mesh/mesh_11_8/tile_0_0                                                    
   163     0.02% 5.45770e-07 2.69307e-05 2.45056e-05 5.19821e-05  10 /ChipTop/system/tile_prci_domain/tile_reset_domain_tile/gemmini/ex_controller/mesh/mesh/mesh_11_8/tile_0_0/mac_unit                                           
   738     0.11% 2.05705e-06 3.13281e-03 8.36294e-05 3.21850e-03   8 /ChipTop/system/tile_prci_domain/tile_reset_domain_tile/gemmini/ex_controller/mesh/mesh/mesh_15_1                                                             
   738     0.11% 2.05705e-06 3.13281e-03 8.36294e-05 3.21850e-03   9 /ChipTop/system/tile_prci_domain/tile_reset_domain_tile/gemmini/ex_controller/mesh/mesh/mesh_15_1/tile_0_0                                                    
   163     0.02% 5.38708e-07 2.65347e-05 2.49993e-05 5.20727e-05  10 /ChipTop/system/tile_prci_domain/tile_reset_domain_tile/gemmini/ex_controller/mesh/mesh/mesh_15_1/tile_0_0/mac_unit                                           
   738     0.11% 2.05776e-06 3.13081e-03 8.44100e-05 3.21728e-03   8 /ChipTop/system/tile_prci_domain/tile_reset_domain_tile/gemmini/ex_controller/mesh/mesh/mesh_13_7                                                             
   738     0.11% 2.05776e-06 3.13081e-03 8.44100e-05 3.21728e-03   9 /ChipTop/system/tile_prci_domain/tile_reset_domain_tile/gemmini/ex_controller/mesh/mesh/mesh_13_7/tile_0_0                                                    
   163     0.02% 5.31689e-07 2.70159e-05 2.46614e-05 5.22090e-05  10 /ChipTop/system/tile_prci_domain/tile_reset_domain_tile/gemmini/ex_controller/mesh/mesh/mesh_13_7/tile_0_0/mac_unit                                           
   741     0.11% 2.06142e-06 3.12871e-03 8.62258e-05 3.21700e-03   8 /ChipTop/system/tile_prci_domain/tile_reset_domain_tile/gemmini/ex_controller/mesh/mesh/mesh_10_5                                                             
   741     0.11% 2.06142e-06 3.12871e-03 8.62258e-05 3.21700e-03   9 /ChipTop/system/tile_prci_domain/tile_reset_domain_tile/gemmini/ex_controller/mesh/mesh/mesh_10_5/tile_0_0                                                    
   166     0.03% 5.29186e-07 2.88585e-05 2.82286e-05 5.76162e-05  10 /ChipTop/system/tile_prci_domain/tile_reset_domain_tile/gemmini/ex_controller/mesh/mesh/mesh_10_5/tile_0_0/mac_unit                                           
   738     0.11% 2.10285e-06 3.12968e-03 8.49092e-05 3.21669e-03   8 /ChipTop/system/tile_prci_domain/tile_reset_domain_tile/gemmini/ex_controller/mesh/mesh/mesh_9_13                                                             
   738     0.11% 2.10285e-06 3.12968e-03 8.49092e-05 3.21669e-03   9 /ChipTop/system/tile_prci_domain/tile_reset_domain_tile/gemmini/ex_controller/mesh/mesh/mesh_9_13/tile_0_0                                                    
   163     0.02% 5.34127e-07 3.07099e-05 2.84166e-05 5.96606e-05  10 /ChipTop/system/tile_prci_domain/tile_reset_domain_tile/gemmini/ex_controller/mesh/mesh/mesh_9_13/tile_0_0/mac_unit                                           
   738     0.11% 2.11038e-06 3.13110e-03 8.33335e-05 3.21655e-03   8 /ChipTop/system/tile_prci_domain/tile_reset_domain_tile/gemmini/ex_controller/mesh/mesh/mesh_11_4                                                             
   738     0.11% 2.11038e-06 3.13110e-03 8.33335e-05 3.21655e-03   9 /ChipTop/system/tile_prci_domain/tile_reset_domain_tile/gemmini/ex_controller/mesh/mesh/mesh_11_4/tile_0_0                                                    
   163     0.02% 5.37394e-07 2.83639e-05 2.65751e-05 5.54764e-05  10 /ChipTop/system/tile_prci_domain/tile_reset_domain_tile/gemmini/ex_controller/mesh/mesh/mesh_11_4/tile_0_0/mac_unit                                           
   741     0.11% 2.05043e-06 3.12785e-03 8.64162e-05 3.21631e-03   8 /ChipTop/system/tile_prci_domain/tile_reset_domain_tile/gemmini/ex_controller/mesh/mesh/mesh_8_11                                                             
   741     0.11% 2.05043e-06 3.12785e-03 8.64162e-05 3.21631e-03   9 /ChipTop/system/tile_prci_domain/tile_reset_domain_tile/gemmini/ex_controller/mesh/mesh/mesh_8_11/tile_0_0                                                    
   166     0.03% 5.22199e-07 2.77937e-05 2.72571e-05 5.55729e-05  10 /ChipTop/system/tile_prci_domain/tile_reset_domain_tile/gemmini/ex_controller/mesh/mesh/mesh_8_11/tile_0_0/mac_unit                                           
   741     0.11% 2.04916e-06 3.12763e-03 8.58688e-05 3.21555e-03   8 /ChipTop/system/tile_prci_domain/tile_reset_domain_tile/gemmini/ex_controller/mesh/mesh/mesh_13_9                                                             
   741     0.11% 2.04916e-06 3.12763e-03 8.58688e-05 3.21555e-03   9 /ChipTop/system/tile_prci_domain/tile_reset_domain_tile/gemmini/ex_controller/mesh/mesh/mesh_13_9/tile_0_0                                                    
   166     0.03% 5.17389e-07 2.66682e-05 2.51329e-05 5.23184e-05  10 /ChipTop/system/tile_prci_domain/tile_reset_domain_tile/gemmini/ex_controller/mesh/mesh/mesh_13_9/tile_0_0/mac_unit                                           
   741     0.11% 2.10295e-06 3.13183e-03 8.15623e-05 3.21549e-03   8 /ChipTop/system/tile_prci_domain/tile_reset_domain_tile/gemmini/ex_controller/mesh/mesh/mesh_14_3                                                             
   741     0.11% 2.10295e-06 3.13183e-03 8.15623e-05 3.21549e-03   9 /ChipTop/system/tile_prci_domain/tile_reset_domain_tile/gemmini/ex_controller/mesh/mesh/mesh_14_3/tile_0_0                                                    
   166     0.03% 5.34160e-07 2.26028e-05 2.08639e-05 4.40009e-05  10 /ChipTop/system/tile_prci_domain/tile_reset_domain_tile/gemmini/ex_controller/mesh/mesh/mesh_14_3/tile_0_0/mac_unit                                           
   738     0.11% 2.10005e-06 3.12944e-03 8.32636e-05 3.21481e-03   8 /ChipTop/system/tile_prci_domain/tile_reset_domain_tile/gemmini/ex_controller/mesh/mesh/mesh_12_15                                                            
   738     0.11% 2.10005e-06 3.12944e-03 8.32636e-05 3.21481e-03   9 /ChipTop/system/tile_prci_domain/tile_reset_domain_tile/gemmini/ex_controller/mesh/mesh/mesh_12_15/tile_0_0                                                   
   163     0.02% 5.42688e-07 2.50867e-05 2.14687e-05 4.70981e-05  10 /ChipTop/system/tile_prci_domain/tile_reset_domain_tile/gemmini/ex_controller/mesh/mesh/mesh_12_15/tile_0_0/mac_unit                                          
   740     0.11% 2.09388e-06 3.12781e-03 8.38578e-05 3.21377e-03   8 /ChipTop/system/tile_prci_domain/tile_reset_domain_tile/gemmini/ex_controller/mesh/mesh/mesh_8_10                                                             
   740     0.11% 2.09388e-06 3.12781e-03 8.38578e-05 3.21377e-03   9 /ChipTop/system/tile_prci_domain/tile_reset_domain_tile/gemmini/ex_controller/mesh/mesh/mesh_8_10/tile_0_0                                                    
   163     0.02% 5.21012e-07 2.35790e-05 2.32758e-05 4.73758e-05  10 /ChipTop/system/tile_prci_domain/tile_reset_domain_tile/gemmini/ex_controller/mesh/mesh/mesh_8_10/tile_0_0/mac_unit                                           
   738     0.11% 2.09031e-06 3.13112e-03 8.04945e-05 3.21370e-03   8 /ChipTop/system/tile_prci_domain/tile_reset_domain_tile/gemmini/ex_controller/mesh/mesh/mesh_10_8                                                             
   738     0.11% 2.09031e-06 3.13112e-03 8.04945e-05 3.21370e-03   9 /ChipTop/system/tile_prci_domain/tile_reset_domain_tile/gemmini/ex_controller/mesh/mesh/mesh_10_8/tile_0_0                                                    
   163     0.02% 5.34288e-07 2.45495e-05 2.20557e-05 4.71395e-05  10 /ChipTop/system/tile_prci_domain/tile_reset_domain_tile/gemmini/ex_controller/mesh/mesh/mesh_10_8/tile_0_0/mac_unit                                           
   741     0.11% 2.07598e-06 3.12622e-03 8.39943e-05 3.21229e-03   8 /ChipTop/system/tile_prci_domain/tile_reset_domain_tile/gemmini/ex_controller/mesh/mesh/mesh_7_11                                                             
   741     0.11% 2.07598e-06 3.12622e-03 8.39943e-05 3.21229e-03   9 /ChipTop/system/tile_prci_domain/tile_reset_domain_tile/gemmini/ex_controller/mesh/mesh/mesh_7_11/tile_0_0                                                    
   166     0.03% 5.32801e-07 2.97909e-05 2.89131e-05 5.92367e-05  10 /ChipTop/system/tile_prci_domain/tile_reset_domain_tile/gemmini/ex_controller/mesh/mesh/mesh_7_11/tile_0_0/mac_unit                                           
   741     0.11% 2.09551e-06 3.13011e-03 8.00093e-05 3.21222e-03   8 /ChipTop/system/tile_prci_domain/tile_reset_domain_tile/gemmini/ex_controller/mesh/mesh/mesh_12_6                                                             
   741     0.11% 2.09551e-06 3.13011e-03 8.00093e-05 3.21222e-03   9 /ChipTop/system/tile_prci_domain/tile_reset_domain_tile/gemmini/ex_controller/mesh/mesh/mesh_12_6/tile_0_0                                                    
   166     0.03% 5.32338e-07 2.34702e-05 2.13804e-05 4.53829e-05  10 /ChipTop/system/tile_prci_domain/tile_reset_domain_tile/gemmini/ex_controller/mesh/mesh/mesh_12_6/tile_0_0/mac_unit                                           
   738     0.11% 2.05556e-06 3.12656e-03 8.27018e-05 3.21131e-03   8 /ChipTop/system/tile_prci_domain/tile_reset_domain_tile/gemmini/ex_controller/mesh/mesh/mesh_8_13                                                             
   738     0.11% 2.05556e-06 3.12656e-03 8.27018e-05 3.21131e-03   9 /ChipTop/system/tile_prci_domain/tile_reset_domain_tile/gemmini/ex_controller/mesh/mesh/mesh_8_13/tile_0_0                                                    
   163     0.02% 5.36768e-07 2.93501e-05 2.74967e-05 5.73836e-05  10 /ChipTop/system/tile_prci_domain/tile_reset_domain_tile/gemmini/ex_controller/mesh/mesh/mesh_8_13/tile_0_0/mac_unit                                           
   741     0.11% 2.06963e-06 3.12576e-03 8.33494e-05 3.21118e-03   8 /ChipTop/system/tile_prci_domain/tile_reset_domain_tile/gemmini/ex_controller/mesh/mesh/mesh_11_9                                                             
   741     0.11% 2.06963e-06 3.12576e-03 8.33494e-05 3.21118e-03   9 /ChipTop/system/tile_prci_domain/tile_reset_domain_tile/gemmini/ex_controller/mesh/mesh/mesh_11_9/tile_0_0                                                    
   166     0.03% 5.32435e-07 2.66942e-05 2.43411e-05 5.15678e-05  10 /ChipTop/system/tile_prci_domain/tile_reset_domain_tile/gemmini/ex_controller/mesh/mesh/mesh_11_9/tile_0_0/mac_unit                                           
   738     0.11% 2.09786e-06 3.12795e-03 7.95047e-05 3.20955e-03   8 /ChipTop/system/tile_prci_domain/tile_reset_domain_tile/gemmini/ex_controller/mesh/mesh/mesh_9_8                                                              
   738     0.11% 2.09786e-06 3.12795e-03 7.95047e-05 3.20955e-03   9 /ChipTop/system/tile_prci_domain/tile_reset_domain_tile/gemmini/ex_controller/mesh/mesh/mesh_9_8/tile_0_0                                                     
   163     0.02% 5.36938e-07 2.71308e-05 2.53481e-05 5.30159e-05  10 /ChipTop/system/tile_prci_domain/tile_reset_domain_tile/gemmini/ex_controller/mesh/mesh/mesh_9_8/tile_0_0/mac_unit                                            
   738     0.11% 2.06508e-06 3.12589e-03 8.12575e-05 3.20921e-03   8 /ChipTop/system/tile_prci_domain/tile_reset_domain_tile/gemmini/ex_controller/mesh/mesh/mesh_15_2                                                             
   738     0.11% 2.06508e-06 3.12589e-03 8.12575e-05 3.20921e-03   9 /ChipTop/system/tile_prci_domain/tile_reset_domain_tile/gemmini/ex_controller/mesh/mesh/mesh_15_2/tile_0_0                                                    
   163     0.02% 5.33597e-07 2.46654e-05 2.31401e-05 4.83391e-05  10 /ChipTop/system/tile_prci_domain/tile_reset_domain_tile/gemmini/ex_controller/mesh/mesh/mesh_15_2/tile_0_0/mac_unit                                           
   738     0.11% 2.07207e-06 3.12700e-03 7.96124e-05 3.20869e-03   8 /ChipTop/system/tile_prci_domain/tile_reset_domain_tile/gemmini/ex_controller/mesh/mesh/mesh_14_1                                                             
   738     0.11% 2.07207e-06 3.12700e-03 7.96124e-05 3.20869e-03   9 /ChipTop/system/tile_prci_domain/tile_reset_domain_tile/gemmini/ex_controller/mesh/mesh/mesh_14_1/tile_0_0                                                    
   163     0.02% 5.37886e-07 2.24198e-05 2.12959e-05 4.42536e-05  10 /ChipTop/system/tile_prci_domain/tile_reset_domain_tile/gemmini/ex_controller/mesh/mesh/mesh_14_1/tile_0_0/mac_unit                                           
   741     0.11% 2.06634e-06 3.12376e-03 8.26810e-05 3.20851e-03   8 /ChipTop/system/tile_prci_domain/tile_reset_domain_tile/gemmini/ex_controller/mesh/mesh/mesh_12_9                                                             
   741     0.11% 2.06634e-06 3.12376e-03 8.26810e-05 3.20851e-03   9 /ChipTop/system/tile_prci_domain/tile_reset_domain_tile/gemmini/ex_controller/mesh/mesh/mesh_12_9/tile_0_0                                                    
   166     0.03% 5.37722e-07 2.68470e-05 2.48056e-05 5.21904e-05  10 /ChipTop/system/tile_prci_domain/tile_reset_domain_tile/gemmini/ex_controller/mesh/mesh/mesh_12_9/tile_0_0/mac_unit                                           
   741     0.11% 2.04775e-06 3.12537e-03 8.00214e-05 3.20744e-03   8 /ChipTop/system/tile_prci_domain/tile_reset_domain_tile/gemmini/ex_controller/mesh/mesh/mesh_12_7                                                             
   741     0.11% 2.04775e-06 3.12537e-03 8.00214e-05 3.20744e-03   9 /ChipTop/system/tile_prci_domain/tile_reset_domain_tile/gemmini/ex_controller/mesh/mesh/mesh_12_7/tile_0_0                                                    
   166     0.03% 5.31157e-07 2.70445e-05 2.50225e-05 5.25982e-05  10 /ChipTop/system/tile_prci_domain/tile_reset_domain_tile/gemmini/ex_controller/mesh/mesh/mesh_12_7/tile_0_0/mac_unit                                           
   738     0.11% 2.11312e-06 3.12549e-03 7.94612e-05 3.20706e-03   8 /ChipTop/system/tile_prci_domain/tile_reset_domain_tile/gemmini/ex_controller/mesh/mesh/mesh_12_4                                                             
   738     0.11% 2.11312e-06 3.12549e-03 7.94612e-05 3.20706e-03   9 /ChipTop/system/tile_prci_domain/tile_reset_domain_tile/gemmini/ex_controller/mesh/mesh/mesh_12_4/tile_0_0                                                    
   163     0.02% 5.47448e-07 2.16114e-05 1.97949e-05 4.19537e-05  10 /ChipTop/system/tile_prci_domain/tile_reset_domain_tile/gemmini/ex_controller/mesh/mesh/mesh_12_4/tile_0_0/mac_unit                                           
   738     0.11% 2.07576e-06 3.12620e-03 7.82596e-05 3.20654e-03   8 /ChipTop/system/tile_prci_domain/tile_reset_domain_tile/gemmini/ex_controller/mesh/mesh/mesh_13_1                                                             
   738     0.11% 2.07576e-06 3.12620e-03 7.82596e-05 3.20654e-03   9 /ChipTop/system/tile_prci_domain/tile_reset_domain_tile/gemmini/ex_controller/mesh/mesh/mesh_13_1/tile_0_0                                                    
   163     0.02% 5.31039e-07 2.34552e-05 2.24397e-05 4.64260e-05  10 /ChipTop/system/tile_prci_domain/tile_reset_domain_tile/gemmini/ex_controller/mesh/mesh/mesh_13_1/tile_0_0/mac_unit                                           
   741     0.11% 2.10011e-06 3.12693e-03 7.73891e-05 3.20642e-03   8 /ChipTop/system/tile_prci_domain/tile_reset_domain_tile/gemmini/ex_controller/mesh/mesh/mesh_11_6                                                             
   741     0.11% 2.10011e-06 3.12693e-03 7.73891e-05 3.20642e-03   9 /ChipTop/system/tile_prci_domain/tile_reset_domain_tile/gemmini/ex_controller/mesh/mesh/mesh_11_6/tile_0_0                                                    
   166     0.03% 5.29998e-07 2.58694e-05 2.43123e-05 5.07116e-05  10 /ChipTop/system/tile_prci_domain/tile_reset_domain_tile/gemmini/ex_controller/mesh/mesh/mesh_11_6/tile_0_0/mac_unit                                           
   741     0.11% 2.07131e-06 3.12235e-03 8.19551e-05 3.20638e-03   8 /ChipTop/system/tile_prci_domain/tile_reset_domain_tile/gemmini/ex_controller/mesh/mesh/mesh_6_11                                                             
   741     0.11% 2.07131e-06 3.12235e-03 8.19551e-05 3.20638e-03   9 /ChipTop/system/tile_prci_domain/tile_reset_domain_tile/gemmini/ex_controller/mesh/mesh/mesh_6_11/tile_0_0                                                    
   166     0.03% 5.29128e-07 3.08599e-05 3.02851e-05 6.16741e-05  10 /ChipTop/system/tile_prci_domain/tile_reset_domain_tile/gemmini/ex_controller/mesh/mesh/mesh_6_11/tile_0_0/mac_unit                                           
   741     0.11% 2.06434e-06 3.12265e-03 8.10512e-05 3.20576e-03   8 /ChipTop/system/tile_prci_domain/tile_reset_domain_tile/gemmini/ex_controller/mesh/mesh/mesh_11_7                                                             
   741     0.11% 2.06434e-06 3.12265e-03 8.10512e-05 3.20576e-03   9 /ChipTop/system/tile_prci_domain/tile_reset_domain_tile/gemmini/ex_controller/mesh/mesh/mesh_11_7/tile_0_0                                                    
   166     0.03% 5.31236e-07 3.07672e-05 2.90897e-05 6.03881e-05  10 /ChipTop/system/tile_prci_domain/tile_reset_domain_tile/gemmini/ex_controller/mesh/mesh/mesh_11_7/tile_0_0/mac_unit                                           
   741     0.11% 2.10020e-06 3.12236e-03 8.08717e-05 3.20533e-03   8 /ChipTop/system/tile_prci_domain/tile_reset_domain_tile/gemmini/ex_controller/mesh/mesh/mesh_6_13                                                             
   741     0.11% 2.10020e-06 3.12236e-03 8.08717e-05 3.20533e-03   9 /ChipTop/system/tile_prci_domain/tile_reset_domain_tile/gemmini/ex_controller/mesh/mesh/mesh_6_13/tile_0_0                                                    
   166     0.03% 5.30807e-07 3.33337e-05 3.20691e-05 6.59335e-05  10 /ChipTop/system/tile_prci_domain/tile_reset_domain_tile/gemmini/ex_controller/mesh/mesh/mesh_6_13/tile_0_0/mac_unit                                           
   738     0.11% 2.10898e-06 3.12509e-03 7.80812e-05 3.20528e-03   8 /ChipTop/system/tile_prci_domain/tile_reset_domain_tile/gemmini/ex_controller/mesh/mesh/mesh_12_1                                                             
   738     0.11% 2.10898e-06 3.12509e-03 7.80812e-05 3.20528e-03   9 /ChipTop/system/tile_prci_domain/tile_reset_domain_tile/gemmini/ex_controller/mesh/mesh/mesh_12_1/tile_0_0                                                    
   163     0.02% 5.43528e-07 2.20852e-05 2.11658e-05 4.37945e-05  10 /ChipTop/system/tile_prci_domain/tile_reset_domain_tile/gemmini/ex_controller/mesh/mesh/mesh_12_1/tile_0_0/mac_unit                                           
   741     0.11% 2.05526e-06 3.12363e-03 7.93845e-05 3.20507e-03   8 /ChipTop/system/tile_prci_domain/tile_reset_domain_tile/gemmini/ex_controller/mesh/mesh/mesh_11_5                                                             
   741     0.11% 2.05526e-06 3.12363e-03 7.93845e-05 3.20507e-03   9 /ChipTop/system/tile_prci_domain/tile_reset_domain_tile/gemmini/ex_controller/mesh/mesh/mesh_11_5/tile_0_0                                                    
   166     0.03% 5.32577e-07 2.77144e-05 2.58296e-05 5.40766e-05  10 /ChipTop/system/tile_prci_domain/tile_reset_domain_tile/gemmini/ex_controller/mesh/mesh/mesh_11_5/tile_0_0/mac_unit                                           
   741     0.11% 2.09384e-06 3.12510e-03 7.76225e-05 3.20482e-03   8 /ChipTop/system/tile_prci_domain/tile_reset_domain_tile/gemmini/ex_controller/mesh/mesh/mesh_12_3                                                             
   741     0.11% 2.09384e-06 3.12510e-03 7.76225e-05 3.20482e-03   9 /ChipTop/system/tile_prci_domain/tile_reset_domain_tile/gemmini/ex_controller/mesh/mesh/mesh_12_3/tile_0_0                                                    
   166     0.03% 5.37819e-07 2.15727e-05 1.95384e-05 4.16489e-05  10 /ChipTop/system/tile_prci_domain/tile_reset_domain_tile/gemmini/ex_controller/mesh/mesh/mesh_12_3/tile_0_0/mac_unit                                           
   741     0.11% 2.07529e-06 3.12560e-03 7.67753e-05 3.20445e-03   8 /ChipTop/system/tile_prci_domain/tile_reset_domain_tile/gemmini/ex_controller/mesh/mesh/mesh_8_14                                                             
   741     0.11% 2.07529e-06 3.12560e-03 7.67753e-05 3.20445e-03   9 /ChipTop/system/tile_prci_domain/tile_reset_domain_tile/gemmini/ex_controller/mesh/mesh/mesh_8_14/tile_0_0                                                    
   166     0.03% 5.25529e-07 2.76017e-05 2.48943e-05 5.30215e-05  10 /ChipTop/system/tile_prci_domain/tile_reset_domain_tile/gemmini/ex_controller/mesh/mesh/mesh_8_14/tile_0_0/mac_unit                                           
   738     0.11% 2.07318e-06 3.12296e-03 7.92590e-05 3.20429e-03   8 /ChipTop/system/tile_prci_domain/tile_reset_domain_tile/gemmini/ex_controller/mesh/mesh/mesh_13_2                                                             
   738     0.11% 2.07318e-06 3.12296e-03 7.92590e-05 3.20429e-03   9 /ChipTop/system/tile_prci_domain/tile_reset_domain_tile/gemmini/ex_controller/mesh/mesh/mesh_13_2/tile_0_0                                                    
   163     0.02% 5.35873e-07 2.55704e-05 2.44188e-05 5.05250e-05  10 /ChipTop/system/tile_prci_domain/tile_reset_domain_tile/gemmini/ex_controller/mesh/mesh/mesh_13_2/tile_0_0/mac_unit                                           
   740     0.11% 2.13301e-06 3.12315e-03 7.83498e-05 3.20363e-03   8 /ChipTop/system/tile_prci_domain/tile_reset_domain_tile/gemmini/ex_controller/mesh/mesh/mesh_10_4                                                             
   740     0.11% 2.13301e-06 3.12315e-03 7.83498e-05 3.20363e-03   9 /ChipTop/system/tile_prci_domain/tile_reset_domain_tile/gemmini/ex_controller/mesh/mesh/mesh_10_4/tile_0_0                                                    
   163     0.02% 5.47749e-07 2.38081e-05 2.41164e-05 4.84723e-05  10 /ChipTop/system/tile_prci_domain/tile_reset_domain_tile/gemmini/ex_controller/mesh/mesh/mesh_10_4/tile_0_0/mac_unit                                           
   741     0.11% 2.07652e-06 3.12469e-03 7.64481e-05 3.20322e-03   8 /ChipTop/system/tile_prci_domain/tile_reset_domain_tile/gemmini/ex_controller/mesh/mesh/mesh_13_3                                                             
   741     0.11% 2.07652e-06 3.12469e-03 7.64481e-05 3.20322e-03   9 /ChipTop/system/tile_prci_domain/tile_reset_domain_tile/gemmini/ex_controller/mesh/mesh/mesh_13_3/tile_0_0                                                    
   166     0.03% 5.18924e-07 2.06555e-05 1.86905e-05 3.98649e-05  10 /ChipTop/system/tile_prci_domain/tile_reset_domain_tile/gemmini/ex_controller/mesh/mesh/mesh_13_3/tile_0_0/mac_unit                                           
   738     0.11% 2.10608e-06 3.12037e-03 8.05529e-05 3.20302e-03   8 /ChipTop/system/tile_prci_domain/tile_reset_domain_tile/gemmini/ex_controller/mesh/mesh/mesh_6_15                                                             
   738     0.11% 2.10608e-06 3.12037e-03 8.05529e-05 3.20302e-03   9 /ChipTop/system/tile_prci_domain/tile_reset_domain_tile/gemmini/ex_controller/mesh/mesh/mesh_6_15/tile_0_0                                                    
   163     0.02% 5.33445e-07 3.03493e-05 2.79966e-05 5.88794e-05  10 /ChipTop/system/tile_prci_domain/tile_reset_domain_tile/gemmini/ex_controller/mesh/mesh/mesh_6_15/tile_0_0/mac_unit                                           
   740     0.11% 2.09751e-06 3.12161e-03 7.93115e-05 3.20302e-03   8 /ChipTop/system/tile_prci_domain/tile_reset_domain_tile/gemmini/ex_controller/mesh/mesh/mesh_7_13                                                             
   740     0.11% 2.09751e-06 3.12161e-03 7.93115e-05 3.20302e-03   9 /ChipTop/system/tile_prci_domain/tile_reset_domain_tile/gemmini/ex_controller/mesh/mesh/mesh_7_13/tile_0_0                                                    
   163     0.02% 5.45753e-07 2.84119e-05 2.86202e-05 5.75779e-05  10 /ChipTop/system/tile_prci_domain/tile_reset_domain_tile/gemmini/ex_controller/mesh/mesh/mesh_7_13/tile_0_0/mac_unit                                           
   738     0.11% 2.07795e-06 3.12704e-03 7.38421e-05 3.20296e-03   8 /ChipTop/system/tile_prci_domain/tile_reset_domain_tile/gemmini/ex_controller/mesh/mesh/mesh_15_12                                                            
   738     0.11% 2.07795e-06 3.12704e-03 7.38421e-05 3.20296e-03   9 /ChipTop/system/tile_prci_domain/tile_reset_domain_tile/gemmini/ex_controller/mesh/mesh/mesh_15_12/tile_0_0                                                   
   163     0.02% 5.38229e-07 2.19492e-05 1.85646e-05 4.10520e-05  10 /ChipTop/system/tile_prci_domain/tile_reset_domain_tile/gemmini/ex_controller/mesh/mesh/mesh_15_12/tile_0_0/mac_unit                                          
   738     0.11% 2.07778e-06 3.12180e-03 7.80106e-05 3.20189e-03   8 /ChipTop/system/tile_prci_domain/tile_reset_domain_tile/gemmini/ex_controller/mesh/mesh/mesh_10_15                                                            
   738     0.11% 2.07778e-06 3.12180e-03 7.80106e-05 3.20189e-03   9 /ChipTop/system/tile_prci_domain/tile_reset_domain_tile/gemmini/ex_controller/mesh/mesh/mesh_10_15/tile_0_0                                                   
   163     0.02% 5.41509e-07 2.30589e-05 2.02644e-05 4.38649e-05  10 /ChipTop/system/tile_prci_domain/tile_reset_domain_tile/gemmini/ex_controller/mesh/mesh/mesh_10_15/tile_0_0/mac_unit                                          
   741     0.11% 2.06434e-06 3.12111e-03 7.85066e-05 3.20168e-03   8 /ChipTop/system/tile_prci_domain/tile_reset_domain_tile/gemmini/ex_controller/mesh/mesh/mesh_9_5                                                              
   741     0.11% 2.06434e-06 3.12111e-03 7.85066e-05 3.20168e-03   9 /ChipTop/system/tile_prci_domain/tile_reset_domain_tile/gemmini/ex_controller/mesh/mesh/mesh_9_5/tile_0_0                                                     
   166     0.03% 5.31438e-07 2.50662e-05 2.42912e-05 4.98889e-05  10 /ChipTop/system/tile_prci_domain/tile_reset_domain_tile/gemmini/ex_controller/mesh/mesh/mesh_9_5/tile_0_0/mac_unit                                            
   738     0.11% 2.07364e-06 3.12123e-03 7.83015e-05 3.20161e-03   8 /ChipTop/system/tile_prci_domain/tile_reset_domain_tile/gemmini/ex_controller/mesh/mesh/mesh_14_2                                                             
   738     0.11% 2.07364e-06 3.12123e-03 7.83015e-05 3.20161e-03   9 /ChipTop/system/tile_prci_domain/tile_reset_domain_tile/gemmini/ex_controller/mesh/mesh/mesh_14_2/tile_0_0                                                    
   163     0.02% 5.39850e-07 2.54247e-05 2.40994e-05 5.00639e-05  10 /ChipTop/system/tile_prci_domain/tile_reset_domain_tile/gemmini/ex_controller/mesh/mesh/mesh_14_2/tile_0_0/mac_unit                                           
   740     0.11% 2.07758e-06 3.12122e-03 7.73114e-05 3.20060e-03   8 /ChipTop/system/tile_prci_domain/tile_reset_domain_tile/gemmini/ex_controller/mesh/mesh/mesh_11_1                                                             
   740     0.11% 2.07758e-06 3.12122e-03 7.73114e-05 3.20060e-03   9 /ChipTop/system/tile_prci_domain/tile_reset_domain_tile/gemmini/ex_controller/mesh/mesh/mesh_11_1/tile_0_0                                                    
   163     0.02% 5.41004e-07 2.55855e-05 2.62801e-05 5.24066e-05  10 /ChipTop/system/tile_prci_domain/tile_reset_domain_tile/gemmini/ex_controller/mesh/mesh/mesh_11_1/tile_0_0/mac_unit                                           
   741     0.11% 2.07832e-06 3.11875e-03 7.85887e-05 3.19942e-03   8 /ChipTop/system/tile_prci_domain/tile_reset_domain_tile/gemmini/ex_controller/mesh/mesh/mesh_5_11                                                             
   741     0.11% 2.07832e-06 3.11875e-03 7.85887e-05 3.19942e-03   9 /ChipTop/system/tile_prci_domain/tile_reset_domain_tile/gemmini/ex_controller/mesh/mesh/mesh_5_11/tile_0_0                                                    
   166     0.03% 5.33565e-07 2.94542e-05 2.89615e-05 5.89493e-05  10 /ChipTop/system/tile_prci_domain/tile_reset_domain_tile/gemmini/ex_controller/mesh/mesh/mesh_5_11/tile_0_0/mac_unit                                           
   741     0.11% 2.07793e-06 3.12243e-03 7.41267e-05 3.19864e-03   8 /ChipTop/system/tile_prci_domain/tile_reset_domain_tile/gemmini/ex_controller/mesh/mesh/mesh_10_6                                                             
   741     0.11% 2.07793e-06 3.12243e-03 7.41267e-05 3.19864e-03   9 /ChipTop/system/tile_prci_domain/tile_reset_domain_tile/gemmini/ex_controller/mesh/mesh/mesh_10_6/tile_0_0                                                    
   166     0.03% 5.25344e-07 2.44163e-05 2.24324e-05 4.73740e-05  10 /ChipTop/system/tile_prci_domain/tile_reset_domain_tile/gemmini/ex_controller/mesh/mesh/mesh_10_6/tile_0_0/mac_unit                                           
   741     0.11% 2.07937e-06 3.12306e-03 7.34674e-05 3.19860e-03   8 /ChipTop/system/tile_prci_domain/tile_reset_domain_tile/gemmini/ex_controller/mesh/mesh/mesh_15_0                                                             
   741     0.11% 2.07937e-06 3.12306e-03 7.34674e-05 3.19860e-03   9 /ChipTop/system/tile_prci_domain/tile_reset_domain_tile/gemmini/ex_controller/mesh/mesh/mesh_15_0/tile_0_0                                                    
   166     0.03% 5.28926e-07 2.53398e-05 2.44049e-05 5.02737e-05  10 /ChipTop/system/tile_prci_domain/tile_reset_domain_tile/gemmini/ex_controller/mesh/mesh/mesh_15_0/tile_0_0/mac_unit                                           
   738     0.11% 2.08743e-06 3.12264e-03 7.32120e-05 3.19793e-03   8 /ChipTop/system/tile_prci_domain/tile_reset_domain_tile/gemmini/ex_controller/mesh/mesh/mesh_14_12                                                            
   738     0.11% 2.08743e-06 3.12264e-03 7.32120e-05 3.19793e-03   9 /ChipTop/system/tile_prci_domain/tile_reset_domain_tile/gemmini/ex_controller/mesh/mesh/mesh_14_12/tile_0_0                                                   
   163     0.02% 5.38188e-07 2.31039e-05 2.01640e-05 4.38061e-05  10 /ChipTop/system/tile_prci_domain/tile_reset_domain_tile/gemmini/ex_controller/mesh/mesh/mesh_14_12/tile_0_0/mac_unit                                          
   738     0.11% 2.09823e-06 3.12062e-03 7.51743e-05 3.19789e-03   8 /ChipTop/system/tile_prci_domain/tile_reset_domain_tile/gemmini/ex_controller/mesh/mesh/mesh_9_4                                                              
   738     0.11% 2.09823e-06 3.12062e-03 7.51743e-05 3.19789e-03   9 /ChipTop/system/tile_prci_domain/tile_reset_domain_tile/gemmini/ex_controller/mesh/mesh/mesh_9_4/tile_0_0                                                     
   163     0.02% 5.38616e-07 2.35407e-05 2.20120e-05 4.60913e-05  10 /ChipTop/system/tile_prci_domain/tile_reset_domain_tile/gemmini/ex_controller/mesh/mesh/mesh_9_4/tile_0_0/mac_unit                                            
   741     0.11% 2.13091e-06 3.11945e-03 7.59976e-05 3.19757e-03   8 /ChipTop/system/tile_prci_domain/tile_reset_domain_tile/gemmini/ex_controller/mesh/mesh/mesh_8_5                                                              
   741     0.11% 2.13091e-06 3.11945e-03 7.59976e-05 3.19757e-03   9 /ChipTop/system/tile_prci_domain/tile_reset_domain_tile/gemmini/ex_controller/mesh/mesh/mesh_8_5/tile_0_0                                                     
   166     0.03% 5.28141e-07 2.23251e-05 2.15061e-05 4.43593e-05  10 /ChipTop/system/tile_prci_domain/tile_reset_domain_tile/gemmini/ex_controller/mesh/mesh/mesh_8_5/tile_0_0/mac_unit                                            
   738     0.11% 2.07675e-06 3.11816e-03 7.53717e-05 3.19561e-03   8 /ChipTop/system/tile_prci_domain/tile_reset_domain_tile/gemmini/ex_controller/mesh/mesh/mesh_8_15                                                             
   738     0.11% 2.07675e-06 3.11816e-03 7.53717e-05 3.19561e-03   9 /ChipTop/system/tile_prci_domain/tile_reset_domain_tile/gemmini/ex_controller/mesh/mesh/mesh_8_15/tile_0_0                                                    
   163     0.02% 5.25863e-07 2.36840e-05 2.09178e-05 4.51277e-05  10 /ChipTop/system/tile_prci_domain/tile_reset_domain_tile/gemmini/ex_controller/mesh/mesh/mesh_8_15/tile_0_0/mac_unit                                           
   741     0.11% 2.05062e-06 3.11770e-03 7.56613e-05 3.19541e-03   8 /ChipTop/system/tile_prci_domain/tile_reset_domain_tile/gemmini/ex_controller/mesh/mesh/mesh_9_7                                                              
   741     0.11% 2.05062e-06 3.11770e-03 7.56613e-05 3.19541e-03   9 /ChipTop/system/tile_prci_domain/tile_reset_domain_tile/gemmini/ex_controller/mesh/mesh/mesh_9_7/tile_0_0                                                     
   166     0.03% 5.21765e-07 2.86429e-05 2.67092e-05 5.58739e-05  10 /ChipTop/system/tile_prci_domain/tile_reset_domain_tile/gemmini/ex_controller/mesh/mesh/mesh_9_7/tile_0_0/mac_unit                                            
   741     0.11% 2.05339e-06 3.11633e-03 7.62422e-05 3.19462e-03   8 /ChipTop/system/tile_prci_domain/tile_reset_domain_tile/gemmini/ex_controller/mesh/mesh/mesh_10_7                                                             
   741     0.11% 2.05339e-06 3.11633e-03 7.62422e-05 3.19462e-03   9 /ChipTop/system/tile_prci_domain/tile_reset_domain_tile/gemmini/ex_controller/mesh/mesh/mesh_10_7/tile_0_0                                                    
   166     0.03% 5.33346e-07 2.63641e-05 2.47455e-05 5.16430e-05  10 /ChipTop/system/tile_prci_domain/tile_reset_domain_tile/gemmini/ex_controller/mesh/mesh/mesh_10_7/tile_0_0/mac_unit                                           
   738     0.11% 2.07618e-06 3.12030e-03 7.13136e-05 3.19369e-03   8 /ChipTop/system/tile_prci_domain/tile_reset_domain_tile/gemmini/ex_controller/mesh/mesh/mesh_13_0                                                             
   738     0.11% 2.07618e-06 3.12030e-03 7.13136e-05 3.19369e-03   9 /ChipTop/system/tile_prci_domain/tile_reset_domain_tile/gemmini/ex_controller/mesh/mesh/mesh_13_0/tile_0_0                                                    
   163     0.02% 5.31309e-07 2.09706e-05 1.98948e-05 4.13967e-05  10 /ChipTop/system/tile_prci_domain/tile_reset_domain_tile/gemmini/ex_controller/mesh/mesh/mesh_13_0/tile_0_0/mac_unit                                           
   740     0.11% 2.10285e-06 3.11835e-03 7.23723e-05 3.19283e-03   8 /ChipTop/system/tile_prci_domain/tile_reset_domain_tile/gemmini/ex_controller/mesh/mesh/mesh_8_8                                                              
   740     0.11% 2.10285e-06 3.11835e-03 7.23723e-05 3.19283e-03   9 /ChipTop/system/tile_prci_domain/tile_reset_domain_tile/gemmini/ex_controller/mesh/mesh/mesh_8_8/tile_0_0                                                     
   163     0.02% 5.42035e-07 2.27225e-05 2.27145e-05 4.59791e-05  10 /ChipTop/system/tile_prci_domain/tile_reset_domain_tile/gemmini/ex_controller/mesh/mesh/mesh_8_8/tile_0_0/mac_unit                                            
   741     0.11% 2.07391e-06 3.11830e-03 7.24187e-05 3.19279e-03   8 /ChipTop/system/tile_prci_domain/tile_reset_domain_tile/gemmini/ex_controller/mesh/mesh/mesh_11_3                                                             
   741     0.11% 2.07391e-06 3.11830e-03 7.24187e-05 3.19279e-03   9 /ChipTop/system/tile_prci_domain/tile_reset_domain_tile/gemmini/ex_controller/mesh/mesh/mesh_11_3/tile_0_0                                                    
   166     0.03% 5.35001e-07 2.14612e-05 1.93686e-05 4.13648e-05  10 /ChipTop/system/tile_prci_domain/tile_reset_domain_tile/gemmini/ex_controller/mesh/mesh/mesh_11_3/tile_0_0/mac_unit                                           
   738     0.11% 2.08110e-06 3.11613e-03 7.42612e-05 3.19248e-03   8 /ChipTop/system/tile_prci_domain/tile_reset_domain_tile/gemmini/ex_controller/mesh/mesh/mesh_9_15                                                             
   738     0.11% 2.08110e-06 3.11613e-03 7.42612e-05 3.19248e-03   9 /ChipTop/system/tile_prci_domain/tile_reset_domain_tile/gemmini/ex_controller/mesh/mesh/mesh_9_15/tile_0_0                                                    
   163     0.02% 5.33725e-07 2.16803e-05 1.88312e-05 4.10452e-05  10 /ChipTop/system/tile_prci_domain/tile_reset_domain_tile/gemmini/ex_controller/mesh/mesh/mesh_9_15/tile_0_0/mac_unit                                           
   741     0.11% 2.10003e-06 3.11850e-03 7.11934e-05 3.19179e-03   8 /ChipTop/system/tile_prci_domain/tile_reset_domain_tile/gemmini/ex_controller/mesh/mesh/mesh_9_6                                                              
   741     0.11% 2.10003e-06 3.11850e-03 7.11934e-05 3.19179e-03   9 /ChipTop/system/tile_prci_domain/tile_reset_domain_tile/gemmini/ex_controller/mesh/mesh/mesh_9_6/tile_0_0                                                     
   166     0.03% 5.30177e-07 2.14805e-05 1.98780e-05 4.18887e-05  10 /ChipTop/system/tile_prci_domain/tile_reset_domain_tile/gemmini/ex_controller/mesh/mesh/mesh_9_6/tile_0_0/mac_unit                                            
   738     0.11% 2.08720e-06 3.11421e-03 7.50211e-05 3.19131e-03   8 /ChipTop/system/tile_prci_domain/tile_reset_domain_tile/gemmini/ex_controller/mesh/mesh/mesh_5_15                                                             
   738     0.11% 2.08720e-06 3.11421e-03 7.50211e-05 3.19131e-03   9 /ChipTop/system/tile_prci_domain/tile_reset_domain_tile/gemmini/ex_controller/mesh/mesh/mesh_5_15/tile_0_0                                                    
   163     0.02% 5.33212e-07 2.60604e-05 2.38850e-05 5.04787e-05  10 /ChipTop/system/tile_prci_domain/tile_reset_domain_tile/gemmini/ex_controller/mesh/mesh/mesh_5_15/tile_0_0/mac_unit                                           
   741     0.11% 2.07515e-06 3.11588e-03 7.27122e-05 3.19067e-03   8 /ChipTop/system/tile_prci_domain/tile_reset_domain_tile/gemmini/ex_controller/mesh/mesh/mesh_7_5                                                              
   741     0.11% 2.07515e-06 3.11588e-03 7.27122e-05 3.19067e-03   9 /ChipTop/system/tile_prci_domain/tile_reset_domain_tile/gemmini/ex_controller/mesh/mesh/mesh_7_5/tile_0_0                                                     
   166     0.03% 5.26794e-07 2.29802e-05 2.20482e-05 4.55553e-05  10 /ChipTop/system/tile_prci_domain/tile_reset_domain_tile/gemmini/ex_controller/mesh/mesh/mesh_7_5/tile_0_0/mac_unit                                            
   740     0.11% 2.06887e-06 3.11206e-03 7.61183e-05 3.19025e-03   8 /ChipTop/system/tile_prci_domain/tile_reset_domain_tile/gemmini/ex_controller/mesh/mesh/mesh_8_9                                                              
   740     0.11% 2.06887e-06 3.11206e-03 7.61183e-05 3.19025e-03   9 /ChipTop/system/tile_prci_domain/tile_reset_domain_tile/gemmini/ex_controller/mesh/mesh/mesh_8_9/tile_0_0                                                     
   163     0.02% 5.28350e-07 2.85330e-05 2.91395e-05 5.82009e-05  10 /ChipTop/system/tile_prci_domain/tile_reset_domain_tile/gemmini/ex_controller/mesh/mesh/mesh_8_9/tile_0_0/mac_unit                                            
   738     0.11% 2.08334e-06 3.11818e-03 6.87910e-05 3.18906e-03   8 /ChipTop/system/tile_prci_domain/tile_reset_domain_tile/gemmini/ex_controller/mesh/mesh/mesh_13_12                                                            
   738     0.11% 2.08334e-06 3.11818e-03 6.87910e-05 3.18906e-03   9 /ChipTop/system/tile_prci_domain/tile_reset_domain_tile/gemmini/ex_controller/mesh/mesh/mesh_13_12/tile_0_0                                                   
   163     0.02% 5.26990e-07 2.08569e-05 1.73402e-05 3.87241e-05  10 /ChipTop/system/tile_prci_domain/tile_reset_domain_tile/gemmini/ex_controller/mesh/mesh/mesh_13_12/tile_0_0/mac_unit                                          
   738     0.11% 2.06554e-06 3.11222e-03 7.45817e-05 3.18887e-03   8 /ChipTop/system/tile_prci_domain/tile_reset_domain_tile/gemmini/ex_controller/mesh/mesh/mesh_7_9                                                              
   738     0.11% 2.06554e-06 3.11222e-03 7.45817e-05 3.18887e-03   9 /ChipTop/system/tile_prci_domain/tile_reset_domain_tile/gemmini/ex_controller/mesh/mesh/mesh_7_9/tile_0_0                                                     
   163     0.02% 5.37507e-07 3.03838e-05 2.87144e-05 5.96357e-05  10 /ChipTop/system/tile_prci_domain/tile_reset_domain_tile/gemmini/ex_controller/mesh/mesh/mesh_7_9/tile_0_0/mac_unit                                            
   738     0.11% 2.10961e-06 3.11730e-03 6.93931e-05 3.18880e-03   8 /ChipTop/system/tile_prci_domain/tile_reset_domain_tile/gemmini/ex_controller/mesh/mesh/mesh_10_1                                                             
   738     0.11% 2.10961e-06 3.11730e-03 6.93931e-05 3.18880e-03   9 /ChipTop/system/tile_prci_domain/tile_reset_domain_tile/gemmini/ex_controller/mesh/mesh/mesh_10_1/tile_0_0                                                    
   163     0.02% 5.41969e-07 1.76362e-05 1.59974e-05 3.41756e-05  10 /ChipTop/system/tile_prci_domain/tile_reset_domain_tile/gemmini/ex_controller/mesh/mesh/mesh_10_1/tile_0_0/mac_unit                                           
   738     0.11% 2.10709e-06 3.11608e-03 6.96527e-05 3.18784e-03   8 /ChipTop/system/tile_prci_domain/tile_reset_domain_tile/gemmini/ex_controller/mesh/mesh/mesh_10_12                                                            
   738     0.11% 2.10709e-06 3.11608e-03 6.96527e-05 3.18784e-03   9 /ChipTop/system/tile_prci_domain/tile_reset_domain_tile/gemmini/ex_controller/mesh/mesh/mesh_10_12/tile_0_0                                                   
   163     0.02% 5.42111e-07 2.08893e-05 1.81168e-05 3.95483e-05  10 /ChipTop/system/tile_prci_domain/tile_reset_domain_tile/gemmini/ex_controller/mesh/mesh/mesh_10_12/tile_0_0/mac_unit                                          
   741     0.11% 2.04809e-06 3.11308e-03 7.25179e-05 3.18764e-03   8 /ChipTop/system/tile_prci_domain/tile_reset_domain_tile/gemmini/ex_controller/mesh/mesh/mesh_9_9                                                              
   741     0.11% 2.04809e-06 3.11308e-03 7.25179e-05 3.18764e-03   9 /ChipTop/system/tile_prci_domain/tile_reset_domain_tile/gemmini/ex_controller/mesh/mesh/mesh_9_9/tile_0_0                                                     
   166     0.03% 5.25517e-07 2.35817e-05 2.12128e-05 4.53201e-05  10 /ChipTop/system/tile_prci_domain/tile_reset_domain_tile/gemmini/ex_controller/mesh/mesh/mesh_9_9/tile_0_0/mac_unit                                            
   740     0.11% 2.08966e-06 3.11464e-03 7.04781e-05 3.18721e-03   8 /ChipTop/system/tile_prci_domain/tile_reset_domain_tile/gemmini/ex_controller/mesh/mesh/mesh_8_6                                                              
   740     0.11% 2.08966e-06 3.11464e-03 7.04781e-05 3.18721e-03   9 /ChipTop/system/tile_prci_domain/tile_reset_domain_tile/gemmini/ex_controller/mesh/mesh/mesh_8_6/tile_0_0                                                     
   163     0.02% 5.28383e-07 2.14236e-05 2.15375e-05 4.34895e-05  10 /ChipTop/system/tile_prci_domain/tile_reset_domain_tile/gemmini/ex_controller/mesh/mesh/mesh_8_6/tile_0_0/mac_unit                                            
   738     0.11% 2.10726e-06 3.11453e-03 7.00601e-05 3.18670e-03   8 /ChipTop/system/tile_prci_domain/tile_reset_domain_tile/gemmini/ex_controller/mesh/mesh/mesh_7_8                                                              
   738     0.11% 2.10726e-06 3.11453e-03 7.00601e-05 3.18670e-03   9 /ChipTop/system/tile_prci_domain/tile_reset_domain_tile/gemmini/ex_controller/mesh/mesh/mesh_7_8/tile_0_0                                                     
   163     0.02% 5.39637e-07 2.25551e-05 2.14743e-05 4.45691e-05  10 /ChipTop/system/tile_prci_domain/tile_reset_domain_tile/gemmini/ex_controller/mesh/mesh/mesh_7_8/tile_0_0/mac_unit                                            
   738     0.11% 2.10553e-06 3.11559e-03 6.88062e-05 3.18650e-03   8 /ChipTop/system/tile_prci_domain/tile_reset_domain_tile/gemmini/ex_controller/mesh/mesh/mesh_12_12                                                            
   738     0.11% 2.10553e-06 3.11559e-03 6.88062e-05 3.18650e-03   9 /ChipTop/system/tile_prci_domain/tile_reset_domain_tile/gemmini/ex_controller/mesh/mesh/mesh_12_12/tile_0_0                                                   
   163     0.02% 5.45535e-07 2.16223e-05 1.87367e-05 4.09045e-05  10 /ChipTop/system/tile_prci_domain/tile_reset_domain_tile/gemmini/ex_controller/mesh/mesh/mesh_12_12/tile_0_0/mac_unit                                          
   738     0.11% 2.10329e-06 3.11128e-03 7.30778e-05 3.18646e-03   8 /ChipTop/system/tile_prci_domain/tile_reset_domain_tile/gemmini/ex_controller/mesh/mesh/mesh_4_15                                                             
   738     0.11% 2.10329e-06 3.11128e-03 7.30778e-05 3.18646e-03   9 /ChipTop/system/tile_prci_domain/tile_reset_domain_tile/gemmini/ex_controller/mesh/mesh/mesh_4_15/tile_0_0                                                    
   163     0.02% 5.41990e-07 2.76857e-05 2.54775e-05 5.37052e-05  10 /ChipTop/system/tile_prci_domain/tile_reset_domain_tile/gemmini/ex_controller/mesh/mesh/mesh_4_15/tile_0_0/mac_unit                                           
   738     0.11% 2.07347e-06 3.11352e-03 7.05466e-05 3.18614e-03   8 /ChipTop/system/tile_prci_domain/tile_reset_domain_tile/gemmini/ex_controller/mesh/mesh/mesh_12_2                                                             
   738     0.11% 2.07347e-06 3.11352e-03 7.05466e-05 3.18614e-03   9 /ChipTop/system/tile_prci_domain/tile_reset_domain_tile/gemmini/ex_controller/mesh/mesh/mesh_12_2/tile_0_0                                                    
   163     0.02% 5.38280e-07 2.24434e-05 2.09924e-05 4.39741e-05  10 /ChipTop/system/tile_prci_domain/tile_reset_domain_tile/gemmini/ex_controller/mesh/mesh/mesh_12_2/tile_0_0/mac_unit                                           
   740     0.11% 2.08270e-06 3.11579e-03 6.80444e-05 3.18592e-03   8 /ChipTop/system/tile_prci_domain/tile_reset_domain_tile/gemmini/ex_controller/mesh/mesh/mesh_7_14                                                             
   740     0.11% 2.08270e-06 3.11579e-03 6.80444e-05 3.18592e-03   9 /ChipTop/system/tile_prci_domain/tile_reset_domain_tile/gemmini/ex_controller/mesh/mesh/mesh_7_14/tile_0_0                                                    
   163     0.02% 5.32570e-07 2.26744e-05 2.10311e-05 4.42380e-05  10 /ChipTop/system/tile_prci_domain/tile_reset_domain_tile/gemmini/ex_controller/mesh/mesh/mesh_7_14/tile_0_0/mac_unit                                           
   738     0.11% 2.09287e-06 3.11296e-03 7.06304e-05 3.18568e-03   8 /ChipTop/system/tile_prci_domain/tile_reset_domain_tile/gemmini/ex_controller/mesh/mesh/mesh_8_4                                                              
   738     0.11% 2.09287e-06 3.11296e-03 7.06304e-05 3.18568e-03   9 /ChipTop/system/tile_prci_domain/tile_reset_domain_tile/gemmini/ex_controller/mesh/mesh/mesh_8_4/tile_0_0                                                     
   163     0.02% 5.36954e-07 2.08760e-05 1.98907e-05 4.13037e-05  10 /ChipTop/system/tile_prci_domain/tile_reset_domain_tile/gemmini/ex_controller/mesh/mesh/mesh_8_4/tile_0_0/mac_unit                                            
   740     0.11% 2.11852e-06 3.11591e-03 6.74413e-05 3.18547e-03   8 /ChipTop/system/tile_prci_domain/tile_reset_domain_tile/gemmini/ex_controller/mesh/mesh/mesh_11_12                                                            
   740     0.11% 2.11852e-06 3.11591e-03 6.74413e-05 3.18547e-03   9 /ChipTop/system/tile_prci_domain/tile_reset_domain_tile/gemmini/ex_controller/mesh/mesh/mesh_11_12/tile_0_0                                                   
   163     0.02% 5.49174e-07 1.90789e-05 1.68197e-05 3.64478e-05  10 /ChipTop/system/tile_prci_domain/tile_reset_domain_tile/gemmini/ex_controller/mesh/mesh/mesh_11_12/tile_0_0/mac_unit                                          
   740     0.11% 2.18210e-06 3.11402e-03 6.92335e-05 3.18543e-03   8 /ChipTop/system/tile_prci_domain/tile_reset_domain_tile/gemmini/ex_controller/mesh/mesh/mesh_11_0                                                             
   740     0.11% 2.18210e-06 3.11402e-03 6.92335e-05 3.18543e-03   9 /ChipTop/system/tile_prci_domain/tile_reset_domain_tile/gemmini/ex_controller/mesh/mesh/mesh_11_0/tile_0_0                                                    
   163     0.02% 5.43992e-07 2.01889e-05 2.05425e-05 4.12754e-05  10 /ChipTop/system/tile_prci_domain/tile_reset_domain_tile/gemmini/ex_controller/mesh/mesh/mesh_11_0/tile_0_0/mac_unit                                           
   738     0.11% 2.09132e-06 3.11626e-03 6.68489e-05 3.18520e-03   8 /ChipTop/system/tile_prci_domain/tile_reset_domain_tile/gemmini/ex_controller/mesh/mesh/mesh_12_0                                                             
   738     0.11% 2.09132e-06 3.11626e-03 6.68489e-05 3.18520e-03   9 /ChipTop/system/tile_prci_domain/tile_reset_domain_tile/gemmini/ex_controller/mesh/mesh/mesh_12_0/tile_0_0                                                    
   163     0.02% 5.42705e-07 1.91928e-05 1.78423e-05 3.75778e-05  10 /ChipTop/system/tile_prci_domain/tile_reset_domain_tile/gemmini/ex_controller/mesh/mesh/mesh_12_0/tile_0_0/mac_unit                                           
   741     0.11% 2.07014e-06 3.11114e-03 7.06447e-05 3.18386e-03   8 /ChipTop/system/tile_prci_domain/tile_reset_domain_tile/gemmini/ex_controller/mesh/mesh/mesh_4_11                                                             
   741     0.11% 2.07014e-06 3.11114e-03 7.06447e-05 3.18386e-03   9 /ChipTop/system/tile_prci_domain/tile_reset_domain_tile/gemmini/ex_controller/mesh/mesh/mesh_4_11/tile_0_0                                                    
   166     0.03% 5.33427e-07 2.68425e-05 2.57102e-05 5.30861e-05  10 /ChipTop/system/tile_prci_domain/tile_reset_domain_tile/gemmini/ex_controller/mesh/mesh/mesh_4_11/tile_0_0/mac_unit                                           
   740     0.11% 2.08071e-06 3.11067e-03 7.02538e-05 3.18300e-03   8 /ChipTop/system/tile_prci_domain/tile_reset_domain_tile/gemmini/ex_controller/mesh/mesh/mesh_10_2                                                             
   740     0.11% 2.08071e-06 3.11067e-03 7.02538e-05 3.18300e-03   9 /ChipTop/system/tile_prci_domain/tile_reset_domain_tile/gemmini/ex_controller/mesh/mesh/mesh_10_2/tile_0_0                                                    
   163     0.02% 5.38283e-07 2.34437e-05 2.32546e-05 4.72365e-05  10 /ChipTop/system/tile_prci_domain/tile_reset_domain_tile/gemmini/ex_controller/mesh/mesh/mesh_10_2/tile_0_0/mac_unit                                           
   738     0.11% 2.07642e-06 3.11071e-03 6.96233e-05 3.18241e-03   8 /ChipTop/system/tile_prci_domain/tile_reset_domain_tile/gemmini/ex_controller/mesh/mesh/mesh_11_2                                                             
   738     0.11% 2.07642e-06 3.11071e-03 6.96233e-05 3.18241e-03   9 /ChipTop/system/tile_prci_domain/tile_reset_domain_tile/gemmini/ex_controller/mesh/mesh/mesh_11_2/tile_0_0                                                    
   163     0.02% 5.46143e-07 2.20824e-05 2.08245e-05 4.34530e-05  10 /ChipTop/system/tile_prci_domain/tile_reset_domain_tile/gemmini/ex_controller/mesh/mesh/mesh_11_2/tile_0_0/mac_unit                                           
   740     0.11% 2.07239e-06 3.10968e-03 6.99709e-05 3.18172e-03   8 /ChipTop/system/tile_prci_domain/tile_reset_domain_tile/gemmini/ex_controller/mesh/mesh/mesh_8_7                                                              
   740     0.11% 2.07239e-06 3.10968e-03 6.99709e-05 3.18172e-03   9 /ChipTop/system/tile_prci_domain/tile_reset_domain_tile/gemmini/ex_controller/mesh/mesh/mesh_8_7/tile_0_0                                                     
   163     0.02% 5.31402e-07 2.28186e-05 2.29978e-05 4.63478e-05  10 /ChipTop/system/tile_prci_domain/tile_reset_domain_tile/gemmini/ex_controller/mesh/mesh/mesh_8_7/tile_0_0/mac_unit                                            
   740     0.11% 2.10688e-06 3.11164e-03 6.70593e-05 3.18081e-03   8 /ChipTop/system/tile_prci_domain/tile_reset_domain_tile/gemmini/ex_controller/mesh/mesh/mesh_10_3                                                             
   740     0.11% 2.10688e-06 3.11164e-03 6.70593e-05 3.18081e-03   9 /ChipTop/system/tile_prci_domain/tile_reset_domain_tile/gemmini/ex_controller/mesh/mesh/mesh_10_3/tile_0_0                                                    
   163     0.02% 5.33169e-07 1.90034e-05 1.80473e-05 3.75838e-05  10 /ChipTop/system/tile_prci_domain/tile_reset_domain_tile/gemmini/ex_controller/mesh/mesh/mesh_10_3/tile_0_0/mac_unit                                           
   740     0.11% 2.11966e-06 3.10864e-03 6.95765e-05 3.18033e-03   8 /ChipTop/system/tile_prci_domain/tile_reset_domain_tile/gemmini/ex_controller/mesh/mesh/mesh_7_15                                                             
   740     0.11% 2.11966e-06 3.10864e-03 6.95765e-05 3.18033e-03   9 /ChipTop/system/tile_prci_domain/tile_reset_domain_tile/gemmini/ex_controller/mesh/mesh/mesh_7_15/tile_0_0                                                    
   163     0.02% 5.51282e-07 2.01833e-05 1.89894e-05 3.97240e-05  10 /ChipTop/system/tile_prci_domain/tile_reset_domain_tile/gemmini/ex_controller/mesh/mesh/mesh_7_15/tile_0_0/mac_unit                                           
   738     0.11% 2.07951e-06 3.11336e-03 6.48295e-05 3.18026e-03   8 /ChipTop/system/tile_prci_domain/tile_reset_domain_tile/gemmini/ex_controller/mesh/mesh/mesh_14_0                                                             
   738     0.11% 2.07951e-06 3.11336e-03 6.48295e-05 3.18026e-03   9 /ChipTop/system/tile_prci_domain/tile_reset_domain_tile/gemmini/ex_controller/mesh/mesh/mesh_14_0/tile_0_0                                                    
   163     0.02% 5.37113e-07 1.69829e-05 1.55784e-05 3.30985e-05  10 /ChipTop/system/tile_prci_domain/tile_reset_domain_tile/gemmini/ex_controller/mesh/mesh/mesh_14_0/tile_0_0/mac_unit                                           
   741     0.11% 2.08343e-06 3.11041e-03 6.77336e-05 3.18023e-03   8 /ChipTop/system/tile_prci_domain/tile_reset_domain_tile/gemmini/ex_controller/mesh/mesh/mesh_6_6                                                              
   741     0.11% 2.08343e-06 3.11041e-03 6.77336e-05 3.18023e-03   9 /ChipTop/system/tile_prci_domain/tile_reset_domain_tile/gemmini/ex_controller/mesh/mesh/mesh_6_6/tile_0_0                                                     
   166     0.03% 5.28321e-07 2.30410e-05 2.24671e-05 4.60364e-05  10 /ChipTop/system/tile_prci_domain/tile_reset_domain_tile/gemmini/ex_controller/mesh/mesh/mesh_6_6/tile_0_0/mac_unit                                            
   741     0.11% 2.08797e-06 3.11057e-03 6.64733e-05 3.17913e-03   8 /ChipTop/system/tile_prci_domain/tile_reset_domain_tile/gemmini/ex_controller/mesh/mesh/mesh_7_6                                                              
   741     0.11% 2.08797e-06 3.11057e-03 6.64733e-05 3.17913e-03   9 /ChipTop/system/tile_prci_domain/tile_reset_domain_tile/gemmini/ex_controller/mesh/mesh/mesh_7_6/tile_0_0                                                     
   166     0.03% 5.34943e-07 2.13854e-05 2.01416e-05 4.20619e-05  10 /ChipTop/system/tile_prci_domain/tile_reset_domain_tile/gemmini/ex_controller/mesh/mesh/mesh_7_6/tile_0_0/mac_unit                                            
   741     0.11% 2.10962e-06 3.10885e-03 6.80851e-05 3.17904e-03   8 /ChipTop/system/tile_prci_domain/tile_reset_domain_tile/gemmini/ex_controller/mesh/mesh/mesh_6_5                                                              
   741     0.11% 2.10962e-06 3.10885e-03 6.80851e-05 3.17904e-03   9 /ChipTop/system/tile_prci_domain/tile_reset_domain_tile/gemmini/ex_controller/mesh/mesh/mesh_6_5/tile_0_0                                                     
   166     0.03% 5.27394e-07 2.27942e-05 2.23844e-05 4.57059e-05  10 /ChipTop/system/tile_prci_domain/tile_reset_domain_tile/gemmini/ex_controller/mesh/mesh/mesh_6_5/tile_0_0/mac_unit                                            
   738     0.11% 2.08923e-06 3.11049e-03 6.61020e-05 3.17868e-03   8 /ChipTop/system/tile_prci_domain/tile_reset_domain_tile/gemmini/ex_controller/mesh/mesh/mesh_9_1                                                              
   738     0.11% 2.08923e-06 3.11049e-03 6.61020e-05 3.17868e-03   9 /ChipTop/system/tile_prci_domain/tile_reset_domain_tile/gemmini/ex_controller/mesh/mesh/mesh_9_1/tile_0_0                                                     
   163     0.02% 5.34760e-07 1.80020e-05 1.68677e-05 3.54045e-05  10 /ChipTop/system/tile_prci_domain/tile_reset_domain_tile/gemmini/ex_controller/mesh/mesh/mesh_9_1/tile_0_0/mac_unit                                            
   738     0.11% 2.09386e-06 3.11064e-03 6.55073e-05 3.17824e-03   8 /ChipTop/system/tile_prci_domain/tile_reset_domain_tile/gemmini/ex_controller/mesh/mesh/mesh_9_12                                                             
   738     0.11% 2.09386e-06 3.11064e-03 6.55073e-05 3.17824e-03   9 /ChipTop/system/tile_prci_domain/tile_reset_domain_tile/gemmini/ex_controller/mesh/mesh/mesh_9_12/tile_0_0                                                    
   163     0.02% 5.37224e-07 2.15009e-05 1.88549e-05 4.08930e-05  10 /ChipTop/system/tile_prci_domain/tile_reset_domain_tile/gemmini/ex_controller/mesh/mesh/mesh_9_12/tile_0_0/mac_unit                                           
   738     0.11% 2.09361e-06 3.11017e-03 6.53834e-05 3.17765e-03   8 /ChipTop/system/tile_prci_domain/tile_reset_domain_tile/gemmini/ex_controller/mesh/mesh/mesh_6_14                                                             
   738     0.11% 2.09361e-06 3.11017e-03 6.53834e-05 3.17765e-03   9 /ChipTop/system/tile_prci_domain/tile_reset_domain_tile/gemmini/ex_controller/mesh/mesh/mesh_6_14/tile_0_0                                                    
   163     0.02% 5.35246e-07 2.51935e-05 2.30986e-05 4.88274e-05  10 /ChipTop/system/tile_prci_domain/tile_reset_domain_tile/gemmini/ex_controller/mesh/mesh/mesh_6_14/tile_0_0/mac_unit                                           
   738     0.11% 2.06907e-06 3.10800e-03 6.69712e-05 3.17704e-03   8 /ChipTop/system/tile_prci_domain/tile_reset_domain_tile/gemmini/ex_controller/mesh/mesh/mesh_6_10                                                             
   738     0.11% 2.06907e-06 3.10800e-03 6.69712e-05 3.17704e-03   9 /ChipTop/system/tile_prci_domain/tile_reset_domain_tile/gemmini/ex_controller/mesh/mesh/mesh_6_10/tile_0_0                                                    
   163     0.02% 5.30356e-07 2.19542e-05 2.00316e-05 4.25161e-05  10 /ChipTop/system/tile_prci_domain/tile_reset_domain_tile/gemmini/ex_controller/mesh/mesh/mesh_6_10/tile_0_0/mac_unit                                           
   741     0.11% 2.06984e-06 3.10882e-03 6.55449e-05 3.17643e-03   8 /ChipTop/system/tile_prci_domain/tile_reset_domain_tile/gemmini/ex_controller/mesh/mesh/mesh_5_13                                                             
   741     0.11% 2.06984e-06 3.10882e-03 6.55449e-05 3.17643e-03   9 /ChipTop/system/tile_prci_domain/tile_reset_domain_tile/gemmini/ex_controller/mesh/mesh/mesh_5_13/tile_0_0                                                    
   166     0.03% 5.27102e-07 2.27708e-05 2.09689e-05 4.42667e-05  10 /ChipTop/system/tile_prci_domain/tile_reset_domain_tile/gemmini/ex_controller/mesh/mesh/mesh_5_13/tile_0_0/mac_unit                                           
   741     0.11% 2.09569e-06 3.10752e-03 6.61188e-05 3.17573e-03   8 /ChipTop/system/tile_prci_domain/tile_reset_domain_tile/gemmini/ex_controller/mesh/mesh/mesh_4_13                                                             
   741     0.11% 2.09569e-06 3.10752e-03 6.61188e-05 3.17573e-03   9 /ChipTop/system/tile_prci_domain/tile_reset_domain_tile/gemmini/ex_controller/mesh/mesh/mesh_4_13/tile_0_0                                                    
   166     0.03% 5.30556e-07 2.61128e-05 2.40784e-05 5.07217e-05  10 /ChipTop/system/tile_prci_domain/tile_reset_domain_tile/gemmini/ex_controller/mesh/mesh/mesh_4_13/tile_0_0/mac_unit                                           
   738     0.11% 2.11695e-06 3.10760e-03 6.54978e-05 3.17521e-03   8 /ChipTop/system/tile_prci_domain/tile_reset_domain_tile/gemmini/ex_controller/mesh/mesh/mesh_5_8                                                              
   738     0.11% 2.11695e-06 3.10760e-03 6.54978e-05 3.17521e-03   9 /ChipTop/system/tile_prci_domain/tile_reset_domain_tile/gemmini/ex_controller/mesh/mesh/mesh_5_8/tile_0_0                                                     
   163     0.02% 5.36810e-07 2.31116e-05 2.14609e-05 4.51093e-05  10 /ChipTop/system/tile_prci_domain/tile_reset_domain_tile/gemmini/ex_controller/mesh/mesh/mesh_5_8/tile_0_0/mac_unit                                            
   738     0.11% 2.08956e-06 3.10701e-03 6.31945e-05 3.17230e-03   8 /ChipTop/system/tile_prci_domain/tile_reset_domain_tile/gemmini/ex_controller/mesh/mesh/mesh_6_8                                                              
   738     0.11% 2.08956e-06 3.10701e-03 6.31945e-05 3.17230e-03   9 /ChipTop/system/tile_prci_domain/tile_reset_domain_tile/gemmini/ex_controller/mesh/mesh/mesh_6_8/tile_0_0                                                     
   163     0.02% 5.32436e-07 2.05360e-05 1.89379e-05 4.00064e-05  10 /ChipTop/system/tile_prci_domain/tile_reset_domain_tile/gemmini/ex_controller/mesh/mesh/mesh_6_8/tile_0_0/mac_unit                                            
   738     0.11% 2.06564e-06 3.10487e-03 6.49065e-05 3.17185e-03   8 /ChipTop/system/tile_prci_domain/tile_reset_domain_tile/gemmini/ex_controller/mesh/mesh/mesh_5_10                                                             
   738     0.11% 2.06564e-06 3.10487e-03 6.49065e-05 3.17185e-03   9 /ChipTop/system/tile_prci_domain/tile_reset_domain_tile/gemmini/ex_controller/mesh/mesh/mesh_5_10/tile_0_0                                                    
   163     0.02% 5.45209e-07 2.20400e-05 2.00275e-05 4.26127e-05  10 /ChipTop/system/tile_prci_domain/tile_reset_domain_tile/gemmini/ex_controller/mesh/mesh/mesh_5_10/tile_0_0/mac_unit                                           
   738     0.11% 2.12808e-06 3.10596e-03 6.35881e-05 3.17167e-03   8 /ChipTop/system/tile_prci_domain/tile_reset_domain_tile/gemmini/ex_controller/mesh/mesh/mesh_6_12                                                             
   738     0.11% 2.12808e-06 3.10596e-03 6.35881e-05 3.17167e-03   9 /ChipTop/system/tile_prci_domain/tile_reset_domain_tile/gemmini/ex_controller/mesh/mesh/mesh_6_12/tile_0_0                                                    
   163     0.02% 5.33825e-07 2.47947e-05 2.30714e-05 4.84000e-05  10 /ChipTop/system/tile_prci_domain/tile_reset_domain_tile/gemmini/ex_controller/mesh/mesh/mesh_6_12/tile_0_0/mac_unit                                           
   738     0.11% 2.10899e-06 3.10532e-03 6.10931e-05 3.16852e-03   8 /ChipTop/system/tile_prci_domain/tile_reset_domain_tile/gemmini/ex_controller/mesh/mesh/mesh_8_1                                                              
   738     0.11% 2.10899e-06 3.10532e-03 6.10931e-05 3.16852e-03   9 /ChipTop/system/tile_prci_domain/tile_reset_domain_tile/gemmini/ex_controller/mesh/mesh/mesh_8_1/tile_0_0                                                     
   163     0.02% 5.32095e-07 1.57139e-05 1.49385e-05 3.11844e-05  10 /ChipTop/system/tile_prci_domain/tile_reset_domain_tile/gemmini/ex_controller/mesh/mesh/mesh_8_1/tile_0_0/mac_unit                                            
   738     0.11% 2.06573e-06 3.10139e-03 6.49110e-05 3.16836e-03   8 /ChipTop/system/tile_prci_domain/tile_reset_domain_tile/gemmini/ex_controller/mesh/mesh/mesh_6_9                                                              
   738     0.11% 2.06573e-06 3.10139e-03 6.49110e-05 3.16836e-03   9 /ChipTop/system/tile_prci_domain/tile_reset_domain_tile/gemmini/ex_controller/mesh/mesh/mesh_6_9/tile_0_0                                                     
   163     0.02% 5.38229e-07 2.28184e-05 2.18070e-05 4.51636e-05  10 /ChipTop/system/tile_prci_domain/tile_reset_domain_tile/gemmini/ex_controller/mesh/mesh/mesh_6_9/tile_0_0/mac_unit                                            
   738     0.11% 2.18941e-06 3.10655e-03 5.88964e-05 3.16763e-03   8 /ChipTop/system/tile_prci_domain/tile_reset_domain_tile/gemmini/ex_controller/mesh/mesh/mesh_10_0                                                             
   738     0.11% 2.18941e-06 3.10655e-03 5.88964e-05 3.16763e-03   9 /ChipTop/system/tile_prci_domain/tile_reset_domain_tile/gemmini/ex_controller/mesh/mesh/mesh_10_0/tile_0_0                                                    
   163     0.02% 5.42733e-07 1.41732e-05 1.26345e-05 2.73504e-05  10 /ChipTop/system/tile_prci_domain/tile_reset_domain_tile/gemmini/ex_controller/mesh/mesh/mesh_10_0/tile_0_0/mac_unit                                           
   738     0.11% 2.09445e-06 3.10394e-03 6.14494e-05 3.16749e-03   8 /ChipTop/system/tile_prci_domain/tile_reset_domain_tile/gemmini/ex_controller/mesh/mesh/mesh_7_4                                                              
   738     0.11% 2.09445e-06 3.10394e-03 6.14494e-05 3.16749e-03   9 /ChipTop/system/tile_prci_domain/tile_reset_domain_tile/gemmini/ex_controller/mesh/mesh/mesh_7_4/tile_0_0                                                     
   163     0.02% 5.45145e-07 1.72224e-05 1.59563e-05 3.37238e-05  10 /ChipTop/system/tile_prci_domain/tile_reset_domain_tile/gemmini/ex_controller/mesh/mesh/mesh_7_4/tile_0_0/mac_unit                                            
   741     0.11% 2.09214e-06 3.10356e-03 6.12764e-05 3.16693e-03   8 /ChipTop/system/tile_prci_domain/tile_reset_domain_tile/gemmini/ex_controller/mesh/mesh/mesh_5_6                                                              
   741     0.11% 2.09214e-06 3.10356e-03 6.12764e-05 3.16693e-03   9 /ChipTop/system/tile_prci_domain/tile_reset_domain_tile/gemmini/ex_controller/mesh/mesh/mesh_5_6/tile_0_0                                                     
   166     0.03% 5.28326e-07 2.11296e-05 1.97305e-05 4.13884e-05  10 /ChipTop/system/tile_prci_domain/tile_reset_domain_tile/gemmini/ex_controller/mesh/mesh/mesh_5_6/tile_0_0/mac_unit                                            
   741     0.11% 2.08109e-06 3.10128e-03 6.35309e-05 3.16690e-03   8 /ChipTop/system/tile_prci_domain/tile_reset_domain_tile/gemmini/ex_controller/mesh/mesh/mesh_2_11                                                             
   741     0.11% 2.08109e-06 3.10128e-03 6.35309e-05 3.16690e-03   9 /ChipTop/system/tile_prci_domain/tile_reset_domain_tile/gemmini/ex_controller/mesh/mesh/mesh_2_11/tile_0_0                                                    
   166     0.03% 5.30304e-07 2.42652e-05 2.36787e-05 4.84742e-05  10 /ChipTop/system/tile_prci_domain/tile_reset_domain_tile/gemmini/ex_controller/mesh/mesh/mesh_2_11/tile_0_0/mac_unit                                           
   738     0.11% 2.17787e-06 3.10531e-03 5.93437e-05 3.16683e-03   8 /ChipTop/system/tile_prci_domain/tile_reset_domain_tile/gemmini/ex_controller/mesh/mesh/mesh_9_0                                                              
   738     0.11% 2.17787e-06 3.10531e-03 5.93437e-05 3.16683e-03   9 /ChipTop/system/tile_prci_domain/tile_reset_domain_tile/gemmini/ex_controller/mesh/mesh/mesh_9_0/tile_0_0                                                     
   163     0.02% 5.37836e-07 1.54433e-05 1.42159e-05 3.01971e-05  10 /ChipTop/system/tile_prci_domain/tile_reset_domain_tile/gemmini/ex_controller/mesh/mesh/mesh_9_0/tile_0_0/mac_unit                                            
   738     0.11% 2.07047e-06 3.10263e-03 6.19664e-05 3.16667e-03   8 /ChipTop/system/tile_prci_domain/tile_reset_domain_tile/gemmini/ex_controller/mesh/mesh/mesh_4_10                                                             
   738     0.11% 2.07047e-06 3.10263e-03 6.19664e-05 3.16667e-03   9 /ChipTop/system/tile_prci_domain/tile_reset_domain_tile/gemmini/ex_controller/mesh/mesh/mesh_4_10/tile_0_0                                                    
   163     0.02% 5.34839e-07 2.07634e-05 1.87875e-05 4.00857e-05  10 /ChipTop/system/tile_prci_domain/tile_reset_domain_tile/gemmini/ex_controller/mesh/mesh/mesh_4_10/tile_0_0/mac_unit                                           
   738     0.11% 2.05604e-06 3.10129e-03 6.24226e-05 3.16577e-03   8 /ChipTop/system/tile_prci_domain/tile_reset_domain_tile/gemmini/ex_controller/mesh/mesh/mesh_6_7                                                              
   738     0.11% 2.05604e-06 3.10129e-03 6.24226e-05 3.16577e-03   9 /ChipTop/system/tile_prci_domain/tile_reset_domain_tile/gemmini/ex_controller/mesh/mesh/mesh_6_7/tile_0_0                                                     
   163     0.02% 5.32715e-07 2.03560e-05 1.86990e-05 3.95876e-05  10 /ChipTop/system/tile_prci_domain/tile_reset_domain_tile/gemmini/ex_controller/mesh/mesh/mesh_6_7/tile_0_0/mac_unit                                            
   738     0.11% 2.10761e-06 3.10304e-03 5.84047e-05 3.16355e-03   8 /ChipTop/system/tile_prci_domain/tile_reset_domain_tile/gemmini/ex_controller/mesh/mesh/mesh_7_12                                                             
   738     0.11% 2.10761e-06 3.10304e-03 5.84047e-05 3.16355e-03   9 /ChipTop/system/tile_prci_domain/tile_reset_domain_tile/gemmini/ex_controller/mesh/mesh/mesh_7_12/tile_0_0                                                    
   163     0.02% 5.49330e-07 1.84800e-05 1.62248e-05 3.52540e-05  10 /ChipTop/system/tile_prci_domain/tile_reset_domain_tile/gemmini/ex_controller/mesh/mesh/mesh_7_12/tile_0_0/mac_unit                                           
   738     0.11% 2.12370e-06 3.10233e-03 5.89564e-05 3.16341e-03   8 /ChipTop/system/tile_prci_domain/tile_reset_domain_tile/gemmini/ex_controller/mesh/mesh/mesh_7_1                                                              
   738     0.11% 2.12370e-06 3.10233e-03 5.89564e-05 3.16341e-03   9 /ChipTop/system/tile_prci_domain/tile_reset_domain_tile/gemmini/ex_controller/mesh/mesh/mesh_7_1/tile_0_0                                                     
   163     0.02% 5.40063e-07 1.79491e-05 1.69864e-05 3.54756e-05  10 /ChipTop/system/tile_prci_domain/tile_reset_domain_tile/gemmini/ex_controller/mesh/mesh/mesh_7_1/tile_0_0/mac_unit                                            
   738     0.11% 2.09646e-06 3.10167e-03 5.93678e-05 3.16313e-03   8 /ChipTop/system/tile_prci_domain/tile_reset_domain_tile/gemmini/ex_controller/mesh/mesh/mesh_5_12                                                             
   738     0.11% 2.09646e-06 3.10167e-03 5.93678e-05 3.16313e-03   9 /ChipTop/system/tile_prci_domain/tile_reset_domain_tile/gemmini/ex_controller/mesh/mesh/mesh_5_12/tile_0_0                                                    
   163     0.02% 5.31515e-07 2.33774e-05 2.13849e-05 4.52938e-05  10 /ChipTop/system/tile_prci_domain/tile_reset_domain_tile/gemmini/ex_controller/mesh/mesh/mesh_5_12/tile_0_0/mac_unit                                           
   741     0.11% 2.12751e-06 3.09848e-03 6.23277e-05 3.16293e-03   8 /ChipTop/system/tile_prci_domain/tile_reset_domain_tile/gemmini/ex_controller/mesh/mesh/mesh_1_11                                                             
   741     0.11% 2.12751e-06 3.09848e-03 6.23277e-05 3.16293e-03   9 /ChipTop/system/tile_prci_domain/tile_reset_domain_tile/gemmini/ex_controller/mesh/mesh/mesh_1_11/tile_0_0                                                    
   166     0.03% 5.34688e-07 2.58498e-05 2.52983e-05 5.16828e-05  10 /ChipTop/system/tile_prci_domain/tile_reset_domain_tile/gemmini/ex_controller/mesh/mesh/mesh_1_11/tile_0_0/mac_unit                                           
   741     0.11% 2.07089e-06 3.10271e-03 5.80791e-05 3.16286e-03   8 /ChipTop/system/tile_prci_domain/tile_reset_domain_tile/gemmini/ex_controller/mesh/mesh/mesh_9_3                                                              
   741     0.11% 2.07089e-06 3.10271e-03 5.80791e-05 3.16286e-03   9 /ChipTop/system/tile_prci_domain/tile_reset_domain_tile/gemmini/ex_controller/mesh/mesh/mesh_9_3/tile_0_0                                                     
   166     0.03% 5.25873e-07 1.42454e-05 1.24429e-05 2.72142e-05  10 /ChipTop/system/tile_prci_domain/tile_reset_domain_tile/gemmini/ex_controller/mesh/mesh/mesh_9_3/tile_0_0/mac_unit                                            
   738     0.11% 2.08367e-06 3.10265e-03 5.79393e-05 3.16267e-03   8 /ChipTop/system/tile_prci_domain/tile_reset_domain_tile/gemmini/ex_controller/mesh/mesh/mesh_8_12                                                             
   738     0.11% 2.08367e-06 3.10265e-03 5.79393e-05 3.16267e-03   9 /ChipTop/system/tile_prci_domain/tile_reset_domain_tile/gemmini/ex_controller/mesh/mesh/mesh_8_12/tile_0_0                                                    
   163     0.02% 5.33171e-07 1.67432e-05 1.41813e-05 3.14577e-05  10 /ChipTop/system/tile_prci_domain/tile_reset_domain_tile/gemmini/ex_controller/mesh/mesh/mesh_8_12/tile_0_0/mac_unit                                           
   738     0.11% 2.11064e-06 3.09872e-03 6.11116e-05 3.16195e-03   8 /ChipTop/system/tile_prci_domain/tile_reset_domain_tile/gemmini/ex_controller/mesh/mesh/mesh_3_15                                                             
   738     0.11% 2.11064e-06 3.09872e-03 6.11116e-05 3.16195e-03   9 /ChipTop/system/tile_prci_domain/tile_reset_domain_tile/gemmini/ex_controller/mesh/mesh/mesh_3_15/tile_0_0                                                    
   163     0.02% 5.31160e-07 1.96934e-05 1.79667e-05 3.81913e-05  10 /ChipTop/system/tile_prci_domain/tile_reset_domain_tile/gemmini/ex_controller/mesh/mesh/mesh_3_15/tile_0_0/mac_unit                                           
   738     0.11% 2.08768e-06 3.10166e-03 5.70204e-05 3.16077e-03   8 /ChipTop/system/tile_prci_domain/tile_reset_domain_tile/gemmini/ex_controller/mesh/mesh/mesh_5_14                                                             
   738     0.11% 2.08768e-06 3.10166e-03 5.70204e-05 3.16077e-03   9 /ChipTop/system/tile_prci_domain/tile_reset_domain_tile/gemmini/ex_controller/mesh/mesh/mesh_5_14/tile_0_0                                                    
   163     0.02% 5.34256e-07 2.25557e-05 2.02356e-05 4.33256e-05  10 /ChipTop/system/tile_prci_domain/tile_reset_domain_tile/gemmini/ex_controller/mesh/mesh/mesh_5_14/tile_0_0/mac_unit                                           
   738     0.11% 2.05670e-06 3.09848e-03 5.92538e-05 3.15979e-03   8 /ChipTop/system/tile_prci_domain/tile_reset_domain_tile/gemmini/ex_controller/mesh/mesh/mesh_7_7                                                              
   738     0.11% 2.05670e-06 3.09848e-03 5.92538e-05 3.15979e-03   9 /ChipTop/system/tile_prci_domain/tile_reset_domain_tile/gemmini/ex_controller/mesh/mesh/mesh_7_7/tile_0_0                                                     
   163     0.02% 5.43400e-07 1.95068e-05 1.74092e-05 3.74595e-05  10 /ChipTop/system/tile_prci_domain/tile_reset_domain_tile/gemmini/ex_controller/mesh/mesh/mesh_7_7/tile_0_0/mac_unit                                            
   738     0.11% 2.08330e-06 3.09629e-03 6.09736e-05 3.15935e-03   8 /ChipTop/system/tile_prci_domain/tile_reset_domain_tile/gemmini/ex_controller/mesh/mesh/mesh_5_9                                                              
   738     0.11% 2.08330e-06 3.09629e-03 6.09736e-05 3.15935e-03   9 /ChipTop/system/tile_prci_domain/tile_reset_domain_tile/gemmini/ex_controller/mesh/mesh/mesh_5_9/tile_0_0                                                     
   163     0.02% 5.35294e-07 2.23013e-05 2.12918e-05 4.41284e-05  10 /ChipTop/system/tile_prci_domain/tile_reset_domain_tile/gemmini/ex_controller/mesh/mesh/mesh_5_9/tile_0_0/mac_unit                                            
   738     0.11% 2.07870e-06 3.09719e-03 5.83094e-05 3.15758e-03   8 /ChipTop/system/tile_prci_domain/tile_reset_domain_tile/gemmini/ex_controller/mesh/mesh/mesh_4_7                                                              
   738     0.11% 2.07870e-06 3.09719e-03 5.83094e-05 3.15758e-03   9 /ChipTop/system/tile_prci_domain/tile_reset_domain_tile/gemmini/ex_controller/mesh/mesh/mesh_4_7/tile_0_0                                                     
   163     0.02% 5.33069e-07 2.13033e-05 1.97348e-05 4.15711e-05  10 /ChipTop/system/tile_prci_domain/tile_reset_domain_tile/gemmini/ex_controller/mesh/mesh/mesh_4_7/tile_0_0/mac_unit                                            
   741     0.11% 2.10319e-06 3.09782e-03 5.76325e-05 3.15755e-03   8 /ChipTop/system/tile_prci_domain/tile_reset_domain_tile/gemmini/ex_controller/mesh/mesh/mesh_4_6                                                              
   741     0.11% 2.10319e-06 3.09782e-03 5.76325e-05 3.15755e-03   9 /ChipTop/system/tile_prci_domain/tile_reset_domain_tile/gemmini/ex_controller/mesh/mesh/mesh_4_6/tile_0_0                                                     
   166     0.03% 5.27816e-07 2.03026e-05 1.88445e-05 3.96750e-05  10 /ChipTop/system/tile_prci_domain/tile_reset_domain_tile/gemmini/ex_controller/mesh/mesh/mesh_4_6/tile_0_0/mac_unit                                            
   741     0.11% 2.09069e-06 3.09681e-03 5.66443e-05 3.15555e-03   8 /ChipTop/system/tile_prci_domain/tile_reset_domain_tile/gemmini/ex_controller/mesh/mesh/mesh_8_3                                                              
   741     0.11% 2.09069e-06 3.09681e-03 5.66443e-05 3.15555e-03   9 /ChipTop/system/tile_prci_domain/tile_reset_domain_tile/gemmini/ex_controller/mesh/mesh/mesh_8_3/tile_0_0                                                     
   166     0.03% 5.32886e-07 1.57970e-05 1.47565e-05 3.10864e-05  10 /ChipTop/system/tile_prci_domain/tile_reset_domain_tile/gemmini/ex_controller/mesh/mesh/mesh_8_3/tile_0_0/mac_unit                                            
   738     0.11% 2.17132e-06 3.09884e-03 5.33834e-05 3.15439e-03   8 /ChipTop/system/tile_prci_domain/tile_reset_domain_tile/gemmini/ex_controller/mesh/mesh/mesh_8_0                                                              
   738     0.11% 2.17132e-06 3.09884e-03 5.33834e-05 3.15439e-03   9 /ChipTop/system/tile_prci_domain/tile_reset_domain_tile/gemmini/ex_controller/mesh/mesh/mesh_8_0/tile_0_0                                                     
   163     0.02% 5.32400e-07 1.46749e-05 1.37504e-05 2.89577e-05  10 /ChipTop/system/tile_prci_domain/tile_reset_domain_tile/gemmini/ex_controller/mesh/mesh/mesh_8_0/tile_0_0/mac_unit                                            
   738     0.11% 2.06860e-06 3.09658e-03 5.54078e-05 3.15406e-03   8 /ChipTop/system/tile_prci_domain/tile_reset_domain_tile/gemmini/ex_controller/mesh/mesh/mesh_4_8                                                              
   738     0.11% 2.06860e-06 3.09658e-03 5.54078e-05 3.15406e-03   9 /ChipTop/system/tile_prci_domain/tile_reset_domain_tile/gemmini/ex_controller/mesh/mesh/mesh_4_8/tile_0_0                                                     
   163     0.02% 5.32081e-07 2.10373e-05 1.92251e-05 4.07945e-05  10 /ChipTop/system/tile_prci_domain/tile_reset_domain_tile/gemmini/ex_controller/mesh/mesh/mesh_4_8/tile_0_0/mac_unit                                            
   738     0.11% 2.12799e-06 3.09503e-03 5.66662e-05 3.15382e-03   8 /ChipTop/system/tile_prci_domain/tile_reset_domain_tile/gemmini/ex_controller/mesh/mesh/mesh_4_12                                                             
   738     0.11% 2.12799e-06 3.09503e-03 5.66662e-05 3.15382e-03   9 /ChipTop/system/tile_prci_domain/tile_reset_domain_tile/gemmini/ex_controller/mesh/mesh/mesh_4_12/tile_0_0                                                    
   163     0.02% 5.35353e-07 2.68327e-05 2.49749e-05 5.23429e-05  10 /ChipTop/system/tile_prci_domain/tile_reset_domain_tile/gemmini/ex_controller/mesh/mesh/mesh_4_12/tile_0_0/mac_unit                                           
   741     0.11% 2.08835e-06 3.09590e-03 5.53360e-05 3.15332e-03   8 /ChipTop/system/tile_prci_domain/tile_reset_domain_tile/gemmini/ex_controller/mesh/mesh/mesh_7_3                                                              
   741     0.11% 2.08835e-06 3.09590e-03 5.53360e-05 3.15332e-03   9 /ChipTop/system/tile_prci_domain/tile_reset_domain_tile/gemmini/ex_controller/mesh/mesh/mesh_7_3/tile_0_0                                                     
   166     0.03% 5.39426e-07 1.50370e-05 1.37870e-05 2.93634e-05  10 /ChipTop/system/tile_prci_domain/tile_reset_domain_tile/gemmini/ex_controller/mesh/mesh/mesh_7_3/tile_0_0/mac_unit                                            
   741     0.11% 2.06038e-06 3.09413e-03 5.70932e-05 3.15329e-03   8 /ChipTop/system/tile_prci_domain/tile_reset_domain_tile/gemmini/ex_controller/mesh/mesh/mesh_3_11                                                             
   741     0.11% 2.06038e-06 3.09413e-03 5.70932e-05 3.15329e-03   9 /ChipTop/system/tile_prci_domain/tile_reset_domain_tile/gemmini/ex_controller/mesh/mesh/mesh_3_11/tile_0_0                                                    
   166     0.03% 5.27626e-07 1.90696e-05 1.86688e-05 3.82660e-05  10 /ChipTop/system/tile_prci_domain/tile_reset_domain_tile/gemmini/ex_controller/mesh/mesh/mesh_3_11/tile_0_0/mac_unit                                           
   738     0.11% 2.08395e-06 3.09753e-03 5.32109e-05 3.15282e-03   8 /ChipTop/system/tile_prci_domain/tile_reset_domain_tile/gemmini/ex_controller/mesh/mesh/mesh_4_14                                                             
   738     0.11% 2.08395e-06 3.09753e-03 5.32109e-05 3.15282e-03   9 /ChipTop/system/tile_prci_domain/tile_reset_domain_tile/gemmini/ex_controller/mesh/mesh/mesh_4_14/tile_0_0                                                    
   163     0.02% 5.33634e-07 2.36120e-05 2.06242e-05 4.47698e-05  10 /ChipTop/system/tile_prci_domain/tile_reset_domain_tile/gemmini/ex_controller/mesh/mesh/mesh_4_14/tile_0_0/mac_unit                                           
   738     0.11% 2.06990e-06 3.09592e-03 5.48094e-05 3.15280e-03   8 /ChipTop/system/tile_prci_domain/tile_reset_domain_tile/gemmini/ex_controller/mesh/mesh/mesh_6_4                                                              
   738     0.11% 2.06990e-06 3.09592e-03 5.48094e-05 3.15280e-03   9 /ChipTop/system/tile_prci_domain/tile_reset_domain_tile/gemmini/ex_controller/mesh/mesh/mesh_6_4/tile_0_0                                                     
   163     0.02% 5.29561e-07 1.63199e-05 1.50366e-05 3.18860e-05  10 /ChipTop/system/tile_prci_domain/tile_reset_domain_tile/gemmini/ex_controller/mesh/mesh/mesh_6_4/tile_0_0/mac_unit                                            
   738     0.11% 2.10861e-06 3.09503e-03 5.49894e-05 3.15213e-03   8 /ChipTop/system/tile_prci_domain/tile_reset_domain_tile/gemmini/ex_controller/mesh/mesh/mesh_5_4                                                              
   738     0.11% 2.10861e-06 3.09503e-03 5.49894e-05 3.15213e-03   9 /ChipTop/system/tile_prci_domain/tile_reset_domain_tile/gemmini/ex_controller/mesh/mesh/mesh_5_4/tile_0_0                                                     
   163     0.02% 5.39126e-07 1.77017e-05 1.65877e-05 3.48285e-05  10 /ChipTop/system/tile_prci_domain/tile_reset_domain_tile/gemmini/ex_controller/mesh/mesh/mesh_5_4/tile_0_0/mac_unit                                            
   741     0.11% 2.05692e-06 3.09352e-03 5.56901e-05 3.15127e-03   8 /ChipTop/system/tile_prci_domain/tile_reset_domain_tile/gemmini/ex_controller/mesh/mesh/mesh_3_13                                                             
   741     0.11% 2.05692e-06 3.09352e-03 5.56901e-05 3.15127e-03   9 /ChipTop/system/tile_prci_domain/tile_reset_domain_tile/gemmini/ex_controller/mesh/mesh/mesh_3_13/tile_0_0                                                    
   166     0.03% 5.25295e-07 1.91446e-05 1.78624e-05 3.75323e-05  10 /ChipTop/system/tile_prci_domain/tile_reset_domain_tile/gemmini/ex_controller/mesh/mesh/mesh_3_13/tile_0_0/mac_unit                                           
   740     0.11% 2.09788e-06 3.09288e-03 5.42237e-05 3.14920e-03   8 /ChipTop/system/tile_prci_domain/tile_reset_domain_tile/gemmini/ex_controller/mesh/mesh/mesh_4_4                                                              
   740     0.11% 2.09788e-06 3.09288e-03 5.42237e-05 3.14920e-03   9 /ChipTop/system/tile_prci_domain/tile_reset_domain_tile/gemmini/ex_controller/mesh/mesh/mesh_4_4/tile_0_0                                                     
   163     0.02% 5.34592e-07 1.94688e-05 1.95715e-05 3.95749e-05  10 /ChipTop/system/tile_prci_domain/tile_reset_domain_tile/gemmini/ex_controller/mesh/mesh/mesh_4_4/tile_0_0/mac_unit                                            
   812     0.12% 2.32177e-06 3.09034e-03 5.62619e-05 3.14893e-03   8 /ChipTop/system/tile_prci_domain/tile_reset_domain_tile/gemmini/ex_controller/mesh/mesh/mesh_0_11                                                             
   812     0.12% 2.32177e-06 3.09034e-03 5.62619e-05 3.14893e-03   9 /ChipTop/system/tile_prci_domain/tile_reset_domain_tile/gemmini/ex_controller/mesh/mesh/mesh_0_11/tile_0_0                                                    
   166     0.03% 5.16071e-07 1.82952e-05 1.72875e-05 3.60988e-05  10 /ChipTop/system/tile_prci_domain/tile_reset_domain_tile/gemmini/ex_controller/mesh/mesh/mesh_0_11/tile_0_0/mac_unit                                           
   741     0.11% 2.10886e-06 3.09338e-03 5.32217e-05 3.14871e-03   8 /ChipTop/system/tile_prci_domain/tile_reset_domain_tile/gemmini/ex_controller/mesh/mesh/mesh_6_3                                                              
   741     0.11% 2.10886e-06 3.09338e-03 5.32217e-05 3.14871e-03   9 /ChipTop/system/tile_prci_domain/tile_reset_domain_tile/gemmini/ex_controller/mesh/mesh/mesh_6_3/tile_0_0                                                     
   166     0.03% 5.29188e-07 1.47834e-05 1.36881e-05 2.90007e-05  10 /ChipTop/system/tile_prci_domain/tile_reset_domain_tile/gemmini/ex_controller/mesh/mesh/mesh_6_3/tile_0_0/mac_unit                                            
   738     0.11% 2.06889e-06 3.09252e-03 5.38459e-05 3.14843e-03   8 /ChipTop/system/tile_prci_domain/tile_reset_domain_tile/gemmini/ex_controller/mesh/mesh/mesh_5_7                                                              
   738     0.11% 2.06889e-06 3.09252e-03 5.38459e-05 3.14843e-03   9 /ChipTop/system/tile_prci_domain/tile_reset_domain_tile/gemmini/ex_controller/mesh/mesh/mesh_5_7/tile_0_0                                                     
   163     0.02% 5.43543e-07 1.84358e-05 1.65253e-05 3.55047e-05  10 /ChipTop/system/tile_prci_domain/tile_reset_domain_tile/gemmini/ex_controller/mesh/mesh/mesh_5_7/tile_0_0/mac_unit                                            
   738     0.11% 2.13239e-06 3.09273e-03 5.33186e-05 3.14818e-03   8 /ChipTop/system/tile_prci_domain/tile_reset_domain_tile/gemmini/ex_controller/mesh/mesh/mesh_2_13                                                             
   738     0.11% 2.13239e-06 3.09273e-03 5.33186e-05 3.14818e-03   9 /ChipTop/system/tile_prci_domain/tile_reset_domain_tile/gemmini/ex_controller/mesh/mesh/mesh_2_13/tile_0_0                                                    
   163     0.02% 5.37980e-07 1.91171e-05 1.72070e-05 3.68621e-05  10 /ChipTop/system/tile_prci_domain/tile_reset_domain_tile/gemmini/ex_controller/mesh/mesh/mesh_2_13/tile_0_0/mac_unit                                           
   741     0.11% 2.08961e-06 3.09218e-03 5.29033e-05 3.14717e-03   8 /ChipTop/system/tile_prci_domain/tile_reset_domain_tile/gemmini/ex_controller/mesh/mesh/mesh_5_5                                                              
   741     0.11% 2.08961e-06 3.09218e-03 5.29033e-05 3.14717e-03   9 /ChipTop/system/tile_prci_domain/tile_reset_domain_tile/gemmini/ex_controller/mesh/mesh/mesh_5_5/tile_0_0                                                     
   166     0.03% 5.27835e-07 1.59223e-05 1.50629e-05 3.15130e-05  10 /ChipTop/system/tile_prci_domain/tile_reset_domain_tile/gemmini/ex_controller/mesh/mesh/mesh_5_5/tile_0_0/mac_unit                                            
   738     0.11% 2.07252e-06 3.09084e-03 5.36764e-05 3.14659e-03   8 /ChipTop/system/tile_prci_domain/tile_reset_domain_tile/gemmini/ex_controller/mesh/mesh/mesh_3_10                                                             
   738     0.11% 2.07252e-06 3.09084e-03 5.36764e-05 3.14659e-03   9 /ChipTop/system/tile_prci_domain/tile_reset_domain_tile/gemmini/ex_controller/mesh/mesh/mesh_3_10/tile_0_0                                                    
   163     0.02% 5.28798e-07 1.47049e-05 1.32608e-05 2.84945e-05  10 /ChipTop/system/tile_prci_domain/tile_reset_domain_tile/gemmini/ex_controller/mesh/mesh/mesh_3_10/tile_0_0/mac_unit                                           
   738     0.11% 2.06454e-06 3.09066e-03 5.38222e-05 3.14654e-03   8 /ChipTop/system/tile_prci_domain/tile_reset_domain_tile/gemmini/ex_controller/mesh/mesh/mesh_4_9                                                              
   738     0.11% 2.06454e-06 3.09066e-03 5.38222e-05 3.14654e-03   9 /ChipTop/system/tile_prci_domain/tile_reset_domain_tile/gemmini/ex_controller/mesh/mesh/mesh_4_9/tile_0_0                                                     
   163     0.02% 5.32909e-07 1.80719e-05 1.65706e-05 3.51754e-05  10 /ChipTop/system/tile_prci_domain/tile_reset_domain_tile/gemmini/ex_controller/mesh/mesh/mesh_4_9/tile_0_0/mac_unit                                            
   810     0.12% 2.34486e-06 3.08816e-03 5.55175e-05 3.14603e-03   8 /ChipTop/system/tile_prci_domain/tile_reset_domain_tile/gemmini/ex_controller/mesh/mesh/mesh_0_15                                                             
   810     0.12% 2.34486e-06 3.08816e-03 5.55175e-05 3.14603e-03   9 /ChipTop/system/tile_prci_domain/tile_reset_domain_tile/gemmini/ex_controller/mesh/mesh/mesh_0_15/tile_0_0                                                    
   164     0.02% 5.28573e-07 2.29645e-05 2.20031e-05 4.54962e-05  10 /ChipTop/system/tile_prci_domain/tile_reset_domain_tile/gemmini/ex_controller/mesh/mesh/mesh_0_15/tile_0_0/mac_unit                                           
   738     0.11% 2.09887e-06 3.09209e-03 5.15385e-05 3.14573e-03   8 /ChipTop/system/tile_prci_domain/tile_reset_domain_tile/gemmini/ex_controller/mesh/mesh/mesh_6_1                                                              
   738     0.11% 2.09887e-06 3.09209e-03 5.15385e-05 3.14573e-03   9 /ChipTop/system/tile_prci_domain/tile_reset_domain_tile/gemmini/ex_controller/mesh/mesh/mesh_6_1/tile_0_0                                                     
   163     0.02% 5.35801e-07 1.44403e-05 1.37930e-05 2.87692e-05  10 /ChipTop/system/tile_prci_domain/tile_reset_domain_tile/gemmini/ex_controller/mesh/mesh/mesh_6_1/tile_0_0/mac_unit                                            
   738     0.11% 2.06818e-06 3.08982e-03 5.32598e-05 3.14514e-03   8 /ChipTop/system/tile_prci_domain/tile_reset_domain_tile/gemmini/ex_controller/mesh/mesh/mesh_8_2                                                              
   738     0.11% 2.06818e-06 3.08982e-03 5.32598e-05 3.14514e-03   9 /ChipTop/system/tile_prci_domain/tile_reset_domain_tile/gemmini/ex_controller/mesh/mesh/mesh_8_2/tile_0_0                                                     
   163     0.02% 5.34807e-07 1.62021e-05 1.55721e-05 3.23090e-05  10 /ChipTop/system/tile_prci_domain/tile_reset_domain_tile/gemmini/ex_controller/mesh/mesh/mesh_8_2/tile_0_0/mac_unit                                            
   738     0.11% 2.05794e-06 3.09188e-03 5.10695e-05 3.14501e-03   8 /ChipTop/system/tile_prci_domain/tile_reset_domain_tile/gemmini/ex_controller/mesh/mesh/mesh_9_2                                                              
   738     0.11% 2.05794e-06 3.09188e-03 5.10695e-05 3.14501e-03   9 /ChipTop/system/tile_prci_domain/tile_reset_domain_tile/gemmini/ex_controller/mesh/mesh/mesh_9_2/tile_0_0                                                     
   163     0.02% 5.36184e-07 1.30269e-05 1.14312e-05 2.49943e-05  10 /ChipTop/system/tile_prci_domain/tile_reset_domain_tile/gemmini/ex_controller/mesh/mesh/mesh_9_2/tile_0_0/mac_unit                                            
   738     0.11% 2.09604e-06 3.09241e-03 4.98119e-05 3.14432e-03   8 /ChipTop/system/tile_prci_domain/tile_reset_domain_tile/gemmini/ex_controller/mesh/mesh/mesh_5_1                                                              
   738     0.11% 2.09604e-06 3.09241e-03 4.98119e-05 3.14432e-03   9 /ChipTop/system/tile_prci_domain/tile_reset_domain_tile/gemmini/ex_controller/mesh/mesh/mesh_5_1/tile_0_0                                                     
   163     0.02% 5.31686e-07 1.60992e-05 1.57503e-05 3.23812e-05  10 /ChipTop/system/tile_prci_domain/tile_reset_domain_tile/gemmini/ex_controller/mesh/mesh/mesh_5_1/tile_0_0/mac_unit                                            
   738     0.11% 2.07229e-06 3.08906e-03 5.24130e-05 3.14355e-03   8 /ChipTop/system/tile_prci_domain/tile_reset_domain_tile/gemmini/ex_controller/mesh/mesh/mesh_7_2                                                              
   738     0.11% 2.07229e-06 3.08906e-03 5.24130e-05 3.14355e-03   9 /ChipTop/system/tile_prci_domain/tile_reset_domain_tile/gemmini/ex_controller/mesh/mesh/mesh_7_2/tile_0_0                                                     
   163     0.02% 5.37077e-07 1.65747e-05 1.59652e-05 3.30770e-05  10 /ChipTop/system/tile_prci_domain/tile_reset_domain_tile/gemmini/ex_controller/mesh/mesh/mesh_7_2/tile_0_0/mac_unit                                            
   738     0.11% 2.06614e-06 3.08847e-03 5.17617e-05 3.14229e-03   8 /ChipTop/system/tile_prci_domain/tile_reset_domain_tile/gemmini/ex_controller/mesh/mesh/mesh_2_10                                                             
   738     0.11% 2.06614e-06 3.08847e-03 5.17617e-05 3.14229e-03   9 /ChipTop/system/tile_prci_domain/tile_reset_domain_tile/gemmini/ex_controller/mesh/mesh/mesh_2_10/tile_0_0                                                    
   163     0.02% 5.40082e-07 1.58201e-05 1.41836e-05 3.05438e-05  10 /ChipTop/system/tile_prci_domain/tile_reset_domain_tile/gemmini/ex_controller/mesh/mesh/mesh_2_10/tile_0_0/mac_unit                                           
   738     0.11% 2.07131e-06 3.08955e-03 4.98921e-05 3.14151e-03   8 /ChipTop/system/tile_prci_domain/tile_reset_domain_tile/gemmini/ex_controller/mesh/mesh/mesh_2_15                                                             
   738     0.11% 2.07131e-06 3.08955e-03 4.98921e-05 3.14151e-03   9 /ChipTop/system/tile_prci_domain/tile_reset_domain_tile/gemmini/ex_controller/mesh/mesh/mesh_2_15/tile_0_0                                                    
   163     0.02% 5.33538e-07 2.06561e-05 1.82215e-05 3.94111e-05  10 /ChipTop/system/tile_prci_domain/tile_reset_domain_tile/gemmini/ex_controller/mesh/mesh/mesh_2_15/tile_0_0/mac_unit                                           
   738     0.11% 2.19187e-06 3.09091e-03 4.81430e-05 3.14124e-03   8 /ChipTop/system/tile_prci_domain/tile_reset_domain_tile/gemmini/ex_controller/mesh/mesh/mesh_7_0                                                              
   738     0.11% 2.19187e-06 3.09091e-03 4.81430e-05 3.14124e-03   9 /ChipTop/system/tile_prci_domain/tile_reset_domain_tile/gemmini/ex_controller/mesh/mesh/mesh_7_0/tile_0_0                                                     
   163     0.02% 5.43669e-07 1.24224e-05 1.15277e-05 2.44938e-05  10 /ChipTop/system/tile_prci_domain/tile_reset_domain_tile/gemmini/ex_controller/mesh/mesh/mesh_7_0/tile_0_0/mac_unit                                            
   738     0.11% 2.08941e-06 3.09030e-03 4.87474e-05 3.14113e-03   8 /ChipTop/system/tile_prci_domain/tile_reset_domain_tile/gemmini/ex_controller/mesh/mesh/mesh_2_14                                                             
   738     0.11% 2.08941e-06 3.09030e-03 4.87474e-05 3.14113e-03   9 /ChipTop/system/tile_prci_domain/tile_reset_domain_tile/gemmini/ex_controller/mesh/mesh/mesh_2_14/tile_0_0                                                    
   163     0.02% 5.35517e-07 2.09126e-05 1.85330e-05 3.99811e-05  10 /ChipTop/system/tile_prci_domain/tile_reset_domain_tile/gemmini/ex_controller/mesh/mesh/mesh_2_14/tile_0_0/mac_unit                                           
   738     0.11% 2.07279e-06 3.08918e-03 4.98376e-05 3.14109e-03   8 /ChipTop/system/tile_prci_domain/tile_reset_domain_tile/gemmini/ex_controller/mesh/mesh/mesh_1_14                                                             
   738     0.11% 2.07279e-06 3.08918e-03 4.98376e-05 3.14109e-03   9 /ChipTop/system/tile_prci_domain/tile_reset_domain_tile/gemmini/ex_controller/mesh/mesh/mesh_1_14/tile_0_0                                                    
   163     0.02% 5.36353e-07 2.40433e-05 2.18864e-05 4.64661e-05  10 /ChipTop/system/tile_prci_domain/tile_reset_domain_tile/gemmini/ex_controller/mesh/mesh/mesh_1_14/tile_0_0/mac_unit                                           
   738     0.11% 2.10549e-06 3.08847e-03 5.01427e-05 3.14072e-03   8 /ChipTop/system/tile_prci_domain/tile_reset_domain_tile/gemmini/ex_controller/mesh/mesh/mesh_3_7                                                              
   738     0.11% 2.10549e-06 3.08847e-03 5.01427e-05 3.14072e-03   9 /ChipTop/system/tile_prci_domain/tile_reset_domain_tile/gemmini/ex_controller/mesh/mesh/mesh_3_7/tile_0_0                                                     
   163     0.02% 5.23913e-07 1.26371e-05 1.14367e-05 2.45977e-05  10 /ChipTop/system/tile_prci_domain/tile_reset_domain_tile/gemmini/ex_controller/mesh/mesh/mesh_3_7/tile_0_0/mac_unit                                            
   738     0.11% 2.13878e-06 3.08755e-03 5.04921e-05 3.14018e-03   8 /ChipTop/system/tile_prci_domain/tile_reset_domain_tile/gemmini/ex_controller/mesh/mesh/mesh_2_9                                                              
   738     0.11% 2.13878e-06 3.08755e-03 5.04921e-05 3.14018e-03   9 /ChipTop/system/tile_prci_domain/tile_reset_domain_tile/gemmini/ex_controller/mesh/mesh/mesh_2_9/tile_0_0                                                     
   163     0.02% 5.37634e-07 1.86019e-05 1.75933e-05 3.67328e-05  10 /ChipTop/system/tile_prci_domain/tile_reset_domain_tile/gemmini/ex_controller/mesh/mesh/mesh_2_9/tile_0_0/mac_unit                                            
   738     0.11% 2.08601e-06 3.08780e-03 4.92194e-05 3.13911e-03   8 /ChipTop/system/tile_prci_domain/tile_reset_domain_tile/gemmini/ex_controller/mesh/mesh/mesh_2_7                                                              
   738     0.11% 2.08601e-06 3.08780e-03 4.92194e-05 3.13911e-03   9 /ChipTop/system/tile_prci_domain/tile_reset_domain_tile/gemmini/ex_controller/mesh/mesh/mesh_2_7/tile_0_0                                                     
   163     0.02% 5.33475e-07 1.79373e-05 1.67034e-05 3.51742e-05  10 /ChipTop/system/tile_prci_domain/tile_reset_domain_tile/gemmini/ex_controller/mesh/mesh/mesh_2_7/tile_0_0/mac_unit                                            
   738     0.11% 2.07406e-06 3.08633e-03 5.05617e-05 3.13897e-03   8 /ChipTop/system/tile_prci_domain/tile_reset_domain_tile/gemmini/ex_controller/mesh/mesh/mesh_1_10                                                             
   738     0.11% 2.07406e-06 3.08633e-03 5.05617e-05 3.13897e-03   9 /ChipTop/system/tile_prci_domain/tile_reset_domain_tile/gemmini/ex_controller/mesh/mesh/mesh_1_10/tile_0_0                                                    
   163     0.02% 5.41177e-07 1.66497e-05 1.49998e-05 3.21907e-05  10 /ChipTop/system/tile_prci_domain/tile_reset_domain_tile/gemmini/ex_controller/mesh/mesh/mesh_1_10/tile_0_0/mac_unit                                           
   738     0.11% 2.06481e-06 3.08645e-03 5.03162e-05 3.13883e-03   8 /ChipTop/system/tile_prci_domain/tile_reset_domain_tile/gemmini/ex_controller/mesh/mesh/mesh_3_9                                                              
   738     0.11% 2.06481e-06 3.08645e-03 5.03162e-05 3.13883e-03   9 /ChipTop/system/tile_prci_domain/tile_reset_domain_tile/gemmini/ex_controller/mesh/mesh/mesh_3_9/tile_0_0                                                     
   163     0.02% 5.31768e-07 1.75161e-05 1.64669e-05 3.45148e-05  10 /ChipTop/system/tile_prci_domain/tile_reset_domain_tile/gemmini/ex_controller/mesh/mesh/mesh_3_9/tile_0_0/mac_unit                                            
   738     0.11% 2.06951e-06 3.08636e-03 4.95263e-05 3.13796e-03   8 /ChipTop/system/tile_prci_domain/tile_reset_domain_tile/gemmini/ex_controller/mesh/mesh/mesh_1_15                                                             
   738     0.11% 2.06951e-06 3.08636e-03 4.95263e-05 3.13796e-03   9 /ChipTop/system/tile_prci_domain/tile_reset_domain_tile/gemmini/ex_controller/mesh/mesh/mesh_1_15/tile_0_0                                                    
   163     0.02% 5.40462e-07 2.10658e-05 1.90015e-05 4.06077e-05  10 /ChipTop/system/tile_prci_domain/tile_reset_domain_tile/gemmini/ex_controller/mesh/mesh/mesh_1_15/tile_0_0/mac_unit                                           
   741     0.11% 2.11699e-06 3.08543e-03 5.01706e-05 3.13772e-03   8 /ChipTop/system/tile_prci_domain/tile_reset_domain_tile/gemmini/ex_controller/mesh/mesh/mesh_1_12                                                             
   741     0.11% 2.11699e-06 3.08543e-03 5.01706e-05 3.13772e-03   9 /ChipTop/system/tile_prci_domain/tile_reset_domain_tile/gemmini/ex_controller/mesh/mesh/mesh_1_12/tile_0_0                                                    
   166     0.03% 5.32946e-07 2.35319e-05 2.23386e-05 4.64035e-05  10 /ChipTop/system/tile_prci_domain/tile_reset_domain_tile/gemmini/ex_controller/mesh/mesh/mesh_1_12/tile_0_0/mac_unit                                           
   738     0.11% 2.05104e-06 3.08826e-03 4.73664e-05 3.13768e-03   8 /ChipTop/system/tile_prci_domain/tile_reset_domain_tile/gemmini/ex_controller/mesh/mesh/mesh_3_8                                                              
   738     0.11% 2.05104e-06 3.08826e-03 4.73664e-05 3.13768e-03   9 /ChipTop/system/tile_prci_domain/tile_reset_domain_tile/gemmini/ex_controller/mesh/mesh/mesh_3_8/tile_0_0                                                     
   163     0.02% 5.28320e-07 1.39880e-05 1.23594e-05 2.68757e-05  10 /ChipTop/system/tile_prci_domain/tile_reset_domain_tile/gemmini/ex_controller/mesh/mesh/mesh_3_8/tile_0_0/mac_unit                                            
   812     0.12% 2.35534e-06 3.08323e-03 5.13529e-05 3.13694e-03   8 /ChipTop/system/tile_prci_domain/tile_reset_domain_tile/gemmini/ex_controller/mesh/mesh/mesh_0_10                                                             
   812     0.12% 2.35534e-06 3.08323e-03 5.13529e-05 3.13694e-03   9 /ChipTop/system/tile_prci_domain/tile_reset_domain_tile/gemmini/ex_controller/mesh/mesh/mesh_0_10/tile_0_0                                                    
   166     0.03% 5.36291e-07 1.95460e-05 1.85665e-05 3.86489e-05  10 /ChipTop/system/tile_prci_domain/tile_reset_domain_tile/gemmini/ex_controller/mesh/mesh/mesh_0_10/tile_0_0/mac_unit                                           
   741     0.11% 2.08026e-06 3.08384e-03 4.84686e-05 3.13439e-03   8 /ChipTop/system/tile_prci_domain/tile_reset_domain_tile/gemmini/ex_controller/mesh/mesh/mesh_3_6                                                              
   741     0.11% 2.08026e-06 3.08384e-03 4.84686e-05 3.13439e-03   9 /ChipTop/system/tile_prci_domain/tile_reset_domain_tile/gemmini/ex_controller/mesh/mesh/mesh_3_6/tile_0_0                                                     
   166     0.03% 5.31485e-07 1.54754e-05 1.48046e-05 3.08115e-05  10 /ChipTop/system/tile_prci_domain/tile_reset_domain_tile/gemmini/ex_controller/mesh/mesh/mesh_3_6/tile_0_0/mac_unit                                            
   738     0.11% 2.06340e-06 3.08662e-03 4.52566e-05 3.13394e-03   8 /ChipTop/system/tile_prci_domain/tile_reset_domain_tile/gemmini/ex_controller/mesh/mesh/mesh_3_14                                                             
   738     0.11% 2.06340e-06 3.08662e-03 4.52566e-05 3.13394e-03   9 /ChipTop/system/tile_prci_domain/tile_reset_domain_tile/gemmini/ex_controller/mesh/mesh/mesh_3_14/tile_0_0                                                    
   163     0.02% 5.21275e-07 1.63321e-05 1.45506e-05 3.14040e-05  10 /ChipTop/system/tile_prci_domain/tile_reset_domain_tile/gemmini/ex_controller/mesh/mesh/mesh_3_14/tile_0_0/mac_unit                                           
   738     0.11% 2.08116e-06 3.08510e-03 4.50353e-05 3.13222e-03   8 /ChipTop/system/tile_prci_domain/tile_reset_domain_tile/gemmini/ex_controller/mesh/mesh/mesh_5_2                                                              
   738     0.11% 2.08116e-06 3.08510e-03 4.50353e-05 3.13222e-03   9 /ChipTop/system/tile_prci_domain/tile_reset_domain_tile/gemmini/ex_controller/mesh/mesh/mesh_5_2/tile_0_0                                                     
   163     0.02% 5.38785e-07 1.25517e-05 1.18153e-05 2.49058e-05  10 /ChipTop/system/tile_prci_domain/tile_reset_domain_tile/gemmini/ex_controller/mesh/mesh/mesh_5_2/tile_0_0/mac_unit                                            
   741     0.11% 2.10148e-06 3.08399e-03 4.54408e-05 3.13153e-03   8 /ChipTop/system/tile_prci_domain/tile_reset_domain_tile/gemmini/ex_controller/mesh/mesh/mesh_4_5                                                              
   741     0.11% 2.10148e-06 3.08399e-03 4.54408e-05 3.13153e-03   9 /ChipTop/system/tile_prci_domain/tile_reset_domain_tile/gemmini/ex_controller/mesh/mesh/mesh_4_5/tile_0_0                                                     
   166     0.03% 5.33670e-07 1.64430e-05 1.51407e-05 3.21174e-05  10 /ChipTop/system/tile_prci_domain/tile_reset_domain_tile/gemmini/ex_controller/mesh/mesh/mesh_4_5/tile_0_0/mac_unit                                            
   741     0.11% 2.06339e-06 3.08216e-03 4.72916e-05 3.13152e-03   8 /ChipTop/system/tile_prci_domain/tile_reset_domain_tile/gemmini/ex_controller/mesh/mesh/mesh_2_12                                                             
   741     0.11% 2.06339e-06 3.08216e-03 4.72916e-05 3.13152e-03   9 /ChipTop/system/tile_prci_domain/tile_reset_domain_tile/gemmini/ex_controller/mesh/mesh/mesh_2_12/tile_0_0                                                    
   166     0.03% 5.32003e-07 1.95659e-05 1.83966e-05 3.84945e-05  10 /ChipTop/system/tile_prci_domain/tile_reset_domain_tile/gemmini/ex_controller/mesh/mesh/mesh_2_12/tile_0_0/mac_unit                                           
   738     0.11% 2.11609e-06 3.08518e-03 4.34351e-05 3.13073e-03   8 /ChipTop/system/tile_prci_domain/tile_reset_domain_tile/gemmini/ex_controller/mesh/mesh/mesh_2_8                                                              
   738     0.11% 2.11609e-06 3.08518e-03 4.34351e-05 3.13073e-03   9 /ChipTop/system/tile_prci_domain/tile_reset_domain_tile/gemmini/ex_controller/mesh/mesh/mesh_2_8/tile_0_0                                                     
   163     0.02% 5.29791e-07 1.52544e-05 1.36864e-05 2.94706e-05  10 /ChipTop/system/tile_prci_domain/tile_reset_domain_tile/gemmini/ex_controller/mesh/mesh/mesh_2_8/tile_0_0/mac_unit                                            
   738     0.11% 2.05306e-06 3.08171e-03 4.65385e-05 3.13031e-03   8 /ChipTop/system/tile_prci_domain/tile_reset_domain_tile/gemmini/ex_controller/mesh/mesh/mesh_1_13                                                             
   738     0.11% 2.05306e-06 3.08171e-03 4.65385e-05 3.13031e-03   9 /ChipTop/system/tile_prci_domain/tile_reset_domain_tile/gemmini/ex_controller/mesh/mesh/mesh_1_13/tile_0_0                                                    
   163     0.02% 5.36439e-07 2.12905e-05 1.92599e-05 4.10869e-05  10 /ChipTop/system/tile_prci_domain/tile_reset_domain_tile/gemmini/ex_controller/mesh/mesh/mesh_1_13/tile_0_0/mac_unit                                           
   738     0.11% 2.09987e-06 3.08523e-03 4.24379e-05 3.12977e-03   8 /ChipTop/system/tile_prci_domain/tile_reset_domain_tile/gemmini/ex_controller/mesh/mesh/mesh_4_1                                                              
   738     0.11% 2.09987e-06 3.08523e-03 4.24379e-05 3.12977e-03   9 /ChipTop/system/tile_prci_domain/tile_reset_domain_tile/gemmini/ex_controller/mesh/mesh/mesh_4_1/tile_0_0                                                     
   163     0.02% 5.30506e-07 1.26957e-05 1.17866e-05 2.50128e-05  10 /ChipTop/system/tile_prci_domain/tile_reset_domain_tile/gemmini/ex_controller/mesh/mesh/mesh_4_1/tile_0_0/mac_unit                                            
   738     0.11% 2.16180e-06 3.08447e-03 4.22012e-05 3.12883e-03   8 /ChipTop/system/tile_prci_domain/tile_reset_domain_tile/gemmini/ex_controller/mesh/mesh/mesh_6_0                                                              
   738     0.11% 2.16180e-06 3.08447e-03 4.22012e-05 3.12883e-03   9 /ChipTop/system/tile_prci_domain/tile_reset_domain_tile/gemmini/ex_controller/mesh/mesh/mesh_6_0/tile_0_0                                                     
   163     0.02% 5.33203e-07 9.62448e-06 8.87810e-06 1.90358e-05  10 /ChipTop/system/tile_prci_domain/tile_reset_domain_tile/gemmini/ex_controller/mesh/mesh/mesh_6_0/tile_0_0/mac_unit                                            
   741     0.11% 2.10798e-06 3.08084e-03 4.50352e-05 3.12798e-03   8 /ChipTop/system/tile_prci_domain/tile_reset_domain_tile/gemmini/ex_controller/mesh/mesh/mesh_2_6                                                              
   741     0.11% 2.10798e-06 3.08084e-03 4.50352e-05 3.12798e-03   9 /ChipTop/system/tile_prci_domain/tile_reset_domain_tile/gemmini/ex_controller/mesh/mesh/mesh_2_6/tile_0_0                                                     
   166     0.03% 5.29371e-07 1.44657e-05 1.32850e-05 2.82801e-05  10 /ChipTop/system/tile_prci_domain/tile_reset_domain_tile/gemmini/ex_controller/mesh/mesh/mesh_2_6/tile_0_0/mac_unit                                            
   741     0.11% 2.08810e-06 3.08115e-03 4.45670e-05 3.12780e-03   8 /ChipTop/system/tile_prci_domain/tile_reset_domain_tile/gemmini/ex_controller/mesh/mesh/mesh_5_3                                                              
   741     0.11% 2.08810e-06 3.08115e-03 4.45670e-05 3.12780e-03   9 /ChipTop/system/tile_prci_domain/tile_reset_domain_tile/gemmini/ex_controller/mesh/mesh/mesh_5_3/tile_0_0                                                     
   166     0.03% 5.32446e-07 1.26472e-05 1.12964e-05 2.44760e-05  10 /ChipTop/system/tile_prci_domain/tile_reset_domain_tile/gemmini/ex_controller/mesh/mesh/mesh_5_3/tile_0_0/mac_unit                                            
   738     0.11% 2.06620e-06 3.08082e-03 4.43937e-05 3.12728e-03   8 /ChipTop/system/tile_prci_domain/tile_reset_domain_tile/gemmini/ex_controller/mesh/mesh/mesh_6_2                                                              
   738     0.11% 2.06620e-06 3.08082e-03 4.43937e-05 3.12728e-03   9 /ChipTop/system/tile_prci_domain/tile_reset_domain_tile/gemmini/ex_controller/mesh/mesh/mesh_6_2/tile_0_0                                                     
   163     0.02% 5.32720e-07 1.33719e-05 1.25311e-05 2.64357e-05  10 /ChipTop/system/tile_prci_domain/tile_reset_domain_tile/gemmini/ex_controller/mesh/mesh/mesh_6_2/tile_0_0/mac_unit                                            
   738     0.11% 2.11714e-06 3.07972e-03 4.37854e-05 3.12562e-03   8 /ChipTop/system/tile_prci_domain/tile_reset_domain_tile/gemmini/ex_controller/mesh/mesh/mesh_1_7                                                              
   738     0.11% 2.11714e-06 3.07972e-03 4.37854e-05 3.12562e-03   9 /ChipTop/system/tile_prci_domain/tile_reset_domain_tile/gemmini/ex_controller/mesh/mesh/mesh_1_7/tile_0_0                                                     
   163     0.02% 5.42877e-07 1.43386e-05 1.32500e-05 2.81315e-05  10 /ChipTop/system/tile_prci_domain/tile_reset_domain_tile/gemmini/ex_controller/mesh/mesh/mesh_1_7/tile_0_0/mac_unit                                            
   738     0.11% 2.06731e-06 3.08252e-03 4.09915e-05 3.12558e-03   8 /ChipTop/system/tile_prci_domain/tile_reset_domain_tile/gemmini/ex_controller/mesh/mesh/mesh_4_2                                                              
   738     0.11% 2.06731e-06 3.08252e-03 4.09915e-05 3.12558e-03   9 /ChipTop/system/tile_prci_domain/tile_reset_domain_tile/gemmini/ex_controller/mesh/mesh/mesh_4_2/tile_0_0                                                     
   163     0.02% 5.35812e-07 1.17927e-05 1.06771e-05 2.30057e-05  10 /ChipTop/system/tile_prci_domain/tile_reset_domain_tile/gemmini/ex_controller/mesh/mesh/mesh_4_2/tile_0_0/mac_unit                                            
   812     0.12% 2.34161e-06 3.07696e-03 4.50590e-05 3.12436e-03   8 /ChipTop/system/tile_prci_domain/tile_reset_domain_tile/gemmini/ex_controller/mesh/mesh/mesh_0_13                                                             
   812     0.12% 2.34161e-06 3.07696e-03 4.50590e-05 3.12436e-03   9 /ChipTop/system/tile_prci_domain/tile_reset_domain_tile/gemmini/ex_controller/mesh/mesh/mesh_0_13/tile_0_0                                                    
   166     0.03% 5.30887e-07 1.61803e-05 1.50486e-05 3.17598e-05  10 /ChipTop/system/tile_prci_domain/tile_reset_domain_tile/gemmini/ex_controller/mesh/mesh/mesh_0_13/tile_0_0/mac_unit                                           
   738     0.11% 2.09912e-06 3.07878e-03 4.22740e-05 3.12316e-03   8 /ChipTop/system/tile_prci_domain/tile_reset_domain_tile/gemmini/ex_controller/mesh/mesh/mesh_1_8                                                              
   738     0.11% 2.09912e-06 3.07878e-03 4.22740e-05 3.12316e-03   9 /ChipTop/system/tile_prci_domain/tile_reset_domain_tile/gemmini/ex_controller/mesh/mesh/mesh_1_8/tile_0_0                                                     
   163     0.02% 5.39840e-07 1.63571e-05 1.51076e-05 3.20045e-05  10 /ChipTop/system/tile_prci_domain/tile_reset_domain_tile/gemmini/ex_controller/mesh/mesh/mesh_1_8/tile_0_0/mac_unit                                            
   738     0.11% 2.17815e-06 3.08079e-03 3.93356e-05 3.12230e-03   8 /ChipTop/system/tile_prci_domain/tile_reset_domain_tile/gemmini/ex_controller/mesh/mesh/mesh_5_0                                                              
   738     0.11% 2.17815e-06 3.08079e-03 3.93356e-05 3.12230e-03   9 /ChipTop/system/tile_prci_domain/tile_reset_domain_tile/gemmini/ex_controller/mesh/mesh/mesh_5_0/tile_0_0                                                     
   163     0.02% 5.36822e-07 9.98506e-06 9.17877e-06 1.97007e-05  10 /ChipTop/system/tile_prci_domain/tile_reset_domain_tile/gemmini/ex_controller/mesh/mesh/mesh_5_0/tile_0_0/mac_unit                                            
   740     0.11% 2.11157e-06 3.07845e-03 4.11017e-05 3.12166e-03   8 /ChipTop/system/tile_prci_domain/tile_reset_domain_tile/gemmini/ex_controller/mesh/mesh/mesh_3_12                                                             
   740     0.11% 2.11157e-06 3.07845e-03 4.11017e-05 3.12166e-03   9 /ChipTop/system/tile_prci_domain/tile_reset_domain_tile/gemmini/ex_controller/mesh/mesh/mesh_3_12/tile_0_0                                                    
   163     0.02% 5.32182e-07 1.29414e-05 1.14882e-05 2.49618e-05  10 /ChipTop/system/tile_prci_domain/tile_reset_domain_tile/gemmini/ex_controller/mesh/mesh/mesh_3_12/tile_0_0/mac_unit                                           
   738     0.11% 2.18237e-06 3.07999e-03 3.93689e-05 3.12154e-03   8 /ChipTop/system/tile_prci_domain/tile_reset_domain_tile/gemmini/ex_controller/mesh/mesh/mesh_4_0                                                              
   738     0.11% 2.18237e-06 3.07999e-03 3.93689e-05 3.12154e-03   9 /ChipTop/system/tile_prci_domain/tile_reset_domain_tile/gemmini/ex_controller/mesh/mesh/mesh_4_0/tile_0_0                                                     
   163     0.02% 5.39209e-07 1.14505e-05 1.06829e-05 2.26727e-05  10 /ChipTop/system/tile_prci_domain/tile_reset_domain_tile/gemmini/ex_controller/mesh/mesh/mesh_4_0/tile_0_0/mac_unit                                            
   741     0.11% 2.09494e-06 3.07760e-03 4.11872e-05 3.12088e-03   8 /ChipTop/system/tile_prci_domain/tile_reset_domain_tile/gemmini/ex_controller/mesh/mesh/mesh_3_4                                                              
   741     0.11% 2.09494e-06 3.07760e-03 4.11872e-05 3.12088e-03   9 /ChipTop/system/tile_prci_domain/tile_reset_domain_tile/gemmini/ex_controller/mesh/mesh/mesh_3_4/tile_0_0                                                     
   166     0.03% 5.27535e-07 1.27755e-05 1.18447e-05 2.51478e-05  10 /ChipTop/system/tile_prci_domain/tile_reset_domain_tile/gemmini/ex_controller/mesh/mesh/mesh_3_4/tile_0_0/mac_unit                                            
   812     0.12% 2.31548e-06 3.07402e-03 4.37279e-05 3.12006e-03   8 /ChipTop/system/tile_prci_domain/tile_reset_domain_tile/gemmini/ex_controller/mesh/mesh/mesh_0_6                                                              
   812     0.12% 2.31548e-06 3.07402e-03 4.37279e-05 3.12006e-03   9 /ChipTop/system/tile_prci_domain/tile_reset_domain_tile/gemmini/ex_controller/mesh/mesh/mesh_0_6/tile_0_0                                                     
   166     0.03% 5.21776e-07 1.74795e-05 1.70918e-05 3.50931e-05  10 /ChipTop/system/tile_prci_domain/tile_reset_domain_tile/gemmini/ex_controller/mesh/mesh/mesh_0_6/tile_0_0/mac_unit                                            
   738     0.11% 2.11102e-06 3.07705e-03 3.97786e-05 3.11894e-03   8 /ChipTop/system/tile_prci_domain/tile_reset_domain_tile/gemmini/ex_controller/mesh/mesh/mesh_3_5                                                              
   738     0.11% 2.11102e-06 3.07705e-03 3.97786e-05 3.11894e-03   9 /ChipTop/system/tile_prci_domain/tile_reset_domain_tile/gemmini/ex_controller/mesh/mesh/mesh_3_5/tile_0_0                                                     
   163     0.02% 5.35765e-07 1.39891e-05 1.30765e-05 2.76014e-05  10 /ChipTop/system/tile_prci_domain/tile_reset_domain_tile/gemmini/ex_controller/mesh/mesh/mesh_3_5/tile_0_0/mac_unit                                            
   738     0.11% 2.07972e-06 3.07532e-03 4.15293e-05 3.11893e-03   8 /ChipTop/system/tile_prci_domain/tile_reset_domain_tile/gemmini/ex_controller/mesh/mesh/mesh_1_9                                                              
   738     0.11% 2.07972e-06 3.07532e-03 4.15293e-05 3.11893e-03   9 /ChipTop/system/tile_prci_domain/tile_reset_domain_tile/gemmini/ex_controller/mesh/mesh/mesh_1_9/tile_0_0                                                     
   163     0.02% 5.40517e-07 1.65265e-05 1.54497e-05 3.25167e-05  10 /ChipTop/system/tile_prci_domain/tile_reset_domain_tile/gemmini/ex_controller/mesh/mesh/mesh_1_9/tile_0_0/mac_unit                                            
   812     0.12% 2.33383e-06 3.07442e-03 4.17792e-05 3.11853e-03   8 /ChipTop/system/tile_prci_domain/tile_reset_domain_tile/gemmini/ex_controller/mesh/mesh/mesh_0_7                                                              
   812     0.12% 2.33383e-06 3.07442e-03 4.17792e-05 3.11853e-03   9 /ChipTop/system/tile_prci_domain/tile_reset_domain_tile/gemmini/ex_controller/mesh/mesh/mesh_0_7/tile_0_0                                                     
   166     0.03% 5.28283e-07 1.15117e-05 1.08818e-05 2.29218e-05  10 /ChipTop/system/tile_prci_domain/tile_reset_domain_tile/gemmini/ex_controller/mesh/mesh/mesh_0_7/tile_0_0/mac_unit                                            
   812     0.12% 2.30826e-06 3.07415e-03 4.18486e-05 3.11831e-03   8 /ChipTop/system/tile_prci_domain/tile_reset_domain_tile/gemmini/ex_controller/mesh/mesh/mesh_0_12                                                             
   812     0.12% 2.30826e-06 3.07415e-03 4.18486e-05 3.11831e-03   9 /ChipTop/system/tile_prci_domain/tile_reset_domain_tile/gemmini/ex_controller/mesh/mesh/mesh_0_12/tile_0_0                                                    
   166     0.03% 5.18198e-07 1.80467e-05 1.70349e-05 3.55998e-05  10 /ChipTop/system/tile_prci_domain/tile_reset_domain_tile/gemmini/ex_controller/mesh/mesh/mesh_0_12/tile_0_0/mac_unit                                           
   741     0.11% 2.06087e-06 3.07716e-03 3.87288e-05 3.11795e-03   8 /ChipTop/system/tile_prci_domain/tile_reset_domain_tile/gemmini/ex_controller/mesh/mesh/mesh_3_3                                                              
   741     0.11% 2.06087e-06 3.07716e-03 3.87288e-05 3.11795e-03   9 /ChipTop/system/tile_prci_domain/tile_reset_domain_tile/gemmini/ex_controller/mesh/mesh/mesh_3_3/tile_0_0                                                     
   166     0.03% 5.27405e-07 1.28855e-05 1.16504e-05 2.50632e-05  10 /ChipTop/system/tile_prci_domain/tile_reset_domain_tile/gemmini/ex_controller/mesh/mesh/mesh_3_3/tile_0_0/mac_unit                                            
   738     0.11% 2.07493e-06 3.07576e-03 3.86065e-05 3.11644e-03   8 /ChipTop/system/tile_prci_domain/tile_reset_domain_tile/gemmini/ex_controller/mesh/mesh/mesh_3_2                                                              
   738     0.11% 2.07493e-06 3.07576e-03 3.86065e-05 3.11644e-03   9 /ChipTop/system/tile_prci_domain/tile_reset_domain_tile/gemmini/ex_controller/mesh/mesh/mesh_3_2/tile_0_0                                                     
   163     0.02% 5.30824e-07 1.27614e-05 1.19670e-05 2.52592e-05  10 /ChipTop/system/tile_prci_domain/tile_reset_domain_tile/gemmini/ex_controller/mesh/mesh/mesh_3_2/tile_0_0/mac_unit                                            
   741     0.11% 2.05871e-06 3.07445e-03 3.96455e-05 3.11615e-03   8 /ChipTop/system/tile_prci_domain/tile_reset_domain_tile/gemmini/ex_controller/mesh/mesh/mesh_2_4                                                              
   741     0.11% 2.05871e-06 3.07445e-03 3.96455e-05 3.11615e-03   9 /ChipTop/system/tile_prci_domain/tile_reset_domain_tile/gemmini/ex_controller/mesh/mesh/mesh_2_4/tile_0_0                                                     
   166     0.03% 5.33093e-07 1.43128e-05 1.35293e-05 2.83752e-05  10 /ChipTop/system/tile_prci_domain/tile_reset_domain_tile/gemmini/ex_controller/mesh/mesh/mesh_2_4/tile_0_0/mac_unit                                            
   741     0.11% 2.09781e-06 3.07412e-03 3.98504e-05 3.11607e-03   8 /ChipTop/system/tile_prci_domain/tile_reset_domain_tile/gemmini/ex_controller/mesh/mesh/mesh_1_6                                                              
   741     0.11% 2.09781e-06 3.07412e-03 3.98504e-05 3.11607e-03   9 /ChipTop/system/tile_prci_domain/tile_reset_domain_tile/gemmini/ex_controller/mesh/mesh/mesh_1_6/tile_0_0                                                     
   166     0.03% 5.27643e-07 1.43710e-05 1.33791e-05 2.82777e-05  10 /ChipTop/system/tile_prci_domain/tile_reset_domain_tile/gemmini/ex_controller/mesh/mesh/mesh_1_6/tile_0_0/mac_unit                                            
   738     0.11% 2.10209e-06 3.07698e-03 3.67190e-05 3.11581e-03   8 /ChipTop/system/tile_prci_domain/tile_reset_domain_tile/gemmini/ex_controller/mesh/mesh/mesh_3_1                                                              
   738     0.11% 2.10209e-06 3.07698e-03 3.67190e-05 3.11581e-03   9 /ChipTop/system/tile_prci_domain/tile_reset_domain_tile/gemmini/ex_controller/mesh/mesh/mesh_3_1/tile_0_0                                                     
   163     0.02% 5.35754e-07 1.02315e-05 9.95156e-06 2.07188e-05  10 /ChipTop/system/tile_prci_domain/tile_reset_domain_tile/gemmini/ex_controller/mesh/mesh/mesh_3_1/tile_0_0/mac_unit                                            
   812     0.12% 2.34675e-06 3.07405e-03 3.91204e-05 3.11552e-03   8 /ChipTop/system/tile_prci_domain/tile_reset_domain_tile/gemmini/ex_controller/mesh/mesh/mesh_0_14                                                             
   812     0.12% 2.34675e-06 3.07405e-03 3.91204e-05 3.11552e-03   9 /ChipTop/system/tile_prci_domain/tile_reset_domain_tile/gemmini/ex_controller/mesh/mesh/mesh_0_14/tile_0_0                                                    
   166     0.03% 5.32973e-07 1.58793e-05 1.40284e-05 3.04406e-05  10 /ChipTop/system/tile_prci_domain/tile_reset_domain_tile/gemmini/ex_controller/mesh/mesh/mesh_0_14/tile_0_0/mac_unit                                           
   809     0.12% 2.32328e-06 3.07082e-03 4.01212e-05 3.11327e-03   8 /ChipTop/system/tile_prci_domain/tile_reset_domain_tile/gemmini/ex_controller/mesh/mesh/mesh_0_9                                                              
   809     0.12% 2.32328e-06 3.07082e-03 4.01212e-05 3.11327e-03   9 /ChipTop/system/tile_prci_domain/tile_reset_domain_tile/gemmini/ex_controller/mesh/mesh/mesh_0_9/tile_0_0                                                     
   163     0.02% 5.29263e-07 1.53758e-05 1.46073e-05 3.05123e-05  10 /ChipTop/system/tile_prci_domain/tile_reset_domain_tile/gemmini/ex_controller/mesh/mesh/mesh_0_9/tile_0_0/mac_unit                                            
   741     0.11% 2.05216e-06 3.06803e-03 3.35889e-05 3.10367e-03   8 /ChipTop/system/tile_prci_domain/tile_reset_domain_tile/gemmini/ex_controller/mesh/mesh/mesh_4_3                                                              
   741     0.11% 2.05216e-06 3.06803e-03 3.35889e-05 3.10367e-03   9 /ChipTop/system/tile_prci_domain/tile_reset_domain_tile/gemmini/ex_controller/mesh/mesh/mesh_4_3/tile_0_0                                                     
   166     0.03% 5.29540e-07 8.36528e-06 7.01192e-06 1.59067e-05  10 /ChipTop/system/tile_prci_domain/tile_reset_domain_tile/gemmini/ex_controller/mesh/mesh/mesh_4_3/tile_0_0/mac_unit                                            
   741     0.11% 2.10627e-06 3.06796e-03 3.28983e-05 3.10297e-03   8 /ChipTop/system/tile_prci_domain/tile_reset_domain_tile/gemmini/ex_controller/mesh/mesh/mesh_1_3                                                              
   741     0.11% 2.10627e-06 3.06796e-03 3.28983e-05 3.10297e-03   9 /ChipTop/system/tile_prci_domain/tile_reset_domain_tile/gemmini/ex_controller/mesh/mesh/mesh_1_3/tile_0_0                                                     
   166     0.03% 5.31068e-07 9.69249e-06 8.62259e-06 1.88461e-05  10 /ChipTop/system/tile_prci_domain/tile_reset_domain_tile/gemmini/ex_controller/mesh/mesh/mesh_1_3/tile_0_0/mac_unit                                            
   809     0.12% 2.33176e-06 3.06609e-03 3.36748e-05 3.10210e-03   8 /ChipTop/system/tile_prci_domain/tile_reset_domain_tile/gemmini/ex_controller/mesh/mesh/mesh_0_8                                                              
   809     0.12% 2.33176e-06 3.06609e-03 3.36748e-05 3.10210e-03   9 /ChipTop/system/tile_prci_domain/tile_reset_domain_tile/gemmini/ex_controller/mesh/mesh/mesh_0_8/tile_0_0                                                     
   163     0.02% 5.20687e-07 1.24236e-05 1.16974e-05 2.46417e-05  10 /ChipTop/system/tile_prci_domain/tile_reset_domain_tile/gemmini/ex_controller/mesh/mesh/mesh_0_8/tile_0_0/mac_unit                                            
   738     0.11% 2.17670e-06 3.06718e-03 3.22824e-05 3.10164e-03   8 /ChipTop/system/tile_prci_domain/tile_reset_domain_tile/gemmini/ex_controller/mesh/mesh/mesh_3_0                                                              
   738     0.11% 2.17670e-06 3.06718e-03 3.22824e-05 3.10164e-03   9 /ChipTop/system/tile_prci_domain/tile_reset_domain_tile/gemmini/ex_controller/mesh/mesh/mesh_3_0/tile_0_0                                                     
   163     0.02% 5.31378e-07 7.60316e-06 7.27833e-06 1.54129e-05  10 /ChipTop/system/tile_prci_domain/tile_reset_domain_tile/gemmini/ex_controller/mesh/mesh/mesh_3_0/tile_0_0/mac_unit                                            
   738     0.11% 2.12065e-06 3.06607e-03 3.25483e-05 3.10074e-03   8 /ChipTop/system/tile_prci_domain/tile_reset_domain_tile/gemmini/ex_controller/mesh/mesh/mesh_2_2                                                              
   738     0.11% 2.12065e-06 3.06607e-03 3.25483e-05 3.10074e-03   9 /ChipTop/system/tile_prci_domain/tile_reset_domain_tile/gemmini/ex_controller/mesh/mesh/mesh_2_2/tile_0_0                                                     
   163     0.02% 5.33762e-07 8.70147e-06 7.97553e-06 1.72108e-05  10 /ChipTop/system/tile_prci_domain/tile_reset_domain_tile/gemmini/ex_controller/mesh/mesh/mesh_2_2/tile_0_0/mac_unit                                            
   738     0.11% 2.08598e-06 3.06704e-03 3.10081e-05 3.10014e-03   8 /ChipTop/system/tile_prci_domain/tile_reset_domain_tile/gemmini/ex_controller/mesh/mesh/mesh_2_5                                                              
   738     0.11% 2.08598e-06 3.06704e-03 3.10081e-05 3.10014e-03   9 /ChipTop/system/tile_prci_domain/tile_reset_domain_tile/gemmini/ex_controller/mesh/mesh/mesh_2_5/tile_0_0                                                     
   163     0.02% 5.46037e-07 9.96801e-06 8.92725e-06 1.94413e-05  10 /ChipTop/system/tile_prci_domain/tile_reset_domain_tile/gemmini/ex_controller/mesh/mesh/mesh_2_5/tile_0_0/mac_unit                                            
   812     0.12% 2.33881e-06 3.06321e-03 3.14782e-05 3.09703e-03   8 /ChipTop/system/tile_prci_domain/tile_reset_domain_tile/gemmini/ex_controller/mesh/mesh/mesh_0_3                                                              
   812     0.12% 2.33881e-06 3.06321e-03 3.14782e-05 3.09703e-03   9 /ChipTop/system/tile_prci_domain/tile_reset_domain_tile/gemmini/ex_controller/mesh/mesh/mesh_0_3/tile_0_0                                                     
   166     0.03% 5.22013e-07 1.20412e-05 1.14732e-05 2.40365e-05  10 /ChipTop/system/tile_prci_domain/tile_reset_domain_tile/gemmini/ex_controller/mesh/mesh/mesh_0_3/tile_0_0/mac_unit                                            
   738     0.11% 2.08483e-06 3.06338e-03 3.04409e-05 3.09590e-03   8 /ChipTop/system/tile_prci_domain/tile_reset_domain_tile/gemmini/ex_controller/mesh/mesh/mesh_1_5                                                              
   738     0.11% 2.08483e-06 3.06338e-03 3.04409e-05 3.09590e-03   9 /ChipTop/system/tile_prci_domain/tile_reset_domain_tile/gemmini/ex_controller/mesh/mesh/mesh_1_5/tile_0_0                                                     
   163     0.02% 5.42410e-07 1.21403e-05 1.12582e-05 2.39409e-05  10 /ChipTop/system/tile_prci_domain/tile_reset_domain_tile/gemmini/ex_controller/mesh/mesh/mesh_1_5/tile_0_0/mac_unit                                            
   741     0.11% 2.04766e-06 3.06350e-03 3.00687e-05 3.09561e-03   8 /ChipTop/system/tile_prci_domain/tile_reset_domain_tile/gemmini/ex_controller/mesh/mesh/mesh_1_4                                                              
   741     0.11% 2.04766e-06 3.06350e-03 3.00687e-05 3.09561e-03   9 /ChipTop/system/tile_prci_domain/tile_reset_domain_tile/gemmini/ex_controller/mesh/mesh/mesh_1_4/tile_0_0                                                     
   166     0.03% 5.30330e-07 1.19768e-05 1.10258e-05 2.35330e-05  10 /ChipTop/system/tile_prci_domain/tile_reset_domain_tile/gemmini/ex_controller/mesh/mesh/mesh_1_4/tile_0_0/mac_unit                                            
   812     0.12% 2.33673e-06 3.06173e-03 3.02640e-05 3.09433e-03   8 /ChipTop/system/tile_prci_domain/tile_reset_domain_tile/gemmini/ex_controller/mesh/mesh/mesh_0_4                                                              
   812     0.12% 2.33673e-06 3.06173e-03 3.02640e-05 3.09433e-03   9 /ChipTop/system/tile_prci_domain/tile_reset_domain_tile/gemmini/ex_controller/mesh/mesh/mesh_0_4/tile_0_0                                                     
   166     0.03% 5.21608e-07 9.94903e-06 9.70703e-06 2.01777e-05  10 /ChipTop/system/tile_prci_domain/tile_reset_domain_tile/gemmini/ex_controller/mesh/mesh/mesh_0_4/tile_0_0/mac_unit                                            
   812     0.12% 2.32865e-06 3.06112e-03 2.98428e-05 3.09329e-03   8 /ChipTop/system/tile_prci_domain/tile_reset_domain_tile/gemmini/ex_controller/mesh/mesh/mesh_0_5                                                              
   812     0.12% 2.32865e-06 3.06112e-03 2.98428e-05 3.09329e-03   9 /ChipTop/system/tile_prci_domain/tile_reset_domain_tile/gemmini/ex_controller/mesh/mesh/mesh_0_5/tile_0_0                                                     
   166     0.03% 5.28339e-07 1.07394e-05 1.01062e-05 2.13740e-05  10 /ChipTop/system/tile_prci_domain/tile_reset_domain_tile/gemmini/ex_controller/mesh/mesh/mesh_0_5/tile_0_0/mac_unit                                            
   738     0.11% 2.09653e-06 3.06097e-03 2.99959e-05 3.09306e-03   8 /ChipTop/system/tile_prci_domain/tile_reset_domain_tile/gemmini/ex_controller/mesh/mesh/mesh_1_1                                                              
   738     0.11% 2.09653e-06 3.06097e-03 2.99959e-05 3.09306e-03   9 /ChipTop/system/tile_prci_domain/tile_reset_domain_tile/gemmini/ex_controller/mesh/mesh/mesh_1_1/tile_0_0                                                     
   163     0.02% 5.40903e-07 1.06435e-05 1.03237e-05 2.15082e-05  10 /ChipTop/system/tile_prci_domain/tile_reset_domain_tile/gemmini/ex_controller/mesh/mesh/mesh_1_1/tile_0_0/mac_unit                                            
   738     0.11% 2.18271e-06 3.06466e-03 2.58516e-05 3.09269e-03   8 /ChipTop/system/tile_prci_domain/tile_reset_domain_tile/gemmini/ex_controller/mesh/mesh/mesh_2_0                                                              
   738     0.11% 2.18271e-06 3.06466e-03 2.58516e-05 3.09269e-03   9 /ChipTop/system/tile_prci_domain/tile_reset_domain_tile/gemmini/ex_controller/mesh/mesh/mesh_2_0/tile_0_0                                                     
   163     0.02% 5.44677e-07 5.23364e-06 4.52492e-06 1.03032e-05  10 /ChipTop/system/tile_prci_domain/tile_reset_domain_tile/gemmini/ex_controller/mesh/mesh/mesh_2_0/tile_0_0/mac_unit                                            
   738     0.11% 2.09090e-06 3.06207e-03 2.71948e-05 3.09136e-03   8 /ChipTop/system/tile_prci_domain/tile_reset_domain_tile/gemmini/ex_controller/mesh/mesh/mesh_2_1                                                              
   738     0.11% 2.09090e-06 3.06207e-03 2.71948e-05 3.09136e-03   9 /ChipTop/system/tile_prci_domain/tile_reset_domain_tile/gemmini/ex_controller/mesh/mesh/mesh_2_1/tile_0_0                                                     
   163     0.02% 5.42401e-07 7.10865e-06 6.69349e-06 1.43445e-05  10 /ChipTop/system/tile_prci_domain/tile_reset_domain_tile/gemmini/ex_controller/mesh/mesh/mesh_2_1/tile_0_0/mac_unit                                            
   741     0.11% 2.05258e-06 3.06028e-03 2.71144e-05 3.08945e-03   8 /ChipTop/system/tile_prci_domain/tile_reset_domain_tile/gemmini/ex_controller/mesh/mesh/mesh_2_3                                                              
   741     0.11% 2.05258e-06 3.06028e-03 2.71144e-05 3.08945e-03   9 /ChipTop/system/tile_prci_domain/tile_reset_domain_tile/gemmini/ex_controller/mesh/mesh/mesh_2_3/tile_0_0                                                     
   166     0.03% 5.31701e-07 6.22765e-06 5.36822e-06 1.21276e-05  10 /ChipTop/system/tile_prci_domain/tile_reset_domain_tile/gemmini/ex_controller/mesh/mesh/mesh_2_3/tile_0_0/mac_unit                                            
   738     0.11% 2.11383e-06 3.05989e-03 2.70230e-05 3.08902e-03   8 /ChipTop/system/tile_prci_domain/tile_reset_domain_tile/gemmini/ex_controller/mesh/mesh/mesh_1_2                                                              
   738     0.11% 2.11383e-06 3.05989e-03 2.70230e-05 3.08902e-03   9 /ChipTop/system/tile_prci_domain/tile_reset_domain_tile/gemmini/ex_controller/mesh/mesh/mesh_1_2/tile_0_0                                                     
   163     0.02% 5.41706e-07 9.82673e-06 8.87648e-06 1.92449e-05  10 /ChipTop/system/tile_prci_domain/tile_reset_domain_tile/gemmini/ex_controller/mesh/mesh/mesh_1_2/tile_0_0/mac_unit                                            
   738     0.11% 2.17025e-06 3.05977e-03 2.62591e-05 3.08820e-03   8 /ChipTop/system/tile_prci_domain/tile_reset_domain_tile/gemmini/ex_controller/mesh/mesh/mesh_1_0                                                              
   738     0.11% 2.17025e-06 3.05977e-03 2.62591e-05 3.08820e-03   9 /ChipTop/system/tile_prci_domain/tile_reset_domain_tile/gemmini/ex_controller/mesh/mesh/mesh_1_0/tile_0_0                                                     
   163     0.02% 5.38147e-07 7.74721e-06 7.02079e-06 1.53061e-05  10 /ChipTop/system/tile_prci_domain/tile_reset_domain_tile/gemmini/ex_controller/mesh/mesh/mesh_1_0/tile_0_0/mac_unit                                            
   812     0.12% 2.34059e-06 3.05757e-03 2.72234e-05 3.08713e-03   8 /ChipTop/system/tile_prci_domain/tile_reset_domain_tile/gemmini/ex_controller/mesh/mesh/mesh_0_1                                                              
   812     0.12% 2.34059e-06 3.05757e-03 2.72234e-05 3.08713e-03   9 /ChipTop/system/tile_prci_domain/tile_reset_domain_tile/gemmini/ex_controller/mesh/mesh/mesh_0_1/tile_0_0                                                     
   166     0.03% 5.25983e-07 6.54133e-06 6.66859e-06 1.37359e-05  10 /ChipTop/system/tile_prci_domain/tile_reset_domain_tile/gemmini/ex_controller/mesh/mesh/mesh_0_1/tile_0_0/mac_unit                                            
   812     0.12% 2.34986e-06 3.05685e-03 2.73596e-05 3.08656e-03   8 /ChipTop/system/tile_prci_domain/tile_reset_domain_tile/gemmini/ex_controller/mesh/mesh/mesh_0_2                                                              
   812     0.12% 2.34986e-06 3.05685e-03 2.73596e-05 3.08656e-03   9 /ChipTop/system/tile_prci_domain/tile_reset_domain_tile/gemmini/ex_controller/mesh/mesh/mesh_0_2/tile_0_0                                                     
   166     0.03% 5.34807e-07 1.07934e-05 1.03171e-05 2.16453e-05  10 /ChipTop/system/tile_prci_domain/tile_reset_domain_tile/gemmini/ex_controller/mesh/mesh/mesh_0_2/tile_0_0/mac_unit                                            
   812     0.12% 2.25447e-06 3.05536e-03 2.53731e-05 3.08299e-03   8 /ChipTop/system/tile_prci_domain/tile_reset_domain_tile/gemmini/ex_controller/mesh/mesh/mesh_0_0                                                              
   812     0.12% 2.25447e-06 3.05536e-03 2.53731e-05 3.08299e-03   9 /ChipTop/system/tile_prci_domain/tile_reset_domain_tile/gemmini/ex_controller/mesh/mesh/mesh_0_0/tile_0_0                                                     
   166     0.03% 5.22419e-07 8.46367e-06 8.12754e-06 1.71136e-05  10 /ChipTop/system/tile_prci_domain/tile_reset_domain_tile/gemmini/ex_controller/mesh/mesh/mesh_0_0/tile_0_0/mac_unit                                            
  2685     0.41% 2.34815e-05 2.23016e-01 3.10814e-05 2.23070e-01   7 /ChipTop/system/tile_prci_domain/tile_reset_domain_tile/gemmini/ex_controller/mesh/transposer                                                                 
     9     0.00% 8.76400e-08 8.67735e-04 1.52661e-07 8.67976e-04   8 /ChipTop/system/tile_prci_domain/tile_reset_domain_tile/gemmini/ex_controller/mesh/transposer/pes_0_0                                                         
     9     0.00% 8.60170e-08 8.67764e-04 1.07205e-07 8.67958e-04   8 /ChipTop/system/tile_prci_domain/tile_reset_domain_tile/gemmini/ex_controller/mesh/transposer/pes_7_15                                                        
     9     0.00% 8.76320e-08 8.67759e-04 1.07205e-07 8.67954e-04   8 /ChipTop/system/tile_prci_domain/tile_reset_domain_tile/gemmini/ex_controller/mesh/transposer/pes_1_15                                                        
     9     0.00% 8.63970e-08 8.67759e-04 1.07205e-07 8.67953e-04   8 /ChipTop/system/tile_prci_domain/tile_reset_domain_tile/gemmini/ex_controller/mesh/transposer/pes_11_15                                                       
     9     0.00% 8.70600e-08 8.67754e-04 1.07205e-07 8.67949e-04   8 /ChipTop/system/tile_prci_domain/tile_reset_domain_tile/gemmini/ex_controller/mesh/transposer/pes_10_15                                                       
     9     0.00% 8.64170e-08 8.67754e-04 1.07205e-07 8.67948e-04   8 /ChipTop/system/tile_prci_domain/tile_reset_domain_tile/gemmini/ex_controller/mesh/transposer/pes_12_15                                                       
     9     0.00% 8.71280e-08 8.67749e-04 1.07205e-07 8.67944e-04   8 /ChipTop/system/tile_prci_domain/tile_reset_domain_tile/gemmini/ex_controller/mesh/transposer/pes_4_15                                                        
     9     0.00% 8.62830e-08 8.67749e-04 1.07205e-07 8.67943e-04   8 /ChipTop/system/tile_prci_domain/tile_reset_domain_tile/gemmini/ex_controller/mesh/transposer/pes_14_15                                                       
     9     0.00% 8.60930e-08 8.67749e-04 1.07205e-07 8.67943e-04   8 /ChipTop/system/tile_prci_domain/tile_reset_domain_tile/gemmini/ex_controller/mesh/transposer/pes_2_15                                                        
     9     0.00% 8.58280e-08 8.67749e-04 1.07205e-07 8.67942e-04   8 /ChipTop/system/tile_prci_domain/tile_reset_domain_tile/gemmini/ex_controller/mesh/transposer/pes_5_15                                                        
     9     0.00% 8.68110e-08 8.67741e-04 1.14533e-07 8.67942e-04   8 /ChipTop/system/tile_prci_domain/tile_reset_domain_tile/gemmini/ex_controller/mesh/transposer/pes_0_15                                                        
     9     0.00% 8.77160e-08 8.67744e-04 1.07205e-07 8.67939e-04   8 /ChipTop/system/tile_prci_domain/tile_reset_domain_tile/gemmini/ex_controller/mesh/transposer/pes_9_15                                                        
     9     0.00% 8.57550e-08 8.67744e-04 1.07205e-07 8.67937e-04   8 /ChipTop/system/tile_prci_domain/tile_reset_domain_tile/gemmini/ex_controller/mesh/transposer/pes_8_15                                                        
     9     0.00% 8.52230e-08 8.67744e-04 1.07205e-07 8.67937e-04   8 /ChipTop/system/tile_prci_domain/tile_reset_domain_tile/gemmini/ex_controller/mesh/transposer/pes_6_15                                                        
     9     0.00% 8.73520e-08 8.67731e-04 1.17133e-07 8.67936e-04   8 /ChipTop/system/tile_prci_domain/tile_reset_domain_tile/gemmini/ex_controller/mesh/transposer/pes_6_0                                                         
     9     0.00% 8.73420e-08 8.67731e-04 1.17133e-07 8.67936e-04   8 /ChipTop/system/tile_prci_domain/tile_reset_domain_tile/gemmini/ex_controller/mesh/transposer/pes_4_0                                                         
     9     0.00% 8.72740e-08 8.67731e-04 1.17133e-07 8.67935e-04   8 /ChipTop/system/tile_prci_domain/tile_reset_domain_tile/gemmini/ex_controller/mesh/transposer/pes_12_0                                                        
     9     0.00% 8.69950e-08 8.67731e-04 1.17133e-07 8.67935e-04   8 /ChipTop/system/tile_prci_domain/tile_reset_domain_tile/gemmini/ex_controller/mesh/transposer/pes_5_0                                                         
     9     0.00% 8.92620e-08 8.67731e-04 1.14533e-07 8.67935e-04   8 /ChipTop/system/tile_prci_domain/tile_reset_domain_tile/gemmini/ex_controller/mesh/transposer/pes_0_8                                                         
     9     0.00% 8.89450e-08 8.67731e-04 1.14533e-07 8.67935e-04   8 /ChipTop/system/tile_prci_domain/tile_reset_domain_tile/gemmini/ex_controller/mesh/transposer/pes_0_9                                                         
     9     0.00% 8.64090e-08 8.67731e-04 1.17133e-07 8.67935e-04   8 /ChipTop/system/tile_prci_domain/tile_reset_domain_tile/gemmini/ex_controller/mesh/transposer/pes_8_0                                                         
     9     0.00% 8.88950e-08 8.67731e-04 1.14533e-07 8.67935e-04   8 /ChipTop/system/tile_prci_domain/tile_reset_domain_tile/gemmini/ex_controller/mesh/transposer/pes_0_1                                                         
     9     0.00% 8.63970e-08 8.67731e-04 1.17133e-07 8.67935e-04   8 /ChipTop/system/tile_prci_domain/tile_reset_domain_tile/gemmini/ex_controller/mesh/transposer/pes_1_0                                                         
     9     0.00% 8.61870e-08 8.67731e-04 1.17133e-07 8.67935e-04   8 /ChipTop/system/tile_prci_domain/tile_reset_domain_tile/gemmini/ex_controller/mesh/transposer/pes_15_0                                                        
     9     0.00% 8.62390e-08 8.67731e-04 1.17133e-07 8.67934e-04   8 /ChipTop/system/tile_prci_domain/tile_reset_domain_tile/gemmini/ex_controller/mesh/transposer/pes_10_0                                                        
     9     0.00% 8.60690e-08 8.67731e-04 1.17133e-07 8.67934e-04   8 /ChipTop/system/tile_prci_domain/tile_reset_domain_tile/gemmini/ex_controller/mesh/transposer/pes_14_0                                                        
     9     0.00% 8.84260e-08 8.67731e-04 1.14533e-07 8.67934e-04   8 /ChipTop/system/tile_prci_domain/tile_reset_domain_tile/gemmini/ex_controller/mesh/transposer/pes_0_13                                                        
     9     0.00% 8.57920e-08 8.67731e-04 1.17133e-07 8.67934e-04   8 /ChipTop/system/tile_prci_domain/tile_reset_domain_tile/gemmini/ex_controller/mesh/transposer/pes_7_0                                                         
     9     0.00% 8.73280e-08 8.67739e-04 1.07205e-07 8.67934e-04   8 /ChipTop/system/tile_prci_domain/tile_reset_domain_tile/gemmini/ex_controller/mesh/transposer/pes_3_15                                                        
     9     0.00% 8.57020e-08 8.67731e-04 1.17133e-07 8.67934e-04   8 /ChipTop/system/tile_prci_domain/tile_reset_domain_tile/gemmini/ex_controller/mesh/transposer/pes_2_0                                                         
     9     0.00% 8.56350e-08 8.67731e-04 1.17133e-07 8.67934e-04   8 /ChipTop/system/tile_prci_domain/tile_reset_domain_tile/gemmini/ex_controller/mesh/transposer/pes_11_0                                                        
     9     0.00% 8.52650e-08 8.67731e-04 1.17133e-07 8.67933e-04   8 /ChipTop/system/tile_prci_domain/tile_reset_domain_tile/gemmini/ex_controller/mesh/transposer/pes_13_0                                                        
     9     0.00% 8.77430e-08 8.67731e-04 1.14533e-07 8.67933e-04   8 /ChipTop/system/tile_prci_domain/tile_reset_domain_tile/gemmini/ex_controller/mesh/transposer/pes_0_12                                                        
     9     0.00% 8.51740e-08 8.67731e-04 1.17133e-07 8.67933e-04   8 /ChipTop/system/tile_prci_domain/tile_reset_domain_tile/gemmini/ex_controller/mesh/transposer/pes_3_0                                                         
     9     0.00% 8.72450e-08 8.67731e-04 1.14533e-07 8.67933e-04   8 /ChipTop/system/tile_prci_domain/tile_reset_domain_tile/gemmini/ex_controller/mesh/transposer/pes_0_4                                                         
     9     0.00% 8.45600e-08 8.67731e-04 1.17133e-07 8.67933e-04   8 /ChipTop/system/tile_prci_domain/tile_reset_domain_tile/gemmini/ex_controller/mesh/transposer/pes_9_0                                                         
     9     0.00% 8.70340e-08 8.67731e-04 1.14533e-07 8.67933e-04   8 /ChipTop/system/tile_prci_domain/tile_reset_domain_tile/gemmini/ex_controller/mesh/transposer/pes_0_6                                                         
     9     0.00% 8.68270e-08 8.67731e-04 1.14533e-07 8.67933e-04   8 /ChipTop/system/tile_prci_domain/tile_reset_domain_tile/gemmini/ex_controller/mesh/transposer/pes_0_14                                                        
     9     0.00% 8.68160e-08 8.67731e-04 1.14533e-07 8.67933e-04   8 /ChipTop/system/tile_prci_domain/tile_reset_domain_tile/gemmini/ex_controller/mesh/transposer/pes_0_11                                                        
     9     0.00% 8.66750e-08 8.67731e-04 1.14533e-07 8.67932e-04   8 /ChipTop/system/tile_prci_domain/tile_reset_domain_tile/gemmini/ex_controller/mesh/transposer/pes_0_10                                                        
     9     0.00% 8.66560e-08 8.67731e-04 1.14533e-07 8.67932e-04   8 /ChipTop/system/tile_prci_domain/tile_reset_domain_tile/gemmini/ex_controller/mesh/transposer/pes_0_5                                                         
     9     0.00% 8.65160e-08 8.67731e-04 1.14533e-07 8.67932e-04   8 /ChipTop/system/tile_prci_domain/tile_reset_domain_tile/gemmini/ex_controller/mesh/transposer/pes_0_7                                                         
     9     0.00% 8.55620e-08 8.67731e-04 1.14533e-07 8.67931e-04   8 /ChipTop/system/tile_prci_domain/tile_reset_domain_tile/gemmini/ex_controller/mesh/transposer/pes_0_2                                                         
     9     0.00% 8.45410e-08 8.67739e-04 1.07205e-07 8.67931e-04   8 /ChipTop/system/tile_prci_domain/tile_reset_domain_tile/gemmini/ex_controller/mesh/transposer/pes_13_15                                                       
     9     0.00% 8.52830e-08 8.67731e-04 1.14533e-07 8.67931e-04   8 /ChipTop/system/tile_prci_domain/tile_reset_domain_tile/gemmini/ex_controller/mesh/transposer/pes_0_3                                                         
     9     0.00% 9.06350e-08 8.67730e-04 1.07205e-07 8.67928e-04   8 /ChipTop/system/tile_prci_domain/tile_reset_domain_tile/gemmini/ex_controller/mesh/transposer/pes_13_9                                                        
     9     0.00% 9.00870e-08 8.67730e-04 1.07205e-07 8.67927e-04   8 /ChipTop/system/tile_prci_domain/tile_reset_domain_tile/gemmini/ex_controller/mesh/transposer/pes_7_10                                                        
     9     0.00% 9.00580e-08 8.67730e-04 1.07205e-07 8.67927e-04   8 /ChipTop/system/tile_prci_domain/tile_reset_domain_tile/gemmini/ex_controller/mesh/transposer/pes_10_10                                                       
     9     0.00% 9.00190e-08 8.67730e-04 1.07205e-07 8.67927e-04   8 /ChipTop/system/tile_prci_domain/tile_reset_domain_tile/gemmini/ex_controller/mesh/transposer/pes_2_2                                                         
     9     0.00% 8.97140e-08 8.67730e-04 1.07205e-07 8.67927e-04   8 /ChipTop/system/tile_prci_domain/tile_reset_domain_tile/gemmini/ex_controller/mesh/transposer/pes_15_14                                                       
     9     0.00% 8.96010e-08 8.67730e-04 1.07205e-07 8.67927e-04   8 /ChipTop/system/tile_prci_domain/tile_reset_domain_tile/gemmini/ex_controller/mesh/transposer/pes_1_8                                                         
     9     0.00% 8.95900e-08 8.67730e-04 1.07205e-07 8.67927e-04   8 /ChipTop/system/tile_prci_domain/tile_reset_domain_tile/gemmini/ex_controller/mesh/transposer/pes_3_1                                                         
     9     0.00% 8.89740e-08 8.67730e-04 1.07205e-07 8.67926e-04   8 /ChipTop/system/tile_prci_domain/tile_reset_domain_tile/gemmini/ex_controller/mesh/transposer/pes_10_7                                                        
     9     0.00% 8.89240e-08 8.67730e-04 1.07205e-07 8.67926e-04   8 /ChipTop/system/tile_prci_domain/tile_reset_domain_tile/gemmini/ex_controller/mesh/transposer/pes_13_13                                                       
     9     0.00% 8.87640e-08 8.67730e-04 1.07205e-07 8.67926e-04   8 /ChipTop/system/tile_prci_domain/tile_reset_domain_tile/gemmini/ex_controller/mesh/transposer/pes_15_3                                                        
     9     0.00% 8.88770e-08 8.67730e-04 1.07205e-07 8.67926e-04   8 /ChipTop/system/tile_prci_domain/tile_reset_domain_tile/gemmini/ex_controller/mesh/transposer/pes_5_13                                                        
     9     0.00% 8.88540e-08 8.67730e-04 1.07205e-07 8.67926e-04   8 /ChipTop/system/tile_prci_domain/tile_reset_domain_tile/gemmini/ex_controller/mesh/transposer/pes_5_5                                                         
     9     0.00% 8.87650e-08 8.67730e-04 1.07205e-07 8.67926e-04   8 /ChipTop/system/tile_prci_domain/tile_reset_domain_tile/gemmini/ex_controller/mesh/transposer/pes_14_10                                                       
     9     0.00% 8.87490e-08 8.67730e-04 1.07205e-07 8.67926e-04   8 /ChipTop/system/tile_prci_domain/tile_reset_domain_tile/gemmini/ex_controller/mesh/transposer/pes_11_5                                                        
     9     0.00% 8.85670e-08 8.67730e-04 1.07205e-07 8.67926e-04   8 /ChipTop/system/tile_prci_domain/tile_reset_domain_tile/gemmini/ex_controller/mesh/transposer/pes_2_6                                                         
     9     0.00% 8.85670e-08 8.67730e-04 1.07205e-07 8.67926e-04   8 /ChipTop/system/tile_prci_domain/tile_reset_domain_tile/gemmini/ex_controller/mesh/transposer/pes_10_3                                                        
     9     0.00% 8.81500e-08 8.67730e-04 1.07205e-07 8.67926e-04   8 /ChipTop/system/tile_prci_domain/tile_reset_domain_tile/gemmini/ex_controller/mesh/transposer/pes_15_1                                                        
     9     0.00% 8.85170e-08 8.67730e-04 1.07205e-07 8.67926e-04   8 /ChipTop/system/tile_prci_domain/tile_reset_domain_tile/gemmini/ex_controller/mesh/transposer/pes_4_9                                                         
     9     0.00% 8.85160e-08 8.67730e-04 1.07205e-07 8.67926e-04   8 /ChipTop/system/tile_prci_domain/tile_reset_domain_tile/gemmini/ex_controller/mesh/transposer/pes_8_3                                                         
     9     0.00% 8.84880e-08 8.67730e-04 1.07205e-07 8.67926e-04   8 /ChipTop/system/tile_prci_domain/tile_reset_domain_tile/gemmini/ex_controller/mesh/transposer/pes_13_2                                                        
     9     0.00% 8.84260e-08 8.67730e-04 1.07205e-07 8.67925e-04   8 /ChipTop/system/tile_prci_domain/tile_reset_domain_tile/gemmini/ex_controller/mesh/transposer/pes_14_2                                                        
     9     0.00% 8.83970e-08 8.67730e-04 1.07205e-07 8.67925e-04   8 /ChipTop/system/tile_prci_domain/tile_reset_domain_tile/gemmini/ex_controller/mesh/transposer/pes_10_14                                                       
     9     0.00% 8.83700e-08 8.67730e-04 1.07205e-07 8.67925e-04   8 /ChipTop/system/tile_prci_domain/tile_reset_domain_tile/gemmini/ex_controller/mesh/transposer/pes_14_1                                                        
     9     0.00% 8.80820e-08 8.67730e-04 1.07205e-07 8.67925e-04   8 /ChipTop/system/tile_prci_domain/tile_reset_domain_tile/gemmini/ex_controller/mesh/transposer/pes_15_5                                                        
     9     0.00% 8.83080e-08 8.67730e-04 1.07205e-07 8.67925e-04   8 /ChipTop/system/tile_prci_domain/tile_reset_domain_tile/gemmini/ex_controller/mesh/transposer/pes_1_4                                                         
     9     0.00% 8.82790e-08 8.67730e-04 1.07205e-07 8.67925e-04   8 /ChipTop/system/tile_prci_domain/tile_reset_domain_tile/gemmini/ex_controller/mesh/transposer/pes_12_10                                                       
     9     0.00% 8.82690e-08 8.67730e-04 1.07205e-07 8.67925e-04   8 /ChipTop/system/tile_prci_domain/tile_reset_domain_tile/gemmini/ex_controller/mesh/transposer/pes_14_6                                                        
     9     0.00% 8.82450e-08 8.67730e-04 1.07205e-07 8.67925e-04   8 /ChipTop/system/tile_prci_domain/tile_reset_domain_tile/gemmini/ex_controller/mesh/transposer/pes_5_11                                                        
     9     0.00% 8.78710e-08 8.67730e-04 1.07205e-07 8.67925e-04   8 /ChipTop/system/tile_prci_domain/tile_reset_domain_tile/gemmini/ex_controller/mesh/transposer/pes_15_10                                                       
     9     0.00% 8.82000e-08 8.67730e-04 1.07205e-07 8.67925e-04   8 /ChipTop/system/tile_prci_domain/tile_reset_domain_tile/gemmini/ex_controller/mesh/transposer/pes_11_14                                                       
     9     0.00% 8.81900e-08 8.67730e-04 1.07205e-07 8.67925e-04   8 /ChipTop/system/tile_prci_domain/tile_reset_domain_tile/gemmini/ex_controller/mesh/transposer/pes_3_3                                                         
     9     0.00% 8.81380e-08 8.67730e-04 1.07205e-07 8.67925e-04   8 /ChipTop/system/tile_prci_domain/tile_reset_domain_tile/gemmini/ex_controller/mesh/transposer/pes_9_11                                                        
     9     0.00% 8.81380e-08 8.67730e-04 1.07205e-07 8.67925e-04   8 /ChipTop/system/tile_prci_domain/tile_reset_domain_tile/gemmini/ex_controller/mesh/transposer/pes_12_3                                                        
     9     0.00% 8.80310e-08 8.67730e-04 1.07205e-07 8.67925e-04   8 /ChipTop/system/tile_prci_domain/tile_reset_domain_tile/gemmini/ex_controller/mesh/transposer/pes_9_3                                                         
     9     0.00% 8.80180e-08 8.67730e-04 1.07205e-07 8.67925e-04   8 /ChipTop/system/tile_prci_domain/tile_reset_domain_tile/gemmini/ex_controller/mesh/transposer/pes_3_9                                                         
     9     0.00% 8.80120e-08 8.67730e-04 1.07205e-07 8.67925e-04   8 /ChipTop/system/tile_prci_domain/tile_reset_domain_tile/gemmini/ex_controller/mesh/transposer/pes_8_10                                                        
     9     0.00% 8.79890e-08 8.67730e-04 1.07205e-07 8.67925e-04   8 /ChipTop/system/tile_prci_domain/tile_reset_domain_tile/gemmini/ex_controller/mesh/transposer/pes_5_12                                                        
     9     0.00% 8.79620e-08 8.67730e-04 1.07205e-07 8.67925e-04   8 /ChipTop/system/tile_prci_domain/tile_reset_domain_tile/gemmini/ex_controller/mesh/transposer/pes_7_7                                                         
     9     0.00% 8.79500e-08 8.67730e-04 1.07205e-07 8.67925e-04   8 /ChipTop/system/tile_prci_domain/tile_reset_domain_tile/gemmini/ex_controller/mesh/transposer/pes_3_14                                                        
     9     0.00% 8.79500e-08 8.67730e-04 1.07205e-07 8.67925e-04   8 /ChipTop/system/tile_prci_domain/tile_reset_domain_tile/gemmini/ex_controller/mesh/transposer/pes_7_11                                                        
     9     0.00% 8.79500e-08 8.67730e-04 1.07205e-07 8.67925e-04   8 /ChipTop/system/tile_prci_domain/tile_reset_domain_tile/gemmini/ex_controller/mesh/transposer/pes_9_7                                                         
     9     0.00% 8.79400e-08 8.67730e-04 1.07205e-07 8.67925e-04   8 /ChipTop/system/tile_prci_domain/tile_reset_domain_tile/gemmini/ex_controller/mesh/transposer/pes_4_14                                                        
     9     0.00% 8.79400e-08 8.67730e-04 1.07205e-07 8.67925e-04   8 /ChipTop/system/tile_prci_domain/tile_reset_domain_tile/gemmini/ex_controller/mesh/transposer/pes_12_14                                                       
     9     0.00% 8.78590e-08 8.67730e-04 1.07205e-07 8.67925e-04   8 /ChipTop/system/tile_prci_domain/tile_reset_domain_tile/gemmini/ex_controller/mesh/transposer/pes_9_14                                                        
     9     0.00% 8.79000e-08 8.67730e-04 1.07205e-07 8.67925e-04   8 /ChipTop/system/tile_prci_domain/tile_reset_domain_tile/gemmini/ex_controller/mesh/transposer/pes_8_12                                                        
     9     0.00% 8.78610e-08 8.67730e-04 1.07205e-07 8.67925e-04   8 /ChipTop/system/tile_prci_domain/tile_reset_domain_tile/gemmini/ex_controller/mesh/transposer/pes_7_4                                                         
     9     0.00% 8.78500e-08 8.67730e-04 1.07205e-07 8.67925e-04   8 /ChipTop/system/tile_prci_domain/tile_reset_domain_tile/gemmini/ex_controller/mesh/transposer/pes_13_12                                                       
     9     0.00% 8.77810e-08 8.67730e-04 1.07205e-07 8.67925e-04   8 /ChipTop/system/tile_prci_domain/tile_reset_domain_tile/gemmini/ex_controller/mesh/transposer/pes_1_6                                                         
     9     0.00% 8.77810e-08 8.67730e-04 1.07205e-07 8.67925e-04   8 /ChipTop/system/tile_prci_domain/tile_reset_domain_tile/gemmini/ex_controller/mesh/transposer/pes_1_9                                                         
     9     0.00% 8.77430e-08 8.67730e-04 1.07205e-07 8.67925e-04   8 /ChipTop/system/tile_prci_domain/tile_reset_domain_tile/gemmini/ex_controller/mesh/transposer/pes_8_5                                                         
     9     0.00% 8.77410e-08 8.67730e-04 1.07205e-07 8.67925e-04   8 /ChipTop/system/tile_prci_domain/tile_reset_domain_tile/gemmini/ex_controller/mesh/transposer/pes_13_11                                                       
     9     0.00% 8.77310e-08 8.67730e-04 1.07205e-07 8.67925e-04   8 /ChipTop/system/tile_prci_domain/tile_reset_domain_tile/gemmini/ex_controller/mesh/transposer/pes_3_11                                                        
     9     0.00% 8.72580e-08 8.67730e-04 1.07205e-07 8.67925e-04   8 /ChipTop/system/tile_prci_domain/tile_reset_domain_tile/gemmini/ex_controller/mesh/transposer/pes_15_7                                                        
     9     0.00% 8.77310e-08 8.67730e-04 1.07205e-07 8.67925e-04   8 /ChipTop/system/tile_prci_domain/tile_reset_domain_tile/gemmini/ex_controller/mesh/transposer/pes_3_13                                                        
     9     0.00% 8.77020e-08 8.67730e-04 1.07205e-07 8.67925e-04   8 /ChipTop/system/tile_prci_domain/tile_reset_domain_tile/gemmini/ex_controller/mesh/transposer/pes_4_12                                                        
     9     0.00% 8.74650e-08 8.67730e-04 1.07205e-07 8.67925e-04   8 /ChipTop/system/tile_prci_domain/tile_reset_domain_tile/gemmini/ex_controller/mesh/transposer/pes_15_9                                                        
     9     0.00% 8.76400e-08 8.67730e-04 1.07205e-07 8.67925e-04   8 /ChipTop/system/tile_prci_domain/tile_reset_domain_tile/gemmini/ex_controller/mesh/transposer/pes_7_2                                                         
     9     0.00% 8.75840e-08 8.67730e-04 1.07205e-07 8.67925e-04   8 /ChipTop/system/tile_prci_domain/tile_reset_domain_tile/gemmini/ex_controller/mesh/transposer/pes_10_6                                                        
     9     0.00% 8.75590e-08 8.67730e-04 1.07205e-07 8.67925e-04   8 /ChipTop/system/tile_prci_domain/tile_reset_domain_tile/gemmini/ex_controller/mesh/transposer/pes_1_10                                                        
     9     0.00% 8.74800e-08 8.67730e-04 1.07205e-07 8.67925e-04   8 /ChipTop/system/tile_prci_domain/tile_reset_domain_tile/gemmini/ex_controller/mesh/transposer/pes_4_11                                                        
     9     0.00% 8.74590e-08 8.67730e-04 1.07205e-07 8.67924e-04   8 /ChipTop/system/tile_prci_domain/tile_reset_domain_tile/gemmini/ex_controller/mesh/transposer/pes_3_8                                                         
     9     0.00% 8.72440e-08 8.67730e-04 1.07205e-07 8.67924e-04   8 /ChipTop/system/tile_prci_domain/tile_reset_domain_tile/gemmini/ex_controller/mesh/transposer/pes_15_8                                                        
     9     0.00% 8.72440e-08 8.67730e-04 1.07205e-07 8.67924e-04   8 /ChipTop/system/tile_prci_domain/tile_reset_domain_tile/gemmini/ex_controller/mesh/transposer/pes_15_6                                                        
     9     0.00% 8.73930e-08 8.67730e-04 1.07205e-07 8.67924e-04   8 /ChipTop/system/tile_prci_domain/tile_reset_domain_tile/gemmini/ex_controller/mesh/transposer/pes_11_12                                                       
     9     0.00% 8.74040e-08 8.67730e-04 1.07205e-07 8.67924e-04   8 /ChipTop/system/tile_prci_domain/tile_reset_domain_tile/gemmini/ex_controller/mesh/transposer/pes_7_8                                                         
     9     0.00% 8.73730e-08 8.67730e-04 1.07205e-07 8.67924e-04   8 /ChipTop/system/tile_prci_domain/tile_reset_domain_tile/gemmini/ex_controller/mesh/transposer/pes_14_12                                                       
     9     0.00% 8.73520e-08 8.67730e-04 1.07205e-07 8.67924e-04   8 /ChipTop/system/tile_prci_domain/tile_reset_domain_tile/gemmini/ex_controller/mesh/transposer/pes_9_8                                                         
     9     0.00% 8.73460e-08 8.67730e-04 1.07205e-07 8.67924e-04   8 /ChipTop/system/tile_prci_domain/tile_reset_domain_tile/gemmini/ex_controller/mesh/transposer/pes_12_12                                                       
     9     0.00% 8.73410e-08 8.67730e-04 1.07205e-07 8.67924e-04   8 /ChipTop/system/tile_prci_domain/tile_reset_domain_tile/gemmini/ex_controller/mesh/transposer/pes_11_4                                                        
     9     0.00% 8.73230e-08 8.67730e-04 1.07205e-07 8.67924e-04   8 /ChipTop/system/tile_prci_domain/tile_reset_domain_tile/gemmini/ex_controller/mesh/transposer/pes_3_6                                                         
     9     0.00% 8.73230e-08 8.67730e-04 1.07205e-07 8.67924e-04   8 /ChipTop/system/tile_prci_domain/tile_reset_domain_tile/gemmini/ex_controller/mesh/transposer/pes_5_14                                                        
     9     0.00% 8.73110e-08 8.67730e-04 1.07205e-07 8.67924e-04   8 /ChipTop/system/tile_prci_domain/tile_reset_domain_tile/gemmini/ex_controller/mesh/transposer/pes_6_10                                                        
     9     0.00% 8.72840e-08 8.67730e-04 1.07205e-07 8.67924e-04   8 /ChipTop/system/tile_prci_domain/tile_reset_domain_tile/gemmini/ex_controller/mesh/transposer/pes_2_4                                                         
     9     0.00% 8.72840e-08 8.67730e-04 1.07205e-07 8.67924e-04   8 /ChipTop/system/tile_prci_domain/tile_reset_domain_tile/gemmini/ex_controller/mesh/transposer/pes_11_9                                                        
     9     0.00% 8.72450e-08 8.67730e-04 1.07205e-07 8.67924e-04   8 /ChipTop/system/tile_prci_domain/tile_reset_domain_tile/gemmini/ex_controller/mesh/transposer/pes_5_7                                                         
     9     0.00% 8.72450e-08 8.67730e-04 1.07205e-07 8.67924e-04   8 /ChipTop/system/tile_prci_domain/tile_reset_domain_tile/gemmini/ex_controller/mesh/transposer/pes_10_5                                                        
     9     0.00% 8.72220e-08 8.67730e-04 1.07205e-07 8.67924e-04   8 /ChipTop/system/tile_prci_domain/tile_reset_domain_tile/gemmini/ex_controller/mesh/transposer/pes_11_2                                                        
     9     0.00% 8.71830e-08 8.67730e-04 1.07205e-07 8.67924e-04   8 /ChipTop/system/tile_prci_domain/tile_reset_domain_tile/gemmini/ex_controller/mesh/transposer/pes_12_11                                                       
     9     0.00% 8.71020e-08 8.67730e-04 1.07205e-07 8.67924e-04   8 /ChipTop/system/tile_prci_domain/tile_reset_domain_tile/gemmini/ex_controller/mesh/transposer/pes_1_1                                                         
     9     0.00% 8.71760e-08 8.67730e-04 1.07205e-07 8.67924e-04   8 /ChipTop/system/tile_prci_domain/tile_reset_domain_tile/gemmini/ex_controller/mesh/transposer/pes_6_4                                                         
     9     0.00% 8.71430e-08 8.67730e-04 1.07205e-07 8.67924e-04   8 /ChipTop/system/tile_prci_domain/tile_reset_domain_tile/gemmini/ex_controller/mesh/transposer/pes_10_8                                                        
     9     0.00% 8.71660e-08 8.67730e-04 1.07205e-07 8.67924e-04   8 /ChipTop/system/tile_prci_domain/tile_reset_domain_tile/gemmini/ex_controller/mesh/transposer/pes_7_6                                                         
     9     0.00% 8.71350e-08 8.67730e-04 1.07205e-07 8.67924e-04   8 /ChipTop/system/tile_prci_domain/tile_reset_domain_tile/gemmini/ex_controller/mesh/transposer/pes_10_4                                                        
     9     0.00% 8.71320e-08 8.67730e-04 1.07205e-07 8.67924e-04   8 /ChipTop/system/tile_prci_domain/tile_reset_domain_tile/gemmini/ex_controller/mesh/transposer/pes_6_5                                                         
     9     0.00% 8.70850e-08 8.67730e-04 1.07205e-07 8.67924e-04   8 /ChipTop/system/tile_prci_domain/tile_reset_domain_tile/gemmini/ex_controller/mesh/transposer/pes_1_2                                                         
     9     0.00% 8.69730e-08 8.67730e-04 1.07205e-07 8.67924e-04   8 /ChipTop/system/tile_prci_domain/tile_reset_domain_tile/gemmini/ex_controller/mesh/transposer/pes_5_10                                                        
     9     0.00% 8.70250e-08 8.67730e-04 1.07205e-07 8.67924e-04   8 /ChipTop/system/tile_prci_domain/tile_reset_domain_tile/gemmini/ex_controller/mesh/transposer/pes_7_1                                                         
     9     0.00% 8.70070e-08 8.67730e-04 1.07205e-07 8.67924e-04   8 /ChipTop/system/tile_prci_domain/tile_reset_domain_tile/gemmini/ex_controller/mesh/transposer/pes_1_11                                                        
     9     0.00% 8.69960e-08 8.67730e-04 1.07205e-07 8.67924e-04   8 /ChipTop/system/tile_prci_domain/tile_reset_domain_tile/gemmini/ex_controller/mesh/transposer/pes_6_11                                                        
     9     0.00% 8.69570e-08 8.67730e-04 1.07205e-07 8.67924e-04   8 /ChipTop/system/tile_prci_domain/tile_reset_domain_tile/gemmini/ex_controller/mesh/transposer/pes_7_12                                                        
     9     0.00% 8.69570e-08 8.67730e-04 1.07205e-07 8.67924e-04   8 /ChipTop/system/tile_prci_domain/tile_reset_domain_tile/gemmini/ex_controller/mesh/transposer/pes_9_5                                                         
     9     0.00% 8.69450e-08 8.67730e-04 1.07205e-07 8.67924e-04   8 /ChipTop/system/tile_prci_domain/tile_reset_domain_tile/gemmini/ex_controller/mesh/transposer/pes_12_6                                                        
     9     0.00% 8.69320e-08 8.67730e-04 1.07205e-07 8.67924e-04   8 /ChipTop/system/tile_prci_domain/tile_reset_domain_tile/gemmini/ex_controller/mesh/transposer/pes_8_9                                                         
     9     0.00% 8.69280e-08 8.67730e-04 1.07205e-07 8.67924e-04   8 /ChipTop/system/tile_prci_domain/tile_reset_domain_tile/gemmini/ex_controller/mesh/transposer/pes_14_14                                                       
     9     0.00% 8.69050e-08 8.67730e-04 1.07205e-07 8.67924e-04   8 /ChipTop/system/tile_prci_domain/tile_reset_domain_tile/gemmini/ex_controller/mesh/transposer/pes_14_3                                                        
     9     0.00% 8.68660e-08 8.67730e-04 1.07205e-07 8.67924e-04   8 /ChipTop/system/tile_prci_domain/tile_reset_domain_tile/gemmini/ex_controller/mesh/transposer/pes_2_8                                                         
     9     0.00% 8.68660e-08 8.67730e-04 1.07205e-07 8.67924e-04   8 /ChipTop/system/tile_prci_domain/tile_reset_domain_tile/gemmini/ex_controller/mesh/transposer/pes_6_7                                                         
     9     0.00% 8.68560e-08 8.67730e-04 1.07205e-07 8.67924e-04   8 /ChipTop/system/tile_prci_domain/tile_reset_domain_tile/gemmini/ex_controller/mesh/transposer/pes_11_1                                                        
     9     0.00% 8.68160e-08 8.67730e-04 1.07205e-07 8.67924e-04   8 /ChipTop/system/tile_prci_domain/tile_reset_domain_tile/gemmini/ex_controller/mesh/transposer/pes_8_4                                                         
     9     0.00% 8.68140e-08 8.67730e-04 1.07205e-07 8.67924e-04   8 /ChipTop/system/tile_prci_domain/tile_reset_domain_tile/gemmini/ex_controller/mesh/transposer/pes_4_8                                                         
     9     0.00% 8.67980e-08 8.67730e-04 1.07205e-07 8.67924e-04   8 /ChipTop/system/tile_prci_domain/tile_reset_domain_tile/gemmini/ex_controller/mesh/transposer/pes_11_11                                                       
     9     0.00% 8.67870e-08 8.67730e-04 1.07205e-07 8.67924e-04   8 /ChipTop/system/tile_prci_domain/tile_reset_domain_tile/gemmini/ex_controller/mesh/transposer/pes_6_14                                                        
     9     0.00% 8.67870e-08 8.67730e-04 1.07205e-07 8.67924e-04   8 /ChipTop/system/tile_prci_domain/tile_reset_domain_tile/gemmini/ex_controller/mesh/transposer/pes_7_13                                                        
     9     0.00% 8.67750e-08 8.67730e-04 1.07205e-07 8.67924e-04   8 /ChipTop/system/tile_prci_domain/tile_reset_domain_tile/gemmini/ex_controller/mesh/transposer/pes_8_8                                                         
     9     0.00% 8.67360e-08 8.67730e-04 1.07205e-07 8.67924e-04   8 /ChipTop/system/tile_prci_domain/tile_reset_domain_tile/gemmini/ex_controller/mesh/transposer/pes_1_7                                                         
     9     0.00% 8.67090e-08 8.67730e-04 1.07205e-07 8.67924e-04   8 /ChipTop/system/tile_prci_domain/tile_reset_domain_tile/gemmini/ex_controller/mesh/transposer/pes_6_2                                                         
     9     0.00% 8.67070e-08 8.67730e-04 1.07205e-07 8.67924e-04   8 /ChipTop/system/tile_prci_domain/tile_reset_domain_tile/gemmini/ex_controller/mesh/transposer/pes_2_7                                                         
     9     0.00% 8.66960e-08 8.67730e-04 1.07205e-07 8.67924e-04   8 /ChipTop/system/tile_prci_domain/tile_reset_domain_tile/gemmini/ex_controller/mesh/transposer/pes_8_11                                                        
     9     0.00% 8.66840e-08 8.67730e-04 1.07205e-07 8.67924e-04   8 /ChipTop/system/tile_prci_domain/tile_reset_domain_tile/gemmini/ex_controller/mesh/transposer/pes_4_7                                                         
     9     0.00% 8.66570e-08 8.67730e-04 1.07205e-07 8.67924e-04   8 /ChipTop/system/tile_prci_domain/tile_reset_domain_tile/gemmini/ex_controller/mesh/transposer/pes_4_13                                                        
     9     0.00% 8.66570e-08 8.67730e-04 1.07205e-07 8.67924e-04   8 /ChipTop/system/tile_prci_domain/tile_reset_domain_tile/gemmini/ex_controller/mesh/transposer/pes_5_4                                                         
     9     0.00% 8.66370e-08 8.67730e-04 1.07205e-07 8.67924e-04   8 /ChipTop/system/tile_prci_domain/tile_reset_domain_tile/gemmini/ex_controller/mesh/transposer/pes_2_3                                                         
     9     0.00% 8.66300e-08 8.67730e-04 1.07205e-07 8.67924e-04   8 /ChipTop/system/tile_prci_domain/tile_reset_domain_tile/gemmini/ex_controller/mesh/transposer/pes_6_13                                                        
     9     0.00% 8.65500e-08 8.67730e-04 1.07205e-07 8.67924e-04   8 /ChipTop/system/tile_prci_domain/tile_reset_domain_tile/gemmini/ex_controller/mesh/transposer/pes_5_9                                                         
     9     0.00% 8.66180e-08 8.67730e-04 1.07205e-07 8.67924e-04   8 /ChipTop/system/tile_prci_domain/tile_reset_domain_tile/gemmini/ex_controller/mesh/transposer/pes_5_3                                                         
     9     0.00% 8.66180e-08 8.67730e-04 1.07205e-07 8.67924e-04   8 /ChipTop/system/tile_prci_domain/tile_reset_domain_tile/gemmini/ex_controller/mesh/transposer/pes_13_5                                                        
     9     0.00% 8.66160e-08 8.67730e-04 1.07205e-07 8.67924e-04   8 /ChipTop/system/tile_prci_domain/tile_reset_domain_tile/gemmini/ex_controller/mesh/transposer/pes_2_13                                                        
     9     0.00% 8.66280e-08 8.67730e-04 1.07205e-07 8.67924e-04   8 /ChipTop/system/tile_prci_domain/tile_reset_domain_tile/gemmini/ex_controller/mesh/transposer/pes_7_5                                                         
     9     0.00% 8.65680e-08 8.67730e-04 1.07205e-07 8.67924e-04   8 /ChipTop/system/tile_prci_domain/tile_reset_domain_tile/gemmini/ex_controller/mesh/transposer/pes_8_7                                                         
     9     0.00% 8.65680e-08 8.67730e-04 1.07205e-07 8.67924e-04   8 /ChipTop/system/tile_prci_domain/tile_reset_domain_tile/gemmini/ex_controller/mesh/transposer/pes_14_4                                                        
     9     0.00% 8.65660e-08 8.67730e-04 1.07205e-07 8.67924e-04   8 /ChipTop/system/tile_prci_domain/tile_reset_domain_tile/gemmini/ex_controller/mesh/transposer/pes_3_10                                                        
     9     0.00% 8.65380e-08 8.67730e-04 1.07205e-07 8.67924e-04   8 /ChipTop/system/tile_prci_domain/tile_reset_domain_tile/gemmini/ex_controller/mesh/transposer/pes_1_14                                                        
     9     0.00% 8.65380e-08 8.67730e-04 1.07205e-07 8.67924e-04   8 /ChipTop/system/tile_prci_domain/tile_reset_domain_tile/gemmini/ex_controller/mesh/transposer/pes_14_7                                                        
     9     0.00% 8.65250e-08 8.67730e-04 1.07205e-07 8.67924e-04   8 /ChipTop/system/tile_prci_domain/tile_reset_domain_tile/gemmini/ex_controller/mesh/transposer/pes_11_8                                                        
     9     0.00% 8.64690e-08 8.67730e-04 1.07205e-07 8.67924e-04   8 /ChipTop/system/tile_prci_domain/tile_reset_domain_tile/gemmini/ex_controller/mesh/transposer/pes_12_2                                                        
     9     0.00% 8.64590e-08 8.67730e-04 1.07205e-07 8.67923e-04   8 /ChipTop/system/tile_prci_domain/tile_reset_domain_tile/gemmini/ex_controller/mesh/transposer/pes_4_10                                                        
     9     0.00% 8.64580e-08 8.67730e-04 1.07205e-07 8.67923e-04   8 /ChipTop/system/tile_prci_domain/tile_reset_domain_tile/gemmini/ex_controller/mesh/transposer/pes_10_1                                                        
     9     0.00% 8.64090e-08 8.67730e-04 1.07205e-07 8.67923e-04   8 /ChipTop/system/tile_prci_domain/tile_reset_domain_tile/gemmini/ex_controller/mesh/transposer/pes_11_6                                                        
     9     0.00% 8.64090e-08 8.67730e-04 1.07205e-07 8.67923e-04   8 /ChipTop/system/tile_prci_domain/tile_reset_domain_tile/gemmini/ex_controller/mesh/transposer/pes_14_9                                                        
     9     0.00% 8.64080e-08 8.67730e-04 1.07205e-07 8.67923e-04   8 /ChipTop/system/tile_prci_domain/tile_reset_domain_tile/gemmini/ex_controller/mesh/transposer/pes_8_6                                                         
     9     0.00% 8.63970e-08 8.67730e-04 1.07205e-07 8.67923e-04   8 /ChipTop/system/tile_prci_domain/tile_reset_domain_tile/gemmini/ex_controller/mesh/transposer/pes_1_13                                                        
     9     0.00% 8.63800e-08 8.67730e-04 1.07205e-07 8.67923e-04   8 /ChipTop/system/tile_prci_domain/tile_reset_domain_tile/gemmini/ex_controller/mesh/transposer/pes_2_9                                                         
     9     0.00% 8.62890e-08 8.67730e-04 1.07205e-07 8.67923e-04   8 /ChipTop/system/tile_prci_domain/tile_reset_domain_tile/gemmini/ex_controller/mesh/transposer/pes_1_5                                                         
     9     0.00% 8.63580e-08 8.67730e-04 1.07205e-07 8.67923e-04   8 /ChipTop/system/tile_prci_domain/tile_reset_domain_tile/gemmini/ex_controller/mesh/transposer/pes_3_2                                                         
     9     0.00% 8.63310e-08 8.67730e-04 1.07205e-07 8.67923e-04   8 /ChipTop/system/tile_prci_domain/tile_reset_domain_tile/gemmini/ex_controller/mesh/transposer/pes_6_3                                                         
     9     0.00% 8.63300e-08 8.67730e-04 1.07205e-07 8.67923e-04   8 /ChipTop/system/tile_prci_domain/tile_reset_domain_tile/gemmini/ex_controller/mesh/transposer/pes_8_13                                                        
     9     0.00% 8.63180e-08 8.67730e-04 1.07205e-07 8.67923e-04   8 /ChipTop/system/tile_prci_domain/tile_reset_domain_tile/gemmini/ex_controller/mesh/transposer/pes_6_9                                                         
     9     0.00% 8.63180e-08 8.67730e-04 1.07205e-07 8.67923e-04   8 /ChipTop/system/tile_prci_domain/tile_reset_domain_tile/gemmini/ex_controller/mesh/transposer/pes_8_1                                                         
     9     0.00% 8.63180e-08 8.67730e-04 1.07205e-07 8.67923e-04   8 /ChipTop/system/tile_prci_domain/tile_reset_domain_tile/gemmini/ex_controller/mesh/transposer/pes_9_13                                                        
     9     0.00% 8.63020e-08 8.67730e-04 1.07205e-07 8.67923e-04   8 /ChipTop/system/tile_prci_domain/tile_reset_domain_tile/gemmini/ex_controller/mesh/transposer/pes_12_8                                                        
     9     0.00% 8.62890e-08 8.67730e-04 1.07205e-07 8.67923e-04   8 /ChipTop/system/tile_prci_domain/tile_reset_domain_tile/gemmini/ex_controller/mesh/transposer/pes_1_12                                                        
     9     0.00% 8.62680e-08 8.67730e-04 1.07205e-07 8.67923e-04   8 /ChipTop/system/tile_prci_domain/tile_reset_domain_tile/gemmini/ex_controller/mesh/transposer/pes_10_2                                                        
     9     0.00% 8.59030e-08 8.67730e-04 1.07205e-07 8.67923e-04   8 /ChipTop/system/tile_prci_domain/tile_reset_domain_tile/gemmini/ex_controller/mesh/transposer/pes_15_12                                                       
     9     0.00% 8.62270e-08 8.67730e-04 1.07205e-07 8.67923e-04   8 /ChipTop/system/tile_prci_domain/tile_reset_domain_tile/gemmini/ex_controller/mesh/transposer/pes_11_7                                                        
     9     0.00% 8.62210e-08 8.67730e-04 1.07205e-07 8.67923e-04   8 /ChipTop/system/tile_prci_domain/tile_reset_domain_tile/gemmini/ex_controller/mesh/transposer/pes_5_6                                                         
     9     0.00% 8.62110e-08 8.67730e-04 1.07205e-07 8.67923e-04   8 /ChipTop/system/tile_prci_domain/tile_reset_domain_tile/gemmini/ex_controller/mesh/transposer/pes_13_10                                                       
     9     0.00% 8.59450e-08 8.67730e-04 1.07205e-07 8.67923e-04   8 /ChipTop/system/tile_prci_domain/tile_reset_domain_tile/gemmini/ex_controller/mesh/transposer/pes_15_2                                                        
     9     0.00% 8.62000e-08 8.67730e-04 1.07205e-07 8.67923e-04   8 /ChipTop/system/tile_prci_domain/tile_reset_domain_tile/gemmini/ex_controller/mesh/transposer/pes_13_3                                                        
     9     0.00% 8.61710e-08 8.67730e-04 1.07205e-07 8.67923e-04   8 /ChipTop/system/tile_prci_domain/tile_reset_domain_tile/gemmini/ex_controller/mesh/transposer/pes_3_4                                                         
     9     0.00% 8.61600e-08 8.67730e-04 1.07205e-07 8.67923e-04   8 /ChipTop/system/tile_prci_domain/tile_reset_domain_tile/gemmini/ex_controller/mesh/transposer/pes_4_5                                                         
     9     0.00% 8.61420e-08 8.67730e-04 1.07205e-07 8.67923e-04   8 /ChipTop/system/tile_prci_domain/tile_reset_domain_tile/gemmini/ex_controller/mesh/transposer/pes_10_13                                                       
     9     0.00% 8.61300e-08 8.67730e-04 1.07205e-07 8.67923e-04   8 /ChipTop/system/tile_prci_domain/tile_reset_domain_tile/gemmini/ex_controller/mesh/transposer/pes_10_12                                                       
     9     0.00% 8.61090e-08 8.67730e-04 1.07205e-07 8.67923e-04   8 /ChipTop/system/tile_prci_domain/tile_reset_domain_tile/gemmini/ex_controller/mesh/transposer/pes_13_7                                                        
     9     0.00% 8.60930e-08 8.67730e-04 1.07205e-07 8.67923e-04   8 /ChipTop/system/tile_prci_domain/tile_reset_domain_tile/gemmini/ex_controller/mesh/transposer/pes_2_14                                                        
     9     0.00% 8.60930e-08 8.67730e-04 1.07205e-07 8.67923e-04   8 /ChipTop/system/tile_prci_domain/tile_reset_domain_tile/gemmini/ex_controller/mesh/transposer/pes_7_9                                                         
     9     0.00% 8.60800e-08 8.67730e-04 1.07205e-07 8.67923e-04   8 /ChipTop/system/tile_prci_domain/tile_reset_domain_tile/gemmini/ex_controller/mesh/transposer/pes_3_12                                                        
     9     0.00% 8.60800e-08 8.67730e-04 1.07205e-07 8.67923e-04   8 /ChipTop/system/tile_prci_domain/tile_reset_domain_tile/gemmini/ex_controller/mesh/transposer/pes_12_9                                                        
     9     0.00% 8.60800e-08 8.67730e-04 1.07205e-07 8.67923e-04   8 /ChipTop/system/tile_prci_domain/tile_reset_domain_tile/gemmini/ex_controller/mesh/transposer/pes_14_13                                                       
     9     0.00% 8.60700e-08 8.67730e-04 1.07205e-07 8.67923e-04   8 /ChipTop/system/tile_prci_domain/tile_reset_domain_tile/gemmini/ex_controller/mesh/transposer/pes_2_12                                                        
     9     0.00% 8.60190e-08 8.67730e-04 1.07205e-07 8.67923e-04   8 /ChipTop/system/tile_prci_domain/tile_reset_domain_tile/gemmini/ex_controller/mesh/transposer/pes_9_10                                                        
     9     0.00% 8.60010e-08 8.67730e-04 1.07205e-07 8.67923e-04   8 /ChipTop/system/tile_prci_domain/tile_reset_domain_tile/gemmini/ex_controller/mesh/transposer/pes_9_2                                                         
     9     0.00% 8.59890e-08 8.67730e-04 1.07205e-07 8.67923e-04   8 /ChipTop/system/tile_prci_domain/tile_reset_domain_tile/gemmini/ex_controller/mesh/transposer/pes_5_8                                                         
     9     0.00% 8.58030e-08 8.67730e-04 1.07205e-07 8.67923e-04   8 /ChipTop/system/tile_prci_domain/tile_reset_domain_tile/gemmini/ex_controller/mesh/transposer/pes_15_13                                                       
     9     0.00% 8.58730e-08 8.67730e-04 1.07205e-07 8.67923e-04   8 /ChipTop/system/tile_prci_domain/tile_reset_domain_tile/gemmini/ex_controller/mesh/transposer/pes_8_14                                                        
     9     0.00% 8.58440e-08 8.67730e-04 1.07205e-07 8.67923e-04   8 /ChipTop/system/tile_prci_domain/tile_reset_domain_tile/gemmini/ex_controller/mesh/transposer/pes_7_14                                                        
     9     0.00% 8.57530e-08 8.67730e-04 1.07205e-07 8.67923e-04   8 /ChipTop/system/tile_prci_domain/tile_reset_domain_tile/gemmini/ex_controller/mesh/transposer/pes_2_5                                                         
     9     0.00% 8.58310e-08 8.67730e-04 1.07205e-07 8.67923e-04   8 /ChipTop/system/tile_prci_domain/tile_reset_domain_tile/gemmini/ex_controller/mesh/transposer/pes_13_4                                                        
     9     0.00% 8.58110e-08 8.67730e-04 1.07205e-07 8.67923e-04   8 /ChipTop/system/tile_prci_domain/tile_reset_domain_tile/gemmini/ex_controller/mesh/transposer/pes_1_3                                                         
     9     0.00% 8.57980e-08 8.67730e-04 1.07205e-07 8.67923e-04   8 /ChipTop/system/tile_prci_domain/tile_reset_domain_tile/gemmini/ex_controller/mesh/transposer/pes_4_6                                                         
     9     0.00% 8.57920e-08 8.67730e-04 1.07205e-07 8.67923e-04   8 /ChipTop/system/tile_prci_domain/tile_reset_domain_tile/gemmini/ex_controller/mesh/transposer/pes_8_2                                                         
     9     0.00% 8.54120e-08 8.67730e-04 1.07205e-07 8.67923e-04   8 /ChipTop/system/tile_prci_domain/tile_reset_domain_tile/gemmini/ex_controller/mesh/transposer/pes_15_11                                                       
     9     0.00% 8.57130e-08 8.67730e-04 1.07205e-07 8.67923e-04   8 /ChipTop/system/tile_prci_domain/tile_reset_domain_tile/gemmini/ex_controller/mesh/transposer/pes_9_9                                                         
     9     0.00% 8.56910e-08 8.67730e-04 1.07205e-07 8.67923e-04   8 /ChipTop/system/tile_prci_domain/tile_reset_domain_tile/gemmini/ex_controller/mesh/transposer/pes_9_6                                                         
     9     0.00% 8.56740e-08 8.67730e-04 1.07205e-07 8.67923e-04   8 /ChipTop/system/tile_prci_domain/tile_reset_domain_tile/gemmini/ex_controller/mesh/transposer/pes_12_13                                                       
     9     0.00% 8.55840e-08 8.67730e-04 1.07205e-07 8.67923e-04   8 /ChipTop/system/tile_prci_domain/tile_reset_domain_tile/gemmini/ex_controller/mesh/transposer/pes_11_10                                                       
     9     0.00% 8.56510e-08 8.67730e-04 1.07205e-07 8.67923e-04   8 /ChipTop/system/tile_prci_domain/tile_reset_domain_tile/gemmini/ex_controller/mesh/transposer/pes_4_4                                                         
     9     0.00% 8.56060e-08 8.67730e-04 1.07205e-07 8.67923e-04   8 /ChipTop/system/tile_prci_domain/tile_reset_domain_tile/gemmini/ex_controller/mesh/transposer/pes_14_5                                                        
     9     0.00% 8.55440e-08 8.67730e-04 1.07205e-07 8.67923e-04   8 /ChipTop/system/tile_prci_domain/tile_reset_domain_tile/gemmini/ex_controller/mesh/transposer/pes_13_1                                                        
     9     0.00% 8.55150e-08 8.67730e-04 1.07205e-07 8.67923e-04   8 /ChipTop/system/tile_prci_domain/tile_reset_domain_tile/gemmini/ex_controller/mesh/transposer/pes_6_1                                                         
     9     0.00% 8.52440e-08 8.67730e-04 1.07205e-07 8.67923e-04   8 /ChipTop/system/tile_prci_domain/tile_reset_domain_tile/gemmini/ex_controller/mesh/transposer/pes_15_4                                                        
     9     0.00% 8.54820e-08 8.67730e-04 1.07205e-07 8.67923e-04   8 /ChipTop/system/tile_prci_domain/tile_reset_domain_tile/gemmini/ex_controller/mesh/transposer/pes_9_12                                                        
     9     0.00% 8.54540e-08 8.67730e-04 1.07205e-07 8.67922e-04   8 /ChipTop/system/tile_prci_domain/tile_reset_domain_tile/gemmini/ex_controller/mesh/transposer/pes_10_11                                                       
     9     0.00% 8.54530e-08 8.67730e-04 1.07205e-07 8.67922e-04   8 /ChipTop/system/tile_prci_domain/tile_reset_domain_tile/gemmini/ex_controller/mesh/transposer/pes_3_7                                                         
     9     0.00% 8.54530e-08 8.67730e-04 1.07205e-07 8.67922e-04   8 /ChipTop/system/tile_prci_domain/tile_reset_domain_tile/gemmini/ex_controller/mesh/transposer/pes_4_2                                                         
     9     0.00% 8.54470e-08 8.67730e-04 1.07205e-07 8.67922e-04   8 /ChipTop/system/tile_prci_domain/tile_reset_domain_tile/gemmini/ex_controller/mesh/transposer/pes_7_3                                                         
     9     0.00% 8.54240e-08 8.67730e-04 1.07205e-07 8.67922e-04   8 /ChipTop/system/tile_prci_domain/tile_reset_domain_tile/gemmini/ex_controller/mesh/transposer/pes_6_8                                                         
     9     0.00% 8.53460e-08 8.67730e-04 1.07205e-07 8.67922e-04   8 /ChipTop/system/tile_prci_domain/tile_reset_domain_tile/gemmini/ex_controller/mesh/transposer/pes_12_5                                                        
     9     0.00% 8.53350e-08 8.67730e-04 1.07205e-07 8.67922e-04   8 /ChipTop/system/tile_prci_domain/tile_reset_domain_tile/gemmini/ex_controller/mesh/transposer/pes_2_1                                                         
     9     0.00% 8.53340e-08 8.67730e-04 1.07205e-07 8.67922e-04   8 /ChipTop/system/tile_prci_domain/tile_reset_domain_tile/gemmini/ex_controller/mesh/transposer/pes_12_1                                                        
     9     0.00% 8.53230e-08 8.67730e-04 1.07205e-07 8.67922e-04   8 /ChipTop/system/tile_prci_domain/tile_reset_domain_tile/gemmini/ex_controller/mesh/transposer/pes_4_1                                                         
     9     0.00% 8.52940e-08 8.67730e-04 1.07205e-07 8.67922e-04   8 /ChipTop/system/tile_prci_domain/tile_reset_domain_tile/gemmini/ex_controller/mesh/transposer/pes_5_1                                                         
     9     0.00% 8.52830e-08 8.67730e-04 1.07205e-07 8.67922e-04   8 /ChipTop/system/tile_prci_domain/tile_reset_domain_tile/gemmini/ex_controller/mesh/transposer/pes_6_6                                                         
     9     0.00% 8.52560e-08 8.67730e-04 1.07205e-07 8.67922e-04   8 /ChipTop/system/tile_prci_domain/tile_reset_domain_tile/gemmini/ex_controller/mesh/transposer/pes_13_14                                                       
     9     0.00% 8.51660e-08 8.67730e-04 1.07205e-07 8.67922e-04   8 /ChipTop/system/tile_prci_domain/tile_reset_domain_tile/gemmini/ex_controller/mesh/transposer/pes_9_4                                                         
     9     0.00% 8.51530e-08 8.67730e-04 1.07205e-07 8.67922e-04   8 /ChipTop/system/tile_prci_domain/tile_reset_domain_tile/gemmini/ex_controller/mesh/transposer/pes_12_7                                                        
     9     0.00% 8.50580e-08 8.67730e-04 1.07205e-07 8.67922e-04   8 /ChipTop/system/tile_prci_domain/tile_reset_domain_tile/gemmini/ex_controller/mesh/transposer/pes_5_2                                                         
     9     0.00% 8.50170e-08 8.67730e-04 1.07205e-07 8.67922e-04   8 /ChipTop/system/tile_prci_domain/tile_reset_domain_tile/gemmini/ex_controller/mesh/transposer/pes_13_6                                                        
     9     0.00% 8.49670e-08 8.67730e-04 1.07205e-07 8.67922e-04   8 /ChipTop/system/tile_prci_domain/tile_reset_domain_tile/gemmini/ex_controller/mesh/transposer/pes_12_4                                                        
     9     0.00% 8.49170e-08 8.67730e-04 1.07205e-07 8.67922e-04   8 /ChipTop/system/tile_prci_domain/tile_reset_domain_tile/gemmini/ex_controller/mesh/transposer/pes_2_11                                                        
     9     0.00% 8.48370e-08 8.67730e-04 1.07205e-07 8.67922e-04   8 /ChipTop/system/tile_prci_domain/tile_reset_domain_tile/gemmini/ex_controller/mesh/transposer/pes_14_8                                                        
     9     0.00% 8.47700e-08 8.67730e-04 1.07205e-07 8.67922e-04   8 /ChipTop/system/tile_prci_domain/tile_reset_domain_tile/gemmini/ex_controller/mesh/transposer/pes_11_3                                                        
     9     0.00% 8.46970e-08 8.67730e-04 1.07205e-07 8.67922e-04   8 /ChipTop/system/tile_prci_domain/tile_reset_domain_tile/gemmini/ex_controller/mesh/transposer/pes_6_12                                                        
     9     0.00% 8.46170e-08 8.67730e-04 1.07205e-07 8.67922e-04   8 /ChipTop/system/tile_prci_domain/tile_reset_domain_tile/gemmini/ex_controller/mesh/transposer/pes_2_10                                                        
     9     0.00% 8.45390e-08 8.67730e-04 1.07205e-07 8.67922e-04   8 /ChipTop/system/tile_prci_domain/tile_reset_domain_tile/gemmini/ex_controller/mesh/transposer/pes_13_8                                                        
     9     0.00% 8.42610e-08 8.67730e-04 1.07205e-07 8.67921e-04   8 /ChipTop/system/tile_prci_domain/tile_reset_domain_tile/gemmini/ex_controller/mesh/transposer/pes_11_13                                                       
     9     0.00% 8.39330e-08 8.67730e-04 1.07205e-07 8.67921e-04   8 /ChipTop/system/tile_prci_domain/tile_reset_domain_tile/gemmini/ex_controller/mesh/transposer/pes_14_11                                                       
     9     0.00% 8.39120e-08 8.67730e-04 1.07205e-07 8.67921e-04   8 /ChipTop/system/tile_prci_domain/tile_reset_domain_tile/gemmini/ex_controller/mesh/transposer/pes_10_9                                                        
     9     0.00% 8.38540e-08 8.67730e-04 1.07205e-07 8.67921e-04   8 /ChipTop/system/tile_prci_domain/tile_reset_domain_tile/gemmini/ex_controller/mesh/transposer/pes_3_5                                                         
     9     0.00% 8.37240e-08 8.67730e-04 1.07205e-07 8.67921e-04   8 /ChipTop/system/tile_prci_domain/tile_reset_domain_tile/gemmini/ex_controller/mesh/transposer/pes_9_1                                                         
     9     0.00% 8.35540e-08 8.67730e-04 1.07205e-07 8.67921e-04   8 /ChipTop/system/tile_prci_domain/tile_reset_domain_tile/gemmini/ex_controller/mesh/transposer/pes_4_3                                                         
     9     0.00% 8.04470e-08 8.67717e-04 1.07747e-07 8.67905e-04   8 /ChipTop/system/tile_prci_domain/tile_reset_domain_tile/gemmini/ex_controller/mesh/transposer/pes_15_15                                                       
   565     0.09% 3.11712e-06 1.31918e-02 3.73770e-05 1.32323e-02   7 /ChipTop/system/tile_prci_domain/tile_reset_domain_tile/gemmini/ex_controller/mesh/tagq                                                                       
   143     0.02% 7.05364e-07 8.22369e-03 4.07952e-06 8.22848e-03   7 /ChipTop/system/tile_prci_domain/tile_reset_domain_tile/gemmini/ex_controller/mesh/total_rows_q                                                               
   103     0.02% 5.58379e-07 5.20797e-03 1.54199e-06 5.21007e-03   8 /ChipTop/system/tile_prci_domain/tile_reset_domain_tile/gemmini/ex_controller/mesh/total_rows_q/ram_ext                                                       
  2724     0.41% 1.33159e-05 3.04812e-02 5.71085e-05 3.05516e-02   6 /ChipTop/system/tile_prci_domain/tile_reset_domain_tile/gemmini/ex_controller/cmd_q                                                                           
   745     0.11% 4.68942e-06 1.62506e-02 8.48597e-05 1.63401e-02   6 /ChipTop/system/tile_prci_domain/tile_reset_domain_tile/gemmini/ex_controller/mesh_cntl_signals_q                                                             
   707     0.11% 4.53585e-06 1.32199e-02 7.09336e-05 1.32953e-02   7 /ChipTop/system/tile_prci_domain/tile_reset_domain_tile/gemmini/ex_controller/mesh_cntl_signals_q/ram_ext                                                     
   684     0.10% 3.59753e-06 1.29423e-02 3.01524e-05 1.29760e-02   6 /ChipTop/system/tile_prci_domain/tile_reset_domain_tile/gemmini/ex_controller/unrolled_cmd_mod                                                                
   534     0.08% 3.08914e-06 9.12688e-03 2.07591e-05 9.15073e-03   7 /ChipTop/system/tile_prci_domain/tile_reset_domain_tile/gemmini/ex_controller/unrolled_cmd_mod/q                                                              
 57066     8.62% 1.80326e-04 1.05215e+00 1.18256e-01 1.17059e+00   5 /ChipTop/system/tile_prci_domain/tile_reset_domain_tile/gemmini/mod                                                                                           
 11060     1.67% 3.49254e-05 3.16026e-01 4.03702e-02 3.56431e-01   6 /ChipTop/system/tile_prci_domain/tile_reset_domain_tile/gemmini/mod/st                                                                                        
   471     0.07% 3.88928e-06 3.05573e-01 4.03389e-02 3.45916e-01   7 /ChipTop/system/tile_prci_domain/tile_reset_domain_tile/gemmini/mod/st/command_p                                                                              
 15370     2.32% 4.51421e-05 1.67086e-01 1.96649e-02 1.86796e-01   6 /ChipTop/system/tile_prci_domain/tile_reset_domain_tile/gemmini/mod/ex                                                                                        
   235     0.04% 1.91738e-06 1.50221e-01 1.96249e-02 1.69848e-01   7 /ChipTop/system/tile_prci_domain/tile_reset_domain_tile/gemmini/mod/ex/command_p                                                                              
  7138     1.08% 2.34702e-05 1.66182e-01 2.01936e-02 1.86399e-01   6 /ChipTop/system/tile_prci_domain/tile_reset_domain_tile/gemmini/mod/ld_input                                                                                  
   241     0.04% 1.94025e-06 1.54056e-01 2.01703e-02 1.74228e-01   7 /ChipTop/system/tile_prci_domain/tile_reset_domain_tile/gemmini/mod/ld_input/command_p                                                                        
  9757     1.47% 2.89988e-05 1.59752e-01 1.85619e-02 1.78343e-01   6 /ChipTop/system/tile_prci_domain/tile_reset_domain_tile/gemmini/mod/ld_weights                                                                                
   231     0.03% 1.84067e-06 1.47631e-01 1.85344e-02 1.66168e-01   7 /ChipTop/system/tile_prci_domain/tile_reset_domain_tile/gemmini/mod/ld_weights/command_p                                                                      
  4438     0.67% 1.41451e-05 1.31197e-01 1.54627e-02 1.46674e-01   6 /ChipTop/system/tile_prci_domain/tile_reset_domain_tile/gemmini/mod/ld_bias                                                                                   
   189     0.03% 1.52352e-06 1.20819e-01 1.54448e-02 1.36265e-01   7 /ChipTop/system/tile_prci_domain/tile_reset_domain_tile/gemmini/mod/ld_bias/command_p                                                                         
   565     0.09% 3.48243e-06 2.62101e-02 3.82354e-03 3.00371e-02   6 /ChipTop/system/tile_prci_domain/tile_reset_domain_tile/gemmini/mod/cmd                                                                                       
   543     0.08% 3.41251e-06 2.05951e-02 2.95788e-03 2.35564e-02   7 /ChipTop/system/tile_prci_domain/tile_reset_domain_tile/gemmini/mod/cmd/ram_ext                                                                               
   336     0.05% 8.33953e-07 5.41293e-05 9.53108e-05 1.50274e-04   6 /ChipTop/system/tile_prci_domain/tile_reset_domain_tile/gemmini/mod/arb                                                                                       
 20754     3.14% 8.49650e-05 1.01987e+00 9.01874e-03 1.02897e+00   5 /ChipTop/system/tile_prci_domain/tile_reset_domain_tile/gemmini/reservation_station                                                                           
  2841     0.43% 1.01967e-05 1.92222e-01 9.15652e-03 2.01389e-01   5 /ChipTop/system/tile_prci_domain/tile_reset_domain_tile/gemmini/tlb                                                                                           
  2351     0.36% 7.52175e-06 2.78437e-02 7.07590e-03 3.49272e-02   6 /ChipTop/system/tile_prci_domain/tile_reset_domain_tile/gemmini/tlb/tlbs_0                                                                                    
  2342     0.35% 7.49493e-06 2.65735e-02 7.07566e-03 3.36566e-02   7 /ChipTop/system/tile_prci_domain/tile_reset_domain_tile/gemmini/tlb/tlbs_0/tlb                                                                                
  1299     0.20% 2.51906e-06 6.23381e-03 7.06231e-03 1.32986e-02   8 /ChipTop/system/tile_prci_domain/tile_reset_domain_tile/gemmini/tlb/tlbs_0/tlb/pmp                                                                            
    48     0.01% 2.08975e-07 1.90402e-03 1.48124e-03 3.38547e-03   6 /ChipTop/system/tile_prci_domain/tile_reset_domain_tile/gemmini/tlb/tlbArbOpt                                                                                 
 15042     2.27% 5.28827e-05 1.43013e-01 6.24175e-03 1.49307e-01   5 /ChipTop/system/tile_prci_domain/tile_reset_domain_tile/gemmini/mod_1                                                                                         
   570     0.09% 3.51434e-06 2.87699e-02 3.86023e-03 3.26336e-02   6 /ChipTop/system/tile_prci_domain/tile_reset_domain_tile/gemmini/mod_1/cmd                                                                                     
   548     0.08% 3.44196e-06 2.31553e-02 2.95724e-03 2.61160e-02   7 /ChipTop/system/tile_prci_domain/tile_reset_domain_tile/gemmini/mod_1/cmd/ram_ext                                                                             
  3378     0.51% 1.04429e-05 1.03590e-02 1.17341e-05 1.03812e-02   6 /ChipTop/system/tile_prci_domain/tile_reset_domain_tile/gemmini/mod_1/stC                                                                                     
  2597     0.39% 7.23115e-06 7.75375e-03 7.03967e-06 7.76802e-03   6 /ChipTop/system/tile_prci_domain/tile_reset_domain_tile/gemmini/mod_1/ex                                                                                      
  1915     0.29% 5.93201e-06 6.48658e-03 9.51382e-06 6.50203e-03   6 /ChipTop/system/tile_prci_domain/tile_reset_domain_tile/gemmini/mod_1/ldD                                                                                     
  2272     0.34% 7.29321e-06 6.48478e-03 7.52887e-06 6.49960e-03   6 /ChipTop/system/tile_prci_domain/tile_reset_domain_tile/gemmini/mod_1/ldB                                                                                     
  2055     0.31% 6.23573e-06 6.48357e-03 5.28433e-06 6.49509e-03   6 /ChipTop/system/tile_prci_domain/tile_reset_domain_tile/gemmini/mod_1/ldA                                                                                     
   171     0.03% 5.15594e-07 4.61812e-05 8.55584e-05 1.32255e-04   6 /ChipTop/system/tile_prci_domain/tile_reset_domain_tile/gemmini/mod_1/arb                                                                                     
   131     0.02% 4.62012e-07 2.02678e-05 3.67492e-05 5.74790e-05   6 /ChipTop/system/tile_prci_domain/tile_reset_domain_tile/gemmini/mod_1/ldab_arb                                                                                
  3559     0.54% 1.74550e-05 9.93866e-02 2.80206e-02 1.27425e-01   5 /ChipTop/system/tile_prci_domain/tile_reset_domain_tile/gemmini/load_controller                                                                               
  2341     0.35% 1.30046e-05 4.88723e-02 4.87668e-03 5.37620e-02   6 /ChipTop/system/tile_prci_domain/tile_reset_domain_tile/gemmini/load_controller/cmd                                                                           
  2304     0.35% 1.28572e-05 4.50470e-02 4.48732e-03 4.95472e-02   7 /ChipTop/system/tile_prci_domain/tile_reset_domain_tile/gemmini/load_controller/cmd/ram_ext                                                                   
   109     0.02% 4.87833e-07 1.98343e-02 3.91722e-03 2.37521e-02   6 /ChipTop/system/tile_prci_domain/tile_reset_domain_tile/gemmini/load_controller/cmd_tracker                                                                   
  5431     0.82% 2.18321e-05 4.78956e-02 3.40685e-03 5.13243e-02   5 /ChipTop/system/tile_prci_domain/tile_reset_domain_tile/gemmini/counters                                                                                      
  5350     0.81% 2.11932e-05 4.40239e-02 3.40683e-03 4.74519e-02   6 /ChipTop/system/tile_prci_domain/tile_reset_domain_tile/gemmini/counters/counterfile                                                                          
  3271     0.49% 1.09865e-05 3.38510e-02 5.68201e-04 3.44302e-02   5 /ChipTop/system/tile_prci_domain/tile_reset_domain_tile/gemmini/store_controller                                                                              
   445     0.07% 2.89004e-06 1.57594e-02 5.49969e-04 1.63123e-02   6 /ChipTop/system/tile_prci_domain/tile_reset_domain_tile/gemmini/store_controller/cmd                                                                          
   423     0.06% 2.82733e-06 1.04282e-02 5.48032e-06 1.04365e-02   7 /ChipTop/system/tile_prci_domain/tile_reset_domain_tile/gemmini/store_controller/cmd/ram_ext                                                                  
   115     0.02% 5.05903e-07 5.14469e-03 1.98580e-07 5.14540e-03   6 /ChipTop/system/tile_prci_domain/tile_reset_domain_tile/gemmini/store_controller/cmd_tracker                                                                  
   625     0.09% 4.21777e-06 2.64693e-02 3.95860e-03 3.04322e-02   5 /ChipTop/system/tile_prci_domain/tile_reset_domain_tile/gemmini/unrolled_cmd                                                                                  
   604     0.09% 4.15218e-06 2.08722e-02 3.07760e-03 2.39540e-02   6 /ChipTop/system/tile_prci_domain/tile_reset_domain_tile/gemmini/unrolled_cmd/ram_ext                                                                          
   528     0.08% 3.28633e-06 2.59646e-02 3.60732e-03 2.95752e-02   5 /ChipTop/system/tile_prci_domain/tile_reset_domain_tile/gemmini/raw_cmd_q                                                                                     
   506     0.08% 3.21603e-06 2.03507e-02 2.74444e-03 2.30984e-02   6 /ChipTop/system/tile_prci_domain/tile_reset_domain_tile/gemmini/raw_cmd_q/ram_ext                                                                             
    12     0.00% 3.45150e-08 1.27901e-04 3.00446e-04 4.28381e-04   5 /ChipTop/system/tile_prci_domain/tile_reset_domain_tile/gemmini/reservation_station_completed_arb                                                             
    13     0.00% 3.85280e-08 1.77492e-06 5.71111e-07 2.38456e-06   5 /ChipTop/system/tile_prci_domain/tile_reset_domain_tile/gemmini/req_arb                                                                                       
    13     0.00% 3.85280e-08 6.71384e-07 1.73856e-07 8.83768e-07   5 /ChipTop/system/tile_prci_domain/tile_reset_domain_tile/gemmini/req_arb_1                                                                                     
    13     0.00% 3.85280e-08 6.71384e-07 1.73856e-07 8.83768e-07   5 /ChipTop/system/tile_prci_domain/tile_reset_domain_tile/gemmini/req_arb_2                                                                                     
    13     0.00% 3.85280e-08 6.71384e-07 1.73856e-07 8.83768e-07   5 /ChipTop/system/tile_prci_domain/tile_reset_domain_tile/gemmini/req_arb_3                                                                                     
-----------------------------------------------------------------------------------------------------------------------------------------------------------------------------------------------------------------------------------
