Power Unit: mW
PDB Frame : /stim#1/frame#0
-----------------------------------------------------------------------------------------------------------------------------------------------------------------------------------------------------------------------------------
 Cells Pct_cells     Leakage    Internal   Switching       Total Lvl Instance                                                                                                                                                      
-----------------------------------------------------------------------------------------------------------------------------------------------------------------------------------------------------------------------------------
488992    73.89% 3.39171e+00 4.34893e+01 6.36749e+00 5.32485e+01   4 /ChipTop/system/tile_prci_domain/tile_reset_domain_tile/gemmini                                                                                               
155908    23.56% 3.39055e+00 2.84168e+01 6.16735e+00 3.79747e+01   5 /ChipTop/system/tile_prci_domain/tile_reset_domain_tile/gemmini/spad                                                                                          
 63996     9.67% 1.81708e-04 9.67824e+00 4.12318e+00 1.38016e+01   6 /ChipTop/system/tile_prci_domain/tile_reset_domain_tile/gemmini/spad/acc_scale_unit                                                                           
  5337     0.81% 4.50420e-05 7.01703e+00 9.75337e-01 7.99241e+00   7 /ChipTop/system/tile_prci_domain/tile_reset_domain_tile/gemmini/spad/acc_scale_unit/pipe_out_p                                                                
  2442     0.37% 5.69267e-06 1.37913e-01 1.60765e-01 2.98684e-01   7 /ChipTop/system/tile_prci_domain/tile_reset_domain_tile/gemmini/spad/acc_scale_unit/activated_data_e_scaled_muladder_14                                       
   436     0.07% 1.05426e-06 5.12092e-02 5.43775e-02 1.05588e-01   8 /ChipTop/system/tile_prci_domain/tile_reset_domain_tile/gemmini/spad/acc_scale_unit/activated_data_e_scaled_muladder_14/mulAddRecFNToRaw_postMul              
   346     0.05% 6.42893e-07 6.30240e-03 8.99737e-03 1.53004e-02   8 /ChipTop/system/tile_prci_domain/tile_reset_domain_tile/gemmini/spad/acc_scale_unit/activated_data_e_scaled_muladder_14/roundRawFNToRecFN                     
   346     0.05% 6.42893e-07 6.30240e-03 8.99737e-03 1.53004e-02   9 /ChipTop/system/tile_prci_domain/tile_reset_domain_tile/gemmini/spad/acc_scale_unit/activated_data_e_scaled_muladder_14/roundRawFNToRecFN/roundAnyRawFNToRecFN
    49     0.01% 1.34915e-07 8.89522e-04 2.01780e-03 2.90745e-03   8 /ChipTop/system/tile_prci_domain/tile_reset_domain_tile/gemmini/spad/acc_scale_unit/activated_data_e_scaled_muladder_14/mulAddRecFNToRaw_preMul               
  2872     0.43% 6.59100e-06 1.16622e-01 1.38503e-01 2.55132e-01   7 /ChipTop/system/tile_prci_domain/tile_reset_domain_tile/gemmini/spad/acc_scale_unit/activated_data_e_scaled_muladder_1                                        
   459     0.07% 1.04872e-06 3.82725e-02 3.99657e-02 7.82393e-02   8 /ChipTop/system/tile_prci_domain/tile_reset_domain_tile/gemmini/spad/acc_scale_unit/activated_data_e_scaled_muladder_1/mulAddRecFNToRaw_postMul               
   346     0.05% 6.62260e-07 6.31263e-03 9.67156e-03 1.59848e-02   8 /ChipTop/system/tile_prci_domain/tile_reset_domain_tile/gemmini/spad/acc_scale_unit/activated_data_e_scaled_muladder_1/roundRawFNToRecFN                      
   346     0.05% 6.62260e-07 6.31263e-03 9.67156e-03 1.59848e-02   9 /ChipTop/system/tile_prci_domain/tile_reset_domain_tile/gemmini/spad/acc_scale_unit/activated_data_e_scaled_muladder_1/roundRawFNToRecFN/roundAnyRawFNToRecFN 
    49     0.01% 1.40925e-07 1.40382e-03 2.29425e-03 3.69821e-03   8 /ChipTop/system/tile_prci_domain/tile_reset_domain_tile/gemmini/spad/acc_scale_unit/activated_data_e_scaled_muladder_1/mulAddRecFNToRaw_preMul                
  2484     0.38% 5.77032e-06 1.16143e-01 1.36002e-01 2.52150e-01   7 /ChipTop/system/tile_prci_domain/tile_reset_domain_tile/gemmini/spad/acc_scale_unit/activated_data_e_scaled_muladder_4                                        
   435     0.07% 1.06372e-06 4.03939e-02 4.18442e-02 8.22391e-02   8 /ChipTop/system/tile_prci_domain/tile_reset_domain_tile/gemmini/spad/acc_scale_unit/activated_data_e_scaled_muladder_4/mulAddRecFNToRaw_postMul               
   346     0.05% 6.45160e-07 6.35424e-03 9.26213e-03 1.56170e-02   8 /ChipTop/system/tile_prci_domain/tile_reset_domain_tile/gemmini/spad/acc_scale_unit/activated_data_e_scaled_muladder_4/roundRawFNToRecFN                      
   346     0.05% 6.45160e-07 6.35424e-03 9.26213e-03 1.56170e-02   9 /ChipTop/system/tile_prci_domain/tile_reset_domain_tile/gemmini/spad/acc_scale_unit/activated_data_e_scaled_muladder_4/roundRawFNToRecFN/roundAnyRawFNToRecFN 
    47     0.01% 1.37255e-07 1.24320e-03 2.25973e-03 3.50306e-03   8 /ChipTop/system/tile_prci_domain/tile_reset_domain_tile/gemmini/spad/acc_scale_unit/activated_data_e_scaled_muladder_4/mulAddRecFNToRaw_preMul                
  2476     0.37% 5.81883e-06 1.13862e-01 1.33946e-01 2.47814e-01   7 /ChipTop/system/tile_prci_domain/tile_reset_domain_tile/gemmini/spad/acc_scale_unit/activated_data_e_scaled_muladder_3                                        
   435     0.07% 1.06050e-06 3.28840e-02 3.30513e-02 6.59364e-02   8 /ChipTop/system/tile_prci_domain/tile_reset_domain_tile/gemmini/spad/acc_scale_unit/activated_data_e_scaled_muladder_3/mulAddRecFNToRaw_postMul               
   346     0.05% 6.44587e-07 6.12216e-03 8.31367e-03 1.44365e-02   8 /ChipTop/system/tile_prci_domain/tile_reset_domain_tile/gemmini/spad/acc_scale_unit/activated_data_e_scaled_muladder_3/roundRawFNToRecFN                      
   346     0.05% 6.44587e-07 6.12216e-03 8.31367e-03 1.44365e-02   9 /ChipTop/system/tile_prci_domain/tile_reset_domain_tile/gemmini/spad/acc_scale_unit/activated_data_e_scaled_muladder_3/roundRawFNToRecFN/roundAnyRawFNToRecFN 
    47     0.01% 1.36333e-07 8.97160e-04 1.74041e-03 2.63770e-03   8 /ChipTop/system/tile_prci_domain/tile_reset_domain_tile/gemmini/spad/acc_scale_unit/activated_data_e_scaled_muladder_3/mulAddRecFNToRaw_preMul                
  2476     0.37% 5.79747e-06 1.12737e-01 1.31680e-01 2.44423e-01   7 /ChipTop/system/tile_prci_domain/tile_reset_domain_tile/gemmini/spad/acc_scale_unit/activated_data_e_scaled_muladder                                          
   435     0.07% 1.04741e-06 3.01127e-02 3.07968e-02 6.09105e-02   8 /ChipTop/system/tile_prci_domain/tile_reset_domain_tile/gemmini/spad/acc_scale_unit/activated_data_e_scaled_muladder/mulAddRecFNToRaw_postMul                 
   346     0.05% 6.27421e-07 6.40474e-03 8.51474e-03 1.49201e-02   8 /ChipTop/system/tile_prci_domain/tile_reset_domain_tile/gemmini/spad/acc_scale_unit/activated_data_e_scaled_muladder/roundRawFNToRecFN                        
   346     0.05% 6.27421e-07 6.40474e-03 8.51474e-03 1.49201e-02   9 /ChipTop/system/tile_prci_domain/tile_reset_domain_tile/gemmini/spad/acc_scale_unit/activated_data_e_scaled_muladder/roundRawFNToRecFN/roundAnyRawFNToRecFN   
    47     0.01% 1.37199e-07 1.19934e-03 1.77177e-03 2.97125e-03   8 /ChipTop/system/tile_prci_domain/tile_reset_domain_tile/gemmini/spad/acc_scale_unit/activated_data_e_scaled_muladder/mulAddRecFNToRaw_preMul                  
  2439     0.37% 5.60491e-06 1.11810e-01 1.29979e-01 2.41794e-01   7 /ChipTop/system/tile_prci_domain/tile_reset_domain_tile/gemmini/spad/acc_scale_unit/activated_data_e_scaled_muladder_9                                        
   437     0.07% 1.05750e-06 3.31626e-02 3.46236e-02 6.77873e-02   8 /ChipTop/system/tile_prci_domain/tile_reset_domain_tile/gemmini/spad/acc_scale_unit/activated_data_e_scaled_muladder_9/mulAddRecFNToRaw_postMul               
   346     0.05% 6.42478e-07 6.86527e-03 9.24089e-03 1.61068e-02   8 /ChipTop/system/tile_prci_domain/tile_reset_domain_tile/gemmini/spad/acc_scale_unit/activated_data_e_scaled_muladder_9/roundRawFNToRecFN                      
   346     0.05% 6.42478e-07 6.86527e-03 9.24089e-03 1.61068e-02   9 /ChipTop/system/tile_prci_domain/tile_reset_domain_tile/gemmini/spad/acc_scale_unit/activated_data_e_scaled_muladder_9/roundRawFNToRecFN/roundAnyRawFNToRecFN 
    47     0.01% 1.36025e-07 1.53692e-03 2.20005e-03 3.73711e-03   8 /ChipTop/system/tile_prci_domain/tile_reset_domain_tile/gemmini/spad/acc_scale_unit/activated_data_e_scaled_muladder_9/mulAddRecFNToRaw_preMul                
  2459     0.37% 5.76996e-06 1.11649e-01 1.29786e-01 2.41441e-01   7 /ChipTop/system/tile_prci_domain/tile_reset_domain_tile/gemmini/spad/acc_scale_unit/activated_data_e_scaled_muladder_11                                       
   435     0.07% 1.04542e-06 3.62226e-02 3.76625e-02 7.38861e-02   8 /ChipTop/system/tile_prci_domain/tile_reset_domain_tile/gemmini/spad/acc_scale_unit/activated_data_e_scaled_muladder_11/mulAddRecFNToRaw_postMul              
   346     0.05% 6.42819e-07 5.90892e-03 8.19005e-03 1.40996e-02   8 /ChipTop/system/tile_prci_domain/tile_reset_domain_tile/gemmini/spad/acc_scale_unit/activated_data_e_scaled_muladder_11/roundRawFNToRecFN                     
   346     0.05% 6.42819e-07 5.90892e-03 8.19005e-03 1.40996e-02   9 /ChipTop/system/tile_prci_domain/tile_reset_domain_tile/gemmini/spad/acc_scale_unit/activated_data_e_scaled_muladder_11/roundRawFNToRecFN/roundAnyRawFNToRecFN
    47     0.01% 1.40575e-07 9.48293e-04 1.74510e-03 2.69354e-03   8 /ChipTop/system/tile_prci_domain/tile_reset_domain_tile/gemmini/spad/acc_scale_unit/activated_data_e_scaled_muladder_11/mulAddRecFNToRaw_preMul               
  2434     0.37% 5.63713e-06 1.07985e-01 1.26862e-01 2.34852e-01   7 /ChipTop/system/tile_prci_domain/tile_reset_domain_tile/gemmini/spad/acc_scale_unit/activated_data_e_scaled_muladder_8                                        
   436     0.07% 1.04599e-06 2.91996e-02 2.97962e-02 5.89968e-02   8 /ChipTop/system/tile_prci_domain/tile_reset_domain_tile/gemmini/spad/acc_scale_unit/activated_data_e_scaled_muladder_8/mulAddRecFNToRaw_postMul               
   346     0.05% 6.38229e-07 6.40438e-03 9.01137e-03 1.54164e-02   8 /ChipTop/system/tile_prci_domain/tile_reset_domain_tile/gemmini/spad/acc_scale_unit/activated_data_e_scaled_muladder_8/roundRawFNToRecFN                      
   346     0.05% 6.38229e-07 6.40438e-03 9.01137e-03 1.54164e-02   9 /ChipTop/system/tile_prci_domain/tile_reset_domain_tile/gemmini/spad/acc_scale_unit/activated_data_e_scaled_muladder_8/roundRawFNToRecFN/roundAnyRawFNToRecFN 
    46     0.01% 1.33846e-07 1.42484e-03 2.01788e-03 3.44285e-03   8 /ChipTop/system/tile_prci_domain/tile_reset_domain_tile/gemmini/spad/acc_scale_unit/activated_data_e_scaled_muladder_8/mulAddRecFNToRaw_preMul                
  2529     0.38% 5.89021e-06 1.03640e-01 1.22364e-01 2.26010e-01   7 /ChipTop/system/tile_prci_domain/tile_reset_domain_tile/gemmini/spad/acc_scale_unit/activated_data_e_scaled_muladder_10                                       
   436     0.07% 1.07689e-06 3.77678e-02 3.93591e-02 7.71280e-02   8 /ChipTop/system/tile_prci_domain/tile_reset_domain_tile/gemmini/spad/acc_scale_unit/activated_data_e_scaled_muladder_10/mulAddRecFNToRaw_postMul              
   346     0.05% 6.28774e-07 5.83528e-03 8.57287e-03 1.44088e-02   8 /ChipTop/system/tile_prci_domain/tile_reset_domain_tile/gemmini/spad/acc_scale_unit/activated_data_e_scaled_muladder_10/roundRawFNToRecFN                     
   346     0.05% 6.28774e-07 5.83528e-03 8.57287e-03 1.44088e-02   9 /ChipTop/system/tile_prci_domain/tile_reset_domain_tile/gemmini/spad/acc_scale_unit/activated_data_e_scaled_muladder_10/roundRawFNToRecFN/roundAnyRawFNToRecFN
    47     0.01% 1.38172e-07 1.05459e-03 1.75029e-03 2.80501e-03   8 /ChipTop/system/tile_prci_domain/tile_reset_domain_tile/gemmini/spad/acc_scale_unit/activated_data_e_scaled_muladder_10/mulAddRecFNToRaw_preMul               
  2493     0.38% 5.97372e-06 1.04032e-01 1.21481e-01 2.25519e-01   7 /ChipTop/system/tile_prci_domain/tile_reset_domain_tile/gemmini/spad/acc_scale_unit/activated_data_e_scaled_muladder_2                                        
   435     0.07% 1.05919e-06 2.81924e-02 2.82563e-02 5.64497e-02   8 /ChipTop/system/tile_prci_domain/tile_reset_domain_tile/gemmini/spad/acc_scale_unit/activated_data_e_scaled_muladder_2/mulAddRecFNToRaw_postMul               
   346     0.05% 6.42656e-07 6.57128e-03 8.87997e-03 1.54519e-02   8 /ChipTop/system/tile_prci_domain/tile_reset_domain_tile/gemmini/spad/acc_scale_unit/activated_data_e_scaled_muladder_2/roundRawFNToRecFN                      
   346     0.05% 6.42656e-07 6.57128e-03 8.87997e-03 1.54519e-02   9 /ChipTop/system/tile_prci_domain/tile_reset_domain_tile/gemmini/spad/acc_scale_unit/activated_data_e_scaled_muladder_2/roundRawFNToRecFN/roundAnyRawFNToRecFN 
    47     0.01% 1.38610e-07 1.25597e-03 1.92911e-03 3.18522e-03   8 /ChipTop/system/tile_prci_domain/tile_reset_domain_tile/gemmini/spad/acc_scale_unit/activated_data_e_scaled_muladder_2/mulAddRecFNToRaw_preMul                
  2488     0.38% 5.92180e-06 1.03414e-01 1.20517e-01 2.23937e-01   7 /ChipTop/system/tile_prci_domain/tile_reset_domain_tile/gemmini/spad/acc_scale_unit/activated_data_e_scaled_muladder_6                                        
   435     0.07% 1.05679e-06 3.13826e-02 3.26883e-02 6.40719e-02   8 /ChipTop/system/tile_prci_domain/tile_reset_domain_tile/gemmini/spad/acc_scale_unit/activated_data_e_scaled_muladder_6/mulAddRecFNToRaw_postMul               
   346     0.05% 6.43019e-07 6.32307e-03 8.57105e-03 1.48948e-02   8 /ChipTop/system/tile_prci_domain/tile_reset_domain_tile/gemmini/spad/acc_scale_unit/activated_data_e_scaled_muladder_6/roundRawFNToRecFN                      
   346     0.05% 6.43019e-07 6.32307e-03 8.57105e-03 1.48948e-02   9 /ChipTop/system/tile_prci_domain/tile_reset_domain_tile/gemmini/spad/acc_scale_unit/activated_data_e_scaled_muladder_6/roundRawFNToRecFN/roundAnyRawFNToRecFN 
    47     0.01% 1.37803e-07 1.10393e-03 1.80343e-03 2.90750e-03   8 /ChipTop/system/tile_prci_domain/tile_reset_domain_tile/gemmini/spad/acc_scale_unit/activated_data_e_scaled_muladder_6/mulAddRecFNToRaw_preMul                
  2517     0.38% 5.98704e-06 1.00741e-01 1.18346e-01 2.19093e-01   7 /ChipTop/system/tile_prci_domain/tile_reset_domain_tile/gemmini/spad/acc_scale_unit/activated_data_e_scaled_muladder_7                                        
   437     0.07% 1.07963e-06 2.84394e-02 2.89681e-02 5.74087e-02   8 /ChipTop/system/tile_prci_domain/tile_reset_domain_tile/gemmini/spad/acc_scale_unit/activated_data_e_scaled_muladder_7/mulAddRecFNToRaw_postMul               
   346     0.05% 6.51482e-07 6.27735e-03 8.71312e-03 1.49911e-02   8 /ChipTop/system/tile_prci_domain/tile_reset_domain_tile/gemmini/spad/acc_scale_unit/activated_data_e_scaled_muladder_7/roundRawFNToRecFN                      
   346     0.05% 6.51482e-07 6.27735e-03 8.71312e-03 1.49911e-02   9 /ChipTop/system/tile_prci_domain/tile_reset_domain_tile/gemmini/spad/acc_scale_unit/activated_data_e_scaled_muladder_7/roundRawFNToRecFN/roundAnyRawFNToRecFN 
    46     0.01% 1.49266e-07 1.04196e-03 1.69218e-03 2.73429e-03   8 /ChipTop/system/tile_prci_domain/tile_reset_domain_tile/gemmini/spad/acc_scale_unit/activated_data_e_scaled_muladder_7/mulAddRecFNToRaw_preMul                
  2467     0.37% 5.87607e-06 9.90897e-02 1.14630e-01 2.13726e-01   7 /ChipTop/system/tile_prci_domain/tile_reset_domain_tile/gemmini/spad/acc_scale_unit/activated_data_e_scaled_muladder_13                                       
   436     0.07% 1.08880e-06 2.26687e-02 2.26216e-02 4.52914e-02   8 /ChipTop/system/tile_prci_domain/tile_reset_domain_tile/gemmini/spad/acc_scale_unit/activated_data_e_scaled_muladder_13/mulAddRecFNToRaw_postMul              
   346     0.05% 6.49396e-07 6.23731e-03 7.57379e-03 1.38117e-02   8 /ChipTop/system/tile_prci_domain/tile_reset_domain_tile/gemmini/spad/acc_scale_unit/activated_data_e_scaled_muladder_13/roundRawFNToRecFN                     
   346     0.05% 6.49396e-07 6.23731e-03 7.57379e-03 1.38117e-02   9 /ChipTop/system/tile_prci_domain/tile_reset_domain_tile/gemmini/spad/acc_scale_unit/activated_data_e_scaled_muladder_13/roundRawFNToRecFN/roundAnyRawFNToRecFN
    47     0.01% 1.43642e-07 7.23262e-04 1.25595e-03 1.97935e-03   8 /ChipTop/system/tile_prci_domain/tile_reset_domain_tile/gemmini/spad/acc_scale_unit/activated_data_e_scaled_muladder_13/mulAddRecFNToRaw_preMul               
  2440     0.37% 5.63269e-06 9.70651e-02 1.13854e-01 2.10925e-01   7 /ChipTop/system/tile_prci_domain/tile_reset_domain_tile/gemmini/spad/acc_scale_unit/activated_data_e_scaled_muladder_5                                        
   437     0.07% 1.04137e-06 3.15942e-02 3.30446e-02 6.46399e-02   8 /ChipTop/system/tile_prci_domain/tile_reset_domain_tile/gemmini/spad/acc_scale_unit/activated_data_e_scaled_muladder_5/mulAddRecFNToRaw_postMul               
   346     0.05% 6.22390e-07 5.11853e-03 7.27363e-03 1.23928e-02   8 /ChipTop/system/tile_prci_domain/tile_reset_domain_tile/gemmini/spad/acc_scale_unit/activated_data_e_scaled_muladder_5/roundRawFNToRecFN                      
   346     0.05% 6.22390e-07 5.11853e-03 7.27363e-03 1.23928e-02   9 /ChipTop/system/tile_prci_domain/tile_reset_domain_tile/gemmini/spad/acc_scale_unit/activated_data_e_scaled_muladder_5/roundRawFNToRecFN/roundAnyRawFNToRecFN 
    46     0.01% 1.37005e-07 1.10611e-03 1.77971e-03 2.88596e-03   8 /ChipTop/system/tile_prci_domain/tile_reset_domain_tile/gemmini/spad/acc_scale_unit/activated_data_e_scaled_muladder_5/mulAddRecFNToRaw_preMul                
  2432     0.37% 5.58768e-06 9.63477e-02 1.12652e-01 2.09006e-01   7 /ChipTop/system/tile_prci_domain/tile_reset_domain_tile/gemmini/spad/acc_scale_unit/activated_data_e_scaled_muladder_12                                       
   436     0.07% 1.04189e-06 2.86646e-02 2.91136e-02 5.77792e-02   8 /ChipTop/system/tile_prci_domain/tile_reset_domain_tile/gemmini/spad/acc_scale_unit/activated_data_e_scaled_muladder_12/mulAddRecFNToRaw_postMul              
   346     0.05% 6.38122e-07 5.87644e-03 8.10939e-03 1.39865e-02   8 /ChipTop/system/tile_prci_domain/tile_reset_domain_tile/gemmini/spad/acc_scale_unit/activated_data_e_scaled_muladder_12/roundRawFNToRecFN                     
   346     0.05% 6.38122e-07 5.87644e-03 8.10939e-03 1.39865e-02   9 /ChipTop/system/tile_prci_domain/tile_reset_domain_tile/gemmini/spad/acc_scale_unit/activated_data_e_scaled_muladder_12/roundRawFNToRecFN/roundAnyRawFNToRecFN
    46     0.01% 1.36614e-07 9.58180e-04 1.61027e-03 2.56859e-03   8 /ChipTop/system/tile_prci_domain/tile_reset_domain_tile/gemmini/spad/acc_scale_unit/activated_data_e_scaled_muladder_12/mulAddRecFNToRaw_preMul               
  2439     0.37% 5.68361e-06 9.54547e-02 1.11689e-01 2.07149e-01   7 /ChipTop/system/tile_prci_domain/tile_reset_domain_tile/gemmini/spad/acc_scale_unit/activated_data_e_scaled_muladder_15                                       
   436     0.07% 1.06565e-06 2.33793e-02 2.33352e-02 4.67156e-02   8 /ChipTop/system/tile_prci_domain/tile_reset_domain_tile/gemmini/spad/acc_scale_unit/activated_data_e_scaled_muladder_15/mulAddRecFNToRaw_postMul              
   346     0.05% 6.51177e-07 6.60626e-03 8.90376e-03 1.55107e-02   8 /ChipTop/system/tile_prci_domain/tile_reset_domain_tile/gemmini/spad/acc_scale_unit/activated_data_e_scaled_muladder_15/roundRawFNToRecFN                     
   346     0.05% 6.51177e-07 6.60626e-03 8.90376e-03 1.55107e-02   9 /ChipTop/system/tile_prci_domain/tile_reset_domain_tile/gemmini/spad/acc_scale_unit/activated_data_e_scaled_muladder_15/roundRawFNToRecFN/roundAnyRawFNToRecFN
    46     0.01% 1.44355e-07 1.23893e-03 1.70649e-03 2.94556e-03   8 /ChipTop/system/tile_prci_domain/tile_reset_domain_tile/gemmini/spad/acc_scale_unit/activated_data_e_scaled_muladder_15/mulAddRecFNToRaw_preMul               
   553     0.08% 1.30455e-06 4.29298e-02 5.36045e-02 9.65355e-02   7 /ChipTop/system/tile_prci_domain/tile_reset_domain_tile/gemmini/spad/acc_scale_unit/activated_data_e_scaled_in_to_rec_fn_4                                    
   117     0.02% 3.15495e-07 3.22967e-03 7.54158e-03 1.07716e-02   8 /ChipTop/system/tile_prci_domain/tile_reset_domain_tile/gemmini/spad/acc_scale_unit/activated_data_e_scaled_in_to_rec_fn_4/roundAnyRawFNToRecFN               
   527     0.08% 1.19391e-06 3.82784e-02 4.84645e-02 8.67441e-02   7 /ChipTop/system/tile_prci_domain/tile_reset_domain_tile/gemmini/spad/acc_scale_unit/activated_data_e_scaled_in_to_rec_fn_14                                   
   109     0.02% 2.90830e-07 3.66023e-03 8.16621e-03 1.18267e-02   8 /ChipTop/system/tile_prci_domain/tile_reset_domain_tile/gemmini/spad/acc_scale_unit/activated_data_e_scaled_in_to_rec_fn_14/roundAnyRawFNToRecFN              
   556     0.08% 1.35154e-06 3.46609e-02 4.67378e-02 8.14001e-02   7 /ChipTop/system/tile_prci_domain/tile_reset_domain_tile/gemmini/spad/acc_scale_unit/activated_data_e_scaled_in_to_rec_fn_1                                    
   116     0.02% 3.21226e-07 3.14932e-03 9.34396e-03 1.24936e-02   8 /ChipTop/system/tile_prci_domain/tile_reset_domain_tile/gemmini/spad/acc_scale_unit/activated_data_e_scaled_in_to_rec_fn_1/roundAnyRawFNToRecFN               
   574     0.09% 1.39827e-06 3.33118e-02 4.32085e-02 7.65217e-02   7 /ChipTop/system/tile_prci_domain/tile_reset_domain_tile/gemmini/spad/acc_scale_unit/activated_data_e_scaled_in_to_rec_fn_2                                    
   119     0.02% 3.41579e-07 3.42722e-03 8.38671e-03 1.18143e-02   8 /ChipTop/system/tile_prci_domain/tile_reset_domain_tile/gemmini/spad/acc_scale_unit/activated_data_e_scaled_in_to_rec_fn_2/roundAnyRawFNToRecFN               
   571     0.09% 1.34927e-06 3.29616e-02 4.35555e-02 7.65184e-02   7 /ChipTop/system/tile_prci_domain/tile_reset_domain_tile/gemmini/spad/acc_scale_unit/activated_data_e_scaled_in_to_rec_fn_3                                    
   114     0.02% 2.97640e-07 3.28266e-03 7.59486e-03 1.08778e-02   8 /ChipTop/system/tile_prci_domain/tile_reset_domain_tile/gemmini/spad/acc_scale_unit/activated_data_e_scaled_in_to_rec_fn_3/roundAnyRawFNToRecFN               
   535     0.08% 1.25547e-06 3.27042e-02 4.22632e-02 7.49687e-02   7 /ChipTop/system/tile_prci_domain/tile_reset_domain_tile/gemmini/spad/acc_scale_unit/activated_data_e_scaled_in_to_rec_fn_10                                   
   112     0.02% 2.89227e-07 2.95710e-03 7.19215e-03 1.01495e-02   8 /ChipTop/system/tile_prci_domain/tile_reset_domain_tile/gemmini/spad/acc_scale_unit/activated_data_e_scaled_in_to_rec_fn_10/roundAnyRawFNToRecFN              
   547     0.08% 1.25819e-06 3.17476e-02 4.13966e-02 7.31455e-02   7 /ChipTop/system/tile_prci_domain/tile_reset_domain_tile/gemmini/spad/acc_scale_unit/activated_data_e_scaled_in_to_rec_fn_11                                   
   117     0.02% 3.12088e-07 3.21734e-03 7.64986e-03 1.08675e-02   8 /ChipTop/system/tile_prci_domain/tile_reset_domain_tile/gemmini/spad/acc_scale_unit/activated_data_e_scaled_in_to_rec_fn_11/roundAnyRawFNToRecFN              
   577     0.09% 1.36988e-06 3.13419e-02 4.14955e-02 7.28388e-02   7 /ChipTop/system/tile_prci_domain/tile_reset_domain_tile/gemmini/spad/acc_scale_unit/activated_data_e_scaled_in_to_rec_fn_7                                    
   108     0.02% 3.00992e-07 3.28779e-03 7.81698e-03 1.11051e-02   8 /ChipTop/system/tile_prci_domain/tile_reset_domain_tile/gemmini/spad/acc_scale_unit/activated_data_e_scaled_in_to_rec_fn_7/roundAnyRawFNToRecFN               
   577     0.09% 1.40296e-06 3.13482e-02 4.12593e-02 7.26090e-02   7 /ChipTop/system/tile_prci_domain/tile_reset_domain_tile/gemmini/spad/acc_scale_unit/activated_data_e_scaled_in_to_rec_fn_6                                    
   122     0.02% 3.16244e-07 3.24409e-03 8.16984e-03 1.14142e-02   8 /ChipTop/system/tile_prci_domain/tile_reset_domain_tile/gemmini/spad/acc_scale_unit/activated_data_e_scaled_in_to_rec_fn_6/roundAnyRawFNToRecFN               
   559     0.08% 1.27204e-06 3.12344e-02 4.09198e-02 7.21554e-02   7 /ChipTop/system/tile_prci_domain/tile_reset_domain_tile/gemmini/spad/acc_scale_unit/activated_data_e_scaled_in_to_rec_fn_12                                   
   113     0.02% 2.93867e-07 3.16155e-03 6.85504e-03 1.00169e-02   8 /ChipTop/system/tile_prci_domain/tile_reset_domain_tile/gemmini/spad/acc_scale_unit/activated_data_e_scaled_in_to_rec_fn_12/roundAnyRawFNToRecFN              
   569     0.09% 1.33129e-06 3.02480e-02 4.03338e-02 7.05831e-02   7 /ChipTop/system/tile_prci_domain/tile_reset_domain_tile/gemmini/spad/acc_scale_unit/activated_data_e_scaled_in_to_rec_fn                                      
   114     0.02% 2.84254e-07 3.58328e-03 8.31871e-03 1.19023e-02   8 /ChipTop/system/tile_prci_domain/tile_reset_domain_tile/gemmini/spad/acc_scale_unit/activated_data_e_scaled_in_to_rec_fn/roundAnyRawFNToRecFN                 
   527     0.08% 1.21016e-06 2.97897e-02 3.96379e-02 6.94289e-02   7 /ChipTop/system/tile_prci_domain/tile_reset_domain_tile/gemmini/spad/acc_scale_unit/activated_data_e_scaled_in_to_rec_fn_8                                    
   111     0.02% 3.12433e-07 3.44870e-03 7.92569e-03 1.13747e-02   8 /ChipTop/system/tile_prci_domain/tile_reset_domain_tile/gemmini/spad/acc_scale_unit/activated_data_e_scaled_in_to_rec_fn_8/roundAnyRawFNToRecFN               
   531     0.08% 1.23661e-06 2.90413e-02 3.88465e-02 6.78891e-02   7 /ChipTop/system/tile_prci_domain/tile_reset_domain_tile/gemmini/spad/acc_scale_unit/activated_data_e_scaled_in_to_rec_fn_9                                    
   111     0.02% 2.91327e-07 3.60488e-03 8.62888e-03 1.22341e-02   8 /ChipTop/system/tile_prci_domain/tile_reset_domain_tile/gemmini/spad/acc_scale_unit/activated_data_e_scaled_in_to_rec_fn_9/roundAnyRawFNToRecFN               
   540     0.08% 1.24895e-06 2.76255e-02 3.78181e-02 6.54449e-02   7 /ChipTop/system/tile_prci_domain/tile_reset_domain_tile/gemmini/spad/acc_scale_unit/activated_data_e_scaled_in_to_rec_fn_15                                   
   112     0.02% 3.05846e-07 3.33415e-03 8.19845e-03 1.15329e-02   8 /ChipTop/system/tile_prci_domain/tile_reset_domain_tile/gemmini/spad/acc_scale_unit/activated_data_e_scaled_in_to_rec_fn_15/roundAnyRawFNToRecFN              
   550     0.08% 1.23586e-06 2.87887e-02 3.61072e-02 6.48971e-02   7 /ChipTop/system/tile_prci_domain/tile_reset_domain_tile/gemmini/spad/acc_scale_unit/activated_data_e_scaled_in_to_rec_fn_5                                    
   111     0.02% 2.69742e-07 2.90973e-03 6.36768e-03 9.27768e-03   8 /ChipTop/system/tile_prci_domain/tile_reset_domain_tile/gemmini/spad/acc_scale_unit/activated_data_e_scaled_in_to_rec_fn_5/roundAnyRawFNToRecFN               
   552     0.08% 1.27415e-06 2.62878e-02 3.44429e-02 6.07319e-02   7 /ChipTop/system/tile_prci_domain/tile_reset_domain_tile/gemmini/spad/acc_scale_unit/activated_data_e_scaled_in_to_rec_fn_13                                   
   115     0.02% 3.13111e-07 3.58055e-03 8.23584e-03 1.18167e-02   8 /ChipTop/system/tile_prci_domain/tile_reset_domain_tile/gemmini/spad/acc_scale_unit/activated_data_e_scaled_in_to_rec_fn_13/roundAnyRawFNToRecFN              
   331     0.05% 7.48687e-07 2.64276e-02 2.83524e-02 5.47808e-02   7 /ChipTop/system/tile_prci_domain/tile_reset_domain_tile/gemmini/spad/acc_scale_unit/activated_data_e_scaled_rec_fn_to_in_8                                    
   331     0.05% 7.83637e-07 2.38043e-02 2.48557e-02 4.86608e-02   7 /ChipTop/system/tile_prci_domain/tile_reset_domain_tile/gemmini/spad/acc_scale_unit/activated_data_e_scaled_rec_fn_to_in_4                                    
   331     0.05% 8.10818e-07 2.35052e-02 2.49731e-02 4.84791e-02   7 /ChipTop/system/tile_prci_domain/tile_reset_domain_tile/gemmini/spad/acc_scale_unit/activated_data_e_scaled_rec_fn_to_in_15                                   
   327     0.05% 7.96062e-07 2.38522e-02 2.44178e-02 4.82708e-02   7 /ChipTop/system/tile_prci_domain/tile_reset_domain_tile/gemmini/spad/acc_scale_unit/activated_data_e_scaled_rec_fn_to_in_1                                    
   331     0.05% 8.26703e-07 2.32904e-02 2.46998e-02 4.79910e-02   7 /ChipTop/system/tile_prci_domain/tile_reset_domain_tile/gemmini/spad/acc_scale_unit/activated_data_e_scaled_rec_fn_to_in_7                                    
   331     0.05% 7.50362e-07 2.30610e-02 2.41229e-02 4.71846e-02   7 /ChipTop/system/tile_prci_domain/tile_reset_domain_tile/gemmini/spad/acc_scale_unit/activated_data_e_scaled_rec_fn_to_in_14                                   
   331     0.05% 7.28244e-07 2.17425e-02 2.25733e-02 4.43166e-02   7 /ChipTop/system/tile_prci_domain/tile_reset_domain_tile/gemmini/spad/acc_scale_unit/activated_data_e_scaled_rec_fn_to_in_9                                    
   331     0.05% 7.73025e-07 2.15697e-02 2.23503e-02 4.39207e-02   7 /ChipTop/system/tile_prci_domain/tile_reset_domain_tile/gemmini/spad/acc_scale_unit/activated_data_e_scaled_rec_fn_to_in_12                                   
   331     0.05% 7.38619e-07 2.13382e-02 2.22542e-02 4.35931e-02   7 /ChipTop/system/tile_prci_domain/tile_reset_domain_tile/gemmini/spad/acc_scale_unit/activated_data_e_scaled_rec_fn_to_in_10                                   
   331     0.05% 7.88190e-07 2.08029e-02 2.15848e-02 4.23885e-02   7 /ChipTop/system/tile_prci_domain/tile_reset_domain_tile/gemmini/spad/acc_scale_unit/activated_data_e_scaled_rec_fn_to_in_3                                    
   331     0.05% 7.78222e-07 2.08356e-02 2.13748e-02 4.22112e-02   7 /ChipTop/system/tile_prci_domain/tile_reset_domain_tile/gemmini/spad/acc_scale_unit/activated_data_e_scaled_rec_fn_to_in_2                                    
   331     0.05% 7.53983e-07 2.00295e-02 2.04784e-02 4.05086e-02   7 /ChipTop/system/tile_prci_domain/tile_reset_domain_tile/gemmini/spad/acc_scale_unit/activated_data_e_scaled_rec_fn_to_in_11                                   
   331     0.05% 7.55194e-07 1.96330e-02 2.01885e-02 3.98222e-02   7 /ChipTop/system/tile_prci_domain/tile_reset_domain_tile/gemmini/spad/acc_scale_unit/activated_data_e_scaled_rec_fn_to_in_6                                    
   331     0.05% 7.23243e-07 1.89533e-02 1.91599e-02 3.81139e-02   7 /ChipTop/system/tile_prci_domain/tile_reset_domain_tile/gemmini/spad/acc_scale_unit/activated_data_e_scaled_rec_fn_to_in                                      
   331     0.05% 8.06289e-07 1.82794e-02 1.88292e-02 3.71094e-02   7 /ChipTop/system/tile_prci_domain/tile_reset_domain_tile/gemmini/spad/acc_scale_unit/activated_data_e_scaled_rec_fn_to_in_13                                   
   331     0.05% 7.49515e-07 1.73754e-02 1.77688e-02 3.51450e-02   7 /ChipTop/system/tile_prci_domain/tile_reset_domain_tile/gemmini/spad/acc_scale_unit/activated_data_e_scaled_rec_fn_to_in_5                                    
 13654     2.06% 1.12546e+00 4.54832e+00 3.04495e-01 5.97827e+00   6 /ChipTop/system/tile_prci_domain/tile_reset_domain_tile/gemmini/spad/acc_mems_0                                                                               
     9     0.00% 5.62694e-01 1.20385e+00 5.74916e-03 1.77229e+00   7 /ChipTop/system/tile_prci_domain/tile_reset_domain_tile/gemmini/spad/acc_mems_0/mem                                                                           
     9     0.00% 5.62694e-01 1.20385e+00 5.74916e-03 1.77229e+00   8 /ChipTop/system/tile_prci_domain/tile_reset_domain_tile/gemmini/spad/acc_mems_0/mem/mem_0_ext                                                                 
     9     0.00% 5.62694e-01 1.20385e+00 5.54469e-03 1.77209e+00   7 /ChipTop/system/tile_prci_domain/tile_reset_domain_tile/gemmini/spad/acc_mems_0/mem_1                                                                         
     9     0.00% 5.62694e-01 1.20385e+00 5.54469e-03 1.77209e+00   8 /ChipTop/system/tile_prci_domain/tile_reset_domain_tile/gemmini/spad/acc_mems_0/mem_1/mem_0_ext                                                               
  1348     0.20% 7.61437e-06 3.37655e-01 1.49969e-01 4.87632e-01   7 /ChipTop/system/tile_prci_domain/tile_reset_domain_tile/gemmini/spad/acc_mems_0/q                                                                             
   567     0.09% 4.82771e-06 2.54015e-01 3.43799e-02 2.88400e-01   8 /ChipTop/system/tile_prci_domain/tile_reset_domain_tile/gemmini/spad/acc_mems_0/q/ram_ext                                                                     
 13629     2.06% 1.12546e+00 4.08040e+00 3.38899e-03 5.20925e+00   6 /ChipTop/system/tile_prci_domain/tile_reset_domain_tile/gemmini/spad/acc_mems_1                                                                               
     9     0.00% 5.62694e-01 1.20348e+00 1.59768e-06 1.76618e+00   7 /ChipTop/system/tile_prci_domain/tile_reset_domain_tile/gemmini/spad/acc_mems_1/mem_1                                                                         
     9     0.00% 5.62694e-01 1.20348e+00 1.59768e-06 1.76618e+00   8 /ChipTop/system/tile_prci_domain/tile_reset_domain_tile/gemmini/spad/acc_mems_1/mem_1/mem_0_ext                                                               
     9     0.00% 5.62694e-01 1.20348e+00 1.41517e-06 1.76618e+00   7 /ChipTop/system/tile_prci_domain/tile_reset_domain_tile/gemmini/spad/acc_mems_1/mem                                                                           
     9     0.00% 5.62694e-01 1.20348e+00 1.41517e-06 1.76618e+00   8 /ChipTop/system/tile_prci_domain/tile_reset_domain_tile/gemmini/spad/acc_mems_1/mem/mem_0_ext                                                                 
  1345     0.20% 7.41108e-06 1.94551e-02 6.82647e-06 1.94693e-02   7 /ChipTop/system/tile_prci_domain/tile_reset_domain_tile/gemmini/spad/acc_mems_1/q                                                                             
   567     0.09% 4.77037e-06 1.81771e-02 4.58288e-06 1.81865e-02   8 /ChipTop/system/tile_prci_domain/tile_reset_domain_tile/gemmini/spad/acc_mems_1/q/ram_ext                                                                     
 10916     1.65% 4.47971e-05 1.42039e+00 6.28317e-01 2.04876e+00   6 /ChipTop/system/tile_prci_domain/tile_reset_domain_tile/gemmini/spad/writer                                                                                   
   214     0.03% 1.76531e-06 1.42358e-01 2.62260e-02 1.68586e-01   7 /ChipTop/system/tile_prci_domain/tile_reset_domain_tile/gemmini/spad/writer/translate_q                                                                       
   206     0.03% 1.74616e-06 1.40395e-01 2.54208e-02 1.65817e-01   8 /ChipTop/system/tile_prci_domain/tile_reset_domain_tile/gemmini/spad/writer/translate_q/ram_ext                                                               
   214     0.03% 1.75978e-06 1.42984e-01 2.24210e-02 1.65406e-01   7 /ChipTop/system/tile_prci_domain/tile_reset_domain_tile/gemmini/spad/writer/tlb_q                                                                             
   206     0.03% 1.74063e-06 1.41021e-01 2.15861e-02 1.62609e-01   8 /ChipTop/system/tile_prci_domain/tile_reset_domain_tile/gemmini/spad/writer/tlb_q/ram_ext                                                                     
   491     0.07% 7.87809e-07 2.29880e-02 1.62950e-02 3.92838e-02   7 /ChipTop/system/tile_prci_domain/tile_reset_domain_tile/gemmini/spad/writer/tlb_arb                                                                           
   212     0.03% 1.79372e-06 9.71690e-03 2.97560e-06 9.72167e-03   7 /ChipTop/system/tile_prci_domain/tile_reset_domain_tile/gemmini/spad/writer/shadow_retry_a                                                                    
   206     0.03% 1.77668e-06 8.44677e-03 2.91705e-06 8.45146e-03   8 /ChipTop/system/tile_prci_domain/tile_reset_domain_tile/gemmini/spad/writer/shadow_retry_a/ram_ext                                                            
  1906     0.29% 1.26192e-05 5.66550e-01 1.71754e-01 7.38316e-01   6 /ChipTop/system/tile_prci_domain/tile_reset_domain_tile/gemmini/spad/norm_unit_passthru_q                                                                     
  1885     0.28% 1.25483e-05 5.57882e-01 1.68029e-01 7.25924e-01   7 /ChipTop/system/tile_prci_domain/tile_reset_domain_tile/gemmini/spad/norm_unit_passthru_q/ram_ext                                                             
   335     0.05% 2.84791e-01 4.22731e-01 1.50096e-03 7.09023e-01   6 /ChipTop/system/tile_prci_domain/tile_reset_domain_tile/gemmini/spad/spad_mems_0                                                                              
     5     0.00% 2.84789e-01 4.14006e-01 4.59677e-05 6.98841e-01   7 /ChipTop/system/tile_prci_domain/tile_reset_domain_tile/gemmini/spad/spad_mems_0/mem                                                                          
     5     0.00% 2.84789e-01 4.14006e-01 4.59677e-05 6.98841e-01   8 /ChipTop/system/tile_prci_domain/tile_reset_domain_tile/gemmini/spad/spad_mems_0/mem/mem_ext                                                                  
   307     0.05% 1.75327e-06 5.72947e-03 3.71520e-05 5.76838e-03   7 /ChipTop/system/tile_prci_domain/tile_reset_domain_tile/gemmini/spad/spad_mems_0/q                                                                            
   134     0.02% 1.13686e-06 4.35708e-03 1.08096e-06 4.35930e-03   8 /ChipTop/system/tile_prci_domain/tile_reset_domain_tile/gemmini/spad/spad_mems_0/q/ram_ext                                                                    
   335     0.05% 2.84791e-01 4.19800e-01 1.39771e-03 7.05989e-01   6 /ChipTop/system/tile_prci_domain/tile_reset_domain_tile/gemmini/spad/spad_mems_1                                                                              
     5     0.00% 2.84789e-01 4.11197e-01 8.23404e-07 6.95987e-01   7 /ChipTop/system/tile_prci_domain/tile_reset_domain_tile/gemmini/spad/spad_mems_1/mem                                                                          
     5     0.00% 2.84789e-01 4.11197e-01 8.23404e-07 6.95987e-01   8 /ChipTop/system/tile_prci_domain/tile_reset_domain_tile/gemmini/spad/spad_mems_1/mem/mem_ext                                                                  
   307     0.05% 1.75031e-06 5.61551e-03 2.26027e-06 5.61952e-03   7 /ChipTop/system/tile_prci_domain/tile_reset_domain_tile/gemmini/spad/spad_mems_1/q                                                                            
   134     0.02% 1.13507e-06 4.34244e-03 1.08096e-06 4.34465e-03   8 /ChipTop/system/tile_prci_domain/tile_reset_domain_tile/gemmini/spad/spad_mems_1/q/ram_ext                                                                    
   335     0.05% 2.84791e-01 4.19800e-01 1.39760e-03 7.05988e-01   6 /ChipTop/system/tile_prci_domain/tile_reset_domain_tile/gemmini/spad/spad_mems_2                                                                              
     5     0.00% 2.84789e-01 4.11197e-01 8.23404e-07 6.95987e-01   7 /ChipTop/system/tile_prci_domain/tile_reset_domain_tile/gemmini/spad/spad_mems_2/mem                                                                          
     5     0.00% 2.84789e-01 4.11197e-01 8.23404e-07 6.95987e-01   8 /ChipTop/system/tile_prci_domain/tile_reset_domain_tile/gemmini/spad/spad_mems_2/mem/mem_ext                                                                  
   307     0.05% 1.74191e-06 5.61532e-03 2.17385e-06 5.61924e-03   7 /ChipTop/system/tile_prci_domain/tile_reset_domain_tile/gemmini/spad/spad_mems_2/q                                                                            
   134     0.02% 1.12984e-06 4.34244e-03 1.08096e-06 4.34465e-03   8 /ChipTop/system/tile_prci_domain/tile_reset_domain_tile/gemmini/spad/spad_mems_2/q/ram_ext                                                                    
   335     0.05% 2.84791e-01 4.19799e-01 1.39725e-03 7.05987e-01   6 /ChipTop/system/tile_prci_domain/tile_reset_domain_tile/gemmini/spad/spad_mems_3                                                                              
     5     0.00% 2.84789e-01 4.11197e-01 8.23404e-07 6.95987e-01   7 /ChipTop/system/tile_prci_domain/tile_reset_domain_tile/gemmini/spad/spad_mems_3/mem                                                                          
     5     0.00% 2.84789e-01 4.11197e-01 8.23404e-07 6.95987e-01   8 /ChipTop/system/tile_prci_domain/tile_reset_domain_tile/gemmini/spad/spad_mems_3/mem/mem_ext                                                                  
   307     0.05% 1.74250e-06 5.61444e-03 1.83097e-06 5.61801e-03   7 /ChipTop/system/tile_prci_domain/tile_reset_domain_tile/gemmini/spad/spad_mems_3/q                                                                            
   134     0.02% 1.13019e-06 4.34244e-03 1.08096e-06 4.34465e-03   8 /ChipTop/system/tile_prci_domain/tile_reset_domain_tile/gemmini/spad/spad_mems_3/q/ram_ext                                                                    
  2484     0.38% 1.40851e-05 6.51019e-01 1.85085e-06 6.51035e-01   6 /ChipTop/system/tile_prci_domain/tile_reset_domain_tile/gemmini/spad/acc_adders                                                                               
    65     0.01% 5.59897e-07 4.06433e-02 1.43955e-07 4.06440e-02   7 /ChipTop/system/tile_prci_domain/tile_reset_domain_tile/gemmini/spad/acc_adders/m_4                                                                           
    65     0.01% 5.59897e-07 4.06433e-02 1.43955e-07 4.06440e-02   7 /ChipTop/system/tile_prci_domain/tile_reset_domain_tile/gemmini/spad/acc_adders/m_7                                                                           
    65     0.01% 5.59897e-07 4.06433e-02 1.43955e-07 4.06440e-02   7 /ChipTop/system/tile_prci_domain/tile_reset_domain_tile/gemmini/spad/acc_adders/m_12                                                                          
    65     0.01% 5.59897e-07 4.06433e-02 1.30245e-07 4.06440e-02   7 /ChipTop/system/tile_prci_domain/tile_reset_domain_tile/gemmini/spad/acc_adders/m_1                                                                           
    65     0.01% 5.59897e-07 4.06433e-02 1.30245e-07 4.06440e-02   7 /ChipTop/system/tile_prci_domain/tile_reset_domain_tile/gemmini/spad/acc_adders/m_13                                                                          
    65     0.01% 5.59897e-07 4.06433e-02 1.30245e-07 4.06440e-02   7 /ChipTop/system/tile_prci_domain/tile_reset_domain_tile/gemmini/spad/acc_adders/m_14                                                                          
    65     0.01% 5.59897e-07 4.06433e-02 1.23390e-07 4.06440e-02   7 /ChipTop/system/tile_prci_domain/tile_reset_domain_tile/gemmini/spad/acc_adders/m_8                                                                           
    65     0.01% 5.59897e-07 4.06433e-02 1.16535e-07 4.06439e-02   7 /ChipTop/system/tile_prci_domain/tile_reset_domain_tile/gemmini/spad/acc_adders/m_3                                                                           
    65     0.01% 5.59897e-07 4.06432e-02 1.09680e-07 4.06439e-02   7 /ChipTop/system/tile_prci_domain/tile_reset_domain_tile/gemmini/spad/acc_adders/m_10                                                                          
    65     0.01% 5.59897e-07 4.06432e-02 1.02825e-07 4.06439e-02   7 /ChipTop/system/tile_prci_domain/tile_reset_domain_tile/gemmini/spad/acc_adders/m                                                                             
    65     0.01% 5.59897e-07 4.06432e-02 1.02825e-07 4.06439e-02   7 /ChipTop/system/tile_prci_domain/tile_reset_domain_tile/gemmini/spad/acc_adders/m_5                                                                           
    65     0.01% 5.59897e-07 4.06432e-02 1.02825e-07 4.06439e-02   7 /ChipTop/system/tile_prci_domain/tile_reset_domain_tile/gemmini/spad/acc_adders/m_6                                                                           
    65     0.01% 5.59897e-07 4.06432e-02 9.59700e-08 4.06439e-02   7 /ChipTop/system/tile_prci_domain/tile_reset_domain_tile/gemmini/spad/acc_adders/m_9                                                                           
    65     0.01% 5.59897e-07 4.06432e-02 9.59700e-08 4.06439e-02   7 /ChipTop/system/tile_prci_domain/tile_reset_domain_tile/gemmini/spad/acc_adders/m_15                                                                          
    65     0.01% 5.59897e-07 4.06432e-02 8.91150e-08 4.06438e-02   7 /ChipTop/system/tile_prci_domain/tile_reset_domain_tile/gemmini/spad/acc_adders/m_2                                                                           
    65     0.01% 5.59897e-07 4.06432e-02 8.91150e-08 4.06438e-02   7 /ChipTop/system/tile_prci_domain/tile_reset_domain_tile/gemmini/spad/acc_adders/m_11                                                                          
   545     0.08% 4.41251e-06 5.17995e-01 6.98144e-02 5.87814e-01   6 /ChipTop/system/tile_prci_domain/tile_reset_domain_tile/gemmini/spad/ex_read_pipe_p                                                                           
   545     0.08% 4.51935e-06 5.17848e-01 6.97731e-02 5.87626e-01   6 /ChipTop/system/tile_prci_domain/tile_reset_domain_tile/gemmini/spad/dma_read_pipe_p                                                                          
   545     0.08% 4.38101e-06 5.17843e-01 6.97765e-02 5.87624e-01   6 /ChipTop/system/tile_prci_domain/tile_reset_domain_tile/gemmini/spad/ex_read_pipe_p_1                                                                         
   545     0.08% 4.37528e-06 5.17844e-01 6.97745e-02 5.87622e-01   6 /ChipTop/system/tile_prci_domain/tile_reset_domain_tile/gemmini/spad/dma_read_pipe_p_2                                                                        
   545     0.08% 4.34732e-06 5.17843e-01 6.97744e-02 5.87622e-01   6 /ChipTop/system/tile_prci_domain/tile_reset_domain_tile/gemmini/spad/dma_read_pipe_p_1                                                                        
   545     0.08% 4.37438e-06 5.17836e-01 6.97756e-02 5.87616e-01   6 /ChipTop/system/tile_prci_domain/tile_reset_domain_tile/gemmini/spad/ex_read_pipe_p_3                                                                         
   545     0.08% 4.38010e-06 5.17835e-01 6.97749e-02 5.87614e-01   6 /ChipTop/system/tile_prci_domain/tile_reset_domain_tile/gemmini/spad/ex_read_pipe_p_2                                                                         
   545     0.08% 4.38010e-06 5.17835e-01 6.97732e-02 5.87612e-01   6 /ChipTop/system/tile_prci_domain/tile_reset_domain_tile/gemmini/spad/dma_read_pipe_p_3                                                                        
  1197     0.18% 8.29805e-06 3.04833e-01 1.01443e-01 4.06285e-01   6 /ChipTop/system/tile_prci_domain/tile_reset_domain_tile/gemmini/spad/buffer_2                                                                                 
   681     0.10% 4.31794e-06 2.00732e-01 6.54401e-02 2.66176e-01   7 /ChipTop/system/tile_prci_domain/tile_reset_domain_tile/gemmini/spad/buffer_2/x1_a_q                                                                          
   659     0.10% 4.24401e-06 1.91477e-01 6.17207e-02 2.53202e-01   8 /ChipTop/system/tile_prci_domain/tile_reset_domain_tile/gemmini/spad/buffer_2/x1_a_q/ram_ext                                                                  
   516     0.08% 3.98011e-06 1.04102e-01 3.60032e-02 1.40109e-01   7 /ChipTop/system/tile_prci_domain/tile_reset_domain_tile/gemmini/spad/buffer_2/bundleIn_0_d_q                                                                  
   495     0.07% 3.90655e-06 9.59164e-02 3.31794e-02 1.29100e-01   8 /ChipTop/system/tile_prci_domain/tile_reset_domain_tile/gemmini/spad/buffer_2/bundleIn_0_d_q/ram_ext                                                          
 10045     1.52% 3.37327e-05 3.74419e-01 3.20875e-03 3.77661e-01   6 /ChipTop/system/tile_prci_domain/tile_reset_domain_tile/gemmini/spad/vsm                                                                                      
  1616     0.24% 3.77630e-06 8.63841e-03 1.07238e-04 8.74942e-03   7 /ChipTop/system/tile_prci_domain/tile_reset_domain_tile/gemmini/spad/vsm/pipe_3                                                                               
  1160     0.18% 2.64199e-06 6.99208e-05 8.45858e-05 1.57149e-04   8 /ChipTop/system/tile_prci_domain/tile_reset_domain_tile/gemmini/spad/vsm/pipe_3/out_bits_data_muladder                                                        
   307     0.05% 7.08092e-07 3.42959e-05 4.57046e-05 8.07086e-05   9 /ChipTop/system/tile_prci_domain/tile_reset_domain_tile/gemmini/spad/vsm/pipe_3/out_bits_data_muladder/mulAddRecFNToRaw_postMul                               
   312     0.05% 6.63360e-07 4.61758e-06 5.66902e-06 1.09500e-05   9 /ChipTop/system/tile_prci_domain/tile_reset_domain_tile/gemmini/spad/vsm/pipe_3/out_bits_data_muladder/roundRawFNToRecFN                                      
   312     0.05% 6.63360e-07 4.61758e-06 5.66902e-06 1.09500e-05  10 /ChipTop/system/tile_prci_domain/tile_reset_domain_tile/gemmini/spad/vsm/pipe_3/out_bits_data_muladder/roundRawFNToRecFN/roundAnyRawFNToRecFN                 
    41     0.01% 1.21455e-07 1.65756e-06 2.09123e-06 3.87024e-06   9 /ChipTop/system/tile_prci_domain/tile_reset_domain_tile/gemmini/spad/vsm/pipe_3/out_bits_data_muladder/mulAddRecFNToRaw_preMul                                
    97     0.01% 1.53652e-07 6.18827e-06 6.23481e-06 1.25767e-05   8 /ChipTop/system/tile_prci_domain/tile_reset_domain_tile/gemmini/spad/vsm/pipe_3/out_bits_data_rec_fn_to_in                                                    
    70     0.01% 9.72490e-08 4.27462e-06 7.35196e-06 1.17238e-05   8 /ChipTop/system/tile_prci_domain/tile_reset_domain_tile/gemmini/spad/vsm/pipe_3/out_bits_data_in_to_rec_fn                                                    
     8     0.00% 1.75070e-08 5.21472e-07 2.51155e-06 3.05053e-06   9 /ChipTop/system/tile_prci_domain/tile_reset_domain_tile/gemmini/spad/vsm/pipe_3/out_bits_data_in_to_rec_fn/roundAnyRawFNToRecFN                               
  1616     0.24% 3.79375e-06 8.63509e-03 1.00542e-04 8.73943e-03   7 /ChipTop/system/tile_prci_domain/tile_reset_domain_tile/gemmini/spad/vsm/pipe_2                                                                               
  1160     0.18% 2.65702e-06 6.65053e-05 7.73634e-05 1.46526e-04   8 /ChipTop/system/tile_prci_domain/tile_reset_domain_tile/gemmini/spad/vsm/pipe_2/out_bits_data_muladder                                                        
   307     0.05% 7.01598e-07 2.79903e-05 3.57792e-05 6.44712e-05   9 /ChipTop/system/tile_prci_domain/tile_reset_domain_tile/gemmini/spad/vsm/pipe_2/out_bits_data_muladder/mulAddRecFNToRaw_postMul                               
   312     0.05% 6.74776e-07 5.24497e-06 6.10837e-06 1.20281e-05   9 /ChipTop/system/tile_prci_domain/tile_reset_domain_tile/gemmini/spad/vsm/pipe_2/out_bits_data_muladder/roundRawFNToRecFN                                      
   312     0.05% 6.74776e-07 5.24497e-06 6.10837e-06 1.20281e-05  10 /ChipTop/system/tile_prci_domain/tile_reset_domain_tile/gemmini/spad/vsm/pipe_2/out_bits_data_muladder/roundRawFNToRecFN/roundAnyRawFNToRecFN                 
    41     0.01% 1.22754e-07 2.20931e-06 2.58870e-06 4.92076e-06   9 /ChipTop/system/tile_prci_domain/tile_reset_domain_tile/gemmini/spad/vsm/pipe_2/out_bits_data_muladder/mulAddRecFNToRaw_preMul                                
    97     0.01% 1.54199e-07 6.41247e-06 6.52707e-06 1.30937e-05   8 /ChipTop/system/tile_prci_domain/tile_reset_domain_tile/gemmini/spad/vsm/pipe_2/out_bits_data_rec_fn_to_in                                                    
    70     0.01% 9.93130e-08 3.92099e-06 7.15014e-06 1.11704e-05   8 /ChipTop/system/tile_prci_domain/tile_reset_domain_tile/gemmini/spad/vsm/pipe_2/out_bits_data_in_to_rec_fn                                                    
     8     0.00% 1.74500e-08 5.92978e-07 2.77339e-06 3.38382e-06   9 /ChipTop/system/tile_prci_domain/tile_reset_domain_tile/gemmini/spad/vsm/pipe_2/out_bits_data_in_to_rec_fn/roundAnyRawFNToRecFN                               
  1616     0.24% 3.77885e-06 8.62888e-03 9.55348e-05 8.72820e-03   7 /ChipTop/system/tile_prci_domain/tile_reset_domain_tile/gemmini/spad/vsm/pipe                                                                                 
  1160     0.18% 2.65409e-06 6.34588e-05 7.56508e-05 1.41764e-04   8 /ChipTop/system/tile_prci_domain/tile_reset_domain_tile/gemmini/spad/vsm/pipe/out_bits_data_muladder                                                          
   307     0.05% 7.02391e-07 2.80399e-05 3.78476e-05 6.65899e-05   9 /ChipTop/system/tile_prci_domain/tile_reset_domain_tile/gemmini/spad/vsm/pipe/out_bits_data_muladder/mulAddRecFNToRaw_postMul                                 
   312     0.05% 6.79185e-07 4.76679e-06 5.16208e-06 1.06081e-05   9 /ChipTop/system/tile_prci_domain/tile_reset_domain_tile/gemmini/spad/vsm/pipe/out_bits_data_muladder/roundRawFNToRecFN                                        
   312     0.05% 6.79185e-07 4.76679e-06 5.16208e-06 1.06081e-05  10 /ChipTop/system/tile_prci_domain/tile_reset_domain_tile/gemmini/spad/vsm/pipe/out_bits_data_muladder/roundRawFNToRecFN/roundAnyRawFNToRecFN                   
    41     0.01% 1.21182e-07 1.46313e-06 1.77032e-06 3.35463e-06   9 /ChipTop/system/tile_prci_domain/tile_reset_domain_tile/gemmini/spad/vsm/pipe/out_bits_data_muladder/mulAddRecFNToRaw_preMul                                  
    97     0.01% 1.46515e-07 4.77788e-06 4.76335e-06 9.68775e-06   8 /ChipTop/system/tile_prci_domain/tile_reset_domain_tile/gemmini/spad/vsm/pipe/out_bits_data_rec_fn_to_in                                                      
    70     0.01% 9.71140e-08 3.08746e-06 5.85507e-06 9.03964e-06   8 /ChipTop/system/tile_prci_domain/tile_reset_domain_tile/gemmini/spad/vsm/pipe/out_bits_data_in_to_rec_fn                                                      
     8     0.00% 1.72150e-08 5.03168e-07 2.41856e-06 2.93894e-06   9 /ChipTop/system/tile_prci_domain/tile_reset_domain_tile/gemmini/spad/vsm/pipe/out_bits_data_in_to_rec_fn/roundAnyRawFNToRecFN                                 
  1616     0.24% 3.79795e-06 8.62582e-03 8.89361e-05 8.71855e-03   7 /ChipTop/system/tile_prci_domain/tile_reset_domain_tile/gemmini/spad/vsm/pipe_1                                                                               
  1160     0.18% 2.65535e-06 5.77212e-05 6.78611e-05 1.28238e-04   8 /ChipTop/system/tile_prci_domain/tile_reset_domain_tile/gemmini/spad/vsm/pipe_1/out_bits_data_muladder                                                        
   307     0.05% 7.07900e-07 2.61309e-05 3.38216e-05 6.06604e-05   9 /ChipTop/system/tile_prci_domain/tile_reset_domain_tile/gemmini/spad/vsm/pipe_1/out_bits_data_muladder/mulAddRecFNToRaw_postMul                               
   312     0.05% 6.71580e-07 4.62731e-06 5.07745e-06 1.03763e-05   9 /ChipTop/system/tile_prci_domain/tile_reset_domain_tile/gemmini/spad/vsm/pipe_1/out_bits_data_muladder/roundRawFNToRecFN                                      
   312     0.05% 6.71580e-07 4.62731e-06 5.07745e-06 1.03763e-05  10 /ChipTop/system/tile_prci_domain/tile_reset_domain_tile/gemmini/spad/vsm/pipe_1/out_bits_data_muladder/roundRawFNToRecFN/roundAnyRawFNToRecFN                 
    41     0.01% 1.21819e-07 1.39882e-06 1.73068e-06 3.25132e-06   9 /ChipTop/system/tile_prci_domain/tile_reset_domain_tile/gemmini/spad/vsm/pipe_1/out_bits_data_muladder/mulAddRecFNToRaw_preMul                                
    70     0.01% 1.03505e-07 4.14478e-06 7.03350e-06 1.12818e-05   8 /ChipTop/system/tile_prci_domain/tile_reset_domain_tile/gemmini/spad/vsm/pipe_1/out_bits_data_in_to_rec_fn                                                    
     8     0.00% 1.71640e-08 4.70285e-07 2.30385e-06 2.79129e-06   9 /ChipTop/system/tile_prci_domain/tile_reset_domain_tile/gemmini/spad/vsm/pipe_1/out_bits_data_in_to_rec_fn/roundAnyRawFNToRecFN                               
    97     0.01% 1.54018e-07 5.21197e-06 5.26339e-06 1.06294e-05   8 /ChipTop/system/tile_prci_domain/tile_reset_domain_tile/gemmini/spad/vsm/pipe_1/out_bits_data_rec_fn_to_in                                                    
   243     0.04% 5.06975e-07 8.69602e-04 1.31851e-06 8.71427e-04   7 /ChipTop/system/tile_prci_domain/tile_reset_domain_tile/gemmini/spad/vsm/arb_3                                                                                
   243     0.04% 5.08373e-07 8.69419e-04 1.27673e-06 8.71204e-04   7 /ChipTop/system/tile_prci_domain/tile_reset_domain_tile/gemmini/spad/vsm/arb_1                                                                                
   243     0.04% 4.85029e-07 8.69432e-04 1.28102e-06 8.71198e-04   7 /ChipTop/system/tile_prci_domain/tile_reset_domain_tile/gemmini/spad/vsm/arb_2                                                                                
   243     0.04% 4.52401e-07 8.69314e-04 1.25163e-06 8.71018e-04   7 /ChipTop/system/tile_prci_domain/tile_reset_domain_tile/gemmini/spad/vsm/arb                                                                                  
   731     0.11% 4.60836e-06 2.11659e-01 6.42150e-02 2.75878e-01   6 /ChipTop/system/tile_prci_domain/tile_reset_domain_tile/gemmini/spad/buffer_1                                                                                 
   681     0.10% 4.34763e-06 1.95341e-01 5.92957e-02 2.54641e-01   7 /ChipTop/system/tile_prci_domain/tile_reset_domain_tile/gemmini/spad/buffer_1/x1_a_q                                                                          
   658     0.10% 4.26794e-06 1.86180e-01 5.54234e-02 2.41608e-01   8 /ChipTop/system/tile_prci_domain/tile_reset_domain_tile/gemmini/spad/buffer_1/x1_a_q/ram_ext                                                                  
    50     0.01% 2.60722e-07 1.63178e-02 4.91935e-03 2.12374e-02   7 /ChipTop/system/tile_prci_domain/tile_reset_domain_tile/gemmini/spad/buffer_1/bundleIn_0_d_q                                                                  
    29     0.00% 1.92785e-07 8.28909e-03 1.70492e-03 9.99420e-03   8 /ChipTop/system/tile_prci_domain/tile_reset_domain_tile/gemmini/spad/buffer_1/bundleIn_0_d_q/ram_ext                                                          
 17865     2.70% 6.75040e-05 1.61524e-01 3.16900e-03 1.64761e-01   6 /ChipTop/system/tile_prci_domain/tile_reset_domain_tile/gemmini/spad/reader                                                                                   
  2838     0.43% 1.61817e-05 1.13976e-01 1.97033e-04 1.14189e-01   7 /ChipTop/system/tile_prci_domain/tile_reset_domain_tile/gemmini/spad/reader/xactTracker                                                                       
  1176     0.18% 7.01904e-06 2.43730e-02 2.53816e-04 2.46338e-02   7 /ChipTop/system/tile_prci_domain/tile_reset_domain_tile/gemmini/spad/reader/core                                                                              
   209     0.03% 1.72842e-06 7.82132e-03 6.85919e-05 7.89164e-03   8 /ChipTop/system/tile_prci_domain/tile_reset_domain_tile/gemmini/spad/reader/core/tlb_q                                                                        
   206     0.03% 1.71739e-06 6.55055e-03 6.78010e-05 6.62007e-03   9 /ChipTop/system/tile_prci_domain/tile_reset_domain_tile/gemmini/spad/reader/core/tlb_q/ram_ext                                                                
   209     0.03% 1.74002e-06 7.81988e-03 6.89134e-05 7.89053e-03   8 /ChipTop/system/tile_prci_domain/tile_reset_domain_tile/gemmini/spad/reader/core/translate_q                                                                  
   206     0.03% 1.72899e-06 6.54914e-03 6.86025e-05 6.61947e-03   9 /ChipTop/system/tile_prci_domain/tile_reset_domain_tile/gemmini/spad/reader/core/translate_q/ram_ext                                                          
   226     0.03% 5.34465e-07 5.40714e-06 2.21966e-06 8.16126e-06   8 /ChipTop/system/tile_prci_domain/tile_reset_domain_tile/gemmini/spad/reader/core/tlb_arb                                                                      
 13782     2.08% 4.37579e-05 2.13027e-02 2.69393e-03 2.40404e-02   7 /ChipTop/system/tile_prci_domain/tile_reset_domain_tile/gemmini/spad/reader/beatPacker                                                                        
   416     0.06% 2.55906e-06 9.58637e-02 3.22690e-02 1.28135e-01   6 /ChipTop/system/tile_prci_domain/tile_reset_domain_tile/gemmini/spad/write_dispatch_q                                                                         
   394     0.06% 2.48827e-06 8.70388e-02 2.86126e-02 1.15654e-01   7 /ChipTop/system/tile_prci_domain/tile_reset_domain_tile/gemmini/spad/write_dispatch_q/ram_ext                                                                 
   804     0.12% 4.64537e-06 8.87171e-02 2.79439e-02 1.16666e-01   6 /ChipTop/system/tile_prci_domain/tile_reset_domain_tile/gemmini/spad/write_scale_q                                                                            
   765     0.12% 4.50131e-06 7.74762e-02 2.34729e-02 1.00954e-01   7 /ChipTop/system/tile_prci_domain/tile_reset_domain_tile/gemmini/spad/write_scale_q/ram_ext                                                                    
   650     0.10% 4.02950e-06 9.07365e-02 2.59164e-02 1.16657e-01   6 /ChipTop/system/tile_prci_domain/tile_reset_domain_tile/gemmini/spad/write_issue_q                                                                            
   612     0.09% 3.87541e-06 7.96584e-02 2.05233e-02 1.00186e-01   7 /ChipTop/system/tile_prci_domain/tile_reset_domain_tile/gemmini/spad/write_issue_q/ram_ext                                                                    
   790     0.12% 4.65099e-06 8.82633e-02 2.78353e-02 1.16103e-01   6 /ChipTop/system/tile_prci_domain/tile_reset_domain_tile/gemmini/spad/write_norm_q                                                                             
   750     0.11% 4.50478e-06 7.75571e-02 2.35705e-02 1.01132e-01   7 /ChipTop/system/tile_prci_domain/tile_reset_domain_tile/gemmini/spad/write_norm_q/ram_ext                                                                     
   364     0.06% 1.24250e-06 5.33466e-02 3.17052e-02 8.50531e-02   6 /ChipTop/system/tile_prci_domain/tile_reset_domain_tile/gemmini/spad/xbar                                                                                     
  1312     0.20% 8.08900e-06 3.11358e-02 1.52622e-03 3.26701e-02   6 /ChipTop/system/tile_prci_domain/tile_reset_domain_tile/gemmini/spad/buffer                                                                                   
   687     0.10% 4.35810e-06 1.64329e-02 7.60197e-04 1.71975e-02   7 /ChipTop/system/tile_prci_domain/tile_reset_domain_tile/gemmini/spad/buffer/x1_a_q                                                                            
   664     0.10% 4.28571e-06 1.10917e-02 2.06006e-04 1.13020e-02   8 /ChipTop/system/tile_prci_domain/tile_reset_domain_tile/gemmini/spad/buffer/x1_a_q/ram_ext                                                                    
   625     0.09% 3.73090e-06 1.47029e-02 7.66024e-04 1.54726e-02   7 /ChipTop/system/tile_prci_domain/tile_reset_domain_tile/gemmini/spad/buffer/bundleIn_0_d_q                                                                    
   602     0.09% 3.66289e-06 9.44411e-03 2.11706e-04 9.65948e-03   8 /ChipTop/system/tile_prci_domain/tile_reset_domain_tile/gemmini/spad/buffer/bundleIn_0_d_q/ram_ext                                                            
  1191     0.18% 7.31568e-06 2.09145e-02 1.79793e-04 2.11016e-02   6 /ChipTop/system/tile_prci_domain/tile_reset_domain_tile/gemmini/spad/read_issue_q                                                                             
  1152     0.17% 7.16150e-06 1.78757e-02 1.65776e-04 1.80486e-02   7 /ChipTop/system/tile_prci_domain/tile_reset_domain_tile/gemmini/spad/read_issue_q/ram_ext                                                                     
   692     0.10% 5.49881e-06 1.86880e-02 7.35498e-06 1.87009e-02   6 /ChipTop/system/tile_prci_domain/tile_reset_domain_tile/gemmini/spad/vsm_1                                                                                    
  1220     0.18% 4.01824e-06 8.26604e-03 6.12422e-04 8.88248e-03   6 /ChipTop/system/tile_prci_domain/tile_reset_domain_tile/gemmini/spad/mvin_scale_pixel_repeater                                                                
   171     0.03% 7.46326e-07 5.54745e-03 8.34820e-07 5.54903e-03   6 /ChipTop/system/tile_prci_domain/tile_reset_domain_tile/gemmini/spad/zero_writer                                                                              
   257     0.04% 8.69355e-07 3.87427e-03 1.38415e-06 3.87652e-03   6 /ChipTop/system/tile_prci_domain/tile_reset_domain_tile/gemmini/spad/zero_writer_pixel_repeater                                                               
223763    33.81% 7.74976e-04 1.24464e+01 3.46382e-02 1.24818e+01   5 /ChipTop/system/tile_prci_domain/tile_reset_domain_tile/gemmini/ex_controller                                                                                 
215654    32.59% 7.43248e-04 1.23241e+01 2.71092e-02 1.23520e+01   6 /ChipTop/system/tile_prci_domain/tile_reset_domain_tile/gemmini/ex_controller/mesh                                                                            
205621    31.07% 6.65339e-04 5.09717e+00 2.65505e-02 5.12439e+00   7 /ChipTop/system/tile_prci_domain/tile_reset_domain_tile/gemmini/ex_controller/mesh/mesh                                                                       
   741     0.11% 2.09641e-06 3.19973e-03 1.17900e-04 3.31973e-03   8 /ChipTop/system/tile_prci_domain/tile_reset_domain_tile/gemmini/ex_controller/mesh/mesh/mesh_15_10                                                            
   741     0.11% 2.09641e-06 3.19973e-03 1.17900e-04 3.31973e-03   9 /ChipTop/system/tile_prci_domain/tile_reset_domain_tile/gemmini/ex_controller/mesh/mesh/mesh_15_10/tile_0_0                                                   
   166     0.03% 5.25498e-07 4.52953e-05 4.25320e-05 8.83528e-05  10 /ChipTop/system/tile_prci_domain/tile_reset_domain_tile/gemmini/ex_controller/mesh/mesh/mesh_15_10/tile_0_0/mac_unit                                          
   741     0.11% 2.10076e-06 3.19020e-03 1.11345e-04 3.30365e-03   8 /ChipTop/system/tile_prci_domain/tile_reset_domain_tile/gemmini/ex_controller/mesh/mesh/mesh_12_10                                                            
   741     0.11% 2.10076e-06 3.19020e-03 1.11345e-04 3.30365e-03   9 /ChipTop/system/tile_prci_domain/tile_reset_domain_tile/gemmini/ex_controller/mesh/mesh/mesh_12_10/tile_0_0                                                   
   166     0.03% 5.31328e-07 4.56800e-05 4.27931e-05 8.90045e-05  10 /ChipTop/system/tile_prci_domain/tile_reset_domain_tile/gemmini/ex_controller/mesh/mesh/mesh_12_10/tile_0_0/mac_unit                                          
   738     0.11% 2.08478e-06 3.19035e-03 1.09882e-04 3.30232e-03   8 /ChipTop/system/tile_prci_domain/tile_reset_domain_tile/gemmini/ex_controller/mesh/mesh/mesh_14_11                                                            
   738     0.11% 2.08478e-06 3.19035e-03 1.09882e-04 3.30232e-03   9 /ChipTop/system/tile_prci_domain/tile_reset_domain_tile/gemmini/ex_controller/mesh/mesh/mesh_14_11/tile_0_0                                                   
   163     0.02% 5.37622e-07 4.69020e-05 4.42660e-05 9.17056e-05  10 /ChipTop/system/tile_prci_domain/tile_reset_domain_tile/gemmini/ex_controller/mesh/mesh/mesh_14_11/tile_0_0/mac_unit                                          
   741     0.11% 2.09260e-06 3.18751e-03 1.09039e-04 3.29864e-03   8 /ChipTop/system/tile_prci_domain/tile_reset_domain_tile/gemmini/ex_controller/mesh/mesh/mesh_11_10                                                            
   741     0.11% 2.09260e-06 3.18751e-03 1.09039e-04 3.29864e-03   9 /ChipTop/system/tile_prci_domain/tile_reset_domain_tile/gemmini/ex_controller/mesh/mesh/mesh_11_10/tile_0_0                                                   
   166     0.03% 5.31585e-07 4.46074e-05 4.18761e-05 8.70151e-05  10 /ChipTop/system/tile_prci_domain/tile_reset_domain_tile/gemmini/ex_controller/mesh/mesh/mesh_11_10/tile_0_0/mac_unit                                          
   741     0.11% 2.08371e-06 3.18595e-03 1.07365e-04 3.29540e-03   8 /ChipTop/system/tile_prci_domain/tile_reset_domain_tile/gemmini/ex_controller/mesh/mesh/mesh_13_10                                                            
   741     0.11% 2.08371e-06 3.18595e-03 1.07365e-04 3.29540e-03   9 /ChipTop/system/tile_prci_domain/tile_reset_domain_tile/gemmini/ex_controller/mesh/mesh/mesh_13_10/tile_0_0                                                   
   166     0.03% 5.21291e-07 4.19061e-05 3.89637e-05 8.13911e-05  10 /ChipTop/system/tile_prci_domain/tile_reset_domain_tile/gemmini/ex_controller/mesh/mesh/mesh_13_10/tile_0_0/mac_unit                                          
   738     0.11% 2.10412e-06 3.18816e-03 1.03890e-04 3.29416e-03   8 /ChipTop/system/tile_prci_domain/tile_reset_domain_tile/gemmini/ex_controller/mesh/mesh/mesh_15_14                                                            
   738     0.11% 2.10412e-06 3.18816e-03 1.03890e-04 3.29416e-03   9 /ChipTop/system/tile_prci_domain/tile_reset_domain_tile/gemmini/ex_controller/mesh/mesh/mesh_15_14/tile_0_0                                                   
   163     0.02% 5.38154e-07 4.31115e-05 3.93073e-05 8.29569e-05  10 /ChipTop/system/tile_prci_domain/tile_reset_domain_tile/gemmini/ex_controller/mesh/mesh/mesh_15_14/tile_0_0/mac_unit                                          
   741     0.11% 2.06454e-06 3.18348e-03 1.07021e-04 3.29256e-03   8 /ChipTop/system/tile_prci_domain/tile_reset_domain_tile/gemmini/ex_controller/mesh/mesh/mesh_15_5                                                             
   741     0.11% 2.06454e-06 3.18348e-03 1.07021e-04 3.29256e-03   9 /ChipTop/system/tile_prci_domain/tile_reset_domain_tile/gemmini/ex_controller/mesh/mesh/mesh_15_5/tile_0_0                                                    
   166     0.03% 5.28393e-07 4.15470e-05 3.89862e-05 8.10616e-05  10 /ChipTop/system/tile_prci_domain/tile_reset_domain_tile/gemmini/ex_controller/mesh/mesh/mesh_15_5/tile_0_0/mac_unit                                           
   738     0.11% 2.08710e-06 3.18634e-03 1.02866e-04 3.29129e-03   8 /ChipTop/system/tile_prci_domain/tile_reset_domain_tile/gemmini/ex_controller/mesh/mesh/mesh_15_8                                                             
   738     0.11% 2.08710e-06 3.18634e-03 1.02866e-04 3.29129e-03   9 /ChipTop/system/tile_prci_domain/tile_reset_domain_tile/gemmini/ex_controller/mesh/mesh/mesh_15_8/tile_0_0                                                    
   163     0.02% 5.34737e-07 3.72103e-05 3.41515e-05 7.18966e-05  10 /ChipTop/system/tile_prci_domain/tile_reset_domain_tile/gemmini/ex_controller/mesh/mesh/mesh_15_8/tile_0_0/mac_unit                                           
   741     0.11% 2.04658e-06 3.18494e-03 1.04039e-04 3.29102e-03   8 /ChipTop/system/tile_prci_domain/tile_reset_domain_tile/gemmini/ex_controller/mesh/mesh/mesh_14_10                                                            
   741     0.11% 2.04658e-06 3.18494e-03 1.04039e-04 3.29102e-03   9 /ChipTop/system/tile_prci_domain/tile_reset_domain_tile/gemmini/ex_controller/mesh/mesh/mesh_14_10/tile_0_0                                                   
   166     0.03% 5.24236e-07 3.91909e-05 3.53396e-05 7.50547e-05  10 /ChipTop/system/tile_prci_domain/tile_reset_domain_tile/gemmini/ex_controller/mesh/mesh/mesh_14_10/tile_0_0/mac_unit                                          
   738     0.11% 2.07342e-06 3.18422e-03 1.02194e-04 3.28849e-03   8 /ChipTop/system/tile_prci_domain/tile_reset_domain_tile/gemmini/ex_controller/mesh/mesh/mesh_15_11                                                            
   738     0.11% 2.07342e-06 3.18422e-03 1.02194e-04 3.28849e-03   9 /ChipTop/system/tile_prci_domain/tile_reset_domain_tile/gemmini/ex_controller/mesh/mesh/mesh_15_11/tile_0_0                                                   
   163     0.02% 5.40055e-07 3.81556e-05 3.52428e-05 7.39384e-05  10 /ChipTop/system/tile_prci_domain/tile_reset_domain_tile/gemmini/ex_controller/mesh/mesh/mesh_15_11/tile_0_0/mac_unit                                          
   738     0.11% 2.06806e-06 3.18466e-03 1.01082e-04 3.28781e-03   8 /ChipTop/system/tile_prci_domain/tile_reset_domain_tile/gemmini/ex_controller/mesh/mesh/mesh_14_8                                                             
   738     0.11% 2.06806e-06 3.18466e-03 1.01082e-04 3.28781e-03   9 /ChipTop/system/tile_prci_domain/tile_reset_domain_tile/gemmini/ex_controller/mesh/mesh/mesh_14_8/tile_0_0                                                    
   163     0.02% 5.33556e-07 3.89250e-05 3.51694e-05 7.46279e-05  10 /ChipTop/system/tile_prci_domain/tile_reset_domain_tile/gemmini/ex_controller/mesh/mesh/mesh_14_8/tile_0_0/mac_unit                                           
   738     0.11% 2.08873e-06 3.18359e-03 9.97425e-05 3.28542e-03   8 /ChipTop/system/tile_prci_domain/tile_reset_domain_tile/gemmini/ex_controller/mesh/mesh/mesh_14_14                                                            
   738     0.11% 2.08873e-06 3.18359e-03 9.97425e-05 3.28542e-03   9 /ChipTop/system/tile_prci_domain/tile_reset_domain_tile/gemmini/ex_controller/mesh/mesh/mesh_14_14/tile_0_0                                                   
   163     0.02% 5.33596e-07 4.06710e-05 3.65663e-05 7.77709e-05  10 /ChipTop/system/tile_prci_domain/tile_reset_domain_tile/gemmini/ex_controller/mesh/mesh/mesh_14_14/tile_0_0/mac_unit                                          
   738     0.11% 2.08194e-06 3.17997e-03 1.02929e-04 3.28498e-03   8 /ChipTop/system/tile_prci_domain/tile_reset_domain_tile/gemmini/ex_controller/mesh/mesh/mesh_12_11                                                            
   738     0.11% 2.08194e-06 3.17997e-03 1.02929e-04 3.28498e-03   9 /ChipTop/system/tile_prci_domain/tile_reset_domain_tile/gemmini/ex_controller/mesh/mesh/mesh_12_11/tile_0_0                                                   
   163     0.02% 5.36505e-07 4.19069e-05 3.88004e-05 8.12438e-05  10 /ChipTop/system/tile_prci_domain/tile_reset_domain_tile/gemmini/ex_controller/mesh/mesh/mesh_12_11/tile_0_0/mac_unit                                          
   738     0.11% 2.06617e-06 3.18072e-03 1.00991e-04 3.28378e-03   8 /ChipTop/system/tile_prci_domain/tile_reset_domain_tile/gemmini/ex_controller/mesh/mesh/mesh_15_7                                                             
   738     0.11% 2.06617e-06 3.18072e-03 1.00991e-04 3.28378e-03   9 /ChipTop/system/tile_prci_domain/tile_reset_domain_tile/gemmini/ex_controller/mesh/mesh/mesh_15_7/tile_0_0                                                    
   163     0.02% 5.32202e-07 4.15744e-05 3.78187e-05 7.99252e-05  10 /ChipTop/system/tile_prci_domain/tile_reset_domain_tile/gemmini/ex_controller/mesh/mesh/mesh_15_7/tile_0_0/mac_unit                                           
   738     0.11% 2.08640e-06 3.18209e-03 9.90633e-05 3.28324e-03   8 /ChipTop/system/tile_prci_domain/tile_reset_domain_tile/gemmini/ex_controller/mesh/mesh/mesh_13_14                                                            
   738     0.11% 2.08640e-06 3.18209e-03 9.90633e-05 3.28324e-03   9 /ChipTop/system/tile_prci_domain/tile_reset_domain_tile/gemmini/ex_controller/mesh/mesh/mesh_13_14/tile_0_0                                                   
   163     0.02% 5.23543e-07 3.96224e-05 3.53059e-05 7.54518e-05  10 /ChipTop/system/tile_prci_domain/tile_reset_domain_tile/gemmini/ex_controller/mesh/mesh/mesh_13_14/tile_0_0/mac_unit                                          
   738     0.11% 2.08255e-06 3.18066e-03 9.89603e-05 3.28170e-03   8 /ChipTop/system/tile_prci_domain/tile_reset_domain_tile/gemmini/ex_controller/mesh/mesh/mesh_12_14                                                            
   738     0.11% 2.08255e-06 3.18066e-03 9.89603e-05 3.28170e-03   9 /ChipTop/system/tile_prci_domain/tile_reset_domain_tile/gemmini/ex_controller/mesh/mesh/mesh_12_14/tile_0_0                                                   
   163     0.02% 5.36539e-07 4.18046e-05 3.83353e-05 8.06765e-05  10 /ChipTop/system/tile_prci_domain/tile_reset_domain_tile/gemmini/ex_controller/mesh/mesh/mesh_12_14/tile_0_0/mac_unit                                          
   738     0.11% 2.07156e-06 3.17891e-03 9.93528e-05 3.28034e-03   8 /ChipTop/system/tile_prci_domain/tile_reset_domain_tile/gemmini/ex_controller/mesh/mesh/mesh_14_7                                                             
   738     0.11% 2.07156e-06 3.17891e-03 9.93528e-05 3.28034e-03   9 /ChipTop/system/tile_prci_domain/tile_reset_domain_tile/gemmini/ex_controller/mesh/mesh/mesh_14_7/tile_0_0                                                    
   163     0.02% 5.36993e-07 4.21397e-05 3.88291e-05 8.15058e-05  10 /ChipTop/system/tile_prci_domain/tile_reset_domain_tile/gemmini/ex_controller/mesh/mesh/mesh_14_7/tile_0_0/mac_unit                                           
   741     0.11% 2.04684e-06 3.17745e-03 9.67240e-05 3.27622e-03   8 /ChipTop/system/tile_prci_domain/tile_reset_domain_tile/gemmini/ex_controller/mesh/mesh/mesh_15_13                                                            
   741     0.11% 2.04684e-06 3.17745e-03 9.67240e-05 3.27622e-03   9 /ChipTop/system/tile_prci_domain/tile_reset_domain_tile/gemmini/ex_controller/mesh/mesh/mesh_15_13/tile_0_0                                                   
   166     0.03% 5.35857e-07 3.72710e-05 3.33892e-05 7.11960e-05  10 /ChipTop/system/tile_prci_domain/tile_reset_domain_tile/gemmini/ex_controller/mesh/mesh/mesh_15_13/tile_0_0/mac_unit                                          
   741     0.11% 2.07740e-06 3.17321e-03 1.00901e-04 3.27619e-03   8 /ChipTop/system/tile_prci_domain/tile_reset_domain_tile/gemmini/ex_controller/mesh/mesh/mesh_15_9                                                             
   741     0.11% 2.07740e-06 3.17321e-03 1.00901e-04 3.27619e-03   9 /ChipTop/system/tile_prci_domain/tile_reset_domain_tile/gemmini/ex_controller/mesh/mesh/mesh_15_9/tile_0_0                                                    
   166     0.03% 5.27564e-07 4.10227e-05 3.89676e-05 8.05178e-05  10 /ChipTop/system/tile_prci_domain/tile_reset_domain_tile/gemmini/ex_controller/mesh/mesh/mesh_15_9/tile_0_0/mac_unit                                           
   741     0.11% 2.04355e-06 3.17589e-03 9.77626e-05 3.27570e-03   8 /ChipTop/system/tile_prci_domain/tile_reset_domain_tile/gemmini/ex_controller/mesh/mesh/mesh_14_13                                                            
   741     0.11% 2.04355e-06 3.17589e-03 9.77626e-05 3.27570e-03   9 /ChipTop/system/tile_prci_domain/tile_reset_domain_tile/gemmini/ex_controller/mesh/mesh/mesh_14_13/tile_0_0                                                   
   166     0.03% 5.26676e-07 3.98167e-05 3.63775e-05 7.67209e-05  10 /ChipTop/system/tile_prci_domain/tile_reset_domain_tile/gemmini/ex_controller/mesh/mesh/mesh_14_13/tile_0_0/mac_unit                                          
   738     0.11% 2.06513e-06 3.17667e-03 9.68783e-05 3.27562e-03   8 /ChipTop/system/tile_prci_domain/tile_reset_domain_tile/gemmini/ex_controller/mesh/mesh/mesh_13_11                                                            
   738     0.11% 2.06513e-06 3.17667e-03 9.68783e-05 3.27562e-03   9 /ChipTop/system/tile_prci_domain/tile_reset_domain_tile/gemmini/ex_controller/mesh/mesh/mesh_13_11/tile_0_0                                                   
   163     0.02% 5.30428e-07 3.68320e-05 3.36435e-05 7.10059e-05  10 /ChipTop/system/tile_prci_domain/tile_reset_domain_tile/gemmini/ex_controller/mesh/mesh/mesh_13_11/tile_0_0/mac_unit                                          
   741     0.11% 2.09973e-06 3.17575e-03 9.61088e-05 3.27395e-03   8 /ChipTop/system/tile_prci_domain/tile_reset_domain_tile/gemmini/ex_controller/mesh/mesh/mesh_13_13                                                            
   741     0.11% 2.09973e-06 3.17575e-03 9.61088e-05 3.27395e-03   9 /ChipTop/system/tile_prci_domain/tile_reset_domain_tile/gemmini/ex_controller/mesh/mesh/mesh_13_13/tile_0_0                                                   
   166     0.03% 5.23363e-07 3.92352e-05 3.58020e-05 7.55605e-05  10 /ChipTop/system/tile_prci_domain/tile_reset_domain_tile/gemmini/ex_controller/mesh/mesh/mesh_13_13/tile_0_0/mac_unit                                          
   738     0.11% 2.10399e-06 3.17227e-03 9.90909e-05 3.27346e-03   8 /ChipTop/system/tile_prci_domain/tile_reset_domain_tile/gemmini/ex_controller/mesh/mesh/mesh_11_15                                                            
   738     0.11% 2.10399e-06 3.17227e-03 9.90909e-05 3.27346e-03   9 /ChipTop/system/tile_prci_domain/tile_reset_domain_tile/gemmini/ex_controller/mesh/mesh/mesh_11_15/tile_0_0                                                   
   163     0.02% 5.34817e-07 4.30496e-05 3.93895e-05 8.29739e-05  10 /ChipTop/system/tile_prci_domain/tile_reset_domain_tile/gemmini/ex_controller/mesh/mesh/mesh_11_15/tile_0_0/mac_unit                                          
   741     0.11% 2.08214e-06 3.17107e-03 1.00065e-04 3.27321e-03   8 /ChipTop/system/tile_prci_domain/tile_reset_domain_tile/gemmini/ex_controller/mesh/mesh/mesh_9_10                                                             
   741     0.11% 2.08214e-06 3.17107e-03 1.00065e-04 3.27321e-03   9 /ChipTop/system/tile_prci_domain/tile_reset_domain_tile/gemmini/ex_controller/mesh/mesh/mesh_9_10/tile_0_0                                                    
   166     0.03% 5.21815e-07 4.21500e-05 3.99295e-05 8.26013e-05  10 /ChipTop/system/tile_prci_domain/tile_reset_domain_tile/gemmini/ex_controller/mesh/mesh/mesh_9_10/tile_0_0/mac_unit                                           
   738     0.11% 2.11117e-06 3.17503e-03 9.59840e-05 3.27313e-03   8 /ChipTop/system/tile_prci_domain/tile_reset_domain_tile/gemmini/ex_controller/mesh/mesh/mesh_11_14                                                            
   738     0.11% 2.11117e-06 3.17503e-03 9.59840e-05 3.27313e-03   9 /ChipTop/system/tile_prci_domain/tile_reset_domain_tile/gemmini/ex_controller/mesh/mesh/mesh_11_14/tile_0_0                                                   
   163     0.02% 5.41037e-07 4.03404e-05 3.70700e-05 7.79514e-05  10 /ChipTop/system/tile_prci_domain/tile_reset_domain_tile/gemmini/ex_controller/mesh/mesh/mesh_11_14/tile_0_0/mac_unit                                          
   738     0.11% 2.05934e-06 3.17265e-03 9.68659e-05 3.27157e-03   8 /ChipTop/system/tile_prci_domain/tile_reset_domain_tile/gemmini/ex_controller/mesh/mesh/mesh_15_15                                                            
   738     0.11% 2.05934e-06 3.17265e-03 9.68659e-05 3.27157e-03   9 /ChipTop/system/tile_prci_domain/tile_reset_domain_tile/gemmini/ex_controller/mesh/mesh/mesh_15_15/tile_0_0                                                   
   163     0.02% 5.34942e-07 3.57553e-05 3.14045e-05 6.76948e-05  10 /ChipTop/system/tile_prci_domain/tile_reset_domain_tile/gemmini/ex_controller/mesh/mesh/mesh_15_15/tile_0_0/mac_unit                                          
   740     0.11% 2.09868e-06 3.17182e-03 9.76136e-05 3.27153e-03   8 /ChipTop/system/tile_prci_domain/tile_reset_domain_tile/gemmini/ex_controller/mesh/mesh/mesh_11_11                                                            
   740     0.11% 2.09868e-06 3.17182e-03 9.76136e-05 3.27153e-03   9 /ChipTop/system/tile_prci_domain/tile_reset_domain_tile/gemmini/ex_controller/mesh/mesh/mesh_11_11/tile_0_0                                                   
   163     0.02% 5.51982e-07 3.82886e-05 3.79939e-05 7.68344e-05  10 /ChipTop/system/tile_prci_domain/tile_reset_domain_tile/gemmini/ex_controller/mesh/mesh/mesh_11_11/tile_0_0/mac_unit                                          
   738     0.11% 2.08466e-06 3.17404e-03 9.51968e-05 3.27133e-03   8 /ChipTop/system/tile_prci_domain/tile_reset_domain_tile/gemmini/ex_controller/mesh/mesh/mesh_13_8                                                             
   738     0.11% 2.08466e-06 3.17404e-03 9.51968e-05 3.27133e-03   9 /ChipTop/system/tile_prci_domain/tile_reset_domain_tile/gemmini/ex_controller/mesh/mesh/mesh_13_8/tile_0_0                                                    
   163     0.02% 5.32629e-07 3.52071e-05 3.16550e-05 6.73948e-05  10 /ChipTop/system/tile_prci_domain/tile_reset_domain_tile/gemmini/ex_controller/mesh/mesh/mesh_13_8/tile_0_0/mac_unit                                           
   741     0.11% 2.07652e-06 3.17102e-03 9.71095e-05 3.27021e-03   8 /ChipTop/system/tile_prci_domain/tile_reset_domain_tile/gemmini/ex_controller/mesh/mesh/mesh_12_5                                                             
   741     0.11% 2.07652e-06 3.17102e-03 9.71095e-05 3.27021e-03   9 /ChipTop/system/tile_prci_domain/tile_reset_domain_tile/gemmini/ex_controller/mesh/mesh/mesh_12_5/tile_0_0                                                    
   166     0.03% 5.27947e-07 4.04609e-05 3.75788e-05 7.85676e-05  10 /ChipTop/system/tile_prci_domain/tile_reset_domain_tile/gemmini/ex_controller/mesh/mesh/mesh_12_5/tile_0_0/mac_unit                                           
   741     0.11% 2.07951e-06 3.17243e-03 9.53904e-05 3.26990e-03   8 /ChipTop/system/tile_prci_domain/tile_reset_domain_tile/gemmini/ex_controller/mesh/mesh/mesh_12_13                                                            
   741     0.11% 2.07951e-06 3.17243e-03 9.53904e-05 3.26990e-03   9 /ChipTop/system/tile_prci_domain/tile_reset_domain_tile/gemmini/ex_controller/mesh/mesh/mesh_12_13/tile_0_0                                                   
   166     0.03% 5.26471e-07 3.97107e-05 3.63654e-05 7.66025e-05  10 /ChipTop/system/tile_prci_domain/tile_reset_domain_tile/gemmini/ex_controller/mesh/mesh/mesh_12_13/tile_0_0/mac_unit                                          
   738     0.11% 2.09946e-06 3.17202e-03 9.53387e-05 3.26946e-03   8 /ChipTop/system/tile_prci_domain/tile_reset_domain_tile/gemmini/ex_controller/mesh/mesh/mesh_13_4                                                             
   738     0.11% 2.09946e-06 3.17202e-03 9.53387e-05 3.26946e-03   9 /ChipTop/system/tile_prci_domain/tile_reset_domain_tile/gemmini/ex_controller/mesh/mesh/mesh_13_4/tile_0_0                                                    
   163     0.02% 5.27637e-07 3.49409e-05 3.17563e-05 6.72249e-05  10 /ChipTop/system/tile_prci_domain/tile_reset_domain_tile/gemmini/ex_controller/mesh/mesh/mesh_13_4/tile_0_0/mac_unit                                           
   738     0.11% 2.09116e-06 3.17235e-03 9.46759e-05 3.26912e-03   8 /ChipTop/system/tile_prci_domain/tile_reset_domain_tile/gemmini/ex_controller/mesh/mesh/mesh_15_4                                                             
   738     0.11% 2.09116e-06 3.17235e-03 9.46759e-05 3.26912e-03   9 /ChipTop/system/tile_prci_domain/tile_reset_domain_tile/gemmini/ex_controller/mesh/mesh/mesh_15_4/tile_0_0                                                    
   163     0.02% 5.37178e-07 3.58315e-05 3.29137e-05 6.92824e-05  10 /ChipTop/system/tile_prci_domain/tile_reset_domain_tile/gemmini/ex_controller/mesh/mesh/mesh_15_4/tile_0_0/mac_unit                                           
   741     0.11% 2.05826e-06 3.17024e-03 9.55060e-05 3.26780e-03   8 /ChipTop/system/tile_prci_domain/tile_reset_domain_tile/gemmini/ex_controller/mesh/mesh/mesh_10_10                                                            
   741     0.11% 2.05826e-06 3.17024e-03 9.55060e-05 3.26780e-03   9 /ChipTop/system/tile_prci_domain/tile_reset_domain_tile/gemmini/ex_controller/mesh/mesh/mesh_10_10/tile_0_0                                                   
   166     0.03% 5.33777e-07 3.61057e-05 3.22265e-05 6.88660e-05  10 /ChipTop/system/tile_prci_domain/tile_reset_domain_tile/gemmini/ex_controller/mesh/mesh/mesh_10_10/tile_0_0/mac_unit                                          
   738     0.11% 2.09997e-06 3.17161e-03 9.30176e-05 3.26673e-03   8 /ChipTop/system/tile_prci_domain/tile_reset_domain_tile/gemmini/ex_controller/mesh/mesh/mesh_14_4                                                             
   738     0.11% 2.09997e-06 3.17161e-03 9.30176e-05 3.26673e-03   9 /ChipTop/system/tile_prci_domain/tile_reset_domain_tile/gemmini/ex_controller/mesh/mesh/mesh_14_4/tile_0_0                                                    
   163     0.02% 5.38386e-07 3.36765e-05 3.01855e-05 6.44004e-05  10 /ChipTop/system/tile_prci_domain/tile_reset_domain_tile/gemmini/ex_controller/mesh/mesh/mesh_14_4/tile_0_0/mac_unit                                           
   738     0.11% 2.06485e-06 3.17099e-03 9.36570e-05 3.26671e-03   8 /ChipTop/system/tile_prci_domain/tile_reset_domain_tile/gemmini/ex_controller/mesh/mesh/mesh_14_15                                                            
   738     0.11% 2.06485e-06 3.17099e-03 9.36570e-05 3.26671e-03   9 /ChipTop/system/tile_prci_domain/tile_reset_domain_tile/gemmini/ex_controller/mesh/mesh/mesh_14_15/tile_0_0                                                   
   163     0.02% 5.34927e-07 3.23623e-05 2.75984e-05 6.04956e-05  10 /ChipTop/system/tile_prci_domain/tile_reset_domain_tile/gemmini/ex_controller/mesh/mesh/mesh_14_15/tile_0_0/mac_unit                                          
   741     0.11% 2.06204e-06 3.17207e-03 9.25711e-05 3.26670e-03   8 /ChipTop/system/tile_prci_domain/tile_reset_domain_tile/gemmini/ex_controller/mesh/mesh/mesh_15_6                                                             
   741     0.11% 2.06204e-06 3.17207e-03 9.25711e-05 3.26670e-03   9 /ChipTop/system/tile_prci_domain/tile_reset_domain_tile/gemmini/ex_controller/mesh/mesh/mesh_15_6/tile_0_0                                                    
   166     0.03% 5.30106e-07 3.64819e-05 3.36352e-05 7.06472e-05  10 /ChipTop/system/tile_prci_domain/tile_reset_domain_tile/gemmini/ex_controller/mesh/mesh/mesh_15_6/tile_0_0/mac_unit                                           
   740     0.11% 2.10103e-06 3.16901e-03 9.55054e-05 3.26661e-03   8 /ChipTop/system/tile_prci_domain/tile_reset_domain_tile/gemmini/ex_controller/mesh/mesh/mesh_11_13                                                            
   740     0.11% 2.10103e-06 3.16901e-03 9.55054e-05 3.26661e-03   9 /ChipTop/system/tile_prci_domain/tile_reset_domain_tile/gemmini/ex_controller/mesh/mesh/mesh_11_13/tile_0_0                                                   
   163     0.02% 5.33369e-07 4.02466e-05 3.89524e-05 7.97324e-05  10 /ChipTop/system/tile_prci_domain/tile_reset_domain_tile/gemmini/ex_controller/mesh/mesh/mesh_11_13/tile_0_0/mac_unit                                          
   738     0.11% 2.08240e-06 3.17182e-03 9.26727e-05 3.26658e-03   8 /ChipTop/system/tile_prci_domain/tile_reset_domain_tile/gemmini/ex_controller/mesh/mesh/mesh_12_8                                                             
   738     0.11% 2.08240e-06 3.17182e-03 9.26727e-05 3.26658e-03   9 /ChipTop/system/tile_prci_domain/tile_reset_domain_tile/gemmini/ex_controller/mesh/mesh/mesh_12_8/tile_0_0                                                    
   163     0.02% 5.45131e-07 3.69143e-05 3.34485e-05 7.09079e-05  10 /ChipTop/system/tile_prci_domain/tile_reset_domain_tile/gemmini/ex_controller/mesh/mesh/mesh_12_8/tile_0_0/mac_unit                                           
   741     0.11% 2.08047e-06 3.16911e-03 9.51244e-05 3.26632e-03   8 /ChipTop/system/tile_prci_domain/tile_reset_domain_tile/gemmini/ex_controller/mesh/mesh/mesh_10_11                                                            
   741     0.11% 2.08047e-06 3.16911e-03 9.51244e-05 3.26632e-03   9 /ChipTop/system/tile_prci_domain/tile_reset_domain_tile/gemmini/ex_controller/mesh/mesh/mesh_10_11/tile_0_0                                                   
   166     0.03% 5.38802e-07 3.88418e-05 3.65004e-05 7.58810e-05  10 /ChipTop/system/tile_prci_domain/tile_reset_domain_tile/gemmini/ex_controller/mesh/mesh/mesh_10_11/tile_0_0/mac_unit                                          
   741     0.11% 2.05500e-06 3.16919e-03 9.47406e-05 3.26599e-03   8 /ChipTop/system/tile_prci_domain/tile_reset_domain_tile/gemmini/ex_controller/mesh/mesh/mesh_14_5                                                             
   741     0.11% 2.05500e-06 3.16919e-03 9.47406e-05 3.26599e-03   9 /ChipTop/system/tile_prci_domain/tile_reset_domain_tile/gemmini/ex_controller/mesh/mesh/mesh_14_5/tile_0_0                                                    
   166     0.03% 5.28077e-07 3.66958e-05 3.34577e-05 7.06815e-05  10 /ChipTop/system/tile_prci_domain/tile_reset_domain_tile/gemmini/ex_controller/mesh/mesh/mesh_14_5/tile_0_0/mac_unit                                           
   741     0.11% 2.11117e-06 3.17034e-03 9.29602e-05 3.26541e-03   8 /ChipTop/system/tile_prci_domain/tile_reset_domain_tile/gemmini/ex_controller/mesh/mesh/mesh_14_3                                                             
   741     0.11% 2.11117e-06 3.17034e-03 9.29602e-05 3.26541e-03   9 /ChipTop/system/tile_prci_domain/tile_reset_domain_tile/gemmini/ex_controller/mesh/mesh/mesh_14_3/tile_0_0                                                    
   166     0.03% 5.33529e-07 3.25038e-05 2.97047e-05 6.27421e-05  10 /ChipTop/system/tile_prci_domain/tile_reset_domain_tile/gemmini/ex_controller/mesh/mesh/mesh_14_3/tile_0_0/mac_unit                                           
   741     0.11% 2.07105e-06 3.16778e-03 9.44846e-05 3.26433e-03   8 /ChipTop/system/tile_prci_domain/tile_reset_domain_tile/gemmini/ex_controller/mesh/mesh/mesh_13_5                                                             
   741     0.11% 2.07105e-06 3.16778e-03 9.44846e-05 3.26433e-03   9 /ChipTop/system/tile_prci_domain/tile_reset_domain_tile/gemmini/ex_controller/mesh/mesh/mesh_13_5/tile_0_0                                                    
   166     0.03% 5.25502e-07 3.82456e-05 3.57611e-05 7.45322e-05  10 /ChipTop/system/tile_prci_domain/tile_reset_domain_tile/gemmini/ex_controller/mesh/mesh/mesh_13_5/tile_0_0/mac_unit                                           
   741     0.11% 2.06269e-06 3.16831e-03 9.35383e-05 3.26392e-03   8 /ChipTop/system/tile_prci_domain/tile_reset_domain_tile/gemmini/ex_controller/mesh/mesh/mesh_9_14                                                             
   741     0.11% 2.06269e-06 3.16831e-03 9.35383e-05 3.26392e-03   9 /ChipTop/system/tile_prci_domain/tile_reset_domain_tile/gemmini/ex_controller/mesh/mesh/mesh_9_14/tile_0_0                                                    
   166     0.03% 5.22421e-07 4.27833e-05 3.98171e-05 8.31227e-05  10 /ChipTop/system/tile_prci_domain/tile_reset_domain_tile/gemmini/ex_controller/mesh/mesh/mesh_9_14/tile_0_0/mac_unit                                           
   741     0.11% 2.08852e-06 3.17012e-03 9.07920e-05 3.26300e-03   8 /ChipTop/system/tile_prci_domain/tile_reset_domain_tile/gemmini/ex_controller/mesh/mesh/mesh_10_14                                                            
   741     0.11% 2.08852e-06 3.17012e-03 9.07920e-05 3.26300e-03   9 /ChipTop/system/tile_prci_domain/tile_reset_domain_tile/gemmini/ex_controller/mesh/mesh/mesh_10_14/tile_0_0                                                   
   166     0.03% 5.35931e-07 3.84429e-05 3.47996e-05 7.37784e-05  10 /ChipTop/system/tile_prci_domain/tile_reset_domain_tile/gemmini/ex_controller/mesh/mesh/mesh_10_14/tile_0_0/mac_unit                                          
   741     0.11% 2.04294e-06 3.17019e-03 9.01539e-05 3.26239e-03   8 /ChipTop/system/tile_prci_domain/tile_reset_domain_tile/gemmini/ex_controller/mesh/mesh/mesh_15_3                                                             
   741     0.11% 2.04294e-06 3.17019e-03 9.01539e-05 3.26239e-03   9 /ChipTop/system/tile_prci_domain/tile_reset_domain_tile/gemmini/ex_controller/mesh/mesh/mesh_15_3/tile_0_0                                                    
   166     0.03% 5.25429e-07 3.07825e-05 2.71385e-05 5.84464e-05  10 /ChipTop/system/tile_prci_domain/tile_reset_domain_tile/gemmini/ex_controller/mesh/mesh/mesh_15_3/tile_0_0/mac_unit                                           
   741     0.11% 2.06020e-06 3.16691e-03 9.31015e-05 3.26207e-03   8 /ChipTop/system/tile_prci_domain/tile_reset_domain_tile/gemmini/ex_controller/mesh/mesh/mesh_9_11                                                             
   741     0.11% 2.06020e-06 3.16691e-03 9.31015e-05 3.26207e-03   9 /ChipTop/system/tile_prci_domain/tile_reset_domain_tile/gemmini/ex_controller/mesh/mesh/mesh_9_11/tile_0_0                                                    
   166     0.03% 5.26602e-07 3.64867e-05 3.44872e-05 7.15005e-05  10 /ChipTop/system/tile_prci_domain/tile_reset_domain_tile/gemmini/ex_controller/mesh/mesh/mesh_9_11/tile_0_0/mac_unit                                           
   738     0.11% 2.13100e-06 3.16589e-03 9.16542e-05 3.25967e-03   8 /ChipTop/system/tile_prci_domain/tile_reset_domain_tile/gemmini/ex_controller/mesh/mesh/mesh_11_4                                                             
   738     0.11% 2.13100e-06 3.16589e-03 9.16542e-05 3.25967e-03   9 /ChipTop/system/tile_prci_domain/tile_reset_domain_tile/gemmini/ex_controller/mesh/mesh/mesh_11_4/tile_0_0                                                    
   163     0.02% 5.37936e-07 3.61747e-05 3.32706e-05 6.99833e-05  10 /ChipTop/system/tile_prci_domain/tile_reset_domain_tile/gemmini/ex_controller/mesh/mesh/mesh_11_4/tile_0_0/mac_unit                                           
   738     0.11% 2.08938e-06 3.16601e-03 9.11386e-05 3.25923e-03   8 /ChipTop/system/tile_prci_domain/tile_reset_domain_tile/gemmini/ex_controller/mesh/mesh/mesh_10_13                                                            
   738     0.11% 2.08938e-06 3.16601e-03 9.11386e-05 3.25923e-03   9 /ChipTop/system/tile_prci_domain/tile_reset_domain_tile/gemmini/ex_controller/mesh/mesh/mesh_10_13/tile_0_0                                                   
   163     0.02% 5.34935e-07 3.79610e-05 3.44561e-05 7.29520e-05  10 /ChipTop/system/tile_prci_domain/tile_reset_domain_tile/gemmini/ex_controller/mesh/mesh/mesh_10_13/tile_0_0/mac_unit                                          
   738     0.11% 2.06230e-06 3.16699e-03 9.00445e-05 3.25910e-03   8 /ChipTop/system/tile_prci_domain/tile_reset_domain_tile/gemmini/ex_controller/mesh/mesh/mesh_13_7                                                             
   738     0.11% 2.06230e-06 3.16699e-03 9.00445e-05 3.25910e-03   9 /ChipTop/system/tile_prci_domain/tile_reset_domain_tile/gemmini/ex_controller/mesh/mesh/mesh_13_7/tile_0_0                                                    
   163     0.02% 5.32002e-07 3.44909e-05 3.09248e-05 6.59477e-05  10 /ChipTop/system/tile_prci_domain/tile_reset_domain_tile/gemmini/ex_controller/mesh/mesh/mesh_13_7/tile_0_0/mac_unit                                           
   741     0.11% 2.12313e-06 3.16526e-03 9.15181e-05 3.25890e-03   8 /ChipTop/system/tile_prci_domain/tile_reset_domain_tile/gemmini/ex_controller/mesh/mesh/mesh_12_3                                                             
   741     0.11% 2.12313e-06 3.16526e-03 9.15181e-05 3.25890e-03   9 /ChipTop/system/tile_prci_domain/tile_reset_domain_tile/gemmini/ex_controller/mesh/mesh/mesh_12_3/tile_0_0                                                    
   166     0.03% 5.36634e-07 3.42238e-05 3.06124e-05 6.53729e-05  10 /ChipTop/system/tile_prci_domain/tile_reset_domain_tile/gemmini/ex_controller/mesh/mesh/mesh_12_3/tile_0_0/mac_unit                                           
   741     0.11% 2.06486e-06 3.16382e-03 9.27075e-05 3.25859e-03   8 /ChipTop/system/tile_prci_domain/tile_reset_domain_tile/gemmini/ex_controller/mesh/mesh/mesh_14_9                                                             
   741     0.11% 2.06486e-06 3.16382e-03 9.27075e-05 3.25859e-03   9 /ChipTop/system/tile_prci_domain/tile_reset_domain_tile/gemmini/ex_controller/mesh/mesh/mesh_14_9/tile_0_0                                                    
   166     0.03% 5.34428e-07 3.75545e-05 3.49789e-05 7.30678e-05  10 /ChipTop/system/tile_prci_domain/tile_reset_domain_tile/gemmini/ex_controller/mesh/mesh/mesh_14_9/tile_0_0/mac_unit                                           
   741     0.11% 2.07348e-06 3.16638e-03 8.93617e-05 3.25782e-03   8 /ChipTop/system/tile_prci_domain/tile_reset_domain_tile/gemmini/ex_controller/mesh/mesh/mesh_14_6                                                             
   741     0.11% 2.07348e-06 3.16638e-03 8.93617e-05 3.25782e-03   9 /ChipTop/system/tile_prci_domain/tile_reset_domain_tile/gemmini/ex_controller/mesh/mesh/mesh_14_6/tile_0_0                                                    
   166     0.03% 5.34827e-07 3.51943e-05 3.22100e-05 6.79391e-05  10 /ChipTop/system/tile_prci_domain/tile_reset_domain_tile/gemmini/ex_controller/mesh/mesh/mesh_14_6/tile_0_0/mac_unit                                           
   741     0.11% 2.05274e-06 3.16314e-03 9.20656e-05 3.25725e-03   8 /ChipTop/system/tile_prci_domain/tile_reset_domain_tile/gemmini/ex_controller/mesh/mesh/mesh_10_9                                                             
   741     0.11% 2.05274e-06 3.16314e-03 9.20656e-05 3.25725e-03   9 /ChipTop/system/tile_prci_domain/tile_reset_domain_tile/gemmini/ex_controller/mesh/mesh/mesh_10_9/tile_0_0                                                    
   166     0.03% 5.31144e-07 4.01402e-05 3.76512e-05 7.83226e-05  10 /ChipTop/system/tile_prci_domain/tile_reset_domain_tile/gemmini/ex_controller/mesh/mesh/mesh_10_9/tile_0_0/mac_unit                                           
   741     0.11% 2.05173e-06 3.16358e-03 8.97777e-05 3.25541e-03   8 /ChipTop/system/tile_prci_domain/tile_reset_domain_tile/gemmini/ex_controller/mesh/mesh/mesh_8_11                                                             
   741     0.11% 2.05173e-06 3.16358e-03 8.97777e-05 3.25541e-03   9 /ChipTop/system/tile_prci_domain/tile_reset_domain_tile/gemmini/ex_controller/mesh/mesh/mesh_8_11/tile_0_0                                                    
   166     0.03% 5.22342e-07 3.58077e-05 3.39383e-05 7.02683e-05  10 /ChipTop/system/tile_prci_domain/tile_reset_domain_tile/gemmini/ex_controller/mesh/mesh/mesh_8_11/tile_0_0/mac_unit                                           
   738     0.11% 2.04105e-06 3.16452e-03 8.87241e-05 3.25529e-03   8 /ChipTop/system/tile_prci_domain/tile_reset_domain_tile/gemmini/ex_controller/mesh/mesh/mesh_13_15                                                            
   738     0.11% 2.04105e-06 3.16452e-03 8.87241e-05 3.25529e-03   9 /ChipTop/system/tile_prci_domain/tile_reset_domain_tile/gemmini/ex_controller/mesh/mesh/mesh_13_15/tile_0_0                                                   
   163     0.02% 5.25147e-07 3.21381e-05 2.76228e-05 6.02860e-05  10 /ChipTop/system/tile_prci_domain/tile_reset_domain_tile/gemmini/ex_controller/mesh/mesh/mesh_13_15/tile_0_0/mac_unit                                          
   738     0.11% 2.06698e-06 3.16412e-03 8.87550e-05 3.25494e-03   8 /ChipTop/system/tile_prci_domain/tile_reset_domain_tile/gemmini/ex_controller/mesh/mesh/mesh_15_2                                                             
   738     0.11% 2.06698e-06 3.16412e-03 8.87550e-05 3.25494e-03   9 /ChipTop/system/tile_prci_domain/tile_reset_domain_tile/gemmini/ex_controller/mesh/mesh/mesh_15_2/tile_0_0                                                    
   163     0.02% 5.33938e-07 3.19594e-05 2.90414e-05 6.15347e-05  10 /ChipTop/system/tile_prci_domain/tile_reset_domain_tile/gemmini/ex_controller/mesh/mesh/mesh_15_2/tile_0_0/mac_unit                                           
   741     0.11% 2.04747e-06 3.16399e-03 8.88385e-05 3.25488e-03   8 /ChipTop/system/tile_prci_domain/tile_reset_domain_tile/gemmini/ex_controller/mesh/mesh/mesh_12_7                                                             
   741     0.11% 2.04747e-06 3.16399e-03 8.88385e-05 3.25488e-03   9 /ChipTop/system/tile_prci_domain/tile_reset_domain_tile/gemmini/ex_controller/mesh/mesh/mesh_12_7/tile_0_0                                                    
   166     0.03% 5.30732e-07 3.66231e-05 3.31335e-05 7.02874e-05  10 /ChipTop/system/tile_prci_domain/tile_reset_domain_tile/gemmini/ex_controller/mesh/mesh/mesh_12_7/tile_0_0/mac_unit                                           
   738     0.11% 2.11328e-06 3.16350e-03 8.87847e-05 3.25440e-03   8 /ChipTop/system/tile_prci_domain/tile_reset_domain_tile/gemmini/ex_controller/mesh/mesh/mesh_12_4                                                             
   738     0.11% 2.11328e-06 3.16350e-03 8.87847e-05 3.25440e-03   9 /ChipTop/system/tile_prci_domain/tile_reset_domain_tile/gemmini/ex_controller/mesh/mesh/mesh_12_4/tile_0_0                                                    
   163     0.02% 5.46492e-07 3.06356e-05 2.75833e-05 5.87653e-05  10 /ChipTop/system/tile_prci_domain/tile_reset_domain_tile/gemmini/ex_controller/mesh/mesh/mesh_12_4/tile_0_0/mac_unit                                           
   741     0.11% 2.07288e-06 3.16160e-03 9.05970e-05 3.25427e-03   8 /ChipTop/system/tile_prci_domain/tile_reset_domain_tile/gemmini/ex_controller/mesh/mesh/mesh_11_9                                                             
   741     0.11% 2.07288e-06 3.16160e-03 9.05970e-05 3.25427e-03   9 /ChipTop/system/tile_prci_domain/tile_reset_domain_tile/gemmini/ex_controller/mesh/mesh/mesh_11_9/tile_0_0                                                    
   166     0.03% 5.31643e-07 3.66901e-05 3.31486e-05 7.03703e-05  10 /ChipTop/system/tile_prci_domain/tile_reset_domain_tile/gemmini/ex_controller/mesh/mesh/mesh_11_9/tile_0_0/mac_unit                                           
   738     0.11% 2.11142e-06 3.16011e-03 9.16364e-05 3.25386e-03   8 /ChipTop/system/tile_prci_domain/tile_reset_domain_tile/gemmini/ex_controller/mesh/mesh/mesh_7_10                                                             
   738     0.11% 2.11142e-06 3.16011e-03 9.16364e-05 3.25386e-03   9 /ChipTop/system/tile_prci_domain/tile_reset_domain_tile/gemmini/ex_controller/mesh/mesh/mesh_7_10/tile_0_0                                                    
   163     0.02% 5.36156e-07 3.98393e-05 3.69707e-05 7.73462e-05  10 /ChipTop/system/tile_prci_domain/tile_reset_domain_tile/gemmini/ex_controller/mesh/mesh/mesh_7_10/tile_0_0/mac_unit                                           
   740     0.11% 2.09756e-06 3.16286e-03 8.88973e-05 3.25385e-03   8 /ChipTop/system/tile_prci_domain/tile_reset_domain_tile/gemmini/ex_controller/mesh/mesh/mesh_13_6                                                             
   740     0.11% 2.09756e-06 3.16286e-03 8.88973e-05 3.25385e-03   9 /ChipTop/system/tile_prci_domain/tile_reset_domain_tile/gemmini/ex_controller/mesh/mesh/mesh_13_6/tile_0_0                                                    
   163     0.02% 5.23909e-07 3.55304e-05 3.45215e-05 7.05757e-05  10 /ChipTop/system/tile_prci_domain/tile_reset_domain_tile/gemmini/ex_controller/mesh/mesh/mesh_13_6/tile_0_0/mac_unit                                           
   741     0.11% 2.04970e-06 3.16191e-03 8.96835e-05 3.25365e-03   8 /ChipTop/system/tile_prci_domain/tile_reset_domain_tile/gemmini/ex_controller/mesh/mesh/mesh_13_9                                                             
   741     0.11% 2.04970e-06 3.16191e-03 8.96835e-05 3.25365e-03   9 /ChipTop/system/tile_prci_domain/tile_reset_domain_tile/gemmini/ex_controller/mesh/mesh/mesh_13_9/tile_0_0                                                    
   166     0.03% 5.17962e-07 3.46283e-05 3.18782e-05 6.70245e-05  10 /ChipTop/system/tile_prci_domain/tile_reset_domain_tile/gemmini/ex_controller/mesh/mesh/mesh_13_9/tile_0_0/mac_unit                                           
   741     0.11% 2.06252e-06 3.16081e-03 9.02274e-05 3.25310e-03   8 /ChipTop/system/tile_prci_domain/tile_reset_domain_tile/gemmini/ex_controller/mesh/mesh/mesh_12_9                                                             
   741     0.11% 2.06252e-06 3.16081e-03 9.02274e-05 3.25310e-03   9 /ChipTop/system/tile_prci_domain/tile_reset_domain_tile/gemmini/ex_controller/mesh/mesh/mesh_12_9/tile_0_0                                                    
   166     0.03% 5.36820e-07 3.58329e-05 3.29433e-05 6.93131e-05  10 /ChipTop/system/tile_prci_domain/tile_reset_domain_tile/gemmini/ex_controller/mesh/mesh/mesh_12_9/tile_0_0/mac_unit                                           
   738     0.11% 2.05972e-06 3.16244e-03 8.84225e-05 3.25292e-03   8 /ChipTop/system/tile_prci_domain/tile_reset_domain_tile/gemmini/ex_controller/mesh/mesh/mesh_15_1                                                             
   738     0.11% 2.05972e-06 3.16244e-03 8.84225e-05 3.25292e-03   9 /ChipTop/system/tile_prci_domain/tile_reset_domain_tile/gemmini/ex_controller/mesh/mesh/mesh_15_1/tile_0_0                                                    
   163     0.02% 5.38679e-07 3.51044e-05 3.21232e-05 6.77663e-05  10 /ChipTop/system/tile_prci_domain/tile_reset_domain_tile/gemmini/ex_controller/mesh/mesh/mesh_15_1/tile_0_0/mac_unit                                           
   741     0.11% 2.10015e-06 3.16200e-03 8.80891e-05 3.25219e-03   8 /ChipTop/system/tile_prci_domain/tile_reset_domain_tile/gemmini/ex_controller/mesh/mesh/mesh_13_3                                                             
   741     0.11% 2.10015e-06 3.16200e-03 8.80891e-05 3.25219e-03   9 /ChipTop/system/tile_prci_domain/tile_reset_domain_tile/gemmini/ex_controller/mesh/mesh/mesh_13_3/tile_0_0                                                    
   166     0.03% 5.19314e-07 3.08035e-05 2.75579e-05 5.88808e-05  10 /ChipTop/system/tile_prci_domain/tile_reset_domain_tile/gemmini/ex_controller/mesh/mesh/mesh_13_3/tile_0_0/mac_unit                                           
   738     0.11% 2.08332e-06 3.16194e-03 8.76179e-05 3.25164e-03   8 /ChipTop/system/tile_prci_domain/tile_reset_domain_tile/gemmini/ex_controller/mesh/mesh/mesh_13_2                                                             
   738     0.11% 2.08332e-06 3.16194e-03 8.76179e-05 3.25164e-03   9 /ChipTop/system/tile_prci_domain/tile_reset_domain_tile/gemmini/ex_controller/mesh/mesh/mesh_13_2/tile_0_0                                                    
   163     0.02% 5.36181e-07 3.22267e-05 2.99555e-05 6.27184e-05  10 /ChipTop/system/tile_prci_domain/tile_reset_domain_tile/gemmini/ex_controller/mesh/mesh/mesh_13_2/tile_0_0/mac_unit                                           
   741     0.11% 2.07003e-06 3.16112e-03 8.83164e-05 3.25151e-03   8 /ChipTop/system/tile_prci_domain/tile_reset_domain_tile/gemmini/ex_controller/mesh/mesh/mesh_11_7                                                             
   741     0.11% 2.07003e-06 3.16112e-03 8.83164e-05 3.25151e-03   9 /ChipTop/system/tile_prci_domain/tile_reset_domain_tile/gemmini/ex_controller/mesh/mesh/mesh_11_7/tile_0_0                                                    
   166     0.03% 5.31684e-07 3.80941e-05 3.53693e-05 7.39951e-05  10 /ChipTop/system/tile_prci_domain/tile_reset_domain_tile/gemmini/ex_controller/mesh/mesh/mesh_11_7/tile_0_0/mac_unit                                           
   741     0.11% 2.10192e-06 3.16109e-03 8.82629e-05 3.25146e-03   8 /ChipTop/system/tile_prci_domain/tile_reset_domain_tile/gemmini/ex_controller/mesh/mesh/mesh_11_3                                                             
   741     0.11% 2.10192e-06 3.16109e-03 8.82629e-05 3.25146e-03   9 /ChipTop/system/tile_prci_domain/tile_reset_domain_tile/gemmini/ex_controller/mesh/mesh/mesh_11_3/tile_0_0                                                    
   166     0.03% 5.34342e-07 3.35483e-05 3.05178e-05 6.46004e-05  10 /ChipTop/system/tile_prci_domain/tile_reset_domain_tile/gemmini/ex_controller/mesh/mesh/mesh_11_3/tile_0_0/mac_unit                                           
   738     0.11% 2.08269e-06 3.16067e-03 8.71932e-05 3.24994e-03   8 /ChipTop/system/tile_prci_domain/tile_reset_domain_tile/gemmini/ex_controller/mesh/mesh/mesh_9_13                                                             
   738     0.11% 2.08269e-06 3.16067e-03 8.71932e-05 3.24994e-03   9 /ChipTop/system/tile_prci_domain/tile_reset_domain_tile/gemmini/ex_controller/mesh/mesh/mesh_9_13/tile_0_0                                                    
   163     0.02% 5.34751e-07 3.63461e-05 3.32076e-05 7.00885e-05  10 /ChipTop/system/tile_prci_domain/tile_reset_domain_tile/gemmini/ex_controller/mesh/mesh/mesh_9_13/tile_0_0/mac_unit                                           
   738     0.11% 2.08459e-06 3.16324e-03 8.43445e-05 3.24967e-03   8 /ChipTop/system/tile_prci_domain/tile_reset_domain_tile/gemmini/ex_controller/mesh/mesh/mesh_11_8                                                             
   738     0.11% 2.08459e-06 3.16324e-03 8.43445e-05 3.24967e-03   9 /ChipTop/system/tile_prci_domain/tile_reset_domain_tile/gemmini/ex_controller/mesh/mesh/mesh_11_8/tile_0_0                                                    
   163     0.02% 5.45434e-07 3.30509e-05 2.94491e-05 6.30454e-05  10 /ChipTop/system/tile_prci_domain/tile_reset_domain_tile/gemmini/ex_controller/mesh/mesh/mesh_11_8/tile_0_0/mac_unit                                           
   738     0.11% 2.08270e-06 3.16083e-03 8.63749e-05 3.24929e-03   8 /ChipTop/system/tile_prci_domain/tile_reset_domain_tile/gemmini/ex_controller/mesh/mesh/mesh_14_2                                                             
   738     0.11% 2.08270e-06 3.16083e-03 8.63749e-05 3.24929e-03   9 /ChipTop/system/tile_prci_domain/tile_reset_domain_tile/gemmini/ex_controller/mesh/mesh/mesh_14_2/tile_0_0                                                    
   163     0.02% 5.39855e-07 3.23506e-05 2.96071e-05 6.24976e-05  10 /ChipTop/system/tile_prci_domain/tile_reset_domain_tile/gemmini/ex_controller/mesh/mesh/mesh_14_2/tile_0_0/mac_unit                                           
   740     0.11% 2.06852e-06 3.15731e-03 8.90610e-05 3.24844e-03   8 /ChipTop/system/tile_prci_domain/tile_reset_domain_tile/gemmini/ex_controller/mesh/mesh/mesh_8_10                                                             
   740     0.11% 2.06852e-06 3.15731e-03 8.90610e-05 3.24844e-03   9 /ChipTop/system/tile_prci_domain/tile_reset_domain_tile/gemmini/ex_controller/mesh/mesh/mesh_8_10/tile_0_0                                                    
   163     0.02% 5.20911e-07 3.39841e-05 3.27839e-05 6.72890e-05  10 /ChipTop/system/tile_prci_domain/tile_reset_domain_tile/gemmini/ex_controller/mesh/mesh/mesh_8_10/tile_0_0/mac_unit                                           
   741     0.11% 2.08032e-06 3.15762e-03 8.77643e-05 3.24746e-03   8 /ChipTop/system/tile_prci_domain/tile_reset_domain_tile/gemmini/ex_controller/mesh/mesh/mesh_7_11                                                             
   741     0.11% 2.08032e-06 3.15762e-03 8.77643e-05 3.24746e-03   9 /ChipTop/system/tile_prci_domain/tile_reset_domain_tile/gemmini/ex_controller/mesh/mesh/mesh_7_11/tile_0_0                                                    
   166     0.03% 5.32743e-07 3.66215e-05 3.46641e-05 7.18184e-05  10 /ChipTop/system/tile_prci_domain/tile_reset_domain_tile/gemmini/ex_controller/mesh/mesh/mesh_7_11/tile_0_0/mac_unit                                           
   738     0.11% 2.07311e-06 3.15981e-03 8.55092e-05 3.24739e-03   8 /ChipTop/system/tile_prci_domain/tile_reset_domain_tile/gemmini/ex_controller/mesh/mesh/mesh_12_15                                                            
   738     0.11% 2.07311e-06 3.15981e-03 8.55092e-05 3.24739e-03   9 /ChipTop/system/tile_prci_domain/tile_reset_domain_tile/gemmini/ex_controller/mesh/mesh/mesh_12_15/tile_0_0                                                   
   163     0.02% 5.41679e-07 3.27290e-05 2.82109e-05 6.14816e-05  10 /ChipTop/system/tile_prci_domain/tile_reset_domain_tile/gemmini/ex_controller/mesh/mesh/mesh_12_15/tile_0_0/mac_unit                                          
   738     0.11% 2.05406e-06 3.15850e-03 8.64129e-05 3.24696e-03   8 /ChipTop/system/tile_prci_domain/tile_reset_domain_tile/gemmini/ex_controller/mesh/mesh/mesh_8_13                                                             
   738     0.11% 2.05406e-06 3.15850e-03 8.64129e-05 3.24696e-03   9 /ChipTop/system/tile_prci_domain/tile_reset_domain_tile/gemmini/ex_controller/mesh/mesh/mesh_8_13/tile_0_0                                                    
   163     0.02% 5.37293e-07 3.62104e-05 3.31836e-05 6.99313e-05  10 /ChipTop/system/tile_prci_domain/tile_reset_domain_tile/gemmini/ex_controller/mesh/mesh/mesh_8_13/tile_0_0/mac_unit                                           
   740     0.11% 2.16199e-06 3.15789e-03 8.57866e-05 3.24584e-03   8 /ChipTop/system/tile_prci_domain/tile_reset_domain_tile/gemmini/ex_controller/mesh/mesh/mesh_10_4                                                             
   740     0.11% 2.16199e-06 3.15789e-03 8.57866e-05 3.24584e-03   9 /ChipTop/system/tile_prci_domain/tile_reset_domain_tile/gemmini/ex_controller/mesh/mesh/mesh_10_4/tile_0_0                                                    
   163     0.02% 5.47516e-07 3.05355e-05 2.98691e-05 6.09522e-05  10 /ChipTop/system/tile_prci_domain/tile_reset_domain_tile/gemmini/ex_controller/mesh/mesh/mesh_10_4/tile_0_0/mac_unit                                           
   741     0.11% 2.08020e-06 3.15953e-03 8.41075e-05 3.24572e-03   8 /ChipTop/system/tile_prci_domain/tile_reset_domain_tile/gemmini/ex_controller/mesh/mesh/mesh_12_6                                                             
   741     0.11% 2.08020e-06 3.15953e-03 8.41075e-05 3.24572e-03   9 /ChipTop/system/tile_prci_domain/tile_reset_domain_tile/gemmini/ex_controller/mesh/mesh/mesh_12_6/tile_0_0                                                    
   166     0.03% 5.32089e-07 3.38410e-05 3.04701e-05 6.48432e-05  10 /ChipTop/system/tile_prci_domain/tile_reset_domain_tile/gemmini/ex_controller/mesh/mesh/mesh_12_6/tile_0_0/mac_unit                                           
   738     0.11% 2.13545e-06 3.15805e-03 8.49884e-05 3.24518e-03   8 /ChipTop/system/tile_prci_domain/tile_reset_domain_tile/gemmini/ex_controller/mesh/mesh/mesh_9_4                                                              
   738     0.11% 2.13545e-06 3.15805e-03 8.49884e-05 3.24518e-03   9 /ChipTop/system/tile_prci_domain/tile_reset_domain_tile/gemmini/ex_controller/mesh/mesh/mesh_9_4/tile_0_0                                                     
   163     0.02% 5.38949e-07 3.15314e-05 2.85973e-05 6.06676e-05  10 /ChipTop/system/tile_prci_domain/tile_reset_domain_tile/gemmini/ex_controller/mesh/mesh/mesh_9_4/tile_0_0/mac_unit                                            
   741     0.11% 2.07982e-06 3.15521e-03 8.78254e-05 3.24512e-03   8 /ChipTop/system/tile_prci_domain/tile_reset_domain_tile/gemmini/ex_controller/mesh/mesh/mesh_10_5                                                             
   741     0.11% 2.07982e-06 3.15521e-03 8.78254e-05 3.24512e-03   9 /ChipTop/system/tile_prci_domain/tile_reset_domain_tile/gemmini/ex_controller/mesh/mesh/mesh_10_5/tile_0_0                                                    
   166     0.03% 5.29332e-07 3.41861e-05 3.23995e-05 6.71149e-05  10 /ChipTop/system/tile_prci_domain/tile_reset_domain_tile/gemmini/ex_controller/mesh/mesh/mesh_10_5/tile_0_0/mac_unit                                           
   738     0.11% 2.06912e-06 3.16019e-03 8.27504e-05 3.24501e-03   8 /ChipTop/system/tile_prci_domain/tile_reset_domain_tile/gemmini/ex_controller/mesh/mesh/mesh_10_8                                                             
   738     0.11% 2.06912e-06 3.16019e-03 8.27504e-05 3.24501e-03   9 /ChipTop/system/tile_prci_domain/tile_reset_domain_tile/gemmini/ex_controller/mesh/mesh/mesh_10_8/tile_0_0                                                    
   163     0.02% 5.34209e-07 3.16866e-05 2.80088e-05 6.02296e-05  10 /ChipTop/system/tile_prci_domain/tile_reset_domain_tile/gemmini/ex_controller/mesh/mesh/mesh_10_8/tile_0_0/mac_unit                                           
   741     0.11% 2.05359e-06 3.15710e-03 8.54227e-05 3.24458e-03   8 /ChipTop/system/tile_prci_domain/tile_reset_domain_tile/gemmini/ex_controller/mesh/mesh/mesh_9_7                                                              
   741     0.11% 2.05359e-06 3.15710e-03 8.54227e-05 3.24458e-03   9 /ChipTop/system/tile_prci_domain/tile_reset_domain_tile/gemmini/ex_controller/mesh/mesh/mesh_9_7/tile_0_0                                                     
   166     0.03% 5.22735e-07 3.68330e-05 3.41402e-05 7.14960e-05  10 /ChipTop/system/tile_prci_domain/tile_reset_domain_tile/gemmini/ex_controller/mesh/mesh/mesh_9_7/tile_0_0/mac_unit                                            
   738     0.11% 2.06168e-06 3.15788e-03 8.41434e-05 3.24409e-03   8 /ChipTop/system/tile_prci_domain/tile_reset_domain_tile/gemmini/ex_controller/mesh/mesh/mesh_10_15                                                            
   738     0.11% 2.06168e-06 3.15788e-03 8.41434e-05 3.24409e-03   9 /ChipTop/system/tile_prci_domain/tile_reset_domain_tile/gemmini/ex_controller/mesh/mesh/mesh_10_15/tile_0_0                                                   
   163     0.02% 5.40331e-07 3.05605e-05 2.65774e-05 5.76783e-05  10 /ChipTop/system/tile_prci_domain/tile_reset_domain_tile/gemmini/ex_controller/mesh/mesh/mesh_10_15/tile_0_0/mac_unit                                          
   741     0.11% 2.07330e-06 3.15541e-03 8.61045e-05 3.24359e-03   8 /ChipTop/system/tile_prci_domain/tile_reset_domain_tile/gemmini/ex_controller/mesh/mesh/mesh_6_11                                                             
   741     0.11% 2.07330e-06 3.15541e-03 8.61045e-05 3.24359e-03   9 /ChipTop/system/tile_prci_domain/tile_reset_domain_tile/gemmini/ex_controller/mesh/mesh/mesh_6_11/tile_0_0                                                    
   166     0.03% 5.29471e-07 3.60647e-05 3.44416e-05 7.10359e-05  10 /ChipTop/system/tile_prci_domain/tile_reset_domain_tile/gemmini/ex_controller/mesh/mesh/mesh_6_11/tile_0_0/mac_unit                                           
   738     0.11% 2.13409e-06 3.15782e-03 8.31406e-05 3.24309e-03   8 /ChipTop/system/tile_prci_domain/tile_reset_domain_tile/gemmini/ex_controller/mesh/mesh/mesh_13_0                                                             
   738     0.11% 2.13409e-06 3.15782e-03 8.31406e-05 3.24309e-03   9 /ChipTop/system/tile_prci_domain/tile_reset_domain_tile/gemmini/ex_controller/mesh/mesh/mesh_13_0/tile_0_0                                                    
   163     0.02% 5.31697e-07 3.00785e-05 2.78022e-05 5.84124e-05  10 /ChipTop/system/tile_prci_domain/tile_reset_domain_tile/gemmini/ex_controller/mesh/mesh/mesh_13_0/tile_0_0/mac_unit                                           
   738     0.11% 2.09315e-06 3.15725e-03 8.35092e-05 3.24285e-03   8 /ChipTop/system/tile_prci_domain/tile_reset_domain_tile/gemmini/ex_controller/mesh/mesh/mesh_14_1                                                             
   738     0.11% 2.09315e-06 3.15725e-03 8.35092e-05 3.24285e-03   9 /ChipTop/system/tile_prci_domain/tile_reset_domain_tile/gemmini/ex_controller/mesh/mesh/mesh_14_1/tile_0_0                                                    
   163     0.02% 5.37898e-07 3.14885e-05 2.90172e-05 6.10436e-05  10 /ChipTop/system/tile_prci_domain/tile_reset_domain_tile/gemmini/ex_controller/mesh/mesh/mesh_14_1/tile_0_0/mac_unit                                           
   738     0.11% 2.08174e-06 3.15761e-03 8.31130e-05 3.24280e-03   8 /ChipTop/system/tile_prci_domain/tile_reset_domain_tile/gemmini/ex_controller/mesh/mesh/mesh_9_8                                                              
   738     0.11% 2.08174e-06 3.15761e-03 8.31130e-05 3.24280e-03   9 /ChipTop/system/tile_prci_domain/tile_reset_domain_tile/gemmini/ex_controller/mesh/mesh/mesh_9_8/tile_0_0                                                     
   163     0.02% 5.37186e-07 3.39163e-05 3.10969e-05 6.55504e-05  10 /ChipTop/system/tile_prci_domain/tile_reset_domain_tile/gemmini/ex_controller/mesh/mesh/mesh_9_8/tile_0_0/mac_unit                                            
   741     0.11% 2.05466e-06 3.15664e-03 8.35256e-05 3.24222e-03   8 /ChipTop/system/tile_prci_domain/tile_reset_domain_tile/gemmini/ex_controller/mesh/mesh/mesh_8_14                                                             
   741     0.11% 2.05466e-06 3.15664e-03 8.35256e-05 3.24222e-03   9 /ChipTop/system/tile_prci_domain/tile_reset_domain_tile/gemmini/ex_controller/mesh/mesh/mesh_8_14/tile_0_0                                                    
   166     0.03% 5.25763e-07 3.61689e-05 3.28431e-05 6.95378e-05  10 /ChipTop/system/tile_prci_domain/tile_reset_domain_tile/gemmini/ex_controller/mesh/mesh/mesh_8_14/tile_0_0/mac_unit                                           
   741     0.11% 2.06500e-06 3.15473e-03 8.39631e-05 3.24076e-03   8 /ChipTop/system/tile_prci_domain/tile_reset_domain_tile/gemmini/ex_controller/mesh/mesh/mesh_11_5                                                             
   741     0.11% 2.06500e-06 3.15473e-03 8.39631e-05 3.24076e-03   9 /ChipTop/system/tile_prci_domain/tile_reset_domain_tile/gemmini/ex_controller/mesh/mesh/mesh_11_5/tile_0_0                                                    
   166     0.03% 5.32552e-07 3.41864e-05 3.14755e-05 6.61945e-05  10 /ChipTop/system/tile_prci_domain/tile_reset_domain_tile/gemmini/ex_controller/mesh/mesh/mesh_11_5/tile_0_0/mac_unit                                           
   741     0.11% 2.05223e-06 3.15501e-03 8.34292e-05 3.24049e-03   8 /ChipTop/system/tile_prci_domain/tile_reset_domain_tile/gemmini/ex_controller/mesh/mesh/mesh_10_7                                                             
   741     0.11% 2.05223e-06 3.15501e-03 8.34292e-05 3.24049e-03   9 /ChipTop/system/tile_prci_domain/tile_reset_domain_tile/gemmini/ex_controller/mesh/mesh/mesh_10_7/tile_0_0                                                    
   166     0.03% 5.32829e-07 3.38527e-05 3.10875e-05 6.54730e-05  10 /ChipTop/system/tile_prci_domain/tile_reset_domain_tile/gemmini/ex_controller/mesh/mesh/mesh_10_7/tile_0_0/mac_unit                                           
   741     0.11% 2.08664e-06 3.15544e-03 8.21559e-05 3.23968e-03   8 /ChipTop/system/tile_prci_domain/tile_reset_domain_tile/gemmini/ex_controller/mesh/mesh/mesh_15_0                                                             
   741     0.11% 2.08664e-06 3.15544e-03 8.21559e-05 3.23968e-03   9 /ChipTop/system/tile_prci_domain/tile_reset_domain_tile/gemmini/ex_controller/mesh/mesh/mesh_15_0/tile_0_0                                                    
   166     0.03% 5.29440e-07 3.26345e-05 3.07496e-05 6.39135e-05  10 /ChipTop/system/tile_prci_domain/tile_reset_domain_tile/gemmini/ex_controller/mesh/mesh/mesh_15_0/tile_0_0/mac_unit                                           
   738     0.11% 2.08059e-06 3.15467e-03 8.26700e-05 3.23942e-03   8 /ChipTop/system/tile_prci_domain/tile_reset_domain_tile/gemmini/ex_controller/mesh/mesh/mesh_12_2                                                             
   738     0.11% 2.08059e-06 3.15467e-03 8.26700e-05 3.23942e-03   9 /ChipTop/system/tile_prci_domain/tile_reset_domain_tile/gemmini/ex_controller/mesh/mesh/mesh_12_2/tile_0_0                                                    
   163     0.02% 5.38276e-07 3.10437e-05 2.84056e-05 5.99876e-05  10 /ChipTop/system/tile_prci_domain/tile_reset_domain_tile/gemmini/ex_controller/mesh/mesh/mesh_12_2/tile_0_0/mac_unit                                           
   738     0.11% 2.11728e-06 3.15409e-03 8.28657e-05 3.23907e-03   8 /ChipTop/system/tile_prci_domain/tile_reset_domain_tile/gemmini/ex_controller/mesh/mesh/mesh_12_1                                                             
   738     0.11% 2.11728e-06 3.15409e-03 8.28657e-05 3.23907e-03   9 /ChipTop/system/tile_prci_domain/tile_reset_domain_tile/gemmini/ex_controller/mesh/mesh/mesh_12_1/tile_0_0                                                    
   163     0.02% 5.43401e-07 3.01660e-05 2.77567e-05 5.84661e-05  10 /ChipTop/system/tile_prci_domain/tile_reset_domain_tile/gemmini/ex_controller/mesh/mesh/mesh_12_1/tile_0_0/mac_unit                                           
   741     0.11% 2.08742e-06 3.15180e-03 8.46971e-05 3.23859e-03   8 /ChipTop/system/tile_prci_domain/tile_reset_domain_tile/gemmini/ex_controller/mesh/mesh/mesh_6_13                                                             
   741     0.11% 2.08742e-06 3.15180e-03 8.46971e-05 3.23859e-03   9 /ChipTop/system/tile_prci_domain/tile_reset_domain_tile/gemmini/ex_controller/mesh/mesh/mesh_6_13/tile_0_0                                                    
   166     0.03% 5.31046e-07 3.82690e-05 3.58411e-05 7.46411e-05  10 /ChipTop/system/tile_prci_domain/tile_reset_domain_tile/gemmini/ex_controller/mesh/mesh/mesh_6_13/tile_0_0/mac_unit                                           
   738     0.11% 2.08881e-06 3.15169e-03 8.44043e-05 3.23819e-03   8 /ChipTop/system/tile_prci_domain/tile_reset_domain_tile/gemmini/ex_controller/mesh/mesh/mesh_6_15                                                             
   738     0.11% 2.08881e-06 3.15169e-03 8.44043e-05 3.23819e-03   9 /ChipTop/system/tile_prci_domain/tile_reset_domain_tile/gemmini/ex_controller/mesh/mesh/mesh_6_15/tile_0_0                                                    
   163     0.02% 5.33855e-07 3.60172e-05 3.27228e-05 6.92738e-05  10 /ChipTop/system/tile_prci_domain/tile_reset_domain_tile/gemmini/ex_controller/mesh/mesh/mesh_6_15/tile_0_0/mac_unit                                           
   741     0.11% 2.08509e-06 3.15234e-03 8.35915e-05 3.23802e-03   8 /ChipTop/system/tile_prci_domain/tile_reset_domain_tile/gemmini/ex_controller/mesh/mesh/mesh_5_11                                                             
   741     0.11% 2.08509e-06 3.15234e-03 8.35915e-05 3.23802e-03   9 /ChipTop/system/tile_prci_domain/tile_reset_domain_tile/gemmini/ex_controller/mesh/mesh/mesh_5_11/tile_0_0                                                    
   166     0.03% 5.34058e-07 3.56862e-05 3.38615e-05 7.00817e-05  10 /ChipTop/system/tile_prci_domain/tile_reset_domain_tile/gemmini/ex_controller/mesh/mesh/mesh_5_11/tile_0_0/mac_unit                                           
   738     0.11% 2.05526e-06 3.15288e-03 8.28231e-05 3.23776e-03   8 /ChipTop/system/tile_prci_domain/tile_reset_domain_tile/gemmini/ex_controller/mesh/mesh/mesh_8_15                                                             
   738     0.11% 2.05526e-06 3.15288e-03 8.28231e-05 3.23776e-03   9 /ChipTop/system/tile_prci_domain/tile_reset_domain_tile/gemmini/ex_controller/mesh/mesh/mesh_8_15/tile_0_0                                                    
   163     0.02% 5.26346e-07 3.23125e-05 2.81321e-05 6.09709e-05  10 /ChipTop/system/tile_prci_domain/tile_reset_domain_tile/gemmini/ex_controller/mesh/mesh/mesh_8_15/tile_0_0/mac_unit                                           
   740     0.11% 2.09251e-06 3.15223e-03 8.33512e-05 3.23768e-03   8 /ChipTop/system/tile_prci_domain/tile_reset_domain_tile/gemmini/ex_controller/mesh/mesh/mesh_10_2                                                             
   740     0.11% 2.09251e-06 3.15223e-03 8.33512e-05 3.23768e-03   9 /ChipTop/system/tile_prci_domain/tile_reset_domain_tile/gemmini/ex_controller/mesh/mesh/mesh_10_2/tile_0_0                                                    
   163     0.02% 5.36903e-07 3.29354e-05 3.17511e-05 6.52234e-05  10 /ChipTop/system/tile_prci_domain/tile_reset_domain_tile/gemmini/ex_controller/mesh/mesh/mesh_10_2/tile_0_0/mac_unit                                           
   740     0.11% 2.09386e-06 3.15246e-03 8.31032e-05 3.23766e-03   8 /ChipTop/system/tile_prci_domain/tile_reset_domain_tile/gemmini/ex_controller/mesh/mesh/mesh_7_13                                                             
   740     0.11% 2.09386e-06 3.15246e-03 8.31032e-05 3.23766e-03   9 /ChipTop/system/tile_prci_domain/tile_reset_domain_tile/gemmini/ex_controller/mesh/mesh/mesh_7_13/tile_0_0                                                    
   163     0.02% 5.45936e-07 3.37300e-05 3.29826e-05 6.72585e-05  10 /ChipTop/system/tile_prci_domain/tile_reset_domain_tile/gemmini/ex_controller/mesh/mesh/mesh_7_13/tile_0_0/mac_unit                                           
   738     0.11% 2.07752e-06 3.15072e-03 8.41378e-05 3.23693e-03   8 /ChipTop/system/tile_prci_domain/tile_reset_domain_tile/gemmini/ex_controller/mesh/mesh/mesh_5_15                                                             
   738     0.11% 2.07752e-06 3.15072e-03 8.41378e-05 3.23693e-03   9 /ChipTop/system/tile_prci_domain/tile_reset_domain_tile/gemmini/ex_controller/mesh/mesh/mesh_5_15/tile_0_0                                                    
   163     0.02% 5.33585e-07 3.58957e-05 3.22964e-05 6.87257e-05  10 /ChipTop/system/tile_prci_domain/tile_reset_domain_tile/gemmini/ex_controller/mesh/mesh/mesh_5_15/tile_0_0/mac_unit                                           
   740     0.11% 2.12995e-06 3.15203e-03 8.25809e-05 3.23674e-03   8 /ChipTop/system/tile_prci_domain/tile_reset_domain_tile/gemmini/ex_controller/mesh/mesh/mesh_10_3                                                             
   740     0.11% 2.12995e-06 3.15203e-03 8.25809e-05 3.23674e-03   9 /ChipTop/system/tile_prci_domain/tile_reset_domain_tile/gemmini/ex_controller/mesh/mesh/mesh_10_3/tile_0_0                                                    
   163     0.02% 5.31689e-07 2.97125e-05 2.80580e-05 5.83022e-05  10 /ChipTop/system/tile_prci_domain/tile_reset_domain_tile/gemmini/ex_controller/mesh/mesh/mesh_10_3/tile_0_0/mac_unit                                           
   738     0.11% 2.09562e-06 3.15394e-03 8.05088e-05 3.23655e-03   8 /ChipTop/system/tile_prci_domain/tile_reset_domain_tile/gemmini/ex_controller/mesh/mesh/mesh_13_1                                                             
   738     0.11% 2.09562e-06 3.15394e-03 8.05088e-05 3.23655e-03   9 /ChipTop/system/tile_prci_domain/tile_reset_domain_tile/gemmini/ex_controller/mesh/mesh/mesh_13_1/tile_0_0                                                    
   163     0.02% 5.31454e-07 3.04053e-05 2.78478e-05 5.87846e-05  10 /ChipTop/system/tile_prci_domain/tile_reset_domain_tile/gemmini/ex_controller/mesh/mesh/mesh_13_1/tile_0_0/mac_unit                                           
   738     0.11% 2.14837e-06 3.15423e-03 8.00171e-05 3.23639e-03   8 /ChipTop/system/tile_prci_domain/tile_reset_domain_tile/gemmini/ex_controller/mesh/mesh/mesh_12_0                                                             
   738     0.11% 2.14837e-06 3.15423e-03 8.00171e-05 3.23639e-03   9 /ChipTop/system/tile_prci_domain/tile_reset_domain_tile/gemmini/ex_controller/mesh/mesh/mesh_12_0/tile_0_0                                                    
   163     0.02% 5.42785e-07 2.88157e-05 2.62917e-05 5.56502e-05  10 /ChipTop/system/tile_prci_domain/tile_reset_domain_tile/gemmini/ex_controller/mesh/mesh/mesh_12_0/tile_0_0/mac_unit                                           
   740     0.11% 2.07733e-06 3.15090e-03 8.23889e-05 3.23537e-03   8 /ChipTop/system/tile_prci_domain/tile_reset_domain_tile/gemmini/ex_controller/mesh/mesh/mesh_8_7                                                              
   740     0.11% 2.07733e-06 3.15090e-03 8.23889e-05 3.23537e-03   9 /ChipTop/system/tile_prci_domain/tile_reset_domain_tile/gemmini/ex_controller/mesh/mesh/mesh_8_7/tile_0_0                                                     
   163     0.02% 5.31032e-07 3.36378e-05 3.31774e-05 6.73461e-05  10 /ChipTop/system/tile_prci_domain/tile_reset_domain_tile/gemmini/ex_controller/mesh/mesh/mesh_8_7/tile_0_0/mac_unit                                            
   741     0.11% 2.05091e-06 3.15252e-03 8.07328e-05 3.23531e-03   8 /ChipTop/system/tile_prci_domain/tile_reset_domain_tile/gemmini/ex_controller/mesh/mesh/mesh_9_9                                                              
   741     0.11% 2.05091e-06 3.15252e-03 8.07328e-05 3.23531e-03   9 /ChipTop/system/tile_prci_domain/tile_reset_domain_tile/gemmini/ex_controller/mesh/mesh/mesh_9_9/tile_0_0                                                     
   166     0.03% 5.25251e-07 3.39199e-05 3.04296e-05 6.48747e-05  10 /ChipTop/system/tile_prci_domain/tile_reset_domain_tile/gemmini/ex_controller/mesh/mesh/mesh_9_9/tile_0_0/mac_unit                                            
   738     0.11% 2.06454e-06 3.15323e-03 7.90778e-05 3.23438e-03   8 /ChipTop/system/tile_prci_domain/tile_reset_domain_tile/gemmini/ex_controller/mesh/mesh/mesh_15_12                                                            
   738     0.11% 2.06454e-06 3.15323e-03 7.90778e-05 3.23438e-03   9 /ChipTop/system/tile_prci_domain/tile_reset_domain_tile/gemmini/ex_controller/mesh/mesh/mesh_15_12/tile_0_0                                                   
   163     0.02% 5.37578e-07 2.90326e-05 2.49877e-05 5.45579e-05  10 /ChipTop/system/tile_prci_domain/tile_reset_domain_tile/gemmini/ex_controller/mesh/mesh/mesh_15_12/tile_0_0/mac_unit                                          
   738     0.11% 2.06203e-06 3.15074e-03 8.09372e-05 3.23374e-03   8 /ChipTop/system/tile_prci_domain/tile_reset_domain_tile/gemmini/ex_controller/mesh/mesh/mesh_9_15                                                             
   738     0.11% 2.06203e-06 3.15074e-03 8.09372e-05 3.23374e-03   9 /ChipTop/system/tile_prci_domain/tile_reset_domain_tile/gemmini/ex_controller/mesh/mesh/mesh_9_15/tile_0_0                                                    
   163     0.02% 5.33562e-07 2.99398e-05 2.61288e-05 5.66022e-05  10 /ChipTop/system/tile_prci_domain/tile_reset_domain_tile/gemmini/ex_controller/mesh/mesh/mesh_9_15/tile_0_0/mac_unit                                           
   738     0.11% 2.08409e-06 3.15089e-03 8.05480e-05 3.23352e-03   8 /ChipTop/system/tile_prci_domain/tile_reset_domain_tile/gemmini/ex_controller/mesh/mesh/mesh_11_2                                                             
   738     0.11% 2.08409e-06 3.15089e-03 8.05480e-05 3.23352e-03   9 /ChipTop/system/tile_prci_domain/tile_reset_domain_tile/gemmini/ex_controller/mesh/mesh/mesh_11_2/tile_0_0                                                    
   163     0.02% 5.45653e-07 3.00571e-05 2.74256e-05 5.80284e-05  10 /ChipTop/system/tile_prci_domain/tile_reset_domain_tile/gemmini/ex_controller/mesh/mesh/mesh_11_2/tile_0_0/mac_unit                                           
   741     0.11% 2.07661e-06 3.14877e-03 8.24836e-05 3.23333e-03   8 /ChipTop/system/tile_prci_domain/tile_reset_domain_tile/gemmini/ex_controller/mesh/mesh/mesh_9_5                                                              
   741     0.11% 2.07661e-06 3.14877e-03 8.24836e-05 3.23333e-03   9 /ChipTop/system/tile_prci_domain/tile_reset_domain_tile/gemmini/ex_controller/mesh/mesh/mesh_9_5/tile_0_0                                                     
   166     0.03% 5.31286e-07 3.15022e-05 2.95553e-05 6.15888e-05  10 /ChipTop/system/tile_prci_domain/tile_reset_domain_tile/gemmini/ex_controller/mesh/mesh/mesh_9_5/tile_0_0/mac_unit                                            
   740     0.11% 2.09883e-06 3.14974e-03 8.09258e-05 3.23277e-03   8 /ChipTop/system/tile_prci_domain/tile_reset_domain_tile/gemmini/ex_controller/mesh/mesh/mesh_11_1                                                             
   740     0.11% 2.09883e-06 3.14974e-03 8.09258e-05 3.23277e-03   9 /ChipTop/system/tile_prci_domain/tile_reset_domain_tile/gemmini/ex_controller/mesh/mesh/mesh_11_1/tile_0_0                                                    
   163     0.02% 5.41940e-07 3.26426e-05 3.21717e-05 6.53562e-05  10 /ChipTop/system/tile_prci_domain/tile_reset_domain_tile/gemmini/ex_controller/mesh/mesh/mesh_11_1/tile_0_0/mac_unit                                           
   738     0.11% 2.06869e-06 3.14993e-03 8.07576e-05 3.23275e-03   8 /ChipTop/system/tile_prci_domain/tile_reset_domain_tile/gemmini/ex_controller/mesh/mesh/mesh_7_9                                                              
   738     0.11% 2.06869e-06 3.14993e-03 8.07576e-05 3.23275e-03   9 /ChipTop/system/tile_prci_domain/tile_reset_domain_tile/gemmini/ex_controller/mesh/mesh/mesh_7_9/tile_0_0                                                     
   163     0.02% 5.38158e-07 3.66889e-05 3.38093e-05 7.10363e-05  10 /ChipTop/system/tile_prci_domain/tile_reset_domain_tile/gemmini/ex_controller/mesh/mesh/mesh_7_9/tile_0_0/mac_unit                                            
   740     0.11% 2.14718e-06 3.15085e-03 7.94773e-05 3.23247e-03   8 /ChipTop/system/tile_prci_domain/tile_reset_domain_tile/gemmini/ex_controller/mesh/mesh/mesh_11_0                                                             
   740     0.11% 2.14718e-06 3.15085e-03 7.94773e-05 3.23247e-03   9 /ChipTop/system/tile_prci_domain/tile_reset_domain_tile/gemmini/ex_controller/mesh/mesh/mesh_11_0/tile_0_0                                                    
   163     0.02% 5.44768e-07 2.83590e-05 2.77423e-05 5.66461e-05  10 /ChipTop/system/tile_prci_domain/tile_reset_domain_tile/gemmini/ex_controller/mesh/mesh/mesh_11_0/tile_0_0/mac_unit                                           
   741     0.11% 2.07323e-06 3.15071e-03 7.91781e-05 3.23196e-03   8 /ChipTop/system/tile_prci_domain/tile_reset_domain_tile/gemmini/ex_controller/mesh/mesh/mesh_11_6                                                             
   741     0.11% 2.07323e-06 3.15071e-03 7.91781e-05 3.23196e-03   9 /ChipTop/system/tile_prci_domain/tile_reset_domain_tile/gemmini/ex_controller/mesh/mesh/mesh_11_6/tile_0_0                                                    
   166     0.03% 5.30122e-07 3.33271e-05 3.04743e-05 6.43316e-05  10 /ChipTop/system/tile_prci_domain/tile_reset_domain_tile/gemmini/ex_controller/mesh/mesh/mesh_11_6/tile_0_0/mac_unit                                           
   738     0.11% 2.11947e-06 3.14976e-03 7.99166e-05 3.23180e-03   8 /ChipTop/system/tile_prci_domain/tile_reset_domain_tile/gemmini/ex_controller/mesh/mesh/mesh_8_4                                                              
   738     0.11% 2.11947e-06 3.14976e-03 7.99166e-05 3.23180e-03   9 /ChipTop/system/tile_prci_domain/tile_reset_domain_tile/gemmini/ex_controller/mesh/mesh/mesh_8_4/tile_0_0                                                     
   163     0.02% 5.36962e-07 2.96085e-05 2.71295e-05 5.72750e-05  10 /ChipTop/system/tile_prci_domain/tile_reset_domain_tile/gemmini/ex_controller/mesh/mesh/mesh_8_4/tile_0_0/mac_unit                                            
   738     0.11% 2.07051e-06 3.15145e-03 7.81028e-05 3.23162e-03   8 /ChipTop/system/tile_prci_domain/tile_reset_domain_tile/gemmini/ex_controller/mesh/mesh/mesh_14_12                                                            
   738     0.11% 2.07051e-06 3.15145e-03 7.81028e-05 3.23162e-03   9 /ChipTop/system/tile_prci_domain/tile_reset_domain_tile/gemmini/ex_controller/mesh/mesh/mesh_14_12/tile_0_0                                                   
   163     0.02% 5.37577e-07 2.96769e-05 2.54860e-05 5.57005e-05  10 /ChipTop/system/tile_prci_domain/tile_reset_domain_tile/gemmini/ex_controller/mesh/mesh/mesh_14_12/tile_0_0/mac_unit                                          
   740     0.11% 2.10033e-06 3.15118e-03 7.82104e-05 3.23149e-03   8 /ChipTop/system/tile_prci_domain/tile_reset_domain_tile/gemmini/ex_controller/mesh/mesh/mesh_8_8                                                              
   740     0.11% 2.10033e-06 3.15118e-03 7.82104e-05 3.23149e-03   9 /ChipTop/system/tile_prci_domain/tile_reset_domain_tile/gemmini/ex_controller/mesh/mesh/mesh_8_8/tile_0_0                                                     
   163     0.02% 5.42400e-07 3.03063e-05 2.94242e-05 6.02729e-05  10 /ChipTop/system/tile_prci_domain/tile_reset_domain_tile/gemmini/ex_controller/mesh/mesh/mesh_8_8/tile_0_0/mac_unit                                            
   740     0.11% 2.07545e-06 3.14783e-03 8.12913e-05 3.23120e-03   8 /ChipTop/system/tile_prci_domain/tile_reset_domain_tile/gemmini/ex_controller/mesh/mesh/mesh_8_9                                                              
   740     0.11% 2.07545e-06 3.14783e-03 8.12913e-05 3.23120e-03   9 /ChipTop/system/tile_prci_domain/tile_reset_domain_tile/gemmini/ex_controller/mesh/mesh/mesh_8_9/tile_0_0                                                     
   163     0.02% 5.27909e-07 3.51051e-05 3.44364e-05 7.00694e-05  10 /ChipTop/system/tile_prci_domain/tile_reset_domain_tile/gemmini/ex_controller/mesh/mesh/mesh_8_9/tile_0_0/mac_unit                                            
   741     0.11% 2.10921e-06 3.14794e-03 8.10245e-05 3.23107e-03   8 /ChipTop/system/tile_prci_domain/tile_reset_domain_tile/gemmini/ex_controller/mesh/mesh/mesh_8_5                                                              
   741     0.11% 2.10921e-06 3.14794e-03 8.10245e-05 3.23107e-03   9 /ChipTop/system/tile_prci_domain/tile_reset_domain_tile/gemmini/ex_controller/mesh/mesh/mesh_8_5/tile_0_0                                                     
   166     0.03% 5.28228e-07 3.05451e-05 2.84477e-05 5.95210e-05  10 /ChipTop/system/tile_prci_domain/tile_reset_domain_tile/gemmini/ex_controller/mesh/mesh/mesh_8_5/tile_0_0/mac_unit                                            
   738     0.11% 2.13566e-06 3.15067e-03 7.66132e-05 3.22942e-03   8 /ChipTop/system/tile_prci_domain/tile_reset_domain_tile/gemmini/ex_controller/mesh/mesh/mesh_14_0                                                             
   738     0.11% 2.13566e-06 3.15067e-03 7.66132e-05 3.22942e-03   9 /ChipTop/system/tile_prci_domain/tile_reset_domain_tile/gemmini/ex_controller/mesh/mesh/mesh_14_0/tile_0_0                                                    
   163     0.02% 5.37344e-07 2.59744e-05 2.31749e-05 4.96867e-05  10 /ChipTop/system/tile_prci_domain/tile_reset_domain_tile/gemmini/ex_controller/mesh/mesh/mesh_14_0/tile_0_0/mac_unit                                           
   738     0.11% 2.08413e-06 3.14627e-03 8.00708e-05 3.22842e-03   8 /ChipTop/system/tile_prci_domain/tile_reset_domain_tile/gemmini/ex_controller/mesh/mesh/mesh_4_15                                                             
   738     0.11% 2.08413e-06 3.14627e-03 8.00708e-05 3.22842e-03   9 /ChipTop/system/tile_prci_domain/tile_reset_domain_tile/gemmini/ex_controller/mesh/mesh/mesh_4_15/tile_0_0                                                    
   163     0.02% 5.41787e-07 3.46580e-05 3.11330e-05 6.63328e-05  10 /ChipTop/system/tile_prci_domain/tile_reset_domain_tile/gemmini/ex_controller/mesh/mesh/mesh_4_15/tile_0_0/mac_unit                                           
   741     0.11% 2.07222e-06 3.14761e-03 7.87283e-05 3.22841e-03   8 /ChipTop/system/tile_prci_domain/tile_reset_domain_tile/gemmini/ex_controller/mesh/mesh/mesh_4_11                                                             
   741     0.11% 2.07222e-06 3.14761e-03 7.87283e-05 3.22841e-03   9 /ChipTop/system/tile_prci_domain/tile_reset_domain_tile/gemmini/ex_controller/mesh/mesh/mesh_4_11/tile_0_0                                                    
   166     0.03% 5.33124e-07 3.36585e-05 3.12705e-05 6.54621e-05  10 /ChipTop/system/tile_prci_domain/tile_reset_domain_tile/gemmini/ex_controller/mesh/mesh/mesh_4_11/tile_0_0/mac_unit                                           
   738     0.11% 2.09364e-06 3.14828e-03 7.73750e-05 3.22775e-03   8 /ChipTop/system/tile_prci_domain/tile_reset_domain_tile/gemmini/ex_controller/mesh/mesh/mesh_7_8                                                              
   738     0.11% 2.09364e-06 3.14828e-03 7.73750e-05 3.22775e-03   9 /ChipTop/system/tile_prci_domain/tile_reset_domain_tile/gemmini/ex_controller/mesh/mesh/mesh_7_8/tile_0_0                                                     
   163     0.02% 5.40020e-07 3.15515e-05 2.88435e-05 6.09351e-05  10 /ChipTop/system/tile_prci_domain/tile_reset_domain_tile/gemmini/ex_controller/mesh/mesh/mesh_7_8/tile_0_0/mac_unit                                            
   741     0.11% 2.07920e-06 3.14534e-03 7.85518e-05 3.22597e-03   8 /ChipTop/system/tile_prci_domain/tile_reset_domain_tile/gemmini/ex_controller/mesh/mesh/mesh_7_5                                                              
   741     0.11% 2.07920e-06 3.14534e-03 7.85518e-05 3.22597e-03   9 /ChipTop/system/tile_prci_domain/tile_reset_domain_tile/gemmini/ex_controller/mesh/mesh/mesh_7_5/tile_0_0                                                     
   166     0.03% 5.27338e-07 3.20328e-05 2.98685e-05 6.24287e-05  10 /ChipTop/system/tile_prci_domain/tile_reset_domain_tile/gemmini/ex_controller/mesh/mesh/mesh_7_5/tile_0_0/mac_unit                                            
   738     0.11% 2.06151e-06 3.14799e-03 7.52181e-05 3.22527e-03   8 /ChipTop/system/tile_prci_domain/tile_reset_domain_tile/gemmini/ex_controller/mesh/mesh/mesh_13_12                                                            
   738     0.11% 2.06151e-06 3.14799e-03 7.52181e-05 3.22527e-03   9 /ChipTop/system/tile_prci_domain/tile_reset_domain_tile/gemmini/ex_controller/mesh/mesh/mesh_13_12/tile_0_0                                                   
   163     0.02% 5.27590e-07 2.78485e-05 2.35983e-05 5.19743e-05  10 /ChipTop/system/tile_prci_domain/tile_reset_domain_tile/gemmini/ex_controller/mesh/mesh/mesh_13_12/tile_0_0/mac_unit                                          
   738     0.11% 2.09683e-06 3.14753e-03 7.50639e-05 3.22469e-03   8 /ChipTop/system/tile_prci_domain/tile_reset_domain_tile/gemmini/ex_controller/mesh/mesh/mesh_10_1                                                             
   738     0.11% 2.09683e-06 3.14753e-03 7.50639e-05 3.22469e-03   9 /ChipTop/system/tile_prci_domain/tile_reset_domain_tile/gemmini/ex_controller/mesh/mesh/mesh_10_1/tile_0_0                                                    
   163     0.02% 5.41347e-07 2.68301e-05 2.38088e-05 5.11802e-05  10 /ChipTop/system/tile_prci_domain/tile_reset_domain_tile/gemmini/ex_controller/mesh/mesh/mesh_10_1/tile_0_0/mac_unit                                           
   738     0.11% 2.07647e-06 3.14674e-03 7.57522e-05 3.22457e-03   8 /ChipTop/system/tile_prci_domain/tile_reset_domain_tile/gemmini/ex_controller/mesh/mesh/mesh_12_12                                                            
   738     0.11% 2.07647e-06 3.14674e-03 7.57522e-05 3.22457e-03   9 /ChipTop/system/tile_prci_domain/tile_reset_domain_tile/gemmini/ex_controller/mesh/mesh/mesh_12_12/tile_0_0                                                   
   163     0.02% 5.44284e-07 2.92372e-05 2.52943e-05 5.50758e-05  10 /ChipTop/system/tile_prci_domain/tile_reset_domain_tile/gemmini/ex_controller/mesh/mesh/mesh_12_12/tile_0_0/mac_unit                                          
   741     0.11% 2.05870e-06 3.14618e-03 7.54541e-05 3.22369e-03   8 /ChipTop/system/tile_prci_domain/tile_reset_domain_tile/gemmini/ex_controller/mesh/mesh/mesh_10_6                                                             
   741     0.11% 2.05870e-06 3.14618e-03 7.54541e-05 3.22369e-03   9 /ChipTop/system/tile_prci_domain/tile_reset_domain_tile/gemmini/ex_controller/mesh/mesh/mesh_10_6/tile_0_0                                                    
   166     0.03% 5.25490e-07 3.12859e-05 2.82040e-05 6.00154e-05  10 /ChipTop/system/tile_prci_domain/tile_reset_domain_tile/gemmini/ex_controller/mesh/mesh/mesh_10_6/tile_0_0/mac_unit                                           
   740     0.11% 2.09846e-06 3.14373e-03 7.68532e-05 3.22268e-03   8 /ChipTop/system/tile_prci_domain/tile_reset_domain_tile/gemmini/ex_controller/mesh/mesh/mesh_7_15                                                             
   740     0.11% 2.09846e-06 3.14373e-03 7.68532e-05 3.22268e-03   9 /ChipTop/system/tile_prci_domain/tile_reset_domain_tile/gemmini/ex_controller/mesh/mesh/mesh_7_15/tile_0_0                                                    
   163     0.02% 5.49764e-07 2.80892e-05 2.60786e-05 5.47175e-05  10 /ChipTop/system/tile_prci_domain/tile_reset_domain_tile/gemmini/ex_controller/mesh/mesh/mesh_7_15/tile_0_0/mac_unit                                           
   738     0.11% 2.05531e-06 3.14418e-03 7.57190e-05 3.22196e-03   8 /ChipTop/system/tile_prci_domain/tile_reset_domain_tile/gemmini/ex_controller/mesh/mesh/mesh_6_10                                                             
   738     0.11% 2.05531e-06 3.14418e-03 7.57190e-05 3.22196e-03   9 /ChipTop/system/tile_prci_domain/tile_reset_domain_tile/gemmini/ex_controller/mesh/mesh/mesh_6_10/tile_0_0                                                    
   163     0.02% 5.30719e-07 3.01319e-05 2.65247e-05 5.71873e-05  10 /ChipTop/system/tile_prci_domain/tile_reset_domain_tile/gemmini/ex_controller/mesh/mesh/mesh_6_10/tile_0_0/mac_unit                                           
   740     0.11% 2.09364e-06 3.14578e-03 7.38151e-05 3.22169e-03   8 /ChipTop/system/tile_prci_domain/tile_reset_domain_tile/gemmini/ex_controller/mesh/mesh/mesh_11_12                                                            
   740     0.11% 2.09364e-06 3.14578e-03 7.38151e-05 3.22169e-03   9 /ChipTop/system/tile_prci_domain/tile_reset_domain_tile/gemmini/ex_controller/mesh/mesh/mesh_11_12/tile_0_0                                                   
   163     0.02% 5.48231e-07 2.64348e-05 2.34675e-05 5.04506e-05  10 /ChipTop/system/tile_prci_domain/tile_reset_domain_tile/gemmini/ex_controller/mesh/mesh/mesh_11_12/tile_0_0/mac_unit                                          
   740     0.11% 2.07937e-06 3.14552e-03 7.35571e-05 3.22115e-03   8 /ChipTop/system/tile_prci_domain/tile_reset_domain_tile/gemmini/ex_controller/mesh/mesh/mesh_7_14                                                             
   740     0.11% 2.07937e-06 3.14552e-03 7.35571e-05 3.22115e-03   9 /ChipTop/system/tile_prci_domain/tile_reset_domain_tile/gemmini/ex_controller/mesh/mesh/mesh_7_14/tile_0_0                                                    
   163     0.02% 5.31598e-07 3.04708e-05 2.79546e-05 5.89570e-05  10 /ChipTop/system/tile_prci_domain/tile_reset_domain_tile/gemmini/ex_controller/mesh/mesh/mesh_7_14/tile_0_0/mac_unit                                           
   741     0.11% 2.08010e-06 3.14313e-03 7.59059e-05 3.22112e-03   8 /ChipTop/system/tile_prci_domain/tile_reset_domain_tile/gemmini/ex_controller/mesh/mesh/mesh_4_13                                                             
   741     0.11% 2.08010e-06 3.14313e-03 7.59059e-05 3.22112e-03   9 /ChipTop/system/tile_prci_domain/tile_reset_domain_tile/gemmini/ex_controller/mesh/mesh/mesh_4_13/tile_0_0                                                    
   166     0.03% 5.30383e-07 3.56510e-05 3.24957e-05 6.86771e-05  10 /ChipTop/system/tile_prci_domain/tile_reset_domain_tile/gemmini/ex_controller/mesh/mesh/mesh_4_13/tile_0_0/mac_unit                                           
   741     0.11% 2.09837e-06 3.14428e-03 7.46630e-05 3.22104e-03   8 /ChipTop/system/tile_prci_domain/tile_reset_domain_tile/gemmini/ex_controller/mesh/mesh/mesh_9_3                                                              
   741     0.11% 2.09837e-06 3.14428e-03 7.46630e-05 3.22104e-03   9 /ChipTop/system/tile_prci_domain/tile_reset_domain_tile/gemmini/ex_controller/mesh/mesh/mesh_9_3/tile_0_0                                                     
   166     0.03% 5.25473e-07 2.43691e-05 2.17324e-05 4.66269e-05  10 /ChipTop/system/tile_prci_domain/tile_reset_domain_tile/gemmini/ex_controller/mesh/mesh/mesh_9_3/tile_0_0/mac_unit                                            
   738     0.11% 2.11652e-06 3.14366e-03 7.44599e-05 3.22024e-03   8 /ChipTop/system/tile_prci_domain/tile_reset_domain_tile/gemmini/ex_controller/mesh/mesh/mesh_7_4                                                              
   738     0.11% 2.11652e-06 3.14366e-03 7.44599e-05 3.22024e-03   9 /ChipTop/system/tile_prci_domain/tile_reset_domain_tile/gemmini/ex_controller/mesh/mesh/mesh_7_4/tile_0_0                                                     
   163     0.02% 5.44241e-07 2.67462e-05 2.36997e-05 5.09901e-05  10 /ChipTop/system/tile_prci_domain/tile_reset_domain_tile/gemmini/ex_controller/mesh/mesh/mesh_7_4/tile_0_0/mac_unit                                            
   741     0.11% 2.05823e-06 3.14369e-03 7.44391e-05 3.22019e-03   8 /ChipTop/system/tile_prci_domain/tile_reset_domain_tile/gemmini/ex_controller/mesh/mesh/mesh_5_13                                                             
   741     0.11% 2.05823e-06 3.14369e-03 7.44391e-05 3.22019e-03   9 /ChipTop/system/tile_prci_domain/tile_reset_domain_tile/gemmini/ex_controller/mesh/mesh/mesh_5_13/tile_0_0                                                    
   166     0.03% 5.27205e-07 3.29746e-05 2.98256e-05 6.33274e-05  10 /ChipTop/system/tile_prci_domain/tile_reset_domain_tile/gemmini/ex_controller/mesh/mesh/mesh_5_13/tile_0_0/mac_unit                                           
   738     0.11% 2.05717e-06 3.14268e-03 7.48972e-05 3.21964e-03   8 /ChipTop/system/tile_prci_domain/tile_reset_domain_tile/gemmini/ex_controller/mesh/mesh/mesh_5_10                                                             
   738     0.11% 2.05717e-06 3.14268e-03 7.48972e-05 3.21964e-03   9 /ChipTop/system/tile_prci_domain/tile_reset_domain_tile/gemmini/ex_controller/mesh/mesh/mesh_5_10/tile_0_0                                                    
   163     0.02% 5.44481e-07 3.07242e-05 2.70280e-05 5.82967e-05  10 /ChipTop/system/tile_prci_domain/tile_reset_domain_tile/gemmini/ex_controller/mesh/mesh/mesh_5_10/tile_0_0/mac_unit                                           
   738     0.11% 2.07678e-06 3.14259e-03 7.48336e-05 3.21950e-03   8 /ChipTop/system/tile_prci_domain/tile_reset_domain_tile/gemmini/ex_controller/mesh/mesh/mesh_10_12                                                            
   738     0.11% 2.07678e-06 3.14259e-03 7.48336e-05 3.21950e-03   9 /ChipTop/system/tile_prci_domain/tile_reset_domain_tile/gemmini/ex_controller/mesh/mesh/mesh_10_12/tile_0_0                                                   
   163     0.02% 5.41113e-07 2.81962e-05 2.44121e-05 5.31493e-05  10 /ChipTop/system/tile_prci_domain/tile_reset_domain_tile/gemmini/ex_controller/mesh/mesh/mesh_10_12/tile_0_0/mac_unit                                          
   741     0.11% 2.06856e-06 3.14302e-03 7.41348e-05 3.21922e-03   8 /ChipTop/system/tile_prci_domain/tile_reset_domain_tile/gemmini/ex_controller/mesh/mesh/mesh_9_6                                                              
   741     0.11% 2.06856e-06 3.14302e-03 7.41348e-05 3.21922e-03   9 /ChipTop/system/tile_prci_domain/tile_reset_domain_tile/gemmini/ex_controller/mesh/mesh/mesh_9_6/tile_0_0                                                     
   166     0.03% 5.29685e-07 3.06442e-05 2.80741e-05 5.92481e-05  10 /ChipTop/system/tile_prci_domain/tile_reset_domain_tile/gemmini/ex_controller/mesh/mesh/mesh_9_6/tile_0_0/mac_unit                                            
   738     0.11% 2.07089e-06 3.14317e-03 7.39639e-05 3.21921e-03   8 /ChipTop/system/tile_prci_domain/tile_reset_domain_tile/gemmini/ex_controller/mesh/mesh/mesh_6_14                                                             
   738     0.11% 2.07089e-06 3.14317e-03 7.39639e-05 3.21921e-03   9 /ChipTop/system/tile_prci_domain/tile_reset_domain_tile/gemmini/ex_controller/mesh/mesh/mesh_6_14/tile_0_0                                                    
   163     0.02% 5.35386e-07 3.39835e-05 3.04610e-05 6.49800e-05  10 /ChipTop/system/tile_prci_domain/tile_reset_domain_tile/gemmini/ex_controller/mesh/mesh/mesh_6_14/tile_0_0/mac_unit                                           
   738     0.11% 2.05750e-06 3.14162e-03 7.55263e-05 3.21920e-03   8 /ChipTop/system/tile_prci_domain/tile_reset_domain_tile/gemmini/ex_controller/mesh/mesh/mesh_6_7                                                              
   738     0.11% 2.05750e-06 3.14162e-03 7.55263e-05 3.21920e-03   9 /ChipTop/system/tile_prci_domain/tile_reset_domain_tile/gemmini/ex_controller/mesh/mesh/mesh_6_7/tile_0_0                                                     
   163     0.02% 5.32919e-07 3.13678e-05 2.82575e-05 6.01582e-05  10 /ChipTop/system/tile_prci_domain/tile_reset_domain_tile/gemmini/ex_controller/mesh/mesh/mesh_6_7/tile_0_0/mac_unit                                            
   741     0.11% 2.12954e-06 3.14212e-03 7.46674e-05 3.21891e-03   8 /ChipTop/system/tile_prci_domain/tile_reset_domain_tile/gemmini/ex_controller/mesh/mesh/mesh_8_3                                                              
   741     0.11% 2.12954e-06 3.14212e-03 7.46674e-05 3.21891e-03   9 /ChipTop/system/tile_prci_domain/tile_reset_domain_tile/gemmini/ex_controller/mesh/mesh/mesh_8_3/tile_0_0                                                     
   166     0.03% 5.32495e-07 2.74443e-05 2.49206e-05 5.28975e-05  10 /ChipTop/system/tile_prci_domain/tile_reset_domain_tile/gemmini/ex_controller/mesh/mesh/mesh_8_3/tile_0_0/mac_unit                                            
   740     0.11% 2.07256e-06 3.14242e-03 7.42103e-05 3.21870e-03   8 /ChipTop/system/tile_prci_domain/tile_reset_domain_tile/gemmini/ex_controller/mesh/mesh/mesh_8_6                                                              
   740     0.11% 2.07256e-06 3.14242e-03 7.42103e-05 3.21870e-03   9 /ChipTop/system/tile_prci_domain/tile_reset_domain_tile/gemmini/ex_controller/mesh/mesh/mesh_8_6/tile_0_0                                                     
   163     0.02% 5.27740e-07 3.01716e-05 2.91676e-05 5.98670e-05  10 /ChipTop/system/tile_prci_domain/tile_reset_domain_tile/gemmini/ex_controller/mesh/mesh/mesh_8_6/tile_0_0/mac_unit                                            
   741     0.11% 2.10404e-06 3.14027e-03 7.55280e-05 3.21790e-03   8 /ChipTop/system/tile_prci_domain/tile_reset_domain_tile/gemmini/ex_controller/mesh/mesh/mesh_6_5                                                              
   741     0.11% 2.10404e-06 3.14027e-03 7.55280e-05 3.21790e-03   9 /ChipTop/system/tile_prci_domain/tile_reset_domain_tile/gemmini/ex_controller/mesh/mesh/mesh_6_5/tile_0_0                                                     
   166     0.03% 5.27825e-07 3.11072e-05 2.97354e-05 6.13704e-05  10 /ChipTop/system/tile_prci_domain/tile_reset_domain_tile/gemmini/ex_controller/mesh/mesh/mesh_6_5/tile_0_0/mac_unit                                            
   738     0.11% 2.07390e-06 3.14121e-03 7.44218e-05 3.21771e-03   8 /ChipTop/system/tile_prci_domain/tile_reset_domain_tile/gemmini/ex_controller/mesh/mesh/mesh_9_12                                                             
   738     0.11% 2.07390e-06 3.14121e-03 7.44218e-05 3.21771e-03   9 /ChipTop/system/tile_prci_domain/tile_reset_domain_tile/gemmini/ex_controller/mesh/mesh/mesh_9_12/tile_0_0                                                    
   163     0.02% 5.36901e-07 2.91888e-05 2.59637e-05 5.56895e-05  10 /ChipTop/system/tile_prci_domain/tile_reset_domain_tile/gemmini/ex_controller/mesh/mesh/mesh_9_12/tile_0_0/mac_unit                                           
   738     0.11% 2.06792e-06 3.14192e-03 7.37239e-05 3.21771e-03   8 /ChipTop/system/tile_prci_domain/tile_reset_domain_tile/gemmini/ex_controller/mesh/mesh/mesh_6_8                                                              
   738     0.11% 2.06792e-06 3.14192e-03 7.37239e-05 3.21771e-03   9 /ChipTop/system/tile_prci_domain/tile_reset_domain_tile/gemmini/ex_controller/mesh/mesh/mesh_6_8/tile_0_0                                                     
   163     0.02% 5.32773e-07 2.97124e-05 2.69172e-05 5.71624e-05  10 /ChipTop/system/tile_prci_domain/tile_reset_domain_tile/gemmini/ex_controller/mesh/mesh/mesh_6_8/tile_0_0/mac_unit                                            
   738     0.11% 2.09153e-06 3.14165e-03 7.37052e-05 3.21745e-03   8 /ChipTop/system/tile_prci_domain/tile_reset_domain_tile/gemmini/ex_controller/mesh/mesh/mesh_9_1                                                              
   738     0.11% 2.09153e-06 3.14165e-03 7.37052e-05 3.21745e-03   9 /ChipTop/system/tile_prci_domain/tile_reset_domain_tile/gemmini/ex_controller/mesh/mesh/mesh_9_1/tile_0_0                                                     
   163     0.02% 5.34651e-07 2.80527e-05 2.57255e-05 5.43129e-05  10 /ChipTop/system/tile_prci_domain/tile_reset_domain_tile/gemmini/ex_controller/mesh/mesh/mesh_9_1/tile_0_0/mac_unit                                            
   738     0.11% 2.09276e-06 3.14133e-03 7.38186e-05 3.21724e-03   8 /ChipTop/system/tile_prci_domain/tile_reset_domain_tile/gemmini/ex_controller/mesh/mesh/mesh_5_8                                                              
   738     0.11% 2.09276e-06 3.14133e-03 7.38186e-05 3.21724e-03   9 /ChipTop/system/tile_prci_domain/tile_reset_domain_tile/gemmini/ex_controller/mesh/mesh/mesh_5_8/tile_0_0                                                     
   163     0.02% 5.37217e-07 3.23940e-05 2.92755e-05 6.22067e-05  10 /ChipTop/system/tile_prci_domain/tile_reset_domain_tile/gemmini/ex_controller/mesh/mesh/mesh_5_8/tile_0_0/mac_unit                                            
   738     0.11% 2.12980e-06 3.14149e-03 7.28742e-05 3.21649e-03   8 /ChipTop/system/tile_prci_domain/tile_reset_domain_tile/gemmini/ex_controller/mesh/mesh/mesh_9_0                                                              
   738     0.11% 2.12980e-06 3.14149e-03 7.28742e-05 3.21649e-03   9 /ChipTop/system/tile_prci_domain/tile_reset_domain_tile/gemmini/ex_controller/mesh/mesh/mesh_9_0/tile_0_0                                                     
   163     0.02% 5.37860e-07 2.59115e-05 2.37237e-05 5.01731e-05  10 /ChipTop/system/tile_prci_domain/tile_reset_domain_tile/gemmini/ex_controller/mesh/mesh/mesh_9_0/tile_0_0/mac_unit                                            
   738     0.11% 2.05535e-06 3.14097e-03 7.27909e-05 3.21582e-03   8 /ChipTop/system/tile_prci_domain/tile_reset_domain_tile/gemmini/ex_controller/mesh/mesh/mesh_7_7                                                              
   738     0.11% 2.05535e-06 3.14097e-03 7.27909e-05 3.21582e-03   9 /ChipTop/system/tile_prci_domain/tile_reset_domain_tile/gemmini/ex_controller/mesh/mesh/mesh_7_7/tile_0_0                                                     
   163     0.02% 5.42871e-07 3.04493e-05 2.70564e-05 5.80486e-05  10 /ChipTop/system/tile_prci_domain/tile_reset_domain_tile/gemmini/ex_controller/mesh/mesh/mesh_7_7/tile_0_0/mac_unit                                            
   741     0.11% 2.07001e-06 3.14067e-03 7.27429e-05 3.21548e-03   8 /ChipTop/system/tile_prci_domain/tile_reset_domain_tile/gemmini/ex_controller/mesh/mesh/mesh_7_6                                                              
   741     0.11% 2.07001e-06 3.14067e-03 7.27429e-05 3.21548e-03   9 /ChipTop/system/tile_prci_domain/tile_reset_domain_tile/gemmini/ex_controller/mesh/mesh/mesh_7_6/tile_0_0                                                     
   166     0.03% 5.34989e-07 3.14122e-05 2.89317e-05 6.08789e-05  10 /ChipTop/system/tile_prci_domain/tile_reset_domain_tile/gemmini/ex_controller/mesh/mesh/mesh_7_6/tile_0_0/mac_unit                                            
   741     0.11% 2.08157e-06 3.13932e-03 7.39912e-05 3.21539e-03   8 /ChipTop/system/tile_prci_domain/tile_reset_domain_tile/gemmini/ex_controller/mesh/mesh/mesh_6_6                                                              
   741     0.11% 2.08157e-06 3.13932e-03 7.39912e-05 3.21539e-03   9 /ChipTop/system/tile_prci_domain/tile_reset_domain_tile/gemmini/ex_controller/mesh/mesh/mesh_6_6/tile_0_0                                                     
   166     0.03% 5.28485e-07 3.38248e-05 3.15507e-05 6.59040e-05  10 /ChipTop/system/tile_prci_domain/tile_reset_domain_tile/gemmini/ex_controller/mesh/mesh/mesh_6_6/tile_0_0/mac_unit                                            
   738     0.11% 2.10442e-06 3.14043e-03 7.17810e-05 3.21432e-03   8 /ChipTop/system/tile_prci_domain/tile_reset_domain_tile/gemmini/ex_controller/mesh/mesh/mesh_8_1                                                              
   738     0.11% 2.10442e-06 3.14043e-03 7.17810e-05 3.21432e-03   9 /ChipTop/system/tile_prci_domain/tile_reset_domain_tile/gemmini/ex_controller/mesh/mesh/mesh_8_1/tile_0_0                                                     
   163     0.02% 5.32449e-07 2.66038e-05 2.45114e-05 5.16477e-05  10 /ChipTop/system/tile_prci_domain/tile_reset_domain_tile/gemmini/ex_controller/mesh/mesh/mesh_8_1/tile_0_0/mac_unit                                            
   738     0.11% 2.05522e-06 3.13991e-03 7.21815e-05 3.21414e-03   8 /ChipTop/system/tile_prci_domain/tile_reset_domain_tile/gemmini/ex_controller/mesh/mesh/mesh_4_10                                                             
   738     0.11% 2.05522e-06 3.13991e-03 7.21815e-05 3.21414e-03   9 /ChipTop/system/tile_prci_domain/tile_reset_domain_tile/gemmini/ex_controller/mesh/mesh/mesh_4_10/tile_0_0                                                    
   163     0.02% 5.35262e-07 2.90731e-05 2.58164e-05 5.54247e-05  10 /ChipTop/system/tile_prci_domain/tile_reset_domain_tile/gemmini/ex_controller/mesh/mesh/mesh_4_10/tile_0_0/mac_unit                                           
   741     0.11% 2.13602e-06 3.13932e-03 7.25880e-05 3.21404e-03   8 /ChipTop/system/tile_prci_domain/tile_reset_domain_tile/gemmini/ex_controller/mesh/mesh/mesh_7_3                                                              
   741     0.11% 2.13602e-06 3.13932e-03 7.25880e-05 3.21404e-03   9 /ChipTop/system/tile_prci_domain/tile_reset_domain_tile/gemmini/ex_controller/mesh/mesh/mesh_7_3/tile_0_0                                                     
   166     0.03% 5.38282e-07 2.55904e-05 2.30018e-05 4.91305e-05  10 /ChipTop/system/tile_prci_domain/tile_reset_domain_tile/gemmini/ex_controller/mesh/mesh/mesh_7_3/tile_0_0/mac_unit                                            
   738     0.11% 2.12381e-06 3.13855e-03 7.30533e-05 3.21372e-03   8 /ChipTop/system/tile_prci_domain/tile_reset_domain_tile/gemmini/ex_controller/mesh/mesh/mesh_5_4                                                              
   738     0.11% 2.12381e-06 3.13855e-03 7.30533e-05 3.21372e-03   9 /ChipTop/system/tile_prci_domain/tile_reset_domain_tile/gemmini/ex_controller/mesh/mesh/mesh_5_4/tile_0_0                                                     
   163     0.02% 5.39052e-07 2.89811e-05 2.64264e-05 5.59465e-05  10 /ChipTop/system/tile_prci_domain/tile_reset_domain_tile/gemmini/ex_controller/mesh/mesh/mesh_5_4/tile_0_0/mac_unit                                            
   738     0.11% 2.07709e-06 3.13808e-03 7.33314e-05 3.21349e-03   8 /ChipTop/system/tile_prci_domain/tile_reset_domain_tile/gemmini/ex_controller/mesh/mesh/mesh_4_7                                                              
   738     0.11% 2.07709e-06 3.13808e-03 7.33314e-05 3.21349e-03   9 /ChipTop/system/tile_prci_domain/tile_reset_domain_tile/gemmini/ex_controller/mesh/mesh/mesh_4_7/tile_0_0                                                     
   163     0.02% 5.33836e-07 3.21871e-05 2.94195e-05 6.21404e-05  10 /ChipTop/system/tile_prci_domain/tile_reset_domain_tile/gemmini/ex_controller/mesh/mesh/mesh_4_7/tile_0_0/mac_unit                                            
   741     0.11% 2.07317e-06 3.13776e-03 7.35890e-05 3.21343e-03   8 /ChipTop/system/tile_prci_domain/tile_reset_domain_tile/gemmini/ex_controller/mesh/mesh/mesh_2_11                                                             
   741     0.11% 2.07317e-06 3.13776e-03 7.35890e-05 3.21343e-03   9 /ChipTop/system/tile_prci_domain/tile_reset_domain_tile/gemmini/ex_controller/mesh/mesh/mesh_2_11/tile_0_0                                                    
   166     0.03% 5.30502e-07 3.24813e-05 3.03058e-05 6.33176e-05  10 /ChipTop/system/tile_prci_domain/tile_reset_domain_tile/gemmini/ex_controller/mesh/mesh/mesh_2_11/tile_0_0/mac_unit                                           
   738     0.11% 2.11739e-06 3.13954e-03 7.16633e-05 3.21332e-03   8 /ChipTop/system/tile_prci_domain/tile_reset_domain_tile/gemmini/ex_controller/mesh/mesh/mesh_6_4                                                              
   738     0.11% 2.11739e-06 3.13954e-03 7.16633e-05 3.21332e-03   9 /ChipTop/system/tile_prci_domain/tile_reset_domain_tile/gemmini/ex_controller/mesh/mesh/mesh_6_4/tile_0_0                                                     
   163     0.02% 5.30125e-07 2.70110e-05 2.44310e-05 5.19721e-05  10 /ChipTop/system/tile_prci_domain/tile_reset_domain_tile/gemmini/ex_controller/mesh/mesh/mesh_6_4/tile_0_0/mac_unit                                            
   738     0.11% 2.13639e-06 3.14077e-03 7.00517e-05 3.21296e-03   8 /ChipTop/system/tile_prci_domain/tile_reset_domain_tile/gemmini/ex_controller/mesh/mesh/mesh_10_0                                                             
   738     0.11% 2.13639e-06 3.14077e-03 7.00517e-05 3.21296e-03   9 /ChipTop/system/tile_prci_domain/tile_reset_domain_tile/gemmini/ex_controller/mesh/mesh/mesh_10_0/tile_0_0                                                    
   163     0.02% 5.41889e-07 2.29211e-05 1.96591e-05 4.31221e-05  10 /ChipTop/system/tile_prci_domain/tile_reset_domain_tile/gemmini/ex_controller/mesh/mesh/mesh_10_0/tile_0_0/mac_unit                                           
   738     0.11% 2.06706e-06 3.13793e-03 7.28819e-05 3.21288e-03   8 /ChipTop/system/tile_prci_domain/tile_reset_domain_tile/gemmini/ex_controller/mesh/mesh/mesh_6_9                                                              
   738     0.11% 2.06706e-06 3.13793e-03 7.28819e-05 3.21288e-03   9 /ChipTop/system/tile_prci_domain/tile_reset_domain_tile/gemmini/ex_controller/mesh/mesh/mesh_6_9/tile_0_0                                                     
   163     0.02% 5.38395e-07 3.03517e-05 2.80202e-05 5.89103e-05  10 /ChipTop/system/tile_prci_domain/tile_reset_domain_tile/gemmini/ex_controller/mesh/mesh/mesh_6_9/tile_0_0/mac_unit                                            
   738     0.11% 2.08342e-06 3.13769e-03 7.29861e-05 3.21276e-03   8 /ChipTop/system/tile_prci_domain/tile_reset_domain_tile/gemmini/ex_controller/mesh/mesh/mesh_3_15                                                             
   738     0.11% 2.08342e-06 3.13769e-03 7.29861e-05 3.21276e-03   9 /ChipTop/system/tile_prci_domain/tile_reset_domain_tile/gemmini/ex_controller/mesh/mesh/mesh_3_15/tile_0_0                                                    
   163     0.02% 5.31407e-07 2.98351e-05 2.66114e-05 5.69779e-05  10 /ChipTop/system/tile_prci_domain/tile_reset_domain_tile/gemmini/ex_controller/mesh/mesh/mesh_3_15/tile_0_0/mac_unit                                           
   740     0.11% 2.14287e-06 3.13626e-03 7.25577e-05 3.21096e-03   8 /ChipTop/system/tile_prci_domain/tile_reset_domain_tile/gemmini/ex_controller/mesh/mesh/mesh_4_4                                                              
   740     0.11% 2.14287e-06 3.13626e-03 7.25577e-05 3.21096e-03   9 /ChipTop/system/tile_prci_domain/tile_reset_domain_tile/gemmini/ex_controller/mesh/mesh/mesh_4_4/tile_0_0                                                     
   163     0.02% 5.35544e-07 2.91690e-05 2.88216e-05 5.85261e-05  10 /ChipTop/system/tile_prci_domain/tile_reset_domain_tile/gemmini/ex_controller/mesh/mesh/mesh_4_4/tile_0_0/mac_unit                                            
   738     0.11% 2.06705e-06 3.13726e-03 7.06245e-05 3.20996e-03   8 /ChipTop/system/tile_prci_domain/tile_reset_domain_tile/gemmini/ex_controller/mesh/mesh/mesh_4_8                                                              
   738     0.11% 2.06705e-06 3.13726e-03 7.06245e-05 3.20996e-03   9 /ChipTop/system/tile_prci_domain/tile_reset_domain_tile/gemmini/ex_controller/mesh/mesh/mesh_4_8/tile_0_0                                                     
   163     0.02% 5.32787e-07 3.33965e-05 3.00359e-05 6.39652e-05  10 /ChipTop/system/tile_prci_domain/tile_reset_domain_tile/gemmini/ex_controller/mesh/mesh/mesh_4_8/tile_0_0/mac_unit                                            
   738     0.11% 2.06532e-06 3.13727e-03 7.05427e-05 3.20988e-03   8 /ChipTop/system/tile_prci_domain/tile_reset_domain_tile/gemmini/ex_controller/mesh/mesh/mesh_5_14                                                             
   738     0.11% 2.06532e-06 3.13727e-03 7.05427e-05 3.20988e-03   9 /ChipTop/system/tile_prci_domain/tile_reset_domain_tile/gemmini/ex_controller/mesh/mesh/mesh_5_14/tile_0_0                                                    
   163     0.02% 5.34795e-07 3.41358e-05 3.05639e-05 6.52345e-05  10 /ChipTop/system/tile_prci_domain/tile_reset_domain_tile/gemmini/ex_controller/mesh/mesh/mesh_5_14/tile_0_0/mac_unit                                           
   738     0.11% 2.07674e-06 3.13602e-03 7.12272e-05 3.20932e-03   8 /ChipTop/system/tile_prci_domain/tile_reset_domain_tile/gemmini/ex_controller/mesh/mesh/mesh_8_2                                                              
   738     0.11% 2.07674e-06 3.13602e-03 7.12272e-05 3.20932e-03   9 /ChipTop/system/tile_prci_domain/tile_reset_domain_tile/gemmini/ex_controller/mesh/mesh/mesh_8_2/tile_0_0                                                     
   163     0.02% 5.35120e-07 2.75863e-05 2.54125e-05 5.35340e-05  10 /ChipTop/system/tile_prci_domain/tile_reset_domain_tile/gemmini/ex_controller/mesh/mesh/mesh_8_2/tile_0_0/mac_unit                                            
   738     0.11% 2.07308e-06 3.13675e-03 7.03377e-05 3.20916e-03   8 /ChipTop/system/tile_prci_domain/tile_reset_domain_tile/gemmini/ex_controller/mesh/mesh/mesh_5_7                                                              
   738     0.11% 2.07308e-06 3.13675e-03 7.03377e-05 3.20916e-03   9 /ChipTop/system/tile_prci_domain/tile_reset_domain_tile/gemmini/ex_controller/mesh/mesh/mesh_5_7/tile_0_0                                                     
   163     0.02% 5.42832e-07 2.95020e-05 2.62077e-05 5.62525e-05  10 /ChipTop/system/tile_prci_domain/tile_reset_domain_tile/gemmini/ex_controller/mesh/mesh/mesh_5_7/tile_0_0/mac_unit                                            
   738     0.11% 2.09141e-06 3.13562e-03 7.13932e-05 3.20910e-03   8 /ChipTop/system/tile_prci_domain/tile_reset_domain_tile/gemmini/ex_controller/mesh/mesh/mesh_5_9                                                              
   738     0.11% 2.09141e-06 3.13562e-03 7.13932e-05 3.20910e-03   9 /ChipTop/system/tile_prci_domain/tile_reset_domain_tile/gemmini/ex_controller/mesh/mesh/mesh_5_9/tile_0_0                                                     
   163     0.02% 5.35988e-07 3.13725e-05 2.87811e-05 6.06896e-05  10 /ChipTop/system/tile_prci_domain/tile_reset_domain_tile/gemmini/ex_controller/mesh/mesh/mesh_5_9/tile_0_0/mac_unit                                            
   741     0.11% 2.06298e-06 3.13551e-03 7.14778e-05 3.20905e-03   8 /ChipTop/system/tile_prci_domain/tile_reset_domain_tile/gemmini/ex_controller/mesh/mesh/mesh_3_11                                                             
   741     0.11% 2.06298e-06 3.13551e-03 7.14778e-05 3.20905e-03   9 /ChipTop/system/tile_prci_domain/tile_reset_domain_tile/gemmini/ex_controller/mesh/mesh/mesh_3_11/tile_0_0                                                    
   166     0.03% 5.27578e-07 3.06000e-05 2.87252e-05 5.98527e-05  10 /ChipTop/system/tile_prci_domain/tile_reset_domain_tile/gemmini/ex_controller/mesh/mesh/mesh_3_11/tile_0_0/mac_unit                                           
   738     0.11% 2.11310e-06 3.13612e-03 7.03327e-05 3.20857e-03   8 /ChipTop/system/tile_prci_domain/tile_reset_domain_tile/gemmini/ex_controller/mesh/mesh/mesh_6_12                                                             
   738     0.11% 2.11310e-06 3.13612e-03 7.03327e-05 3.20857e-03   9 /ChipTop/system/tile_prci_domain/tile_reset_domain_tile/gemmini/ex_controller/mesh/mesh/mesh_6_12/tile_0_0                                                    
   163     0.02% 5.34463e-07 2.98956e-05 2.71743e-05 5.76043e-05  10 /ChipTop/system/tile_prci_domain/tile_reset_domain_tile/gemmini/ex_controller/mesh/mesh/mesh_6_12/tile_0_0/mac_unit                                           
   738     0.11% 2.06237e-06 3.13656e-03 6.92704e-05 3.20790e-03   8 /ChipTop/system/tile_prci_domain/tile_reset_domain_tile/gemmini/ex_controller/mesh/mesh/mesh_8_12                                                             
   738     0.11% 2.06237e-06 3.13656e-03 6.92704e-05 3.20790e-03   9 /ChipTop/system/tile_prci_domain/tile_reset_domain_tile/gemmini/ex_controller/mesh/mesh/mesh_8_12/tile_0_0                                                    
   163     0.02% 5.33385e-07 2.61083e-05 2.25071e-05 4.91488e-05  10 /ChipTop/system/tile_prci_domain/tile_reset_domain_tile/gemmini/ex_controller/mesh/mesh/mesh_8_12/tile_0_0/mac_unit                                           
   738     0.11% 2.09309e-06 3.13504e-03 7.03858e-05 3.20752e-03   8 /ChipTop/system/tile_prci_domain/tile_reset_domain_tile/gemmini/ex_controller/mesh/mesh/mesh_5_12                                                             
   738     0.11% 2.09309e-06 3.13504e-03 7.03858e-05 3.20752e-03   9 /ChipTop/system/tile_prci_domain/tile_reset_domain_tile/gemmini/ex_controller/mesh/mesh/mesh_5_12/tile_0_0                                                    
   163     0.02% 5.32299e-07 3.10552e-05 2.81568e-05 5.97444e-05  10 /ChipTop/system/tile_prci_domain/tile_reset_domain_tile/gemmini/ex_controller/mesh/mesh/mesh_5_12/tile_0_0/mac_unit                                           
   741     0.11% 2.12723e-06 3.13571e-03 6.92418e-05 3.20708e-03   8 /ChipTop/system/tile_prci_domain/tile_reset_domain_tile/gemmini/ex_controller/mesh/mesh/mesh_6_3                                                              
   741     0.11% 2.12723e-06 3.13571e-03 6.92418e-05 3.20708e-03   9 /ChipTop/system/tile_prci_domain/tile_reset_domain_tile/gemmini/ex_controller/mesh/mesh/mesh_6_3/tile_0_0                                                     
   166     0.03% 5.29074e-07 2.38890e-05 2.15493e-05 4.59674e-05  10 /ChipTop/system/tile_prci_domain/tile_reset_domain_tile/gemmini/ex_controller/mesh/mesh/mesh_6_3/tile_0_0/mac_unit                                            
   738     0.11% 2.07787e-06 3.13523e-03 6.91334e-05 3.20644e-03   8 /ChipTop/system/tile_prci_domain/tile_reset_domain_tile/gemmini/ex_controller/mesh/mesh/mesh_7_12                                                             
   738     0.11% 2.07787e-06 3.13523e-03 6.91334e-05 3.20644e-03   9 /ChipTop/system/tile_prci_domain/tile_reset_domain_tile/gemmini/ex_controller/mesh/mesh/mesh_7_12/tile_0_0                                                    
   163     0.02% 5.47881e-07 2.73838e-05 2.39480e-05 5.18796e-05  10 /ChipTop/system/tile_prci_domain/tile_reset_domain_tile/gemmini/ex_controller/mesh/mesh/mesh_7_12/tile_0_0/mac_unit                                           
   738     0.11% 2.13171e-06 3.13584e-03 6.80519e-05 3.20602e-03   8 /ChipTop/system/tile_prci_domain/tile_reset_domain_tile/gemmini/ex_controller/mesh/mesh/mesh_8_0                                                              
   738     0.11% 2.13171e-06 3.13584e-03 6.80519e-05 3.20602e-03   9 /ChipTop/system/tile_prci_domain/tile_reset_domain_tile/gemmini/ex_controller/mesh/mesh/mesh_8_0/tile_0_0                                                     
   163     0.02% 5.33070e-07 2.52705e-05 2.27841e-05 4.85876e-05  10 /ChipTop/system/tile_prci_domain/tile_reset_domain_tile/gemmini/ex_controller/mesh/mesh/mesh_8_0/tile_0_0/mac_unit                                            
   741     0.11% 2.06914e-06 3.13480e-03 6.88846e-05 3.20576e-03   8 /ChipTop/system/tile_prci_domain/tile_reset_domain_tile/gemmini/ex_controller/mesh/mesh/mesh_5_6                                                              
   741     0.11% 2.06914e-06 3.13480e-03 6.88846e-05 3.20576e-03   9 /ChipTop/system/tile_prci_domain/tile_reset_domain_tile/gemmini/ex_controller/mesh/mesh/mesh_5_6/tile_0_0                                                     
   166     0.03% 5.28466e-07 3.15876e-05 2.88419e-05 6.09580e-05  10 /ChipTop/system/tile_prci_domain/tile_reset_domain_tile/gemmini/ex_controller/mesh/mesh/mesh_5_6/tile_0_0/mac_unit                                            
   741     0.11% 2.09542e-06 3.13279e-03 7.04629e-05 3.20535e-03   8 /ChipTop/system/tile_prci_domain/tile_reset_domain_tile/gemmini/ex_controller/mesh/mesh/mesh_1_11                                                             
   741     0.11% 2.09542e-06 3.13279e-03 7.04629e-05 3.20535e-03   9 /ChipTop/system/tile_prci_domain/tile_reset_domain_tile/gemmini/ex_controller/mesh/mesh/mesh_1_11/tile_0_0                                                    
   166     0.03% 5.34622e-07 3.18028e-05 3.03036e-05 6.26411e-05  10 /ChipTop/system/tile_prci_domain/tile_reset_domain_tile/gemmini/ex_controller/mesh/mesh/mesh_1_11/tile_0_0/mac_unit                                           
   738     0.11% 2.11698e-06 3.13472e-03 6.75610e-05 3.20440e-03   8 /ChipTop/system/tile_prci_domain/tile_reset_domain_tile/gemmini/ex_controller/mesh/mesh/mesh_7_1                                                              
   738     0.11% 2.11698e-06 3.13472e-03 6.75610e-05 3.20440e-03   9 /ChipTop/system/tile_prci_domain/tile_reset_domain_tile/gemmini/ex_controller/mesh/mesh/mesh_7_1/tile_0_0                                                     
   163     0.02% 5.40158e-07 2.55163e-05 2.32658e-05 4.93223e-05  10 /ChipTop/system/tile_prci_domain/tile_reset_domain_tile/gemmini/ex_controller/mesh/mesh/mesh_7_1/tile_0_0/mac_unit                                            
   738     0.11% 2.07997e-06 3.13269e-03 6.88411e-05 3.20361e-03   8 /ChipTop/system/tile_prci_domain/tile_reset_domain_tile/gemmini/ex_controller/mesh/mesh/mesh_7_2                                                              
   738     0.11% 2.07997e-06 3.13269e-03 6.88411e-05 3.20361e-03   9 /ChipTop/system/tile_prci_domain/tile_reset_domain_tile/gemmini/ex_controller/mesh/mesh/mesh_7_2/tile_0_0                                                     
   163     0.02% 5.37460e-07 2.65386e-05 2.43804e-05 5.14564e-05  10 /ChipTop/system/tile_prci_domain/tile_reset_domain_tile/gemmini/ex_controller/mesh/mesh/mesh_7_2/tile_0_0/mac_unit                                            
   738     0.11% 2.06738e-06 3.13326e-03 6.73626e-05 3.20269e-03   8 /ChipTop/system/tile_prci_domain/tile_reset_domain_tile/gemmini/ex_controller/mesh/mesh/mesh_4_9                                                              
   738     0.11% 2.06738e-06 3.13326e-03 6.73626e-05 3.20269e-03   9 /ChipTop/system/tile_prci_domain/tile_reset_domain_tile/gemmini/ex_controller/mesh/mesh/mesh_4_9/tile_0_0                                                     
   163     0.02% 5.33247e-07 2.87547e-05 2.54800e-05 5.47680e-05  10 /ChipTop/system/tile_prci_domain/tile_reset_domain_tile/gemmini/ex_controller/mesh/mesh/mesh_4_9/tile_0_0/mac_unit                                            
   738     0.11% 2.11776e-06 3.13125e-03 6.85942e-05 3.20196e-03   8 /ChipTop/system/tile_prci_domain/tile_reset_domain_tile/gemmini/ex_controller/mesh/mesh/mesh_4_12                                                             
   738     0.11% 2.11776e-06 3.13125e-03 6.85942e-05 3.20196e-03   9 /ChipTop/system/tile_prci_domain/tile_reset_domain_tile/gemmini/ex_controller/mesh/mesh/mesh_4_12/tile_0_0                                                    
   163     0.02% 5.35999e-07 3.30772e-05 3.03878e-05 6.40011e-05  10 /ChipTop/system/tile_prci_domain/tile_reset_domain_tile/gemmini/ex_controller/mesh/mesh/mesh_4_12/tile_0_0/mac_unit                                           
   738     0.11% 2.06567e-06 3.13421e-03 6.56630e-05 3.20194e-03   8 /ChipTop/system/tile_prci_domain/tile_reset_domain_tile/gemmini/ex_controller/mesh/mesh/mesh_9_2                                                              
   738     0.11% 2.06567e-06 3.13421e-03 6.56630e-05 3.20194e-03   9 /ChipTop/system/tile_prci_domain/tile_reset_domain_tile/gemmini/ex_controller/mesh/mesh/mesh_9_2/tile_0_0                                                     
   163     0.02% 5.35728e-07 2.16586e-05 1.86747e-05 4.08690e-05  10 /ChipTop/system/tile_prci_domain/tile_reset_domain_tile/gemmini/ex_controller/mesh/mesh/mesh_9_2/tile_0_0/mac_unit                                            
   738     0.11% 2.06495e-06 3.13204e-03 6.67444e-05 3.20085e-03   8 /ChipTop/system/tile_prci_domain/tile_reset_domain_tile/gemmini/ex_controller/mesh/mesh/mesh_4_14                                                             
   738     0.11% 2.06495e-06 3.13204e-03 6.67444e-05 3.20085e-03   9 /ChipTop/system/tile_prci_domain/tile_reset_domain_tile/gemmini/ex_controller/mesh/mesh/mesh_4_14/tile_0_0                                                    
   163     0.02% 5.34152e-07 3.34708e-05 2.94314e-05 6.34363e-05  10 /ChipTop/system/tile_prci_domain/tile_reset_domain_tile/gemmini/ex_controller/mesh/mesh/mesh_4_14/tile_0_0/mac_unit                                           
   738     0.11% 2.07992e-06 3.13046e-03 6.70789e-05 3.19962e-03   8 /ChipTop/system/tile_prci_domain/tile_reset_domain_tile/gemmini/ex_controller/mesh/mesh/mesh_2_7                                                              
   738     0.11% 2.07992e-06 3.13046e-03 6.70789e-05 3.19962e-03   9 /ChipTop/system/tile_prci_domain/tile_reset_domain_tile/gemmini/ex_controller/mesh/mesh/mesh_2_7/tile_0_0                                                     
   163     0.02% 5.34288e-07 2.93331e-05 2.64818e-05 5.63492e-05  10 /ChipTop/system/tile_prci_domain/tile_reset_domain_tile/gemmini/ex_controller/mesh/mesh/mesh_2_7/tile_0_0/mac_unit                                            
   738     0.11% 2.05593e-06 3.13132e-03 6.61253e-05 3.19950e-03   8 /ChipTop/system/tile_prci_domain/tile_reset_domain_tile/gemmini/ex_controller/mesh/mesh/mesh_2_15                                                             
   738     0.11% 2.05593e-06 3.13132e-03 6.61253e-05 3.19950e-03   9 /ChipTop/system/tile_prci_domain/tile_reset_domain_tile/gemmini/ex_controller/mesh/mesh/mesh_2_15/tile_0_0                                                    
   163     0.02% 5.33609e-07 2.95919e-05 2.58381e-05 5.59636e-05  10 /ChipTop/system/tile_prci_domain/tile_reset_domain_tile/gemmini/ex_controller/mesh/mesh/mesh_2_15/tile_0_0/mac_unit                                           
   741     0.11% 2.08287e-06 3.12983e-03 6.72003e-05 3.19911e-03   8 /ChipTop/system/tile_prci_domain/tile_reset_domain_tile/gemmini/ex_controller/mesh/mesh/mesh_4_6                                                              
   741     0.11% 2.08287e-06 3.12983e-03 6.72003e-05 3.19911e-03   9 /ChipTop/system/tile_prci_domain/tile_reset_domain_tile/gemmini/ex_controller/mesh/mesh/mesh_4_6/tile_0_0                                                     
   166     0.03% 5.27834e-07 3.10699e-05 2.86683e-05 6.02660e-05  10 /ChipTop/system/tile_prci_domain/tile_reset_domain_tile/gemmini/ex_controller/mesh/mesh/mesh_4_6/tile_0_0/mac_unit                                            
   741     0.11% 2.05840e-06 3.13072e-03 6.60704e-05 3.19885e-03   8 /ChipTop/system/tile_prci_domain/tile_reset_domain_tile/gemmini/ex_controller/mesh/mesh/mesh_3_13                                                             
   741     0.11% 2.05840e-06 3.13072e-03 6.60704e-05 3.19885e-03   9 /ChipTop/system/tile_prci_domain/tile_reset_domain_tile/gemmini/ex_controller/mesh/mesh/mesh_3_13/tile_0_0                                                    
   166     0.03% 5.25518e-07 2.77151e-05 2.52165e-05 5.34571e-05  10 /ChipTop/system/tile_prci_domain/tile_reset_domain_tile/gemmini/ex_controller/mesh/mesh/mesh_3_13/tile_0_0/mac_unit                                           
   741     0.11% 2.07984e-06 3.12944e-03 6.72069e-05 3.19872e-03   8 /ChipTop/system/tile_prci_domain/tile_reset_domain_tile/gemmini/ex_controller/mesh/mesh/mesh_5_5                                                              
   741     0.11% 2.07984e-06 3.12944e-03 6.72069e-05 3.19872e-03   9 /ChipTop/system/tile_prci_domain/tile_reset_domain_tile/gemmini/ex_controller/mesh/mesh/mesh_5_5/tile_0_0                                                     
   166     0.03% 5.27677e-07 2.79975e-05 2.57175e-05 5.42427e-05  10 /ChipTop/system/tile_prci_domain/tile_reset_domain_tile/gemmini/ex_controller/mesh/mesh/mesh_5_5/tile_0_0/mac_unit                                            
   741     0.11% 2.11532e-06 3.12956e-03 6.58266e-05 3.19750e-03   8 /ChipTop/system/tile_prci_domain/tile_reset_domain_tile/gemmini/ex_controller/mesh/mesh/mesh_3_4                                                              
   741     0.11% 2.11532e-06 3.12956e-03 6.58266e-05 3.19750e-03   9 /ChipTop/system/tile_prci_domain/tile_reset_domain_tile/gemmini/ex_controller/mesh/mesh/mesh_3_4/tile_0_0                                                     
   166     0.03% 5.27445e-07 2.71170e-05 2.47303e-05 5.23748e-05  10 /ChipTop/system/tile_prci_domain/tile_reset_domain_tile/gemmini/ex_controller/mesh/mesh/mesh_3_4/tile_0_0/mac_unit                                            
   741     0.11% 2.11295e-06 3.12902e-03 6.55952e-05 3.19673e-03   8 /ChipTop/system/tile_prci_domain/tile_reset_domain_tile/gemmini/ex_controller/mesh/mesh/mesh_5_3                                                              
   741     0.11% 2.11295e-06 3.12902e-03 6.55952e-05 3.19673e-03   9 /ChipTop/system/tile_prci_domain/tile_reset_domain_tile/gemmini/ex_controller/mesh/mesh/mesh_5_3/tile_0_0                                                     
   166     0.03% 5.31915e-07 2.54926e-05 2.27602e-05 4.87848e-05  10 /ChipTop/system/tile_prci_domain/tile_reset_domain_tile/gemmini/ex_controller/mesh/mesh/mesh_5_3/tile_0_0/mac_unit                                            
   738     0.11% 2.05824e-06 3.12856e-03 6.58791e-05 3.19649e-03   8 /ChipTop/system/tile_prci_domain/tile_reset_domain_tile/gemmini/ex_controller/mesh/mesh/mesh_1_15                                                             
   738     0.11% 2.05824e-06 3.12856e-03 6.58791e-05 3.19649e-03   9 /ChipTop/system/tile_prci_domain/tile_reset_domain_tile/gemmini/ex_controller/mesh/mesh/mesh_1_15/tile_0_0                                                    
   163     0.02% 5.40096e-07 3.02051e-05 2.68870e-05 5.76322e-05  10 /ChipTop/system/tile_prci_domain/tile_reset_domain_tile/gemmini/ex_controller/mesh/mesh/mesh_1_15/tile_0_0/mac_unit                                           
   738     0.11% 2.05270e-06 3.13040e-03 6.38939e-05 3.19635e-03   8 /ChipTop/system/tile_prci_domain/tile_reset_domain_tile/gemmini/ex_controller/mesh/mesh/mesh_3_8                                                              
   738     0.11% 2.05270e-06 3.13040e-03 6.38939e-05 3.19635e-03   9 /ChipTop/system/tile_prci_domain/tile_reset_domain_tile/gemmini/ex_controller/mesh/mesh/mesh_3_8/tile_0_0                                                     
   163     0.02% 5.29012e-07 2.68617e-05 2.36533e-05 5.10440e-05  10 /ChipTop/system/tile_prci_domain/tile_reset_domain_tile/gemmini/ex_controller/mesh/mesh/mesh_3_8/tile_0_0/mac_unit                                            
   738     0.11% 2.06562e-06 3.12796e-03 6.52088e-05 3.19523e-03   8 /ChipTop/system/tile_prci_domain/tile_reset_domain_tile/gemmini/ex_controller/mesh/mesh/mesh_3_9                                                              
   738     0.11% 2.06562e-06 3.12796e-03 6.52088e-05 3.19523e-03   9 /ChipTop/system/tile_prci_domain/tile_reset_domain_tile/gemmini/ex_controller/mesh/mesh/mesh_3_9/tile_0_0                                                     
   163     0.02% 5.32165e-07 2.75870e-05 2.49944e-05 5.31136e-05  10 /ChipTop/system/tile_prci_domain/tile_reset_domain_tile/gemmini/ex_controller/mesh/mesh/mesh_3_9/tile_0_0/mac_unit                                            
   738     0.11% 2.09710e-06 3.12851e-03 6.41278e-05 3.19473e-03   8 /ChipTop/system/tile_prci_domain/tile_reset_domain_tile/gemmini/ex_controller/mesh/mesh/mesh_2_13                                                             
   738     0.11% 2.09710e-06 3.12851e-03 6.41278e-05 3.19473e-03   9 /ChipTop/system/tile_prci_domain/tile_reset_domain_tile/gemmini/ex_controller/mesh/mesh/mesh_2_13/tile_0_0                                                    
   163     0.02% 5.38215e-07 2.81284e-05 2.50348e-05 5.37014e-05  10 /ChipTop/system/tile_prci_domain/tile_reset_domain_tile/gemmini/ex_controller/mesh/mesh/mesh_2_13/tile_0_0/mac_unit                                           
   738     0.11% 2.04828e-06 3.12745e-03 6.44281e-05 3.19392e-03   8 /ChipTop/system/tile_prci_domain/tile_reset_domain_tile/gemmini/ex_controller/mesh/mesh/mesh_3_10                                                             
   738     0.11% 2.04828e-06 3.12745e-03 6.44281e-05 3.19392e-03   9 /ChipTop/system/tile_prci_domain/tile_reset_domain_tile/gemmini/ex_controller/mesh/mesh/mesh_3_10/tile_0_0                                                    
   163     0.02% 5.29198e-07 2.34617e-05 2.06353e-05 4.46262e-05  10 /ChipTop/system/tile_prci_domain/tile_reset_domain_tile/gemmini/ex_controller/mesh/mesh/mesh_3_10/tile_0_0/mac_unit                                           
   738     0.11% 2.05154e-06 3.12773e-03 6.38915e-05 3.19367e-03   8 /ChipTop/system/tile_prci_domain/tile_reset_domain_tile/gemmini/ex_controller/mesh/mesh/mesh_2_10                                                             
   738     0.11% 2.05154e-06 3.12773e-03 6.38915e-05 3.19367e-03   9 /ChipTop/system/tile_prci_domain/tile_reset_domain_tile/gemmini/ex_controller/mesh/mesh/mesh_2_10/tile_0_0                                                    
   163     0.02% 5.39301e-07 2.62052e-05 2.30348e-05 4.97793e-05  10 /ChipTop/system/tile_prci_domain/tile_reset_domain_tile/gemmini/ex_controller/mesh/mesh/mesh_2_10/tile_0_0/mac_unit                                           
   741     0.11% 2.11590e-06 3.12619e-03 6.47328e-05 3.19304e-03   8 /ChipTop/system/tile_prci_domain/tile_reset_domain_tile/gemmini/ex_controller/mesh/mesh/mesh_2_4                                                              
   741     0.11% 2.11590e-06 3.12619e-03 6.47328e-05 3.19304e-03   9 /ChipTop/system/tile_prci_domain/tile_reset_domain_tile/gemmini/ex_controller/mesh/mesh/mesh_2_4/tile_0_0                                                     
   166     0.03% 5.33013e-07 2.82224e-05 2.56103e-05 5.43658e-05  10 /ChipTop/system/tile_prci_domain/tile_reset_domain_tile/gemmini/ex_controller/mesh/mesh/mesh_2_4/tile_0_0/mac_unit                                            
   741     0.11% 2.11960e-06 3.12545e-03 6.47328e-05 3.19230e-03   8 /ChipTop/system/tile_prci_domain/tile_reset_domain_tile/gemmini/ex_controller/mesh/mesh/mesh_3_3                                                              
   741     0.11% 2.11960e-06 3.12545e-03 6.47328e-05 3.19230e-03   9 /ChipTop/system/tile_prci_domain/tile_reset_domain_tile/gemmini/ex_controller/mesh/mesh/mesh_3_3/tile_0_0                                                     
   166     0.03% 5.27305e-07 2.70940e-05 2.44604e-05 5.20818e-05  10 /ChipTop/system/tile_prci_domain/tile_reset_domain_tile/gemmini/ex_controller/mesh/mesh/mesh_3_3/tile_0_0/mac_unit                                            
   738     0.11% 2.09862e-06 3.12684e-03 6.30095e-05 3.19195e-03   8 /ChipTop/system/tile_prci_domain/tile_reset_domain_tile/gemmini/ex_controller/mesh/mesh/mesh_6_1                                                              
   738     0.11% 2.09862e-06 3.12684e-03 6.30095e-05 3.19195e-03   9 /ChipTop/system/tile_prci_domain/tile_reset_domain_tile/gemmini/ex_controller/mesh/mesh/mesh_6_1/tile_0_0                                                     
   163     0.02% 5.36353e-07 2.37205e-05 2.16452e-05 4.59020e-05  10 /ChipTop/system/tile_prci_domain/tile_reset_domain_tile/gemmini/ex_controller/mesh/mesh/mesh_6_1/tile_0_0/mac_unit                                            
   738     0.11% 2.05058e-06 3.12623e-03 6.33594e-05 3.19164e-03   8 /ChipTop/system/tile_prci_domain/tile_reset_domain_tile/gemmini/ex_controller/mesh/mesh/mesh_1_13                                                             
   738     0.11% 2.05058e-06 3.12623e-03 6.33594e-05 3.19164e-03   9 /ChipTop/system/tile_prci_domain/tile_reset_domain_tile/gemmini/ex_controller/mesh/mesh/mesh_1_13/tile_0_0                                                    
   163     0.02% 5.36862e-07 3.00133e-05 2.70475e-05 5.75976e-05  10 /ChipTop/system/tile_prci_domain/tile_reset_domain_tile/gemmini/ex_controller/mesh/mesh/mesh_1_13/tile_0_0/mac_unit                                           
   810     0.12% 2.35106e-06 3.12245e-03 6.66037e-05 3.19141e-03   8 /ChipTop/system/tile_prci_domain/tile_reset_domain_tile/gemmini/ex_controller/mesh/mesh/mesh_0_15                                                             
   810     0.12% 2.35106e-06 3.12245e-03 6.66037e-05 3.19141e-03   9 /ChipTop/system/tile_prci_domain/tile_reset_domain_tile/gemmini/ex_controller/mesh/mesh/mesh_0_15/tile_0_0                                                    
   164     0.02% 5.29760e-07 2.69124e-05 2.49075e-05 5.23497e-05  10 /ChipTop/system/tile_prci_domain/tile_reset_domain_tile/gemmini/ex_controller/mesh/mesh/mesh_0_15/tile_0_0/mac_unit                                           
   738     0.11% 2.13826e-06 3.12783e-03 6.13717e-05 3.19134e-03   8 /ChipTop/system/tile_prci_domain/tile_reset_domain_tile/gemmini/ex_controller/mesh/mesh/mesh_7_0                                                              
   738     0.11% 2.13826e-06 3.12783e-03 6.13717e-05 3.19134e-03   9 /ChipTop/system/tile_prci_domain/tile_reset_domain_tile/gemmini/ex_controller/mesh/mesh/mesh_7_0/tile_0_0                                                     
   163     0.02% 5.43438e-07 2.23001e-05 1.98843e-05 4.27279e-05  10 /ChipTop/system/tile_prci_domain/tile_reset_domain_tile/gemmini/ex_controller/mesh/mesh/mesh_7_0/tile_0_0/mac_unit                                            
   738     0.11% 2.07452e-06 3.12617e-03 6.29338e-05 3.19118e-03   8 /ChipTop/system/tile_prci_domain/tile_reset_domain_tile/gemmini/ex_controller/mesh/mesh/mesh_3_7                                                              
   738     0.11% 2.07452e-06 3.12617e-03 6.29338e-05 3.19118e-03   9 /ChipTop/system/tile_prci_domain/tile_reset_domain_tile/gemmini/ex_controller/mesh/mesh/mesh_3_7/tile_0_0                                                     
   163     0.02% 5.24621e-07 2.35913e-05 2.07767e-05 4.48927e-05  10 /ChipTop/system/tile_prci_domain/tile_reset_domain_tile/gemmini/ex_controller/mesh/mesh/mesh_3_7/tile_0_0/mac_unit                                            
   741     0.11% 2.08822e-06 3.12432e-03 6.46328e-05 3.19104e-03   8 /ChipTop/system/tile_prci_domain/tile_reset_domain_tile/gemmini/ex_controller/mesh/mesh/mesh_1_12                                                             
   741     0.11% 2.08822e-06 3.12432e-03 6.46328e-05 3.19104e-03   9 /ChipTop/system/tile_prci_domain/tile_reset_domain_tile/gemmini/ex_controller/mesh/mesh/mesh_1_12/tile_0_0                                                    
   166     0.03% 5.33161e-07 3.09037e-05 2.88702e-05 6.03071e-05  10 /ChipTop/system/tile_prci_domain/tile_reset_domain_tile/gemmini/ex_controller/mesh/mesh/mesh_1_12/tile_0_0/mac_unit                                           
   738     0.11% 2.09753e-06 3.12493e-03 6.28802e-05 3.18991e-03   8 /ChipTop/system/tile_prci_domain/tile_reset_domain_tile/gemmini/ex_controller/mesh/mesh/mesh_5_1                                                              
   738     0.11% 2.09753e-06 3.12493e-03 6.28802e-05 3.18991e-03   9 /ChipTop/system/tile_prci_domain/tile_reset_domain_tile/gemmini/ex_controller/mesh/mesh/mesh_5_1/tile_0_0                                                     
   163     0.02% 5.32694e-07 2.61118e-05 2.42625e-05 5.09070e-05  10 /ChipTop/system/tile_prci_domain/tile_reset_domain_tile/gemmini/ex_controller/mesh/mesh/mesh_5_1/tile_0_0/mac_unit                                            
   738     0.11% 2.08153e-06 3.12367e-03 6.29375e-05 3.18869e-03   8 /ChipTop/system/tile_prci_domain/tile_reset_domain_tile/gemmini/ex_controller/mesh/mesh/mesh_1_14                                                             
   738     0.11% 2.08153e-06 3.12367e-03 6.29375e-05 3.18869e-03   9 /ChipTop/system/tile_prci_domain/tile_reset_domain_tile/gemmini/ex_controller/mesh/mesh/mesh_1_14/tile_0_0                                                    
   163     0.02% 5.36545e-07 3.13004e-05 2.84192e-05 6.02562e-05  10 /ChipTop/system/tile_prci_domain/tile_reset_domain_tile/gemmini/ex_controller/mesh/mesh/mesh_1_14/tile_0_0/mac_unit                                           
   738     0.11% 2.09233e-06 3.12412e-03 6.18508e-05 3.18806e-03   8 /ChipTop/system/tile_prci_domain/tile_reset_domain_tile/gemmini/ex_controller/mesh/mesh/mesh_5_2                                                              
   738     0.11% 2.09233e-06 3.12412e-03 6.18508e-05 3.18806e-03   9 /ChipTop/system/tile_prci_domain/tile_reset_domain_tile/gemmini/ex_controller/mesh/mesh/mesh_5_2/tile_0_0                                                     
   163     0.02% 5.38625e-07 2.26936e-05 2.02989e-05 4.35311e-05  10 /ChipTop/system/tile_prci_domain/tile_reset_domain_tile/gemmini/ex_controller/mesh/mesh/mesh_5_2/tile_0_0/mac_unit                                            
   738     0.11% 2.11333e-06 3.12339e-03 6.19195e-05 3.18742e-03   8 /ChipTop/system/tile_prci_domain/tile_reset_domain_tile/gemmini/ex_controller/mesh/mesh/mesh_2_9                                                              
   738     0.11% 2.11333e-06 3.12339e-03 6.19195e-05 3.18742e-03   9 /ChipTop/system/tile_prci_domain/tile_reset_domain_tile/gemmini/ex_controller/mesh/mesh/mesh_2_9/tile_0_0                                                     
   163     0.02% 5.37919e-07 2.60887e-05 2.38250e-05 5.04516e-05  10 /ChipTop/system/tile_prci_domain/tile_reset_domain_tile/gemmini/ex_controller/mesh/mesh/mesh_2_9/tile_0_0/mac_unit                                            
   738     0.11% 2.07407e-06 3.12409e-03 6.10985e-05 3.18726e-03   8 /ChipTop/system/tile_prci_domain/tile_reset_domain_tile/gemmini/ex_controller/mesh/mesh/mesh_6_2                                                              
   738     0.11% 2.07407e-06 3.12409e-03 6.10985e-05 3.18726e-03   9 /ChipTop/system/tile_prci_domain/tile_reset_domain_tile/gemmini/ex_controller/mesh/mesh/mesh_6_2/tile_0_0                                                     
   163     0.02% 5.32896e-07 2.24430e-05 2.00900e-05 4.30659e-05  10 /ChipTop/system/tile_prci_domain/tile_reset_domain_tile/gemmini/ex_controller/mesh/mesh/mesh_6_2/tile_0_0/mac_unit                                            
   738     0.11% 2.12017e-06 3.12544e-03 5.95622e-05 3.18712e-03   8 /ChipTop/system/tile_prci_domain/tile_reset_domain_tile/gemmini/ex_controller/mesh/mesh/mesh_6_0                                                              
   738     0.11% 2.12017e-06 3.12544e-03 5.95622e-05 3.18712e-03   9 /ChipTop/system/tile_prci_domain/tile_reset_domain_tile/gemmini/ex_controller/mesh/mesh/mesh_6_0/tile_0_0                                                     
   163     0.02% 5.33411e-07 2.16907e-05 1.94145e-05 4.16386e-05  10 /ChipTop/system/tile_prci_domain/tile_reset_domain_tile/gemmini/ex_controller/mesh/mesh/mesh_6_0/tile_0_0/mac_unit                                            
   738     0.11% 2.06579e-06 3.12399e-03 6.04968e-05 3.18655e-03   8 /ChipTop/system/tile_prci_domain/tile_reset_domain_tile/gemmini/ex_controller/mesh/mesh/mesh_3_14                                                             
   738     0.11% 2.06579e-06 3.12399e-03 6.04968e-05 3.18655e-03   9 /ChipTop/system/tile_prci_domain/tile_reset_domain_tile/gemmini/ex_controller/mesh/mesh/mesh_3_14/tile_0_0                                                    
   163     0.02% 5.22275e-07 2.75441e-05 2.41125e-05 5.21788e-05  10 /ChipTop/system/tile_prci_domain/tile_reset_domain_tile/gemmini/ex_controller/mesh/mesh/mesh_3_14/tile_0_0/mac_unit                                           
   741     0.11% 2.09508e-06 3.12266e-03 6.15320e-05 3.18629e-03   8 /ChipTop/system/tile_prci_domain/tile_reset_domain_tile/gemmini/ex_controller/mesh/mesh/mesh_4_5                                                              
   741     0.11% 2.09508e-06 3.12266e-03 6.15320e-05 3.18629e-03   9 /ChipTop/system/tile_prci_domain/tile_reset_domain_tile/gemmini/ex_controller/mesh/mesh/mesh_4_5/tile_0_0                                                     
   166     0.03% 5.33565e-07 2.74271e-05 2.52103e-05 5.31709e-05  10 /ChipTop/system/tile_prci_domain/tile_reset_domain_tile/gemmini/ex_controller/mesh/mesh/mesh_4_5/tile_0_0/mac_unit                                            
   812     0.12% 2.30553e-06 3.12007e-03 6.33280e-05 3.18571e-03   8 /ChipTop/system/tile_prci_domain/tile_reset_domain_tile/gemmini/ex_controller/mesh/mesh/mesh_0_11                                                             
   812     0.12% 2.30553e-06 3.12007e-03 6.33280e-05 3.18571e-03   9 /ChipTop/system/tile_prci_domain/tile_reset_domain_tile/gemmini/ex_controller/mesh/mesh/mesh_0_11/tile_0_0                                                    
   166     0.03% 5.16258e-07 2.37099e-05 2.18949e-05 4.61210e-05  10 /ChipTop/system/tile_prci_domain/tile_reset_domain_tile/gemmini/ex_controller/mesh/mesh/mesh_0_11/tile_0_0/mac_unit                                           
   741     0.11% 2.05542e-06 3.12203e-03 6.14621e-05 3.18555e-03   8 /ChipTop/system/tile_prci_domain/tile_reset_domain_tile/gemmini/ex_controller/mesh/mesh/mesh_2_12                                                             
   741     0.11% 2.05542e-06 3.12203e-03 6.14621e-05 3.18555e-03   9 /ChipTop/system/tile_prci_domain/tile_reset_domain_tile/gemmini/ex_controller/mesh/mesh/mesh_2_12/tile_0_0                                                    
   166     0.03% 5.31726e-07 2.82379e-05 2.58052e-05 5.45749e-05  10 /ChipTop/system/tile_prci_domain/tile_reset_domain_tile/gemmini/ex_controller/mesh/mesh/mesh_2_12/tile_0_0/mac_unit                                           
   738     0.11% 2.05712e-06 3.12269e-03 6.07228e-05 3.18547e-03   8 /ChipTop/system/tile_prci_domain/tile_reset_domain_tile/gemmini/ex_controller/mesh/mesh/mesh_1_10                                                             
   738     0.11% 2.05712e-06 3.12269e-03 6.07228e-05 3.18547e-03   9 /ChipTop/system/tile_prci_domain/tile_reset_domain_tile/gemmini/ex_controller/mesh/mesh/mesh_1_10/tile_0_0                                                    
   163     0.02% 5.40126e-07 2.52639e-05 2.19988e-05 4.78028e-05  10 /ChipTop/system/tile_prci_domain/tile_reset_domain_tile/gemmini/ex_controller/mesh/mesh/mesh_1_10/tile_0_0/mac_unit                                           
   738     0.11% 2.09132e-06 3.12230e-03 6.04317e-05 3.18483e-03   8 /ChipTop/system/tile_prci_domain/tile_reset_domain_tile/gemmini/ex_controller/mesh/mesh/mesh_2_14                                                             
   738     0.11% 2.09132e-06 3.12230e-03 6.04317e-05 3.18483e-03   9 /ChipTop/system/tile_prci_domain/tile_reset_domain_tile/gemmini/ex_controller/mesh/mesh/mesh_2_14/tile_0_0                                                    
   163     0.02% 5.35874e-07 2.87162e-05 2.56006e-05 5.48527e-05  10 /ChipTop/system/tile_prci_domain/tile_reset_domain_tile/gemmini/ex_controller/mesh/mesh/mesh_2_14/tile_0_0/mac_unit                                           
   738     0.11% 2.07430e-06 3.12228e-03 5.98817e-05 3.18423e-03   8 /ChipTop/system/tile_prci_domain/tile_reset_domain_tile/gemmini/ex_controller/mesh/mesh/mesh_4_2                                                              
   738     0.11% 2.07430e-06 3.12228e-03 5.98817e-05 3.18423e-03   9 /ChipTop/system/tile_prci_domain/tile_reset_domain_tile/gemmini/ex_controller/mesh/mesh/mesh_4_2/tile_0_0                                                     
   163     0.02% 5.36027e-07 2.23462e-05 1.99312e-05 4.28134e-05  10 /ChipTop/system/tile_prci_domain/tile_reset_domain_tile/gemmini/ex_controller/mesh/mesh/mesh_4_2/tile_0_0/mac_unit                                            
   738     0.11% 2.08532e-06 3.12289e-03 5.83836e-05 3.18336e-03   8 /ChipTop/system/tile_prci_domain/tile_reset_domain_tile/gemmini/ex_controller/mesh/mesh/mesh_2_8                                                              
   738     0.11% 2.08532e-06 3.12289e-03 5.83836e-05 3.18336e-03   9 /ChipTop/system/tile_prci_domain/tile_reset_domain_tile/gemmini/ex_controller/mesh/mesh/mesh_2_8/tile_0_0                                                     
   163     0.02% 5.30176e-07 2.42537e-05 2.14053e-05 4.61892e-05  10 /ChipTop/system/tile_prci_domain/tile_reset_domain_tile/gemmini/ex_controller/mesh/mesh/mesh_2_8/tile_0_0/mac_unit                                            
   738     0.11% 2.07503e-06 3.12048e-03 6.04125e-05 3.18296e-03   8 /ChipTop/system/tile_prci_domain/tile_reset_domain_tile/gemmini/ex_controller/mesh/mesh/mesh_1_9                                                              
   738     0.11% 2.07503e-06 3.12048e-03 6.04125e-05 3.18296e-03   9 /ChipTop/system/tile_prci_domain/tile_reset_domain_tile/gemmini/ex_controller/mesh/mesh/mesh_1_9/tile_0_0                                                     
   163     0.02% 5.40602e-07 2.66697e-05 2.44144e-05 5.16247e-05  10 /ChipTop/system/tile_prci_domain/tile_reset_domain_tile/gemmini/ex_controller/mesh/mesh/mesh_1_9/tile_0_0/mac_unit                                            
   738     0.11% 2.08795e-06 3.12115e-03 5.90544e-05 3.18230e-03   8 /ChipTop/system/tile_prci_domain/tile_reset_domain_tile/gemmini/ex_controller/mesh/mesh/mesh_1_7                                                              
   738     0.11% 2.08795e-06 3.12115e-03 5.90544e-05 3.18230e-03   9 /ChipTop/system/tile_prci_domain/tile_reset_domain_tile/gemmini/ex_controller/mesh/mesh/mesh_1_7/tile_0_0                                                     
   163     0.02% 5.42461e-07 2.51317e-05 2.25667e-05 4.82409e-05  10 /ChipTop/system/tile_prci_domain/tile_reset_domain_tile/gemmini/ex_controller/mesh/mesh/mesh_1_7/tile_0_0/mac_unit                                            
   738     0.11% 2.10231e-06 3.12087e-03 5.90471e-05 3.18202e-03   8 /ChipTop/system/tile_prci_domain/tile_reset_domain_tile/gemmini/ex_controller/mesh/mesh/mesh_4_1                                                              
   738     0.11% 2.10231e-06 3.12087e-03 5.90471e-05 3.18202e-03   9 /ChipTop/system/tile_prci_domain/tile_reset_domain_tile/gemmini/ex_controller/mesh/mesh/mesh_4_1/tile_0_0                                                     
   163     0.02% 5.31302e-07 2.48988e-05 2.26823e-05 4.81124e-05  10 /ChipTop/system/tile_prci_domain/tile_reset_domain_tile/gemmini/ex_controller/mesh/mesh/mesh_4_1/tile_0_0/mac_unit                                            
   738     0.11% 2.09268e-06 3.12115e-03 5.86275e-05 3.18187e-03   8 /ChipTop/system/tile_prci_domain/tile_reset_domain_tile/gemmini/ex_controller/mesh/mesh/mesh_1_8                                                              
   738     0.11% 2.09268e-06 3.12115e-03 5.86275e-05 3.18187e-03   9 /ChipTop/system/tile_prci_domain/tile_reset_domain_tile/gemmini/ex_controller/mesh/mesh/mesh_1_8/tile_0_0                                                     
   163     0.02% 5.39493e-07 2.51475e-05 2.25362e-05 4.82232e-05  10 /ChipTop/system/tile_prci_domain/tile_reset_domain_tile/gemmini/ex_controller/mesh/mesh/mesh_1_8/tile_0_0/mac_unit                                            
   812     0.12% 2.36097e-06 3.11778e-03 6.09830e-05 3.18113e-03   8 /ChipTop/system/tile_prci_domain/tile_reset_domain_tile/gemmini/ex_controller/mesh/mesh/mesh_0_10                                                             
   812     0.12% 2.36097e-06 3.11778e-03 6.09830e-05 3.18113e-03   9 /ChipTop/system/tile_prci_domain/tile_reset_domain_tile/gemmini/ex_controller/mesh/mesh/mesh_0_10/tile_0_0                                                    
   166     0.03% 5.36310e-07 2.40889e-05 2.18305e-05 4.64557e-05  10 /ChipTop/system/tile_prci_domain/tile_reset_domain_tile/gemmini/ex_controller/mesh/mesh/mesh_0_10/tile_0_0/mac_unit                                           
   741     0.11% 2.07297e-06 3.12007e-03 5.87551e-05 3.18090e-03   8 /ChipTop/system/tile_prci_domain/tile_reset_domain_tile/gemmini/ex_controller/mesh/mesh/mesh_3_6                                                              
   741     0.11% 2.07297e-06 3.12007e-03 5.87551e-05 3.18090e-03   9 /ChipTop/system/tile_prci_domain/tile_reset_domain_tile/gemmini/ex_controller/mesh/mesh/mesh_3_6/tile_0_0                                                     
   166     0.03% 5.31178e-07 2.54126e-05 2.33042e-05 4.92480e-05  10 /ChipTop/system/tile_prci_domain/tile_reset_domain_tile/gemmini/ex_controller/mesh/mesh/mesh_3_6/tile_0_0/mac_unit                                            
   738     0.11% 2.12733e-06 3.12067e-03 5.80294e-05 3.18083e-03   8 /ChipTop/system/tile_prci_domain/tile_reset_domain_tile/gemmini/ex_controller/mesh/mesh/mesh_4_0                                                              
   738     0.11% 2.12733e-06 3.12067e-03 5.80294e-05 3.18083e-03   9 /ChipTop/system/tile_prci_domain/tile_reset_domain_tile/gemmini/ex_controller/mesh/mesh/mesh_4_0/tile_0_0                                                     
   163     0.02% 5.39508e-07 2.33273e-05 2.12947e-05 4.51615e-05  10 /ChipTop/system/tile_prci_domain/tile_reset_domain_tile/gemmini/ex_controller/mesh/mesh/mesh_4_0/tile_0_0/mac_unit                                            
   741     0.11% 2.08187e-06 3.11853e-03 5.95927e-05 3.18020e-03   8 /ChipTop/system/tile_prci_domain/tile_reset_domain_tile/gemmini/ex_controller/mesh/mesh/mesh_2_6                                                              
   741     0.11% 2.08187e-06 3.11853e-03 5.95927e-05 3.18020e-03   9 /ChipTop/system/tile_prci_domain/tile_reset_domain_tile/gemmini/ex_controller/mesh/mesh/mesh_2_6/tile_0_0                                                     
   166     0.03% 5.29373e-07 2.81452e-05 2.54992e-05 5.41738e-05  10 /ChipTop/system/tile_prci_domain/tile_reset_domain_tile/gemmini/ex_controller/mesh/mesh/mesh_2_6/tile_0_0/mac_unit                                            
   741     0.11% 2.10801e-06 3.11844e-03 5.87867e-05 3.17933e-03   8 /ChipTop/system/tile_prci_domain/tile_reset_domain_tile/gemmini/ex_controller/mesh/mesh/mesh_2_3                                                              
   741     0.11% 2.10801e-06 3.11844e-03 5.87867e-05 3.17933e-03   9 /ChipTop/system/tile_prci_domain/tile_reset_domain_tile/gemmini/ex_controller/mesh/mesh/mesh_2_3/tile_0_0                                                     
   166     0.03% 5.31201e-07 2.40006e-05 2.12250e-05 4.57567e-05  10 /ChipTop/system/tile_prci_domain/tile_reset_domain_tile/gemmini/ex_controller/mesh/mesh/mesh_2_3/tile_0_0/mac_unit                                            
   738     0.11% 2.13353e-06 3.12022e-03 5.68605e-05 3.17922e-03   8 /ChipTop/system/tile_prci_domain/tile_reset_domain_tile/gemmini/ex_controller/mesh/mesh/mesh_5_0                                                              
   738     0.11% 2.13353e-06 3.12022e-03 5.68605e-05 3.17922e-03   9 /ChipTop/system/tile_prci_domain/tile_reset_domain_tile/gemmini/ex_controller/mesh/mesh/mesh_5_0/tile_0_0                                                     
   163     0.02% 5.36986e-07 2.17348e-05 1.93019e-05 4.15737e-05  10 /ChipTop/system/tile_prci_domain/tile_reset_domain_tile/gemmini/ex_controller/mesh/mesh/mesh_5_0/tile_0_0/mac_unit                                            
   738     0.11% 2.08313e-06 3.11873e-03 5.79685e-05 3.17879e-03   8 /ChipTop/system/tile_prci_domain/tile_reset_domain_tile/gemmini/ex_controller/mesh/mesh/mesh_3_2                                                              
   738     0.11% 2.08313e-06 3.11873e-03 5.79685e-05 3.17879e-03   9 /ChipTop/system/tile_prci_domain/tile_reset_domain_tile/gemmini/ex_controller/mesh/mesh/mesh_3_2/tile_0_0                                                     
   163     0.02% 5.31351e-07 2.42138e-05 2.14965e-05 4.62416e-05  10 /ChipTop/system/tile_prci_domain/tile_reset_domain_tile/gemmini/ex_controller/mesh/mesh/mesh_3_2/tile_0_0/mac_unit                                            
   740     0.11% 2.08417e-06 3.11932e-03 5.72502e-05 3.17865e-03   8 /ChipTop/system/tile_prci_domain/tile_reset_domain_tile/gemmini/ex_controller/mesh/mesh/mesh_3_12                                                             
   740     0.11% 2.08417e-06 3.11932e-03 5.72502e-05 3.17865e-03   9 /ChipTop/system/tile_prci_domain/tile_reset_domain_tile/gemmini/ex_controller/mesh/mesh/mesh_3_12/tile_0_0                                                    
   163     0.02% 5.32613e-07 2.30045e-05 2.10155e-05 4.45526e-05  10 /ChipTop/system/tile_prci_domain/tile_reset_domain_tile/gemmini/ex_controller/mesh/mesh/mesh_3_12/tile_0_0/mac_unit                                           
   741     0.11% 2.11012e-06 3.11725e-03 5.88370e-05 3.17820e-03   8 /ChipTop/system/tile_prci_domain/tile_reset_domain_tile/gemmini/ex_controller/mesh/mesh/mesh_1_3                                                              
   741     0.11% 2.11012e-06 3.11725e-03 5.88370e-05 3.17820e-03   9 /ChipTop/system/tile_prci_domain/tile_reset_domain_tile/gemmini/ex_controller/mesh/mesh/mesh_1_3/tile_0_0                                                     
   166     0.03% 5.30559e-07 2.46028e-05 2.22062e-05 4.73396e-05  10 /ChipTop/system/tile_prci_domain/tile_reset_domain_tile/gemmini/ex_controller/mesh/mesh/mesh_1_3/tile_0_0/mac_unit                                            
   741     0.11% 2.10575e-06 3.11864e-03 5.72881e-05 3.17803e-03   8 /ChipTop/system/tile_prci_domain/tile_reset_domain_tile/gemmini/ex_controller/mesh/mesh/mesh_4_3                                                              
   741     0.11% 2.10575e-06 3.11864e-03 5.72881e-05 3.17803e-03   9 /ChipTop/system/tile_prci_domain/tile_reset_domain_tile/gemmini/ex_controller/mesh/mesh/mesh_4_3/tile_0_0                                                     
   166     0.03% 5.28945e-07 2.12360e-05 1.84995e-05 4.02644e-05  10 /ChipTop/system/tile_prci_domain/tile_reset_domain_tile/gemmini/ex_controller/mesh/mesh/mesh_4_3/tile_0_0/mac_unit                                            
   738     0.11% 2.10798e-06 3.11683e-03 5.77273e-05 3.17666e-03   8 /ChipTop/system/tile_prci_domain/tile_reset_domain_tile/gemmini/ex_controller/mesh/mesh/mesh_3_5                                                              
   738     0.11% 2.10798e-06 3.11683e-03 5.77273e-05 3.17666e-03   9 /ChipTop/system/tile_prci_domain/tile_reset_domain_tile/gemmini/ex_controller/mesh/mesh/mesh_3_5/tile_0_0                                                     
   163     0.02% 5.35990e-07 2.55133e-05 2.35260e-05 4.95753e-05  10 /ChipTop/system/tile_prci_domain/tile_reset_domain_tile/gemmini/ex_controller/mesh/mesh/mesh_3_5/tile_0_0/mac_unit                                            
   741     0.11% 2.09754e-06 3.11501e-03 5.66851e-05 3.17380e-03   8 /ChipTop/system/tile_prci_domain/tile_reset_domain_tile/gemmini/ex_controller/mesh/mesh/mesh_1_4                                                              
   741     0.11% 2.09754e-06 3.11501e-03 5.66851e-05 3.17380e-03   9 /ChipTop/system/tile_prci_domain/tile_reset_domain_tile/gemmini/ex_controller/mesh/mesh/mesh_1_4/tile_0_0                                                     
   166     0.03% 5.30164e-07 2.53203e-05 2.32103e-05 4.90607e-05  10 /ChipTop/system/tile_prci_domain/tile_reset_domain_tile/gemmini/ex_controller/mesh/mesh/mesh_1_4/tile_0_0/mac_unit                                            
   741     0.11% 2.07482e-06 3.11384e-03 5.70303e-05 3.17294e-03   8 /ChipTop/system/tile_prci_domain/tile_reset_domain_tile/gemmini/ex_controller/mesh/mesh/mesh_1_6                                                              
   741     0.11% 2.07482e-06 3.11384e-03 5.70303e-05 3.17294e-03   9 /ChipTop/system/tile_prci_domain/tile_reset_domain_tile/gemmini/ex_controller/mesh/mesh/mesh_1_6/tile_0_0                                                     
   166     0.03% 5.27841e-07 2.79376e-05 2.54989e-05 5.39643e-05  10 /ChipTop/system/tile_prci_domain/tile_reset_domain_tile/gemmini/ex_controller/mesh/mesh/mesh_1_6/tile_0_0/mac_unit                                            
   812     0.12% 2.34730e-06 3.11340e-03 5.68007e-05 3.17255e-03   8 /ChipTop/system/tile_prci_domain/tile_reset_domain_tile/gemmini/ex_controller/mesh/mesh/mesh_0_13                                                             
   812     0.12% 2.34730e-06 3.11340e-03 5.68007e-05 3.17255e-03   9 /ChipTop/system/tile_prci_domain/tile_reset_domain_tile/gemmini/ex_controller/mesh/mesh/mesh_0_13/tile_0_0                                                    
   166     0.03% 5.30999e-07 2.14804e-05 1.94883e-05 4.14997e-05  10 /ChipTop/system/tile_prci_domain/tile_reset_domain_tile/gemmini/ex_controller/mesh/mesh/mesh_0_13/tile_0_0/mac_unit                                           
   738     0.11% 2.09315e-06 3.11500e-03 5.53388e-05 3.17243e-03   8 /ChipTop/system/tile_prci_domain/tile_reset_domain_tile/gemmini/ex_controller/mesh/mesh/mesh_2_2                                                              
   738     0.11% 2.09315e-06 3.11500e-03 5.53388e-05 3.17243e-03   9 /ChipTop/system/tile_prci_domain/tile_reset_domain_tile/gemmini/ex_controller/mesh/mesh/mesh_2_2/tile_0_0                                                     
   163     0.02% 5.34400e-07 2.30242e-05 2.04404e-05 4.39990e-05  10 /ChipTop/system/tile_prci_domain/tile_reset_domain_tile/gemmini/ex_controller/mesh/mesh/mesh_2_2/tile_0_0/mac_unit                                            
   738     0.11% 2.12474e-06 3.11413e-03 5.28650e-05 3.16911e-03   8 /ChipTop/system/tile_prci_domain/tile_reset_domain_tile/gemmini/ex_controller/mesh/mesh/mesh_3_0                                                              
   738     0.11% 2.12474e-06 3.11413e-03 5.28650e-05 3.16911e-03   9 /ChipTop/system/tile_prci_domain/tile_reset_domain_tile/gemmini/ex_controller/mesh/mesh/mesh_3_0/tile_0_0                                                     
   163     0.02% 5.31915e-07 2.01828e-05 1.82570e-05 3.89717e-05  10 /ChipTop/system/tile_prci_domain/tile_reset_domain_tile/gemmini/ex_controller/mesh/mesh/mesh_3_0/tile_0_0/mac_unit                                            
   738     0.11% 2.10134e-06 3.11218e-03 5.37023e-05 3.16798e-03   8 /ChipTop/system/tile_prci_domain/tile_reset_domain_tile/gemmini/ex_controller/mesh/mesh/mesh_3_1                                                              
   738     0.11% 2.10134e-06 3.11218e-03 5.37023e-05 3.16798e-03   9 /ChipTop/system/tile_prci_domain/tile_reset_domain_tile/gemmini/ex_controller/mesh/mesh/mesh_3_1/tile_0_0                                                     
   163     0.02% 5.36108e-07 2.20768e-05 2.01505e-05 4.27635e-05  10 /ChipTop/system/tile_prci_domain/tile_reset_domain_tile/gemmini/ex_controller/mesh/mesh/mesh_3_1/tile_0_0/mac_unit                                            
   812     0.12% 2.26107e-06 3.10837e-03 5.47425e-05 3.16537e-03   8 /ChipTop/system/tile_prci_domain/tile_reset_domain_tile/gemmini/ex_controller/mesh/mesh/mesh_0_3                                                              
   812     0.12% 2.26107e-06 3.10837e-03 5.47425e-05 3.16537e-03   9 /ChipTop/system/tile_prci_domain/tile_reset_domain_tile/gemmini/ex_controller/mesh/mesh/mesh_0_3/tile_0_0                                                     
   166     0.03% 5.21902e-07 1.98024e-05 1.82785e-05 3.86029e-05  10 /ChipTop/system/tile_prci_domain/tile_reset_domain_tile/gemmini/ex_controller/mesh/mesh/mesh_0_3/tile_0_0/mac_unit                                            
   812     0.12% 2.30860e-06 3.10742e-03 5.52055e-05 3.16494e-03   8 /ChipTop/system/tile_prci_domain/tile_reset_domain_tile/gemmini/ex_controller/mesh/mesh/mesh_0_12                                                             
   812     0.12% 2.30860e-06 3.10742e-03 5.52055e-05 3.16494e-03   9 /ChipTop/system/tile_prci_domain/tile_reset_domain_tile/gemmini/ex_controller/mesh/mesh/mesh_0_12/tile_0_0                                                    
   166     0.03% 5.18249e-07 2.38398e-05 2.19529e-05 4.63110e-05  10 /ChipTop/system/tile_prci_domain/tile_reset_domain_tile/gemmini/ex_controller/mesh/mesh/mesh_0_12/tile_0_0/mac_unit                                           
   812     0.12% 2.31812e-06 3.10745e-03 5.38393e-05 3.16361e-03   8 /ChipTop/system/tile_prci_domain/tile_reset_domain_tile/gemmini/ex_controller/mesh/mesh/mesh_0_7                                                              
   812     0.12% 2.31812e-06 3.10745e-03 5.38393e-05 3.16361e-03   9 /ChipTop/system/tile_prci_domain/tile_reset_domain_tile/gemmini/ex_controller/mesh/mesh/mesh_0_7/tile_0_0                                                     
   166     0.03% 5.28880e-07 1.89857e-05 1.71598e-05 3.66744e-05  10 /ChipTop/system/tile_prci_domain/tile_reset_domain_tile/gemmini/ex_controller/mesh/mesh/mesh_0_7/tile_0_0/mac_unit                                            
   809     0.12% 2.32241e-06 3.10599e-03 5.35801e-05 3.16189e-03   8 /ChipTop/system/tile_prci_domain/tile_reset_domain_tile/gemmini/ex_controller/mesh/mesh/mesh_0_9                                                              
   809     0.12% 2.32241e-06 3.10599e-03 5.35801e-05 3.16189e-03   9 /ChipTop/system/tile_prci_domain/tile_reset_domain_tile/gemmini/ex_controller/mesh/mesh/mesh_0_9/tile_0_0                                                     
   163     0.02% 5.29648e-07 2.17766e-05 1.96830e-05 4.19893e-05  10 /ChipTop/system/tile_prci_domain/tile_reset_domain_tile/gemmini/ex_controller/mesh/mesh/mesh_0_9/tile_0_0/mac_unit                                            
   812     0.12% 2.29832e-06 3.10481e-03 5.42790e-05 3.16139e-03   8 /ChipTop/system/tile_prci_domain/tile_reset_domain_tile/gemmini/ex_controller/mesh/mesh/mesh_0_6                                                              
   812     0.12% 2.29832e-06 3.10481e-03 5.42790e-05 3.16139e-03   9 /ChipTop/system/tile_prci_domain/tile_reset_domain_tile/gemmini/ex_controller/mesh/mesh/mesh_0_6/tile_0_0                                                     
   166     0.03% 5.21754e-07 2.41992e-05 2.29058e-05 4.76268e-05  10 /ChipTop/system/tile_prci_domain/tile_reset_domain_tile/gemmini/ex_controller/mesh/mesh/mesh_0_6/tile_0_0/mac_unit                                            
   738     0.11% 2.12952e-06 3.10930e-03 4.97682e-05 3.16120e-03   8 /ChipTop/system/tile_prci_domain/tile_reset_domain_tile/gemmini/ex_controller/mesh/mesh/mesh_2_0                                                              
   738     0.11% 2.12952e-06 3.10930e-03 4.97682e-05 3.16120e-03   9 /ChipTop/system/tile_prci_domain/tile_reset_domain_tile/gemmini/ex_controller/mesh/mesh/mesh_2_0/tile_0_0                                                     
   163     0.02% 5.43891e-07 2.06142e-05 1.81998e-05 3.93579e-05  10 /ChipTop/system/tile_prci_domain/tile_reset_domain_tile/gemmini/ex_controller/mesh/mesh/mesh_2_0/tile_0_0/mac_unit                                            
   738     0.11% 2.09099e-06 3.10888e-03 4.99441e-05 3.16091e-03   8 /ChipTop/system/tile_prci_domain/tile_reset_domain_tile/gemmini/ex_controller/mesh/mesh/mesh_2_5                                                              
   738     0.11% 2.09099e-06 3.10888e-03 4.99441e-05 3.16091e-03   9 /ChipTop/system/tile_prci_domain/tile_reset_domain_tile/gemmini/ex_controller/mesh/mesh/mesh_2_5/tile_0_0                                                     
   163     0.02% 5.45160e-07 2.08154e-05 1.82422e-05 3.96028e-05  10 /ChipTop/system/tile_prci_domain/tile_reset_domain_tile/gemmini/ex_controller/mesh/mesh/mesh_2_5/tile_0_0/mac_unit                                            
   809     0.12% 2.33044e-06 3.10581e-03 5.18722e-05 3.16001e-03   8 /ChipTop/system/tile_prci_domain/tile_reset_domain_tile/gemmini/ex_controller/mesh/mesh/mesh_0_8                                                              
   809     0.12% 2.33044e-06 3.10581e-03 5.18722e-05 3.16001e-03   9 /ChipTop/system/tile_prci_domain/tile_reset_domain_tile/gemmini/ex_controller/mesh/mesh/mesh_0_8/tile_0_0                                                     
   163     0.02% 5.21822e-07 1.90126e-05 1.70340e-05 3.65684e-05  10 /ChipTop/system/tile_prci_domain/tile_reset_domain_tile/gemmini/ex_controller/mesh/mesh/mesh_0_8/tile_0_0/mac_unit                                            
   812     0.12% 2.25313e-06 3.10521e-03 5.23066e-05 3.15977e-03   8 /ChipTop/system/tile_prci_domain/tile_reset_domain_tile/gemmini/ex_controller/mesh/mesh/mesh_0_4                                                              
   812     0.12% 2.25313e-06 3.10521e-03 5.23066e-05 3.15977e-03   9 /ChipTop/system/tile_prci_domain/tile_reset_domain_tile/gemmini/ex_controller/mesh/mesh/mesh_0_4/tile_0_0                                                     
   166     0.03% 5.21350e-07 1.87202e-05 1.72201e-05 3.64617e-05  10 /ChipTop/system/tile_prci_domain/tile_reset_domain_tile/gemmini/ex_controller/mesh/mesh/mesh_0_4/tile_0_0/mac_unit                                            
   738     0.11% 2.09193e-06 3.10745e-03 5.02201e-05 3.15977e-03   8 /ChipTop/system/tile_prci_domain/tile_reset_domain_tile/gemmini/ex_controller/mesh/mesh/mesh_1_2                                                              
   738     0.11% 2.09193e-06 3.10745e-03 5.02201e-05 3.15977e-03   9 /ChipTop/system/tile_prci_domain/tile_reset_domain_tile/gemmini/ex_controller/mesh/mesh/mesh_1_2/tile_0_0                                                     
   163     0.02% 5.41168e-07 2.15028e-05 1.93845e-05 4.14284e-05  10 /ChipTop/system/tile_prci_domain/tile_reset_domain_tile/gemmini/ex_controller/mesh/mesh/mesh_1_2/tile_0_0/mac_unit                                            
   812     0.12% 2.35173e-06 3.10625e-03 5.01433e-05 3.15875e-03   8 /ChipTop/system/tile_prci_domain/tile_reset_domain_tile/gemmini/ex_controller/mesh/mesh/mesh_0_14                                                             
   812     0.12% 2.35173e-06 3.10625e-03 5.01433e-05 3.15875e-03   9 /ChipTop/system/tile_prci_domain/tile_reset_domain_tile/gemmini/ex_controller/mesh/mesh/mesh_0_14/tile_0_0                                                    
   166     0.03% 5.33082e-07 1.98548e-05 1.72881e-05 3.76760e-05  10 /ChipTop/system/tile_prci_domain/tile_reset_domain_tile/gemmini/ex_controller/mesh/mesh/mesh_0_14/tile_0_0/mac_unit                                           
   738     0.11% 2.10190e-06 3.10640e-03 4.98096e-05 3.15831e-03   8 /ChipTop/system/tile_prci_domain/tile_reset_domain_tile/gemmini/ex_controller/mesh/mesh/mesh_1_1                                                              
   738     0.11% 2.10190e-06 3.10640e-03 4.98096e-05 3.15831e-03   9 /ChipTop/system/tile_prci_domain/tile_reset_domain_tile/gemmini/ex_controller/mesh/mesh/mesh_1_1/tile_0_0                                                     
   163     0.02% 5.40871e-07 2.07935e-05 1.91726e-05 4.05069e-05  10 /ChipTop/system/tile_prci_domain/tile_reset_domain_tile/gemmini/ex_controller/mesh/mesh/mesh_1_1/tile_0_0/mac_unit                                            
   738     0.11% 2.08890e-06 3.10649e-03 4.94617e-05 3.15804e-03   8 /ChipTop/system/tile_prci_domain/tile_reset_domain_tile/gemmini/ex_controller/mesh/mesh/mesh_1_5                                                              
   738     0.11% 2.08890e-06 3.10649e-03 4.94617e-05 3.15804e-03   9 /ChipTop/system/tile_prci_domain/tile_reset_domain_tile/gemmini/ex_controller/mesh/mesh/mesh_1_5/tile_0_0                                                     
   163     0.02% 5.42032e-07 2.22587e-05 2.01099e-05 4.29107e-05  10 /ChipTop/system/tile_prci_domain/tile_reset_domain_tile/gemmini/ex_controller/mesh/mesh/mesh_1_5/tile_0_0/mac_unit                                            
   738     0.11% 2.09882e-06 3.10698e-03 4.86056e-05 3.15768e-03   8 /ChipTop/system/tile_prci_domain/tile_reset_domain_tile/gemmini/ex_controller/mesh/mesh/mesh_2_1                                                              
   738     0.11% 2.09882e-06 3.10698e-03 4.86056e-05 3.15768e-03   9 /ChipTop/system/tile_prci_domain/tile_reset_domain_tile/gemmini/ex_controller/mesh/mesh/mesh_2_1/tile_0_0                                                     
   163     0.02% 5.41855e-07 1.94713e-05 1.73506e-05 3.73637e-05  10 /ChipTop/system/tile_prci_domain/tile_reset_domain_tile/gemmini/ex_controller/mesh/mesh/mesh_2_1/tile_0_0/mac_unit                                            
   738     0.11% 2.11470e-06 3.10323e-03 4.78907e-05 3.15323e-03   8 /ChipTop/system/tile_prci_domain/tile_reset_domain_tile/gemmini/ex_controller/mesh/mesh/mesh_1_0                                                              
   738     0.11% 2.11470e-06 3.10323e-03 4.78907e-05 3.15323e-03   9 /ChipTop/system/tile_prci_domain/tile_reset_domain_tile/gemmini/ex_controller/mesh/mesh/mesh_1_0/tile_0_0                                                     
   163     0.02% 5.38410e-07 1.97092e-05 1.78492e-05 3.80969e-05  10 /ChipTop/system/tile_prci_domain/tile_reset_domain_tile/gemmini/ex_controller/mesh/mesh/mesh_1_0/tile_0_0/mac_unit                                            
   812     0.12% 2.36578e-06 3.10147e-03 4.89329e-05 3.15277e-03   8 /ChipTop/system/tile_prci_domain/tile_reset_domain_tile/gemmini/ex_controller/mesh/mesh/mesh_0_2                                                              
   812     0.12% 2.36578e-06 3.10147e-03 4.89329e-05 3.15277e-03   9 /ChipTop/system/tile_prci_domain/tile_reset_domain_tile/gemmini/ex_controller/mesh/mesh/mesh_0_2/tile_0_0                                                     
   166     0.03% 5.35170e-07 1.87730e-05 1.72599e-05 3.65681e-05  10 /ChipTop/system/tile_prci_domain/tile_reset_domain_tile/gemmini/ex_controller/mesh/mesh/mesh_0_2/tile_0_0/mac_unit                                            
   812     0.12% 2.25435e-06 3.09498e-03 4.47437e-05 3.14198e-03   8 /ChipTop/system/tile_prci_domain/tile_reset_domain_tile/gemmini/ex_controller/mesh/mesh/mesh_0_0                                                              
   812     0.12% 2.25435e-06 3.09498e-03 4.47437e-05 3.14198e-03   9 /ChipTop/system/tile_prci_domain/tile_reset_domain_tile/gemmini/ex_controller/mesh/mesh/mesh_0_0/tile_0_0                                                     
   166     0.03% 5.22373e-07 1.72536e-05 1.58341e-05 3.36101e-05  10 /ChipTop/system/tile_prci_domain/tile_reset_domain_tile/gemmini/ex_controller/mesh/mesh/mesh_0_0/tile_0_0/mac_unit                                            
   812     0.12% 2.33895e-06 3.09523e-03 4.37685e-05 3.14134e-03   8 /ChipTop/system/tile_prci_domain/tile_reset_domain_tile/gemmini/ex_controller/mesh/mesh/mesh_0_1                                                              
   812     0.12% 2.33895e-06 3.09523e-03 4.37685e-05 3.14134e-03   9 /ChipTop/system/tile_prci_domain/tile_reset_domain_tile/gemmini/ex_controller/mesh/mesh/mesh_0_1/tile_0_0                                                     
   166     0.03% 5.26813e-07 1.53929e-05 1.42084e-05 3.01282e-05  10 /ChipTop/system/tile_prci_domain/tile_reset_domain_tile/gemmini/ex_controller/mesh/mesh/mesh_0_1/tile_0_0/mac_unit                                            
   812     0.12% 2.32440e-06 3.09531e-03 4.34747e-05 3.14111e-03   8 /ChipTop/system/tile_prci_domain/tile_reset_domain_tile/gemmini/ex_controller/mesh/mesh/mesh_0_5                                                              
   812     0.12% 2.32440e-06 3.09531e-03 4.34747e-05 3.14111e-03   9 /ChipTop/system/tile_prci_domain/tile_reset_domain_tile/gemmini/ex_controller/mesh/mesh/mesh_0_5/tile_0_0                                                     
   166     0.03% 5.28792e-07 1.66221e-05 1.49468e-05 3.20976e-05  10 /ChipTop/system/tile_prci_domain/tile_reset_domain_tile/gemmini/ex_controller/mesh/mesh/mesh_0_5/tile_0_0/mac_unit                                            
  2685     0.41% 2.34813e-05 2.22978e-01 2.33546e-05 2.23025e-01   7 /ChipTop/system/tile_prci_domain/tile_reset_domain_tile/gemmini/ex_controller/mesh/transposer                                                                 
     9     0.00% 8.58270e-08 8.67895e-04 8.07190e-08 8.68062e-04   8 /ChipTop/system/tile_prci_domain/tile_reset_domain_tile/gemmini/ex_controller/mesh/transposer/pes_5_15                                                        
     9     0.00% 8.63910e-08 8.67884e-04 8.07190e-08 8.68051e-04   8 /ChipTop/system/tile_prci_domain/tile_reset_domain_tile/gemmini/ex_controller/mesh/transposer/pes_12_15                                                       
     9     0.00% 8.71600e-08 8.67880e-04 8.07190e-08 8.68048e-04   8 /ChipTop/system/tile_prci_domain/tile_reset_domain_tile/gemmini/ex_controller/mesh/transposer/pes_4_15                                                        
     9     0.00% 8.59490e-08 8.67876e-04 8.07190e-08 8.68043e-04   8 /ChipTop/system/tile_prci_domain/tile_reset_domain_tile/gemmini/ex_controller/mesh/transposer/pes_7_15                                                        
     9     0.00% 8.57860e-08 8.67876e-04 8.07190e-08 8.68043e-04   8 /ChipTop/system/tile_prci_domain/tile_reset_domain_tile/gemmini/ex_controller/mesh/transposer/pes_8_15                                                        
     9     0.00% 8.64230e-08 8.67872e-04 8.07190e-08 8.68040e-04   8 /ChipTop/system/tile_prci_domain/tile_reset_domain_tile/gemmini/ex_controller/mesh/transposer/pes_11_15                                                       
     9     0.00% 8.62740e-08 8.67865e-04 8.07190e-08 8.68032e-04   8 /ChipTop/system/tile_prci_domain/tile_reset_domain_tile/gemmini/ex_controller/mesh/transposer/pes_14_15                                                       
     9     0.00% 8.73240e-08 8.67857e-04 8.07190e-08 8.68025e-04   8 /ChipTop/system/tile_prci_domain/tile_reset_domain_tile/gemmini/ex_controller/mesh/transposer/pes_3_15                                                        
     9     0.00% 8.61160e-08 8.67857e-04 8.07190e-08 8.68024e-04   8 /ChipTop/system/tile_prci_domain/tile_reset_domain_tile/gemmini/ex_controller/mesh/transposer/pes_2_15                                                        
     9     0.00% 8.68040e-08 8.67851e-04 8.62390e-08 8.68024e-04   8 /ChipTop/system/tile_prci_domain/tile_reset_domain_tile/gemmini/ex_controller/mesh/transposer/pes_0_15                                                        
     9     0.00% 8.70620e-08 8.67853e-04 8.07190e-08 8.68021e-04   8 /ChipTop/system/tile_prci_domain/tile_reset_domain_tile/gemmini/ex_controller/mesh/transposer/pes_10_15                                                       
     9     0.00% 8.52320e-08 8.67846e-04 8.07190e-08 8.68012e-04   8 /ChipTop/system/tile_prci_domain/tile_reset_domain_tile/gemmini/ex_controller/mesh/transposer/pes_6_15                                                        
     9     0.00% 8.45080e-08 8.67834e-04 8.07190e-08 8.68000e-04   8 /ChipTop/system/tile_prci_domain/tile_reset_domain_tile/gemmini/ex_controller/mesh/transposer/pes_13_15                                                       
     9     0.00% 8.77250e-08 8.67831e-04 8.07190e-08 8.67999e-04   8 /ChipTop/system/tile_prci_domain/tile_reset_domain_tile/gemmini/ex_controller/mesh/transposer/pes_9_15                                                        
     9     0.00% 8.76240e-08 8.67827e-04 8.07190e-08 8.67995e-04   8 /ChipTop/system/tile_prci_domain/tile_reset_domain_tile/gemmini/ex_controller/mesh/transposer/pes_1_15                                                        
     9     0.00% 8.04480e-08 8.67706e-04 8.11280e-08 8.67868e-04   8 /ChipTop/system/tile_prci_domain/tile_reset_domain_tile/gemmini/ex_controller/mesh/transposer/pes_15_15                                                       
     9     0.00% 8.76400e-08 8.67581e-04 1.14951e-07 8.67784e-04   8 /ChipTop/system/tile_prci_domain/tile_reset_domain_tile/gemmini/ex_controller/mesh/transposer/pes_0_0                                                         
     9     0.00% 8.61870e-08 8.67582e-04 8.81990e-08 8.67756e-04   8 /ChipTop/system/tile_prci_domain/tile_reset_domain_tile/gemmini/ex_controller/mesh/transposer/pes_15_0                                                        
     9     0.00% 8.92620e-08 8.67578e-04 8.62390e-08 8.67754e-04   8 /ChipTop/system/tile_prci_domain/tile_reset_domain_tile/gemmini/ex_controller/mesh/transposer/pes_0_8                                                         
     9     0.00% 8.73520e-08 8.67578e-04 8.81990e-08 8.67754e-04   8 /ChipTop/system/tile_prci_domain/tile_reset_domain_tile/gemmini/ex_controller/mesh/transposer/pes_6_0                                                         
     9     0.00% 8.73420e-08 8.67578e-04 8.81990e-08 8.67754e-04   8 /ChipTop/system/tile_prci_domain/tile_reset_domain_tile/gemmini/ex_controller/mesh/transposer/pes_4_0                                                         
     9     0.00% 8.72740e-08 8.67578e-04 8.81990e-08 8.67754e-04   8 /ChipTop/system/tile_prci_domain/tile_reset_domain_tile/gemmini/ex_controller/mesh/transposer/pes_12_0                                                        
     9     0.00% 8.89450e-08 8.67578e-04 8.62390e-08 8.67754e-04   8 /ChipTop/system/tile_prci_domain/tile_reset_domain_tile/gemmini/ex_controller/mesh/transposer/pes_0_9                                                         
     9     0.00% 8.88950e-08 8.67578e-04 8.62390e-08 8.67753e-04   8 /ChipTop/system/tile_prci_domain/tile_reset_domain_tile/gemmini/ex_controller/mesh/transposer/pes_0_1                                                         
     9     0.00% 8.69950e-08 8.67578e-04 8.81990e-08 8.67753e-04   8 /ChipTop/system/tile_prci_domain/tile_reset_domain_tile/gemmini/ex_controller/mesh/transposer/pes_5_0                                                         
     9     0.00% 8.84260e-08 8.67578e-04 8.62390e-08 8.67753e-04   8 /ChipTop/system/tile_prci_domain/tile_reset_domain_tile/gemmini/ex_controller/mesh/transposer/pes_0_13                                                        
     9     0.00% 8.64090e-08 8.67578e-04 8.81990e-08 8.67753e-04   8 /ChipTop/system/tile_prci_domain/tile_reset_domain_tile/gemmini/ex_controller/mesh/transposer/pes_8_0                                                         
     9     0.00% 8.63970e-08 8.67578e-04 8.81990e-08 8.67753e-04   8 /ChipTop/system/tile_prci_domain/tile_reset_domain_tile/gemmini/ex_controller/mesh/transposer/pes_1_0                                                         
     9     0.00% 8.62390e-08 8.67578e-04 8.81990e-08 8.67753e-04   8 /ChipTop/system/tile_prci_domain/tile_reset_domain_tile/gemmini/ex_controller/mesh/transposer/pes_10_0                                                        
     9     0.00% 8.60690e-08 8.67578e-04 8.81990e-08 8.67753e-04   8 /ChipTop/system/tile_prci_domain/tile_reset_domain_tile/gemmini/ex_controller/mesh/transposer/pes_14_0                                                        
     9     0.00% 8.77430e-08 8.67578e-04 8.62390e-08 8.67752e-04   8 /ChipTop/system/tile_prci_domain/tile_reset_domain_tile/gemmini/ex_controller/mesh/transposer/pes_0_12                                                        
     9     0.00% 8.57920e-08 8.67578e-04 8.81990e-08 8.67752e-04   8 /ChipTop/system/tile_prci_domain/tile_reset_domain_tile/gemmini/ex_controller/mesh/transposer/pes_7_0                                                         
     9     0.00% 8.57020e-08 8.67578e-04 8.81990e-08 8.67752e-04   8 /ChipTop/system/tile_prci_domain/tile_reset_domain_tile/gemmini/ex_controller/mesh/transposer/pes_2_0                                                         
     9     0.00% 8.56350e-08 8.67578e-04 8.81990e-08 8.67752e-04   8 /ChipTop/system/tile_prci_domain/tile_reset_domain_tile/gemmini/ex_controller/mesh/transposer/pes_11_0                                                        
     9     0.00% 8.72450e-08 8.67578e-04 8.62390e-08 8.67752e-04   8 /ChipTop/system/tile_prci_domain/tile_reset_domain_tile/gemmini/ex_controller/mesh/transposer/pes_0_4                                                         
     9     0.00% 8.52650e-08 8.67578e-04 8.81990e-08 8.67752e-04   8 /ChipTop/system/tile_prci_domain/tile_reset_domain_tile/gemmini/ex_controller/mesh/transposer/pes_13_0                                                        
     9     0.00% 8.97130e-08 8.67581e-04 8.07190e-08 8.67752e-04   8 /ChipTop/system/tile_prci_domain/tile_reset_domain_tile/gemmini/ex_controller/mesh/transposer/pes_15_14                                                       
     9     0.00% 8.51740e-08 8.67578e-04 8.81990e-08 8.67752e-04   8 /ChipTop/system/tile_prci_domain/tile_reset_domain_tile/gemmini/ex_controller/mesh/transposer/pes_3_0                                                         
     9     0.00% 8.70340e-08 8.67578e-04 8.62390e-08 8.67752e-04   8 /ChipTop/system/tile_prci_domain/tile_reset_domain_tile/gemmini/ex_controller/mesh/transposer/pes_0_6                                                         
     9     0.00% 8.68270e-08 8.67578e-04 8.62390e-08 8.67751e-04   8 /ChipTop/system/tile_prci_domain/tile_reset_domain_tile/gemmini/ex_controller/mesh/transposer/pes_0_14                                                        
     9     0.00% 8.68160e-08 8.67578e-04 8.62390e-08 8.67751e-04   8 /ChipTop/system/tile_prci_domain/tile_reset_domain_tile/gemmini/ex_controller/mesh/transposer/pes_0_11                                                        
     9     0.00% 8.66750e-08 8.67578e-04 8.62390e-08 8.67751e-04   8 /ChipTop/system/tile_prci_domain/tile_reset_domain_tile/gemmini/ex_controller/mesh/transposer/pes_0_10                                                        
     9     0.00% 8.66560e-08 8.67578e-04 8.62390e-08 8.67751e-04   8 /ChipTop/system/tile_prci_domain/tile_reset_domain_tile/gemmini/ex_controller/mesh/transposer/pes_0_5                                                         
     9     0.00% 8.65160e-08 8.67578e-04 8.62390e-08 8.67751e-04   8 /ChipTop/system/tile_prci_domain/tile_reset_domain_tile/gemmini/ex_controller/mesh/transposer/pes_0_7                                                         
     9     0.00% 8.45600e-08 8.67578e-04 8.81990e-08 8.67751e-04   8 /ChipTop/system/tile_prci_domain/tile_reset_domain_tile/gemmini/ex_controller/mesh/transposer/pes_9_0                                                         
     9     0.00% 8.87640e-08 8.67581e-04 8.07190e-08 8.67751e-04   8 /ChipTop/system/tile_prci_domain/tile_reset_domain_tile/gemmini/ex_controller/mesh/transposer/pes_15_3                                                        
     9     0.00% 8.80970e-08 8.67582e-04 8.07190e-08 8.67750e-04   8 /ChipTop/system/tile_prci_domain/tile_reset_domain_tile/gemmini/ex_controller/mesh/transposer/pes_15_5                                                        
     9     0.00% 8.55620e-08 8.67578e-04 8.62390e-08 8.67750e-04   8 /ChipTop/system/tile_prci_domain/tile_reset_domain_tile/gemmini/ex_controller/mesh/transposer/pes_0_2                                                         
     9     0.00% 8.52830e-08 8.67578e-04 8.62390e-08 8.67750e-04   8 /ChipTop/system/tile_prci_domain/tile_reset_domain_tile/gemmini/ex_controller/mesh/transposer/pes_0_3                                                         
     9     0.00% 8.78410e-08 8.67581e-04 8.07190e-08 8.67750e-04   8 /ChipTop/system/tile_prci_domain/tile_reset_domain_tile/gemmini/ex_controller/mesh/transposer/pes_15_10                                                       
     9     0.00% 8.81450e-08 8.67581e-04 8.07190e-08 8.67750e-04   8 /ChipTop/system/tile_prci_domain/tile_reset_domain_tile/gemmini/ex_controller/mesh/transposer/pes_15_1                                                        
     9     0.00% 8.72570e-08 8.67581e-04 8.07190e-08 8.67749e-04   8 /ChipTop/system/tile_prci_domain/tile_reset_domain_tile/gemmini/ex_controller/mesh/transposer/pes_15_7                                                        
     9     0.00% 8.72510e-08 8.67581e-04 8.07190e-08 8.67749e-04   8 /ChipTop/system/tile_prci_domain/tile_reset_domain_tile/gemmini/ex_controller/mesh/transposer/pes_15_8                                                        
     9     0.00% 8.74510e-08 8.67581e-04 8.07190e-08 8.67749e-04   8 /ChipTop/system/tile_prci_domain/tile_reset_domain_tile/gemmini/ex_controller/mesh/transposer/pes_15_9                                                        
     9     0.00% 8.72560e-08 8.67581e-04 8.07190e-08 8.67749e-04   8 /ChipTop/system/tile_prci_domain/tile_reset_domain_tile/gemmini/ex_controller/mesh/transposer/pes_15_6                                                        
     9     0.00% 9.06350e-08 8.67577e-04 8.07190e-08 8.67749e-04   8 /ChipTop/system/tile_prci_domain/tile_reset_domain_tile/gemmini/ex_controller/mesh/transposer/pes_13_9                                                        
     9     0.00% 9.00870e-08 8.67577e-04 8.07190e-08 8.67748e-04   8 /ChipTop/system/tile_prci_domain/tile_reset_domain_tile/gemmini/ex_controller/mesh/transposer/pes_7_10                                                        
     9     0.00% 9.00580e-08 8.67577e-04 8.07190e-08 8.67748e-04   8 /ChipTop/system/tile_prci_domain/tile_reset_domain_tile/gemmini/ex_controller/mesh/transposer/pes_10_10                                                       
     9     0.00% 8.58750e-08 8.67582e-04 8.07190e-08 8.67748e-04   8 /ChipTop/system/tile_prci_domain/tile_reset_domain_tile/gemmini/ex_controller/mesh/transposer/pes_15_12                                                       
     9     0.00% 9.00190e-08 8.67577e-04 8.07190e-08 8.67748e-04   8 /ChipTop/system/tile_prci_domain/tile_reset_domain_tile/gemmini/ex_controller/mesh/transposer/pes_2_2                                                         
     9     0.00% 8.59400e-08 8.67581e-04 8.07190e-08 8.67748e-04   8 /ChipTop/system/tile_prci_domain/tile_reset_domain_tile/gemmini/ex_controller/mesh/transposer/pes_15_2                                                        
     9     0.00% 8.96010e-08 8.67577e-04 8.07190e-08 8.67748e-04   8 /ChipTop/system/tile_prci_domain/tile_reset_domain_tile/gemmini/ex_controller/mesh/transposer/pes_1_8                                                         
     9     0.00% 8.95900e-08 8.67577e-04 8.07190e-08 8.67748e-04   8 /ChipTop/system/tile_prci_domain/tile_reset_domain_tile/gemmini/ex_controller/mesh/transposer/pes_3_1                                                         
     9     0.00% 8.53700e-08 8.67581e-04 8.07190e-08 8.67747e-04   8 /ChipTop/system/tile_prci_domain/tile_reset_domain_tile/gemmini/ex_controller/mesh/transposer/pes_15_11                                                       
     9     0.00% 8.52090e-08 8.67581e-04 8.07190e-08 8.67747e-04   8 /ChipTop/system/tile_prci_domain/tile_reset_domain_tile/gemmini/ex_controller/mesh/transposer/pes_15_4                                                        
     9     0.00% 8.57890e-08 8.67581e-04 8.07190e-08 8.67747e-04   8 /ChipTop/system/tile_prci_domain/tile_reset_domain_tile/gemmini/ex_controller/mesh/transposer/pes_15_13                                                       
     9     0.00% 8.89740e-08 8.67577e-04 8.07190e-08 8.67747e-04   8 /ChipTop/system/tile_prci_domain/tile_reset_domain_tile/gemmini/ex_controller/mesh/transposer/pes_10_7                                                        
     9     0.00% 8.89240e-08 8.67577e-04 8.07190e-08 8.67747e-04   8 /ChipTop/system/tile_prci_domain/tile_reset_domain_tile/gemmini/ex_controller/mesh/transposer/pes_13_13                                                       
     9     0.00% 8.88770e-08 8.67577e-04 8.07190e-08 8.67747e-04   8 /ChipTop/system/tile_prci_domain/tile_reset_domain_tile/gemmini/ex_controller/mesh/transposer/pes_5_13                                                        
     9     0.00% 8.88540e-08 8.67577e-04 8.07190e-08 8.67747e-04   8 /ChipTop/system/tile_prci_domain/tile_reset_domain_tile/gemmini/ex_controller/mesh/transposer/pes_5_5                                                         
     9     0.00% 8.87650e-08 8.67577e-04 8.07190e-08 8.67747e-04   8 /ChipTop/system/tile_prci_domain/tile_reset_domain_tile/gemmini/ex_controller/mesh/transposer/pes_14_10                                                       
     9     0.00% 8.87490e-08 8.67577e-04 8.07190e-08 8.67747e-04   8 /ChipTop/system/tile_prci_domain/tile_reset_domain_tile/gemmini/ex_controller/mesh/transposer/pes_11_5                                                        
     9     0.00% 8.85670e-08 8.67577e-04 8.07190e-08 8.67747e-04   8 /ChipTop/system/tile_prci_domain/tile_reset_domain_tile/gemmini/ex_controller/mesh/transposer/pes_2_6                                                         
     9     0.00% 8.85670e-08 8.67577e-04 8.07190e-08 8.67747e-04   8 /ChipTop/system/tile_prci_domain/tile_reset_domain_tile/gemmini/ex_controller/mesh/transposer/pes_10_3                                                        
     9     0.00% 8.85170e-08 8.67577e-04 8.07190e-08 8.67747e-04   8 /ChipTop/system/tile_prci_domain/tile_reset_domain_tile/gemmini/ex_controller/mesh/transposer/pes_4_9                                                         
     9     0.00% 8.85160e-08 8.67577e-04 8.07190e-08 8.67747e-04   8 /ChipTop/system/tile_prci_domain/tile_reset_domain_tile/gemmini/ex_controller/mesh/transposer/pes_8_3                                                         
     9     0.00% 8.84880e-08 8.67577e-04 8.07190e-08 8.67747e-04   8 /ChipTop/system/tile_prci_domain/tile_reset_domain_tile/gemmini/ex_controller/mesh/transposer/pes_13_2                                                        
     9     0.00% 8.84260e-08 8.67577e-04 8.07190e-08 8.67747e-04   8 /ChipTop/system/tile_prci_domain/tile_reset_domain_tile/gemmini/ex_controller/mesh/transposer/pes_14_2                                                        
     9     0.00% 8.83970e-08 8.67577e-04 8.07190e-08 8.67746e-04   8 /ChipTop/system/tile_prci_domain/tile_reset_domain_tile/gemmini/ex_controller/mesh/transposer/pes_10_14                                                       
     9     0.00% 8.83700e-08 8.67577e-04 8.07190e-08 8.67746e-04   8 /ChipTop/system/tile_prci_domain/tile_reset_domain_tile/gemmini/ex_controller/mesh/transposer/pes_14_1                                                        
     9     0.00% 8.83080e-08 8.67577e-04 8.07190e-08 8.67746e-04   8 /ChipTop/system/tile_prci_domain/tile_reset_domain_tile/gemmini/ex_controller/mesh/transposer/pes_1_4                                                         
     9     0.00% 8.82790e-08 8.67577e-04 8.07190e-08 8.67746e-04   8 /ChipTop/system/tile_prci_domain/tile_reset_domain_tile/gemmini/ex_controller/mesh/transposer/pes_12_10                                                       
     9     0.00% 8.82690e-08 8.67577e-04 8.07190e-08 8.67746e-04   8 /ChipTop/system/tile_prci_domain/tile_reset_domain_tile/gemmini/ex_controller/mesh/transposer/pes_14_6                                                        
     9     0.00% 8.82450e-08 8.67577e-04 8.07190e-08 8.67746e-04   8 /ChipTop/system/tile_prci_domain/tile_reset_domain_tile/gemmini/ex_controller/mesh/transposer/pes_5_11                                                        
     9     0.00% 8.82000e-08 8.67577e-04 8.07190e-08 8.67746e-04   8 /ChipTop/system/tile_prci_domain/tile_reset_domain_tile/gemmini/ex_controller/mesh/transposer/pes_11_14                                                       
     9     0.00% 8.81900e-08 8.67577e-04 8.07190e-08 8.67746e-04   8 /ChipTop/system/tile_prci_domain/tile_reset_domain_tile/gemmini/ex_controller/mesh/transposer/pes_3_3                                                         
     9     0.00% 8.81380e-08 8.67577e-04 8.07190e-08 8.67746e-04   8 /ChipTop/system/tile_prci_domain/tile_reset_domain_tile/gemmini/ex_controller/mesh/transposer/pes_9_11                                                        
     9     0.00% 8.81380e-08 8.67577e-04 8.07190e-08 8.67746e-04   8 /ChipTop/system/tile_prci_domain/tile_reset_domain_tile/gemmini/ex_controller/mesh/transposer/pes_12_3                                                        
     9     0.00% 8.80310e-08 8.67577e-04 8.07190e-08 8.67746e-04   8 /ChipTop/system/tile_prci_domain/tile_reset_domain_tile/gemmini/ex_controller/mesh/transposer/pes_9_3                                                         
     9     0.00% 8.80180e-08 8.67577e-04 8.07190e-08 8.67746e-04   8 /ChipTop/system/tile_prci_domain/tile_reset_domain_tile/gemmini/ex_controller/mesh/transposer/pes_3_9                                                         
     9     0.00% 8.80120e-08 8.67577e-04 8.07190e-08 8.67746e-04   8 /ChipTop/system/tile_prci_domain/tile_reset_domain_tile/gemmini/ex_controller/mesh/transposer/pes_8_10                                                        
     9     0.00% 8.79890e-08 8.67577e-04 8.07190e-08 8.67746e-04   8 /ChipTop/system/tile_prci_domain/tile_reset_domain_tile/gemmini/ex_controller/mesh/transposer/pes_5_12                                                        
     9     0.00% 8.79620e-08 8.67577e-04 8.07190e-08 8.67746e-04   8 /ChipTop/system/tile_prci_domain/tile_reset_domain_tile/gemmini/ex_controller/mesh/transposer/pes_7_7                                                         
     9     0.00% 8.79500e-08 8.67577e-04 8.07190e-08 8.67746e-04   8 /ChipTop/system/tile_prci_domain/tile_reset_domain_tile/gemmini/ex_controller/mesh/transposer/pes_3_14                                                        
     9     0.00% 8.79500e-08 8.67577e-04 8.07190e-08 8.67746e-04   8 /ChipTop/system/tile_prci_domain/tile_reset_domain_tile/gemmini/ex_controller/mesh/transposer/pes_7_11                                                        
     9     0.00% 8.79500e-08 8.67577e-04 8.07190e-08 8.67746e-04   8 /ChipTop/system/tile_prci_domain/tile_reset_domain_tile/gemmini/ex_controller/mesh/transposer/pes_9_7                                                         
     9     0.00% 8.79400e-08 8.67577e-04 8.07190e-08 8.67746e-04   8 /ChipTop/system/tile_prci_domain/tile_reset_domain_tile/gemmini/ex_controller/mesh/transposer/pes_4_14                                                        
     9     0.00% 8.79400e-08 8.67577e-04 8.07190e-08 8.67746e-04   8 /ChipTop/system/tile_prci_domain/tile_reset_domain_tile/gemmini/ex_controller/mesh/transposer/pes_12_14                                                       
     9     0.00% 8.78590e-08 8.67577e-04 8.07190e-08 8.67746e-04   8 /ChipTop/system/tile_prci_domain/tile_reset_domain_tile/gemmini/ex_controller/mesh/transposer/pes_9_14                                                        
     9     0.00% 8.79000e-08 8.67577e-04 8.07190e-08 8.67746e-04   8 /ChipTop/system/tile_prci_domain/tile_reset_domain_tile/gemmini/ex_controller/mesh/transposer/pes_8_12                                                        
     9     0.00% 8.78610e-08 8.67577e-04 8.07190e-08 8.67746e-04   8 /ChipTop/system/tile_prci_domain/tile_reset_domain_tile/gemmini/ex_controller/mesh/transposer/pes_7_4                                                         
     9     0.00% 8.78500e-08 8.67577e-04 8.07190e-08 8.67746e-04   8 /ChipTop/system/tile_prci_domain/tile_reset_domain_tile/gemmini/ex_controller/mesh/transposer/pes_13_12                                                       
     9     0.00% 8.77810e-08 8.67577e-04 8.07190e-08 8.67746e-04   8 /ChipTop/system/tile_prci_domain/tile_reset_domain_tile/gemmini/ex_controller/mesh/transposer/pes_1_6                                                         
     9     0.00% 8.77810e-08 8.67577e-04 8.07190e-08 8.67746e-04   8 /ChipTop/system/tile_prci_domain/tile_reset_domain_tile/gemmini/ex_controller/mesh/transposer/pes_1_9                                                         
     9     0.00% 8.77430e-08 8.67577e-04 8.07190e-08 8.67746e-04   8 /ChipTop/system/tile_prci_domain/tile_reset_domain_tile/gemmini/ex_controller/mesh/transposer/pes_8_5                                                         
     9     0.00% 8.77410e-08 8.67577e-04 8.07190e-08 8.67746e-04   8 /ChipTop/system/tile_prci_domain/tile_reset_domain_tile/gemmini/ex_controller/mesh/transposer/pes_13_11                                                       
     9     0.00% 8.77310e-08 8.67577e-04 8.07190e-08 8.67746e-04   8 /ChipTop/system/tile_prci_domain/tile_reset_domain_tile/gemmini/ex_controller/mesh/transposer/pes_3_11                                                        
     9     0.00% 8.77310e-08 8.67577e-04 8.07190e-08 8.67746e-04   8 /ChipTop/system/tile_prci_domain/tile_reset_domain_tile/gemmini/ex_controller/mesh/transposer/pes_3_13                                                        
     9     0.00% 8.77020e-08 8.67577e-04 8.07190e-08 8.67746e-04   8 /ChipTop/system/tile_prci_domain/tile_reset_domain_tile/gemmini/ex_controller/mesh/transposer/pes_4_12                                                        
     9     0.00% 8.76400e-08 8.67577e-04 8.07190e-08 8.67746e-04   8 /ChipTop/system/tile_prci_domain/tile_reset_domain_tile/gemmini/ex_controller/mesh/transposer/pes_7_2                                                         
     9     0.00% 8.75840e-08 8.67577e-04 8.07190e-08 8.67746e-04   8 /ChipTop/system/tile_prci_domain/tile_reset_domain_tile/gemmini/ex_controller/mesh/transposer/pes_10_6                                                        
     9     0.00% 8.75590e-08 8.67577e-04 8.07190e-08 8.67746e-04   8 /ChipTop/system/tile_prci_domain/tile_reset_domain_tile/gemmini/ex_controller/mesh/transposer/pes_1_10                                                        
     9     0.00% 8.74800e-08 8.67577e-04 8.07190e-08 8.67746e-04   8 /ChipTop/system/tile_prci_domain/tile_reset_domain_tile/gemmini/ex_controller/mesh/transposer/pes_4_11                                                        
     9     0.00% 8.74590e-08 8.67577e-04 8.07190e-08 8.67746e-04   8 /ChipTop/system/tile_prci_domain/tile_reset_domain_tile/gemmini/ex_controller/mesh/transposer/pes_3_8                                                         
     9     0.00% 8.73930e-08 8.67577e-04 8.07190e-08 8.67745e-04   8 /ChipTop/system/tile_prci_domain/tile_reset_domain_tile/gemmini/ex_controller/mesh/transposer/pes_11_12                                                       
     9     0.00% 8.74040e-08 8.67577e-04 8.07190e-08 8.67745e-04   8 /ChipTop/system/tile_prci_domain/tile_reset_domain_tile/gemmini/ex_controller/mesh/transposer/pes_7_8                                                         
     9     0.00% 8.73730e-08 8.67577e-04 8.07190e-08 8.67745e-04   8 /ChipTop/system/tile_prci_domain/tile_reset_domain_tile/gemmini/ex_controller/mesh/transposer/pes_14_12                                                       
     9     0.00% 8.73520e-08 8.67577e-04 8.07190e-08 8.67745e-04   8 /ChipTop/system/tile_prci_domain/tile_reset_domain_tile/gemmini/ex_controller/mesh/transposer/pes_9_8                                                         
     9     0.00% 8.73460e-08 8.67577e-04 8.07190e-08 8.67745e-04   8 /ChipTop/system/tile_prci_domain/tile_reset_domain_tile/gemmini/ex_controller/mesh/transposer/pes_12_12                                                       
     9     0.00% 8.73410e-08 8.67577e-04 8.07190e-08 8.67745e-04   8 /ChipTop/system/tile_prci_domain/tile_reset_domain_tile/gemmini/ex_controller/mesh/transposer/pes_11_4                                                        
     9     0.00% 8.73230e-08 8.67577e-04 8.07190e-08 8.67745e-04   8 /ChipTop/system/tile_prci_domain/tile_reset_domain_tile/gemmini/ex_controller/mesh/transposer/pes_3_6                                                         
     9     0.00% 8.73230e-08 8.67577e-04 8.07190e-08 8.67745e-04   8 /ChipTop/system/tile_prci_domain/tile_reset_domain_tile/gemmini/ex_controller/mesh/transposer/pes_5_14                                                        
     9     0.00% 8.73110e-08 8.67577e-04 8.07190e-08 8.67745e-04   8 /ChipTop/system/tile_prci_domain/tile_reset_domain_tile/gemmini/ex_controller/mesh/transposer/pes_6_10                                                        
     9     0.00% 8.72840e-08 8.67577e-04 8.07190e-08 8.67745e-04   8 /ChipTop/system/tile_prci_domain/tile_reset_domain_tile/gemmini/ex_controller/mesh/transposer/pes_2_4                                                         
     9     0.00% 8.72840e-08 8.67577e-04 8.07190e-08 8.67745e-04   8 /ChipTop/system/tile_prci_domain/tile_reset_domain_tile/gemmini/ex_controller/mesh/transposer/pes_11_9                                                        
     9     0.00% 8.72450e-08 8.67577e-04 8.07190e-08 8.67745e-04   8 /ChipTop/system/tile_prci_domain/tile_reset_domain_tile/gemmini/ex_controller/mesh/transposer/pes_5_7                                                         
     9     0.00% 8.72450e-08 8.67577e-04 8.07190e-08 8.67745e-04   8 /ChipTop/system/tile_prci_domain/tile_reset_domain_tile/gemmini/ex_controller/mesh/transposer/pes_10_5                                                        
     9     0.00% 8.72220e-08 8.67577e-04 8.07190e-08 8.67745e-04   8 /ChipTop/system/tile_prci_domain/tile_reset_domain_tile/gemmini/ex_controller/mesh/transposer/pes_11_2                                                        
     9     0.00% 8.71830e-08 8.67577e-04 8.07190e-08 8.67745e-04   8 /ChipTop/system/tile_prci_domain/tile_reset_domain_tile/gemmini/ex_controller/mesh/transposer/pes_12_11                                                       
     9     0.00% 8.71760e-08 8.67577e-04 8.07190e-08 8.67745e-04   8 /ChipTop/system/tile_prci_domain/tile_reset_domain_tile/gemmini/ex_controller/mesh/transposer/pes_6_4                                                         
     9     0.00% 8.71020e-08 8.67577e-04 8.07190e-08 8.67745e-04   8 /ChipTop/system/tile_prci_domain/tile_reset_domain_tile/gemmini/ex_controller/mesh/transposer/pes_1_1                                                         
     9     0.00% 8.71660e-08 8.67577e-04 8.07190e-08 8.67745e-04   8 /ChipTop/system/tile_prci_domain/tile_reset_domain_tile/gemmini/ex_controller/mesh/transposer/pes_7_6                                                         
     9     0.00% 8.71430e-08 8.67577e-04 8.07190e-08 8.67745e-04   8 /ChipTop/system/tile_prci_domain/tile_reset_domain_tile/gemmini/ex_controller/mesh/transposer/pes_10_8                                                        
     9     0.00% 8.71350e-08 8.67577e-04 8.07190e-08 8.67745e-04   8 /ChipTop/system/tile_prci_domain/tile_reset_domain_tile/gemmini/ex_controller/mesh/transposer/pes_10_4                                                        
     9     0.00% 8.71320e-08 8.67577e-04 8.07190e-08 8.67745e-04   8 /ChipTop/system/tile_prci_domain/tile_reset_domain_tile/gemmini/ex_controller/mesh/transposer/pes_6_5                                                         
     9     0.00% 8.70850e-08 8.67577e-04 8.07190e-08 8.67745e-04   8 /ChipTop/system/tile_prci_domain/tile_reset_domain_tile/gemmini/ex_controller/mesh/transposer/pes_1_2                                                         
     9     0.00% 8.69730e-08 8.67577e-04 8.07190e-08 8.67745e-04   8 /ChipTop/system/tile_prci_domain/tile_reset_domain_tile/gemmini/ex_controller/mesh/transposer/pes_5_10                                                        
     9     0.00% 8.70250e-08 8.67577e-04 8.07190e-08 8.67745e-04   8 /ChipTop/system/tile_prci_domain/tile_reset_domain_tile/gemmini/ex_controller/mesh/transposer/pes_7_1                                                         
     9     0.00% 8.70070e-08 8.67577e-04 8.07190e-08 8.67745e-04   8 /ChipTop/system/tile_prci_domain/tile_reset_domain_tile/gemmini/ex_controller/mesh/transposer/pes_1_11                                                        
     9     0.00% 8.69960e-08 8.67577e-04 8.07190e-08 8.67745e-04   8 /ChipTop/system/tile_prci_domain/tile_reset_domain_tile/gemmini/ex_controller/mesh/transposer/pes_6_11                                                        
     9     0.00% 8.69570e-08 8.67577e-04 8.07190e-08 8.67745e-04   8 /ChipTop/system/tile_prci_domain/tile_reset_domain_tile/gemmini/ex_controller/mesh/transposer/pes_7_12                                                        
     9     0.00% 8.69570e-08 8.67577e-04 8.07190e-08 8.67745e-04   8 /ChipTop/system/tile_prci_domain/tile_reset_domain_tile/gemmini/ex_controller/mesh/transposer/pes_9_5                                                         
     9     0.00% 8.69450e-08 8.67577e-04 8.07190e-08 8.67745e-04   8 /ChipTop/system/tile_prci_domain/tile_reset_domain_tile/gemmini/ex_controller/mesh/transposer/pes_12_6                                                        
     9     0.00% 8.69320e-08 8.67577e-04 8.07190e-08 8.67745e-04   8 /ChipTop/system/tile_prci_domain/tile_reset_domain_tile/gemmini/ex_controller/mesh/transposer/pes_8_9                                                         
     9     0.00% 8.69280e-08 8.67577e-04 8.07190e-08 8.67745e-04   8 /ChipTop/system/tile_prci_domain/tile_reset_domain_tile/gemmini/ex_controller/mesh/transposer/pes_14_14                                                       
     9     0.00% 8.69050e-08 8.67577e-04 8.07190e-08 8.67745e-04   8 /ChipTop/system/tile_prci_domain/tile_reset_domain_tile/gemmini/ex_controller/mesh/transposer/pes_14_3                                                        
     9     0.00% 8.68660e-08 8.67577e-04 8.07190e-08 8.67745e-04   8 /ChipTop/system/tile_prci_domain/tile_reset_domain_tile/gemmini/ex_controller/mesh/transposer/pes_2_8                                                         
     9     0.00% 8.68660e-08 8.67577e-04 8.07190e-08 8.67745e-04   8 /ChipTop/system/tile_prci_domain/tile_reset_domain_tile/gemmini/ex_controller/mesh/transposer/pes_6_7                                                         
     9     0.00% 8.68560e-08 8.67577e-04 8.07190e-08 8.67745e-04   8 /ChipTop/system/tile_prci_domain/tile_reset_domain_tile/gemmini/ex_controller/mesh/transposer/pes_11_1                                                        
     9     0.00% 8.68160e-08 8.67577e-04 8.07190e-08 8.67745e-04   8 /ChipTop/system/tile_prci_domain/tile_reset_domain_tile/gemmini/ex_controller/mesh/transposer/pes_8_4                                                         
     9     0.00% 8.68140e-08 8.67577e-04 8.07190e-08 8.67745e-04   8 /ChipTop/system/tile_prci_domain/tile_reset_domain_tile/gemmini/ex_controller/mesh/transposer/pes_4_8                                                         
     9     0.00% 8.67980e-08 8.67577e-04 8.07190e-08 8.67745e-04   8 /ChipTop/system/tile_prci_domain/tile_reset_domain_tile/gemmini/ex_controller/mesh/transposer/pes_11_11                                                       
     9     0.00% 8.67870e-08 8.67577e-04 8.07190e-08 8.67745e-04   8 /ChipTop/system/tile_prci_domain/tile_reset_domain_tile/gemmini/ex_controller/mesh/transposer/pes_6_14                                                        
     9     0.00% 8.67870e-08 8.67577e-04 8.07190e-08 8.67745e-04   8 /ChipTop/system/tile_prci_domain/tile_reset_domain_tile/gemmini/ex_controller/mesh/transposer/pes_7_13                                                        
     9     0.00% 8.67750e-08 8.67577e-04 8.07190e-08 8.67745e-04   8 /ChipTop/system/tile_prci_domain/tile_reset_domain_tile/gemmini/ex_controller/mesh/transposer/pes_8_8                                                         
     9     0.00% 8.67360e-08 8.67577e-04 8.07190e-08 8.67745e-04   8 /ChipTop/system/tile_prci_domain/tile_reset_domain_tile/gemmini/ex_controller/mesh/transposer/pes_1_7                                                         
     9     0.00% 8.67090e-08 8.67577e-04 8.07190e-08 8.67745e-04   8 /ChipTop/system/tile_prci_domain/tile_reset_domain_tile/gemmini/ex_controller/mesh/transposer/pes_6_2                                                         
     9     0.00% 8.67070e-08 8.67577e-04 8.07190e-08 8.67745e-04   8 /ChipTop/system/tile_prci_domain/tile_reset_domain_tile/gemmini/ex_controller/mesh/transposer/pes_2_7                                                         
     9     0.00% 8.66960e-08 8.67577e-04 8.07190e-08 8.67745e-04   8 /ChipTop/system/tile_prci_domain/tile_reset_domain_tile/gemmini/ex_controller/mesh/transposer/pes_8_11                                                        
     9     0.00% 8.66840e-08 8.67577e-04 8.07190e-08 8.67745e-04   8 /ChipTop/system/tile_prci_domain/tile_reset_domain_tile/gemmini/ex_controller/mesh/transposer/pes_4_7                                                         
     9     0.00% 8.66570e-08 8.67577e-04 8.07190e-08 8.67745e-04   8 /ChipTop/system/tile_prci_domain/tile_reset_domain_tile/gemmini/ex_controller/mesh/transposer/pes_4_13                                                        
     9     0.00% 8.66570e-08 8.67577e-04 8.07190e-08 8.67745e-04   8 /ChipTop/system/tile_prci_domain/tile_reset_domain_tile/gemmini/ex_controller/mesh/transposer/pes_5_4                                                         
     9     0.00% 8.66370e-08 8.67577e-04 8.07190e-08 8.67745e-04   8 /ChipTop/system/tile_prci_domain/tile_reset_domain_tile/gemmini/ex_controller/mesh/transposer/pes_2_3                                                         
     9     0.00% 8.66300e-08 8.67577e-04 8.07190e-08 8.67745e-04   8 /ChipTop/system/tile_prci_domain/tile_reset_domain_tile/gemmini/ex_controller/mesh/transposer/pes_6_13                                                        
     9     0.00% 8.66180e-08 8.67577e-04 8.07190e-08 8.67745e-04   8 /ChipTop/system/tile_prci_domain/tile_reset_domain_tile/gemmini/ex_controller/mesh/transposer/pes_5_3                                                         
     9     0.00% 8.66180e-08 8.67577e-04 8.07190e-08 8.67745e-04   8 /ChipTop/system/tile_prci_domain/tile_reset_domain_tile/gemmini/ex_controller/mesh/transposer/pes_13_5                                                        
     9     0.00% 8.66160e-08 8.67577e-04 8.07190e-08 8.67745e-04   8 /ChipTop/system/tile_prci_domain/tile_reset_domain_tile/gemmini/ex_controller/mesh/transposer/pes_2_13                                                        
     9     0.00% 8.65500e-08 8.67577e-04 8.07190e-08 8.67745e-04   8 /ChipTop/system/tile_prci_domain/tile_reset_domain_tile/gemmini/ex_controller/mesh/transposer/pes_5_9                                                         
     9     0.00% 8.66280e-08 8.67577e-04 8.07190e-08 8.67745e-04   8 /ChipTop/system/tile_prci_domain/tile_reset_domain_tile/gemmini/ex_controller/mesh/transposer/pes_7_5                                                         
     9     0.00% 8.65680e-08 8.67577e-04 8.07190e-08 8.67745e-04   8 /ChipTop/system/tile_prci_domain/tile_reset_domain_tile/gemmini/ex_controller/mesh/transposer/pes_8_7                                                         
     9     0.00% 8.65680e-08 8.67577e-04 8.07190e-08 8.67745e-04   8 /ChipTop/system/tile_prci_domain/tile_reset_domain_tile/gemmini/ex_controller/mesh/transposer/pes_14_4                                                        
     9     0.00% 8.65660e-08 8.67577e-04 8.07190e-08 8.67745e-04   8 /ChipTop/system/tile_prci_domain/tile_reset_domain_tile/gemmini/ex_controller/mesh/transposer/pes_3_10                                                        
     9     0.00% 8.65380e-08 8.67577e-04 8.07190e-08 8.67745e-04   8 /ChipTop/system/tile_prci_domain/tile_reset_domain_tile/gemmini/ex_controller/mesh/transposer/pes_1_14                                                        
     9     0.00% 8.65380e-08 8.67577e-04 8.07190e-08 8.67745e-04   8 /ChipTop/system/tile_prci_domain/tile_reset_domain_tile/gemmini/ex_controller/mesh/transposer/pes_14_7                                                        
     9     0.00% 8.65250e-08 8.67577e-04 8.07190e-08 8.67745e-04   8 /ChipTop/system/tile_prci_domain/tile_reset_domain_tile/gemmini/ex_controller/mesh/transposer/pes_11_8                                                        
     9     0.00% 8.64690e-08 8.67577e-04 8.07190e-08 8.67745e-04   8 /ChipTop/system/tile_prci_domain/tile_reset_domain_tile/gemmini/ex_controller/mesh/transposer/pes_12_2                                                        
     9     0.00% 8.64590e-08 8.67577e-04 8.07190e-08 8.67745e-04   8 /ChipTop/system/tile_prci_domain/tile_reset_domain_tile/gemmini/ex_controller/mesh/transposer/pes_4_10                                                        
     9     0.00% 8.64580e-08 8.67577e-04 8.07190e-08 8.67745e-04   8 /ChipTop/system/tile_prci_domain/tile_reset_domain_tile/gemmini/ex_controller/mesh/transposer/pes_10_1                                                        
     9     0.00% 8.64090e-08 8.67577e-04 8.07190e-08 8.67744e-04   8 /ChipTop/system/tile_prci_domain/tile_reset_domain_tile/gemmini/ex_controller/mesh/transposer/pes_11_6                                                        
     9     0.00% 8.64090e-08 8.67577e-04 8.07190e-08 8.67744e-04   8 /ChipTop/system/tile_prci_domain/tile_reset_domain_tile/gemmini/ex_controller/mesh/transposer/pes_14_9                                                        
     9     0.00% 8.64080e-08 8.67577e-04 8.07190e-08 8.67744e-04   8 /ChipTop/system/tile_prci_domain/tile_reset_domain_tile/gemmini/ex_controller/mesh/transposer/pes_8_6                                                         
     9     0.00% 8.63970e-08 8.67577e-04 8.07190e-08 8.67744e-04   8 /ChipTop/system/tile_prci_domain/tile_reset_domain_tile/gemmini/ex_controller/mesh/transposer/pes_1_13                                                        
     9     0.00% 8.63800e-08 8.67577e-04 8.07190e-08 8.67744e-04   8 /ChipTop/system/tile_prci_domain/tile_reset_domain_tile/gemmini/ex_controller/mesh/transposer/pes_2_9                                                         
     9     0.00% 8.63580e-08 8.67577e-04 8.07190e-08 8.67744e-04   8 /ChipTop/system/tile_prci_domain/tile_reset_domain_tile/gemmini/ex_controller/mesh/transposer/pes_3_2                                                         
     9     0.00% 8.62890e-08 8.67577e-04 8.07190e-08 8.67744e-04   8 /ChipTop/system/tile_prci_domain/tile_reset_domain_tile/gemmini/ex_controller/mesh/transposer/pes_1_5                                                         
     9     0.00% 8.63310e-08 8.67577e-04 8.07190e-08 8.67744e-04   8 /ChipTop/system/tile_prci_domain/tile_reset_domain_tile/gemmini/ex_controller/mesh/transposer/pes_6_3                                                         
     9     0.00% 8.63300e-08 8.67577e-04 8.07190e-08 8.67744e-04   8 /ChipTop/system/tile_prci_domain/tile_reset_domain_tile/gemmini/ex_controller/mesh/transposer/pes_8_13                                                        
     9     0.00% 8.63180e-08 8.67577e-04 8.07190e-08 8.67744e-04   8 /ChipTop/system/tile_prci_domain/tile_reset_domain_tile/gemmini/ex_controller/mesh/transposer/pes_6_9                                                         
     9     0.00% 8.63180e-08 8.67577e-04 8.07190e-08 8.67744e-04   8 /ChipTop/system/tile_prci_domain/tile_reset_domain_tile/gemmini/ex_controller/mesh/transposer/pes_8_1                                                         
     9     0.00% 8.63180e-08 8.67577e-04 8.07190e-08 8.67744e-04   8 /ChipTop/system/tile_prci_domain/tile_reset_domain_tile/gemmini/ex_controller/mesh/transposer/pes_9_13                                                        
     9     0.00% 8.63020e-08 8.67577e-04 8.07190e-08 8.67744e-04   8 /ChipTop/system/tile_prci_domain/tile_reset_domain_tile/gemmini/ex_controller/mesh/transposer/pes_12_8                                                        
     9     0.00% 8.62890e-08 8.67577e-04 8.07190e-08 8.67744e-04   8 /ChipTop/system/tile_prci_domain/tile_reset_domain_tile/gemmini/ex_controller/mesh/transposer/pes_1_12                                                        
     9     0.00% 8.62680e-08 8.67577e-04 8.07190e-08 8.67744e-04   8 /ChipTop/system/tile_prci_domain/tile_reset_domain_tile/gemmini/ex_controller/mesh/transposer/pes_10_2                                                        
     9     0.00% 8.62270e-08 8.67577e-04 8.07190e-08 8.67744e-04   8 /ChipTop/system/tile_prci_domain/tile_reset_domain_tile/gemmini/ex_controller/mesh/transposer/pes_11_7                                                        
     9     0.00% 8.62210e-08 8.67577e-04 8.07190e-08 8.67744e-04   8 /ChipTop/system/tile_prci_domain/tile_reset_domain_tile/gemmini/ex_controller/mesh/transposer/pes_5_6                                                         
     9     0.00% 8.62110e-08 8.67577e-04 8.07190e-08 8.67744e-04   8 /ChipTop/system/tile_prci_domain/tile_reset_domain_tile/gemmini/ex_controller/mesh/transposer/pes_13_10                                                       
     9     0.00% 8.62000e-08 8.67577e-04 8.07190e-08 8.67744e-04   8 /ChipTop/system/tile_prci_domain/tile_reset_domain_tile/gemmini/ex_controller/mesh/transposer/pes_13_3                                                        
     9     0.00% 8.61710e-08 8.67577e-04 8.07190e-08 8.67744e-04   8 /ChipTop/system/tile_prci_domain/tile_reset_domain_tile/gemmini/ex_controller/mesh/transposer/pes_3_4                                                         
     9     0.00% 8.61600e-08 8.67577e-04 8.07190e-08 8.67744e-04   8 /ChipTop/system/tile_prci_domain/tile_reset_domain_tile/gemmini/ex_controller/mesh/transposer/pes_4_5                                                         
     9     0.00% 8.61420e-08 8.67577e-04 8.07190e-08 8.67744e-04   8 /ChipTop/system/tile_prci_domain/tile_reset_domain_tile/gemmini/ex_controller/mesh/transposer/pes_10_13                                                       
     9     0.00% 8.61300e-08 8.67577e-04 8.07190e-08 8.67744e-04   8 /ChipTop/system/tile_prci_domain/tile_reset_domain_tile/gemmini/ex_controller/mesh/transposer/pes_10_12                                                       
     9     0.00% 8.61090e-08 8.67577e-04 8.07190e-08 8.67744e-04   8 /ChipTop/system/tile_prci_domain/tile_reset_domain_tile/gemmini/ex_controller/mesh/transposer/pes_13_7                                                        
     9     0.00% 8.60930e-08 8.67577e-04 8.07190e-08 8.67744e-04   8 /ChipTop/system/tile_prci_domain/tile_reset_domain_tile/gemmini/ex_controller/mesh/transposer/pes_2_14                                                        
     9     0.00% 8.60930e-08 8.67577e-04 8.07190e-08 8.67744e-04   8 /ChipTop/system/tile_prci_domain/tile_reset_domain_tile/gemmini/ex_controller/mesh/transposer/pes_7_9                                                         
     9     0.00% 8.60800e-08 8.67577e-04 8.07190e-08 8.67744e-04   8 /ChipTop/system/tile_prci_domain/tile_reset_domain_tile/gemmini/ex_controller/mesh/transposer/pes_3_12                                                        
     9     0.00% 8.60800e-08 8.67577e-04 8.07190e-08 8.67744e-04   8 /ChipTop/system/tile_prci_domain/tile_reset_domain_tile/gemmini/ex_controller/mesh/transposer/pes_12_9                                                        
     9     0.00% 8.60800e-08 8.67577e-04 8.07190e-08 8.67744e-04   8 /ChipTop/system/tile_prci_domain/tile_reset_domain_tile/gemmini/ex_controller/mesh/transposer/pes_14_13                                                       
     9     0.00% 8.60700e-08 8.67577e-04 8.07190e-08 8.67744e-04   8 /ChipTop/system/tile_prci_domain/tile_reset_domain_tile/gemmini/ex_controller/mesh/transposer/pes_2_12                                                        
     9     0.00% 8.60190e-08 8.67577e-04 8.07190e-08 8.67744e-04   8 /ChipTop/system/tile_prci_domain/tile_reset_domain_tile/gemmini/ex_controller/mesh/transposer/pes_9_10                                                        
     9     0.00% 8.60010e-08 8.67577e-04 8.07190e-08 8.67744e-04   8 /ChipTop/system/tile_prci_domain/tile_reset_domain_tile/gemmini/ex_controller/mesh/transposer/pes_9_2                                                         
     9     0.00% 8.59890e-08 8.67577e-04 8.07190e-08 8.67744e-04   8 /ChipTop/system/tile_prci_domain/tile_reset_domain_tile/gemmini/ex_controller/mesh/transposer/pes_5_8                                                         
     9     0.00% 8.58730e-08 8.67577e-04 8.07190e-08 8.67744e-04   8 /ChipTop/system/tile_prci_domain/tile_reset_domain_tile/gemmini/ex_controller/mesh/transposer/pes_8_14                                                        
     9     0.00% 8.58440e-08 8.67577e-04 8.07190e-08 8.67744e-04   8 /ChipTop/system/tile_prci_domain/tile_reset_domain_tile/gemmini/ex_controller/mesh/transposer/pes_7_14                                                        
     9     0.00% 8.58310e-08 8.67577e-04 8.07190e-08 8.67744e-04   8 /ChipTop/system/tile_prci_domain/tile_reset_domain_tile/gemmini/ex_controller/mesh/transposer/pes_13_4                                                        
     9     0.00% 8.57530e-08 8.67577e-04 8.07190e-08 8.67744e-04   8 /ChipTop/system/tile_prci_domain/tile_reset_domain_tile/gemmini/ex_controller/mesh/transposer/pes_2_5                                                         
     9     0.00% 8.58110e-08 8.67577e-04 8.07190e-08 8.67744e-04   8 /ChipTop/system/tile_prci_domain/tile_reset_domain_tile/gemmini/ex_controller/mesh/transposer/pes_1_3                                                         
     9     0.00% 8.57980e-08 8.67577e-04 8.07190e-08 8.67744e-04   8 /ChipTop/system/tile_prci_domain/tile_reset_domain_tile/gemmini/ex_controller/mesh/transposer/pes_4_6                                                         
     9     0.00% 8.57920e-08 8.67577e-04 8.07190e-08 8.67744e-04   8 /ChipTop/system/tile_prci_domain/tile_reset_domain_tile/gemmini/ex_controller/mesh/transposer/pes_8_2                                                         
     9     0.00% 8.57130e-08 8.67577e-04 8.07190e-08 8.67744e-04   8 /ChipTop/system/tile_prci_domain/tile_reset_domain_tile/gemmini/ex_controller/mesh/transposer/pes_9_9                                                         
     9     0.00% 8.56910e-08 8.67577e-04 8.07190e-08 8.67744e-04   8 /ChipTop/system/tile_prci_domain/tile_reset_domain_tile/gemmini/ex_controller/mesh/transposer/pes_9_6                                                         
     9     0.00% 8.56740e-08 8.67577e-04 8.07190e-08 8.67744e-04   8 /ChipTop/system/tile_prci_domain/tile_reset_domain_tile/gemmini/ex_controller/mesh/transposer/pes_12_13                                                       
     9     0.00% 8.56510e-08 8.67577e-04 8.07190e-08 8.67744e-04   8 /ChipTop/system/tile_prci_domain/tile_reset_domain_tile/gemmini/ex_controller/mesh/transposer/pes_4_4                                                         
     9     0.00% 8.55840e-08 8.67577e-04 8.07190e-08 8.67744e-04   8 /ChipTop/system/tile_prci_domain/tile_reset_domain_tile/gemmini/ex_controller/mesh/transposer/pes_11_10                                                       
     9     0.00% 8.56060e-08 8.67577e-04 8.07190e-08 8.67744e-04   8 /ChipTop/system/tile_prci_domain/tile_reset_domain_tile/gemmini/ex_controller/mesh/transposer/pes_14_5                                                        
     9     0.00% 8.55440e-08 8.67577e-04 8.07190e-08 8.67744e-04   8 /ChipTop/system/tile_prci_domain/tile_reset_domain_tile/gemmini/ex_controller/mesh/transposer/pes_13_1                                                        
     9     0.00% 8.55150e-08 8.67577e-04 8.07190e-08 8.67744e-04   8 /ChipTop/system/tile_prci_domain/tile_reset_domain_tile/gemmini/ex_controller/mesh/transposer/pes_6_1                                                         
     9     0.00% 8.54820e-08 8.67577e-04 8.07190e-08 8.67744e-04   8 /ChipTop/system/tile_prci_domain/tile_reset_domain_tile/gemmini/ex_controller/mesh/transposer/pes_9_12                                                        
     9     0.00% 8.54540e-08 8.67577e-04 8.07190e-08 8.67744e-04   8 /ChipTop/system/tile_prci_domain/tile_reset_domain_tile/gemmini/ex_controller/mesh/transposer/pes_10_11                                                       
     9     0.00% 8.54530e-08 8.67577e-04 8.07190e-08 8.67744e-04   8 /ChipTop/system/tile_prci_domain/tile_reset_domain_tile/gemmini/ex_controller/mesh/transposer/pes_3_7                                                         
     9     0.00% 8.54530e-08 8.67577e-04 8.07190e-08 8.67744e-04   8 /ChipTop/system/tile_prci_domain/tile_reset_domain_tile/gemmini/ex_controller/mesh/transposer/pes_4_2                                                         
     9     0.00% 8.54470e-08 8.67577e-04 8.07190e-08 8.67744e-04   8 /ChipTop/system/tile_prci_domain/tile_reset_domain_tile/gemmini/ex_controller/mesh/transposer/pes_7_3                                                         
     9     0.00% 8.54240e-08 8.67577e-04 8.07190e-08 8.67744e-04   8 /ChipTop/system/tile_prci_domain/tile_reset_domain_tile/gemmini/ex_controller/mesh/transposer/pes_6_8                                                         
     9     0.00% 8.53460e-08 8.67577e-04 8.07190e-08 8.67743e-04   8 /ChipTop/system/tile_prci_domain/tile_reset_domain_tile/gemmini/ex_controller/mesh/transposer/pes_12_5                                                        
     9     0.00% 8.53350e-08 8.67577e-04 8.07190e-08 8.67743e-04   8 /ChipTop/system/tile_prci_domain/tile_reset_domain_tile/gemmini/ex_controller/mesh/transposer/pes_2_1                                                         
     9     0.00% 8.53340e-08 8.67577e-04 8.07190e-08 8.67743e-04   8 /ChipTop/system/tile_prci_domain/tile_reset_domain_tile/gemmini/ex_controller/mesh/transposer/pes_12_1                                                        
     9     0.00% 8.53230e-08 8.67577e-04 8.07190e-08 8.67743e-04   8 /ChipTop/system/tile_prci_domain/tile_reset_domain_tile/gemmini/ex_controller/mesh/transposer/pes_4_1                                                         
     9     0.00% 8.52940e-08 8.67577e-04 8.07190e-08 8.67743e-04   8 /ChipTop/system/tile_prci_domain/tile_reset_domain_tile/gemmini/ex_controller/mesh/transposer/pes_5_1                                                         
     9     0.00% 8.52830e-08 8.67577e-04 8.07190e-08 8.67743e-04   8 /ChipTop/system/tile_prci_domain/tile_reset_domain_tile/gemmini/ex_controller/mesh/transposer/pes_6_6                                                         
     9     0.00% 8.52560e-08 8.67577e-04 8.07190e-08 8.67743e-04   8 /ChipTop/system/tile_prci_domain/tile_reset_domain_tile/gemmini/ex_controller/mesh/transposer/pes_13_14                                                       
     9     0.00% 8.51660e-08 8.67577e-04 8.07190e-08 8.67743e-04   8 /ChipTop/system/tile_prci_domain/tile_reset_domain_tile/gemmini/ex_controller/mesh/transposer/pes_9_4                                                         
     9     0.00% 8.51530e-08 8.67577e-04 8.07190e-08 8.67743e-04   8 /ChipTop/system/tile_prci_domain/tile_reset_domain_tile/gemmini/ex_controller/mesh/transposer/pes_12_7                                                        
     9     0.00% 8.50580e-08 8.67577e-04 8.07190e-08 8.67743e-04   8 /ChipTop/system/tile_prci_domain/tile_reset_domain_tile/gemmini/ex_controller/mesh/transposer/pes_5_2                                                         
     9     0.00% 8.50170e-08 8.67577e-04 8.07190e-08 8.67743e-04   8 /ChipTop/system/tile_prci_domain/tile_reset_domain_tile/gemmini/ex_controller/mesh/transposer/pes_13_6                                                        
     9     0.00% 8.49670e-08 8.67577e-04 8.07190e-08 8.67743e-04   8 /ChipTop/system/tile_prci_domain/tile_reset_domain_tile/gemmini/ex_controller/mesh/transposer/pes_12_4                                                        
     9     0.00% 8.49170e-08 8.67577e-04 8.07190e-08 8.67743e-04   8 /ChipTop/system/tile_prci_domain/tile_reset_domain_tile/gemmini/ex_controller/mesh/transposer/pes_2_11                                                        
     9     0.00% 8.48370e-08 8.67577e-04 8.07190e-08 8.67743e-04   8 /ChipTop/system/tile_prci_domain/tile_reset_domain_tile/gemmini/ex_controller/mesh/transposer/pes_14_8                                                        
     9     0.00% 8.47700e-08 8.67577e-04 8.07190e-08 8.67743e-04   8 /ChipTop/system/tile_prci_domain/tile_reset_domain_tile/gemmini/ex_controller/mesh/transposer/pes_11_3                                                        
     9     0.00% 8.46970e-08 8.67577e-04 8.07190e-08 8.67743e-04   8 /ChipTop/system/tile_prci_domain/tile_reset_domain_tile/gemmini/ex_controller/mesh/transposer/pes_6_12                                                        
     9     0.00% 8.46170e-08 8.67577e-04 8.07190e-08 8.67743e-04   8 /ChipTop/system/tile_prci_domain/tile_reset_domain_tile/gemmini/ex_controller/mesh/transposer/pes_2_10                                                        
     9     0.00% 8.45390e-08 8.67577e-04 8.07190e-08 8.67743e-04   8 /ChipTop/system/tile_prci_domain/tile_reset_domain_tile/gemmini/ex_controller/mesh/transposer/pes_13_8                                                        
     9     0.00% 8.42610e-08 8.67577e-04 8.07190e-08 8.67742e-04   8 /ChipTop/system/tile_prci_domain/tile_reset_domain_tile/gemmini/ex_controller/mesh/transposer/pes_11_13                                                       
     9     0.00% 8.39330e-08 8.67577e-04 8.07190e-08 8.67742e-04   8 /ChipTop/system/tile_prci_domain/tile_reset_domain_tile/gemmini/ex_controller/mesh/transposer/pes_14_11                                                       
     9     0.00% 8.39120e-08 8.67577e-04 8.07190e-08 8.67742e-04   8 /ChipTop/system/tile_prci_domain/tile_reset_domain_tile/gemmini/ex_controller/mesh/transposer/pes_10_9                                                        
     9     0.00% 8.38540e-08 8.67577e-04 8.07190e-08 8.67742e-04   8 /ChipTop/system/tile_prci_domain/tile_reset_domain_tile/gemmini/ex_controller/mesh/transposer/pes_3_5                                                         
     9     0.00% 8.37240e-08 8.67577e-04 8.07190e-08 8.67742e-04   8 /ChipTop/system/tile_prci_domain/tile_reset_domain_tile/gemmini/ex_controller/mesh/transposer/pes_9_1                                                         
     9     0.00% 8.35540e-08 8.67577e-04 8.07190e-08 8.67742e-04   8 /ChipTop/system/tile_prci_domain/tile_reset_domain_tile/gemmini/ex_controller/mesh/transposer/pes_4_3                                                         
   565     0.09% 3.10370e-06 1.31487e-02 3.31785e-05 1.31850e-02   7 /ChipTop/system/tile_prci_domain/tile_reset_domain_tile/gemmini/ex_controller/mesh/tagq                                                                       
   143     0.02% 7.18540e-07 8.22107e-03 4.12434e-06 8.22591e-03   7 /ChipTop/system/tile_prci_domain/tile_reset_domain_tile/gemmini/ex_controller/mesh/total_rows_q                                                               
   103     0.02% 5.60283e-07 5.20769e-03 1.65761e-06 5.20991e-03   8 /ChipTop/system/tile_prci_domain/tile_reset_domain_tile/gemmini/ex_controller/mesh/total_rows_q/ram_ext                                                       
  2724     0.41% 1.36834e-05 3.04769e-02 7.01298e-05 3.05607e-02   6 /ChipTop/system/tile_prci_domain/tile_reset_domain_tile/gemmini/ex_controller/cmd_q                                                                           
   745     0.11% 4.62002e-06 1.63399e-02 1.06386e-04 1.64509e-02   6 /ChipTop/system/tile_prci_domain/tile_reset_domain_tile/gemmini/ex_controller/mesh_cntl_signals_q                                                             
   707     0.11% 4.46963e-06 1.33028e-02 8.65031e-05 1.33938e-02   7 /ChipTop/system/tile_prci_domain/tile_reset_domain_tile/gemmini/ex_controller/mesh_cntl_signals_q/ram_ext                                                     
   684     0.10% 3.60557e-06 1.29349e-02 2.83272e-05 1.29669e-02   6 /ChipTop/system/tile_prci_domain/tile_reset_domain_tile/gemmini/ex_controller/unrolled_cmd_mod                                                                
   534     0.08% 3.09521e-06 9.12043e-03 2.03785e-05 9.14390e-03   7 /ChipTop/system/tile_prci_domain/tile_reset_domain_tile/gemmini/ex_controller/unrolled_cmd_mod/q                                                              
 57066     8.62% 1.80308e-04 1.05015e+00 1.17391e-01 1.16772e+00   5 /ChipTop/system/tile_prci_domain/tile_reset_domain_tile/gemmini/mod                                                                                           
 11060     1.67% 3.49255e-05 3.16003e-01 4.03616e-02 3.56399e-01   6 /ChipTop/system/tile_prci_domain/tile_reset_domain_tile/gemmini/mod/st                                                                                        
   471     0.07% 3.88924e-06 3.05562e-01 4.03380e-02 3.45904e-01   7 /ChipTop/system/tile_prci_domain/tile_reset_domain_tile/gemmini/mod/st/command_p                                                                              
 15370     2.32% 4.51423e-05 1.67069e-01 1.96545e-02 1.86768e-01   6 /ChipTop/system/tile_prci_domain/tile_reset_domain_tile/gemmini/mod/ex                                                                                        
   235     0.04% 1.91740e-06 1.50215e-01 1.96244e-02 1.69842e-01   7 /ChipTop/system/tile_prci_domain/tile_reset_domain_tile/gemmini/mod/ex/command_p                                                                              
  7138     1.08% 2.34704e-05 1.66164e-01 2.01873e-02 1.86375e-01   6 /ChipTop/system/tile_prci_domain/tile_reset_domain_tile/gemmini/mod/ld_input                                                                                  
   241     0.04% 1.94027e-06 1.54050e-01 2.01697e-02 1.74222e-01   7 /ChipTop/system/tile_prci_domain/tile_reset_domain_tile/gemmini/mod/ld_input/command_p                                                                        
  9757     1.47% 2.89990e-05 1.59736e-01 1.85547e-02 1.78320e-01   6 /ChipTop/system/tile_prci_domain/tile_reset_domain_tile/gemmini/mod/ld_weights                                                                                
   231     0.03% 1.84068e-06 1.47626e-01 1.85340e-02 1.66162e-01   7 /ChipTop/system/tile_prci_domain/tile_reset_domain_tile/gemmini/mod/ld_weights/command_p                                                                      
  4438     0.67% 1.41453e-05 1.31183e-01 1.54579e-02 1.46655e-01   6 /ChipTop/system/tile_prci_domain/tile_reset_domain_tile/gemmini/mod/ld_bias                                                                                   
   189     0.03% 1.52354e-06 1.20814e-01 1.54444e-02 1.36260e-01   7 /ChipTop/system/tile_prci_domain/tile_reset_domain_tile/gemmini/mod/ld_bias/command_p                                                                         
   565     0.09% 3.46632e-06 2.43431e-02 3.03887e-03 2.73854e-02   6 /ChipTop/system/tile_prci_domain/tile_reset_domain_tile/gemmini/mod/cmd                                                                                       
   543     0.08% 3.39656e-06 1.87413e-02 2.24200e-03 2.09867e-02   7 /ChipTop/system/tile_prci_domain/tile_reset_domain_tile/gemmini/mod/cmd/ram_ext                                                                               
   336     0.05% 8.34606e-07 4.08795e-05 7.19789e-05 1.13693e-04   6 /ChipTop/system/tile_prci_domain/tile_reset_domain_tile/gemmini/mod/arb                                                                                       
 20754     3.14% 8.43863e-05 1.01576e+00 5.06335e-03 1.02091e+00   5 /ChipTop/system/tile_prci_domain/tile_reset_domain_tile/gemmini/reservation_station                                                                           
  2841     0.43% 1.02717e-05 1.85099e-01 5.35453e-04 1.85645e-01   5 /ChipTop/system/tile_prci_domain/tile_reset_domain_tile/gemmini/tlb                                                                                           
  2351     0.36% 7.55637e-06 2.16246e-02 4.25500e-05 2.16747e-02   6 /ChipTop/system/tile_prci_domain/tile_reset_domain_tile/gemmini/tlb/tlbs_0                                                                                    
  2342     0.35% 7.52949e-06 2.03543e-02 4.22997e-05 2.04041e-02   7 /ChipTop/system/tile_prci_domain/tile_reset_domain_tile/gemmini/tlb/tlbs_0/tlb                                                                                
  1299     0.20% 2.55279e-06 2.82830e-05 3.22006e-05 6.30364e-05   8 /ChipTop/system/tile_prci_domain/tile_reset_domain_tile/gemmini/tlb/tlbs_0/tlb/pmp                                                                            
    48     0.01% 2.00587e-07 1.27254e-03 8.17137e-06 1.28091e-03   6 /ChipTop/system/tile_prci_domain/tile_reset_domain_tile/gemmini/tlb/tlbArbOpt                                                                                 
 15042     2.27% 5.28648e-05 1.41077e-01 5.39728e-03 1.46528e-01   5 /ChipTop/system/tile_prci_domain/tile_reset_domain_tile/gemmini/mod_1                                                                                         
   570     0.09% 3.49140e-06 2.68941e-02 3.06466e-03 2.99623e-02   6 /ChipTop/system/tile_prci_domain/tile_reset_domain_tile/gemmini/mod_1/cmd                                                                                     
   548     0.08% 3.41880e-06 2.12949e-02 2.24075e-03 2.35391e-02   7 /ChipTop/system/tile_prci_domain/tile_reset_domain_tile/gemmini/mod_1/cmd/ram_ext                                                                             
  3378     0.51% 1.04429e-05 1.03548e-02 8.83519e-06 1.03741e-02   6 /ChipTop/system/tile_prci_domain/tile_reset_domain_tile/gemmini/mod_1/stC                                                                                     
  2597     0.39% 7.23111e-06 7.75107e-03 5.30054e-06 7.76360e-03   6 /ChipTop/system/tile_prci_domain/tile_reset_domain_tile/gemmini/mod_1/ex                                                                                      
  1915     0.29% 5.93197e-06 6.48318e-03 7.16355e-06 6.49627e-03   6 /ChipTop/system/tile_prci_domain/tile_reset_domain_tile/gemmini/mod_1/ldD                                                                                     
  2272     0.34% 7.29320e-06 6.48181e-03 5.66891e-06 6.49478e-03   6 /ChipTop/system/tile_prci_domain/tile_reset_domain_tile/gemmini/mod_1/ldB                                                                                     
  2055     0.31% 6.23573e-06 6.48091e-03 3.97888e-06 6.49112e-03   6 /ChipTop/system/tile_prci_domain/tile_reset_domain_tile/gemmini/mod_1/ldA                                                                                     
   171     0.03% 5.15820e-07 3.48729e-05 6.46132e-05 1.00002e-04   6 /ChipTop/system/tile_prci_domain/tile_reset_domain_tile/gemmini/mod_1/arb                                                                                     
   131     0.02% 4.62084e-07 1.53045e-05 2.77527e-05 4.35192e-05   6 /ChipTop/system/tile_prci_domain/tile_reset_domain_tile/gemmini/mod_1/ldab_arb                                                                                
  3271     0.49% 1.09511e-05 8.36465e-02 2.80110e-02 1.11668e-01   5 /ChipTop/system/tile_prci_domain/tile_reset_domain_tile/gemmini/store_controller                                                                              
   445     0.07% 2.89040e-06 2.12961e-02 2.44992e-03 2.37489e-02   6 /ChipTop/system/tile_prci_domain/tile_reset_domain_tile/gemmini/store_controller/cmd                                                                          
   423     0.06% 2.82523e-06 1.57501e-02 1.66724e-03 1.74201e-02   7 /ChipTop/system/tile_prci_domain/tile_reset_domain_tile/gemmini/store_controller/cmd/ram_ext                                                                  
   115     0.02% 5.00991e-07 1.88103e-02 4.41517e-03 2.32259e-02   6 /ChipTop/system/tile_prci_domain/tile_reset_domain_tile/gemmini/store_controller/cmd_tracker                                                                  
  3559     0.54% 1.75725e-05 5.79734e-02 6.96150e-04 5.86872e-02   5 /ChipTop/system/tile_prci_domain/tile_reset_domain_tile/gemmini/load_controller                                                                               
  2341     0.35% 1.30554e-05 3.78063e-02 4.50573e-05 3.78644e-02   6 /ChipTop/system/tile_prci_domain/tile_reset_domain_tile/gemmini/load_controller/cmd                                                                           
  2304     0.35% 1.29146e-05 3.47925e-02 4.23128e-05 3.48477e-02   7 /ChipTop/system/tile_prci_domain/tile_reset_domain_tile/gemmini/load_controller/cmd/ram_ext                                                                   
   109     0.02% 4.96290e-07 6.07488e-03 2.73474e-05 6.10273e-03   6 /ChipTop/system/tile_prci_domain/tile_reset_domain_tile/gemmini/load_controller/cmd_tracker                                                                   
  5431     0.82% 2.17175e-05 4.38051e-02 2.05911e-03 4.58859e-02   5 /ChipTop/system/tile_prci_domain/tile_reset_domain_tile/gemmini/counters                                                                                      
  5350     0.81% 2.10786e-05 3.99334e-02 2.05909e-03 4.20136e-02   6 /ChipTop/system/tile_prci_domain/tile_reset_domain_tile/gemmini/counters/counterfile                                                                          
   625     0.09% 4.22377e-06 2.43444e-02 3.14424e-03 2.74929e-02   5 /ChipTop/system/tile_prci_domain/tile_reset_domain_tile/gemmini/unrolled_cmd                                                                                  
   604     0.09% 4.15833e-06 1.87607e-02 2.33796e-03 2.11028e-02   6 /ChipTop/system/tile_prci_domain/tile_reset_domain_tile/gemmini/unrolled_cmd/ram_ext                                                                          
   528     0.08% 3.27101e-06 2.41593e-02 2.87321e-03 2.70358e-02   5 /ChipTop/system/tile_prci_domain/tile_reset_domain_tile/gemmini/raw_cmd_q                                                                                     
   506     0.08% 3.20085e-06 1.85573e-02 2.07835e-03 2.06389e-02   6 /ChipTop/system/tile_prci_domain/tile_reset_domain_tile/gemmini/raw_cmd_q/ram_ext                                                                             
    12     0.00% 3.46230e-08 3.53428e-05 8.38787e-05 1.19256e-04   5 /ChipTop/system/tile_prci_domain/tile_reset_domain_tile/gemmini/reservation_station_completed_arb                                                             
    13     0.00% 3.86560e-08 2.22637e-06 7.58249e-07 3.02327e-06   5 /ChipTop/system/tile_prci_domain/tile_reset_domain_tile/gemmini/req_arb                                                                                       
    13     0.00% 3.86550e-08 7.86478e-07 2.03654e-07 1.02879e-06   5 /ChipTop/system/tile_prci_domain/tile_reset_domain_tile/gemmini/req_arb_1                                                                                     
    13     0.00% 3.86550e-08 7.86478e-07 2.03654e-07 1.02879e-06   5 /ChipTop/system/tile_prci_domain/tile_reset_domain_tile/gemmini/req_arb_2                                                                                     
    13     0.00% 3.86550e-08 7.86478e-07 2.03654e-07 1.02879e-06   5 /ChipTop/system/tile_prci_domain/tile_reset_domain_tile/gemmini/req_arb_3                                                                                     
-----------------------------------------------------------------------------------------------------------------------------------------------------------------------------------------------------------------------------------
