sim_time,power
8.0,246.06117775820002
1616.0,11.2751781539
4816.0,0.0
8016.0,0.0
11216.0,0.0
14416.0,0.0
17616.0,0.0
20816.0,0.0
24016.0,0.0
27216.0,0.0
30416.0,0.0
33616.0,0.0
36816.0,0.0
40016.0,0.0
43216.0,0.0
46416.0,0.0
49616.0,0.0
52816.0,0.0
56016.0,0.0
59216.0,0.0
62416.0,0.0
65616.0,0.0
68816.0,0.0
72016.0,0.0
75216.0,0.0
78416.0,0.0
81616.0,0.0
84816.0,0.0
88016.0,0.0
91216.0,0.0
94416.0,0.0
97616.0,0.0
100816.0,0.0
104016.0,0.0
107216.0,0.0
110416.0,0.0
113616.0,0.0
116816.0,0.0
120016.0,0.0
123216.0,0.0
126416.0,0.0
129616.0,0.0
132816.0,0.0
136016.0,0.0
139216.0,0.0
142416.0,0.0
145616.0,0.0
148816.0,0.0
152016.0,0.0
155216.0,0.0
158416.0,0.0
161616.0,0.0
164816.0,0.0
168016.0,0.0
171216.0,0.0
174416.0,0.0
177616.0,0.0
180816.0,0.0
184016.0,0.0
187216.0,0.0
190416.0,0.0
193616.0,0.0
196816.0,0.0
200016.0,0.0
203216.0,0.0
206416.0,0.0
209616.0,0.0
212816.0,0.0
216016.0,0.0
219216.0,0.0
222416.0,0.0
225616.0,0.0
228816.0,0.0
232016.0,0.0
235216.0,0.0
238416.0,0.0
241616.0,0.0
244816.0,0.0
248016.0,0.0
251216.0,0.0
254416.0,0.0
257616.0,0.0
260816.0,0.0
264016.0,0.0
267216.0,0.0
270416.0,0.0
273616.0,0.0
276816.0,0.0
280016.0,0.0
283216.0,0.0
286416.0,0.0
289616.0,0.0
292816.0,0.0
296016.0,0.0
299216.0,0.0
302416.0,0.0
305616.0,0.0
308816.0,0.0
312016.0,0.0
315216.0,0.0
318416.0,0.0
321616.0,0.0
324816.0,0.0
328016.0,0.0
331216.0,0.0
334416.0,0.0
337616.0,0.0
340816.0,0.0
344016.0,0.0
347216.0,0.0
350416.0,0.0
353616.0,0.0
356816.0,0.0
360016.0,0.0
363216.0,0.0
366416.0,0.0
369616.0,0.0
372816.0,0.0
376016.0,0.0
379216.0,0.0
382416.0,0.0
385616.0,0.0
388816.0,0.0
392016.0,0.0
395216.0,0.0
398416.0,0.0
401616.0,0.0
404816.0,0.0
408016.0,0.0
411216.0,0.0
414416.0,0.0
417616.0,0.0
420816.0,0.0
424016.0,0.0
427216.0,0.0
430416.0,0.0
433616.0,0.0
436816.0,0.0
440016.0,0.0
443216.0,0.0
446416.0,0.0
449616.0,0.0
452816.0,0.0
456016.0,0.0
459216.0,0.0
462416.0,0.0
465616.0,0.0
468816.0,0.0
472016.0,0.0
475216.0,0.0
478416.0,0.0
481616.0,0.0
484816.0,0.0
488016.0,0.0
491216.0,0.0
494416.0,0.0
497616.0,0.0
500816.0,0.0
504016.0,0.0
507216.0,0.0
510416.0,0.0
513616.0,0.0
516816.0,0.0
520016.0,0.0
523216.0,0.0
526416.0,0.0
529616.0,0.0
532816.0,0.0
536016.0,0.0
539216.0,0.0
542416.0,0.0
545616.0,0.0
548816.0,0.0
552016.0,0.0
555216.0,0.0
558416.0,0.0
561616.0,0.0
564816.0,0.0
568016.0,0.0
571216.0,0.0
574416.0,0.0
577616.0,0.0
580816.0,0.0
584016.0,0.0
587216.0,0.0
590416.0,0.0
593616.0,0.0
596816.0,0.0
600016.0,0.0
603216.0,0.0
606416.0,0.0
609616.0,0.0
612816.0,0.0
616016.0,0.0
619216.0,0.0
622416.0,0.0
625616.0,0.0
628816.0,0.0
632016.0,0.0
635216.0,0.0
638416.0,0.0
641616.0,0.0
644816.0,0.0
648016.0,0.0
651216.0,0.0
654416.0,0.0
657616.0,0.0
660816.0,0.0
664016.0,0.0
667216.0,0.0
670416.0,0.0
673616.0,0.0
676816.0,0.0
680016.0,0.0
683216.0,0.0
686416.0,0.0
689616.0,0.0
692816.0,0.0
696016.0,0.0
699216.0,0.0
702416.0,0.0
705616.0,0.0
708816.0,0.0
712016.0,0.0
715216.0,0.0
718416.0,0.0
721616.0,0.0
724816.0,0.0
728016.0,0.0
731216.0,0.0
734416.0,0.0
737616.0,0.0
740816.0,0.0
744016.0,0.0
747216.0,0.0
750416.0,0.0
753616.0,0.0
756816.0,0.0
760016.0,0.0
763216.0,0.0
766416.0,0.0
769616.0,0.0
772816.0,0.0
776016.0,0.0
779216.0,0.0
782416.0,0.0
785616.0,0.0
788816.0,0.0
792016.0,0.0
795216.0,0.0
798416.0,0.0
801616.0,0.0
804816.0,0.0
808016.0,0.0
811216.0,0.0
814416.0,0.0
817616.0,0.0
820816.0,0.0
824016.0,0.0
827216.0,0.0
830416.0,0.0
833616.0,0.0
836816.0,0.0
840016.0,0.0
843216.0,0.0
846416.0,0.0
849616.0,0.0
852816.0,0.0
856016.0,0.0
859216.0,0.0
862416.0,0.0
865616.0,0.0
868816.0,0.0
872016.0,0.0
875216.0,0.0
878416.0,0.0
881616.0,0.0
884816.0,0.0
888016.0,0.0
891216.0,0.0
894416.0,0.0
897616.0,0.0
900816.0,0.0
904016.0,0.0
907216.0,0.0
910416.0,0.0
913616.0,0.0
916816.0,0.0
920016.0,0.0
923216.0,0.0
926416.0,0.0
929616.0,0.0
932816.0,0.0
936016.0,0.0
939216.0,0.0
942416.0,0.0
945616.0,0.0
948816.0,0.0
952016.0,0.0
955216.0,0.0
958416.0,0.0
961616.0,0.0
964816.0,0.0
968016.0,0.0
971216.0,0.0
974416.0,0.0
977616.0,0.0
980816.0,0.0
984016.0,0.0
987216.0,0.0
990416.0,0.0
993616.0,0.0
996816.0,0.0
1000016.0,0.0
1003216.0,0.0
1006416.0,0.0
1009616.0,0.0
1012816.0,0.0
1016016.0,0.0
1019216.0,0.0
1022416.0,0.0
1025616.0,0.0
1028816.0,0.0
1032016.0,0.0
1035216.0,0.0
1038416.0,0.0
1041616.0,0.0
1044816.0,0.0
1048016.0,0.0
1051216.0,0.0
1054416.0,0.0
1057616.0,0.0
1060816.0,0.0
1064016.0,0.0
1067216.0,0.0
1070416.0,0.0
1073616.0,0.0
1076816.0,0.0
1080016.0,0.0
1083216.0,0.0
1086416.0,0.0
1089616.0,0.0
1092816.0,0.0
1096016.0,0.0
1099216.0,0.0
1102416.0,0.0
1105616.0,0.0
1108816.0,0.0
1112016.0,0.0
1115216.0,0.0
1118416.0,0.0
1121616.0,0.0
1124816.0,0.0
1128016.0,0.0
1131216.0,0.0
1134416.0,0.0
1137616.0,0.0
1140816.0,0.0
1144016.0,0.0
1147216.0,0.0
1150416.0,0.0
1153616.0,0.0
1156816.0,0.0
1160016.0,0.0
1163216.0,0.0
1166416.0,0.0
1169616.0,0.0
1172816.0,0.0
1176016.0,0.0
1179216.0,0.0
1182416.0,0.0
1185616.0,0.0
1188816.0,0.0
1192016.0,0.0
1195216.0,0.0
1198416.0,0.0
1201616.0,0.0
1204816.0,0.0
1208016.0,0.0
1211216.0,0.0
1214416.0,0.0
1217616.0,0.0
1220816.0,0.0
1224016.0,0.0
1227216.0,0.0
1230416.0,0.0
1233616.0,0.0
1236816.0,0.0
1240016.0,0.0
1243216.0,0.0
1246416.0,0.0
1249616.0,0.0
1252816.0,0.0
1256016.0,0.0
1259216.0,0.0
1262416.0,0.0
1265616.0,0.0
1268816.0,0.0
1272016.0,0.0
1275216.0,0.0
1278416.0,0.0
1281616.0,0.0
1284816.0,0.0
1288016.0,0.0
1291216.0,0.0
1294416.0,0.0
1297616.0,0.0
1300816.0,0.0
1304016.0,0.0
1307216.0,0.0
1310416.0,0.0
1313616.0,0.0
1316816.0,0.0
1320016.0,0.0
1323216.0,0.0
1326416.0,0.0
1329616.0,0.0
1332816.0,0.0
1336016.0,0.0
1339216.0,0.0
1342416.0,0.0
1345616.0,0.0
1348816.0,0.0
1352016.0,0.0
1355216.0,0.0
1358416.0,0.0
1361616.0,0.0
1364816.0,0.0
1368016.0,0.0
1371216.0,0.0
1374416.0,0.0
1377616.0,0.0
1380816.0,0.0
1384016.0,0.0
1387216.0,0.0
1390416.0,0.0
1393616.0,0.0
1396816.0,0.0
1400016.0,0.0
1403216.0,0.0
1406416.0,0.0
1409616.0,0.0
1412816.0,0.0
1416016.0,0.0
1419216.0,0.0
1422416.0,0.0
1425616.0,0.0
1428816.0,0.0
1432016.0,0.0
1435216.0,0.0
1438416.0,0.0
1441616.0,0.0
1444816.0,0.0
1448016.0,0.0
1451216.0,0.0
1454416.0,0.0
1457616.0,0.0
1460816.0,0.0
1464016.0,0.0
1467216.0,0.0
1470416.0,0.0
1473616.0,0.0
1476816.0,0.0
1480016.0,0.0
1483216.0,0.0
1486416.0,0.0
1489616.0,0.0
1492816.0,0.0
1496016.0,0.0
1499216.0,0.0
1502416.0,0.0
1505616.0,0.0
1508816.0,0.0
1512016.0,0.0
1515216.0,0.0
1518416.0,0.0
1521616.0,0.0
1524816.0,0.0
1528016.0,0.0
1531216.0,0.0
1534416.0,0.0
1537616.0,0.0
1540816.0,0.0
1544016.0,0.0
1547216.0,0.0
1550416.0,0.0
1553616.0,0.0
1556816.0,0.0
1560016.0,0.0
1563216.0,0.0
1566416.0,0.0
1569616.0,0.0
1572816.0,0.0
1576016.0,0.0
1579216.0,0.0
1582416.0,0.0
1585616.0,0.0
1588816.0,0.0
1592016.0,0.0
1595216.0,0.0
1598416.0,0.0
1601616.0,0.0
1604816.0,0.0
1608016.0,0.0
1611216.0,0.0
1614416.0,0.0
1617616.0,0.0
1620816.0,0.0
1624016.0,0.0
1627216.0,0.0
1630416.0,0.0
1633616.0,0.0
1636816.0,0.0
1640016.0,0.0
1643216.0,0.0
1646416.0,0.0
1649616.0,0.0
1652816.0,0.0
1656016.0,0.0
1659216.0,0.0
1662416.0,0.0
1665616.0,0.0
1668816.0,0.0
1672016.0,0.0
1675216.0,0.0
1678416.0,0.0
1681616.0,0.0
1684816.0,0.0
1688016.0,0.0
1691216.0,0.0
1694416.0,0.0
1697616.0,0.0
1700816.0,0.0
1704016.0,0.0
1707216.0,0.0
1710416.0,0.0
1713616.0,0.0
1716816.0,0.0
1720016.0,0.0
1723216.0,0.0
1726416.0,0.0
1729616.0,0.0
1732816.0,0.0
1736016.0,0.0
1739216.0,0.0
1742416.0,0.0
1745616.0,0.0
1748816.0,0.0
1752016.0,0.0
1755216.0,0.0
1758416.0,0.0
1761616.0,0.0
1764816.0,0.0
1768016.0,0.0
1771216.0,0.0
1774416.0,0.0
1777616.0,0.0
1780816.0,0.0
1784016.0,0.0
1787216.0,0.0
1790416.0,0.0
1793616.0,0.0
1796816.0,0.0
1800016.0,0.0
1803216.0,0.0
1806416.0,0.0
1809616.0,0.0
1812816.0,0.0
1816016.0,0.0
1819216.0,0.0
1822416.0,0.0
1825616.0,0.0
1828816.0,0.0
1832016.0,0.0
1835216.0,0.0
1838416.0,0.0
1841616.0,0.0
1844816.0,0.0
1848016.0,0.0
1851216.0,0.0
1854416.0,0.0
1857616.0,0.0
1860816.0,0.0
1864016.0,0.0
1867216.0,0.0
1870416.0,0.0
1873616.0,0.0
1876816.0,0.0
1880016.0,0.0
1883216.0,0.0
1886416.0,0.0
1889616.0,0.0
1892816.0,0.0
1896016.0,0.0
1899216.0,0.0
1902416.0,0.0
1905616.0,0.0
1908816.0,0.0
1912016.0,0.0
1915216.0,0.0
1918416.0,0.0
1921616.0,0.0
1924816.0,0.0
1928016.0,0.0
1931216.0,0.0
1934416.0,0.0
1937616.0,0.0
1940816.0,0.0
1944016.0,0.0
1947216.0,0.0
1950416.0,0.0
1953616.0,0.0
1956816.0,0.0
1960016.0,0.0
1963216.0,0.0
1966416.0,0.0
1969616.0,0.0
1972816.0,0.0
1976016.0,0.0
1979216.0,0.0
1982416.0,0.0
1985616.0,0.0
1988816.0,0.0
1992016.0,0.0
1995216.0,0.0
1998416.0,0.0
2001616.0,0.0
2004816.0,0.0
2008016.0,0.0
2011216.0,0.0
2014416.0,0.0
2017616.0,0.0
2020816.0,0.0
2024016.0,0.0
2027216.0,0.0
2030416.0,0.0
2033616.0,0.0
2036816.0,0.0
2040016.0,0.0
2043216.0,0.0
2046416.0,0.0
2049616.0,0.0
2052816.0,0.0
2056016.0,0.0
2059216.0,0.0
2062416.0,0.0
2065616.0,0.0
2068816.0,0.0
2072016.0,0.0
2075216.0,0.0
2078416.0,0.0
2081616.0,0.0
2084816.0,0.0
2088016.0,0.0
2091216.0,0.0
2094416.0,0.0
2097616.0,0.0
2100816.0,0.0
2104016.0,0.0
2107216.0,0.0
2110416.0,0.0
2113616.0,0.0
2116816.0,0.0
2120016.0,0.0
2123216.0,0.0
2126416.0,0.0
2129616.0,0.0
2132816.0,0.0
2136016.0,0.0
2139216.0,0.0
2142416.0,0.0
2145616.0,0.0
2148816.0,0.0
2152016.0,0.0
2155216.0,0.0
2158416.0,0.0
2161616.0,0.0
2164816.0,0.0
2168016.0,0.0
2171216.0,0.0
2174416.0,0.0
2177616.0,0.0
2180816.0,0.0
2184016.0,0.0
2187216.0,0.0
2190416.0,0.0
2193616.0,0.0
2196816.0,0.0
2200016.0,0.0
2203216.0,0.0
2206416.0,0.0
2209616.0,0.0
2212816.0,0.0
2216016.0,0.0
2219216.0,0.0
2222416.0,0.0
2225616.0,0.0
2228816.0,0.0
2232016.0,0.0
2235216.0,0.0
2238416.0,0.0
2241616.0,0.0
2244816.0,0.0
2248016.0,0.0
2251216.0,0.0
2254416.0,0.0
2257616.0,0.0
2260816.0,0.0
2264016.0,0.0
2267216.0,0.0
2270416.0,0.0
2273616.0,0.0
2276816.0,0.0
2280016.0,0.0
2283216.0,0.0
2286416.0,0.0
2289616.0,0.0
2292816.0,0.0
2296016.0,0.0
2299216.0,0.0
2302416.0,0.0
2305616.0,0.0
2308816.0,0.0
2312016.0,0.0
2315216.0,0.0
2318416.0,0.0
2321616.0,0.0
2324816.0,0.0
2328016.0,0.0
2331216.0,0.0
2334416.0,0.0
2337616.0,0.0
2340816.0,0.0
2344016.0,0.0
2347216.0,0.0
2350416.0,0.0
2353616.0,0.0
2356816.0,0.0
2360016.0,0.0
2363216.0,0.0
2366416.0,0.0
2369616.0,0.0
2372816.0,0.0
2376016.0,0.0
2379216.0,0.0
2382416.0,0.0
2385616.0,0.0
2388816.0,0.0
2392016.0,0.0
2395216.0,0.0
2398416.0,0.0
2401616.0,0.0
2404816.0,0.0
2408016.0,0.0
2411216.0,0.0
2414416.0,0.0
2417616.0,0.0
2420816.0,0.0
2424016.0,0.0
2427216.0,0.0
2430416.0,0.0
2433616.0,0.0
2436816.0,0.0
2440016.0,0.0
2443216.0,0.0
2446416.0,0.0
2449616.0,0.0
2452816.0,0.0
2456016.0,0.0
2459216.0,0.0
2462416.0,0.0
2465616.0,0.0
2468816.0,0.0
2472016.0,0.0
2475216.0,0.0
2478416.0,0.0
2481616.0,0.0
2484816.0,0.0
2488016.0,0.0
2491216.0,0.0
2494416.0,0.0
2497616.0,0.0
2500816.0,0.0
2504016.0,0.0
2507216.0,0.0
2510416.0,0.0
2513616.0,0.0
2516816.0,0.0
2520016.0,0.0
2523216.0,0.0
2526416.0,0.0
2529616.0,0.0
2532816.0,0.0
2536016.0,0.0
2539216.0,0.0
2542416.0,0.0
2545616.0,0.0
2548816.0,0.0
2552016.0,0.0
2555216.0,0.0
2558416.0,0.0
2561616.0,0.0
2564816.0,0.0
2568016.0,0.0
2571216.0,0.0
2574416.0,0.0
2577616.0,0.0
2580816.0,0.0
2584016.0,0.0
2587216.0,0.0
2590416.0,0.0
2593616.0,0.0
2596816.0,0.0
2600016.0,0.0
2603216.0,0.0
2606416.0,0.0
2609616.0,0.0
2612816.0,0.0
2616016.0,0.0
2619216.0,0.0
2622416.0,0.0
2625616.0,0.0
2628816.0,0.0
2632016.0,0.0
2635216.0,0.0
2638416.0,0.0
2641616.0,0.0
2644816.0,0.0
2648016.0,0.0
2651216.0,0.0
2654416.0,0.0
2657616.0,0.0
2660816.0,0.0
2664016.0,0.0
2667216.0,0.0
2670416.0,0.0
2673616.0,0.0
2676816.0,0.0
2680016.0,0.0
2683216.0,0.0
2686416.0,0.0
2689616.0,0.0
2692816.0,0.0
2696016.0,0.0
2699216.0,0.0
2702416.0,0.0
2705616.0,0.0
2708816.0,0.0
2712016.0,0.0
2715216.0,0.0
2718416.0,0.0
2721616.0,0.0
2724816.0,0.0
2728016.0,0.0
2731216.0,0.0
2734416.0,0.0
2737616.0,0.0
2740816.0,0.0
2744016.0,0.0
2747216.0,0.0
2750416.0,0.0
2753616.0,0.0
2756816.0,0.0
2760016.0,0.0
2763216.0,0.0
2766416.0,0.0
2769616.0,0.0
2772816.0,0.0
2776016.0,0.0
2779216.0,0.0
2782416.0,0.0
2785616.0,0.0
2788816.0,0.0
2792016.0,0.0
2795216.0,0.0
2798416.0,0.0
2801616.0,0.0
2804816.0,0.0
2808016.0,0.0
2811216.0,0.0
2814416.0,0.0
2817616.0,0.0
2820816.0,0.0
2824016.0,0.0
2827216.0,0.0
2830416.0,0.0
2833616.0,0.0
2836816.0,0.0
2840016.0,0.0
2843216.0,0.0
2846416.0,0.0
2849616.0,0.0
2852816.0,0.0
2856016.0,0.0
2859216.0,0.0
2862416.0,0.0
2865616.0,0.0
2868816.0,0.0
2872016.0,0.0
2875216.0,0.0
2878416.0,0.0
2881616.0,0.0
2884816.0,0.0
2888016.0,0.0
2891216.0,0.0
2894416.0,0.0
2897616.0,0.0
2900816.0,0.0
2904016.0,0.0
2907216.0,0.0
2910416.0,0.0
2913616.0,0.0
2916816.0,0.0
2920016.0,0.0
2923216.0,0.0
2926416.0,0.0
2929616.0,0.0
2932816.0,0.0
2936016.0,0.0
2939216.0,0.0
2942416.0,0.0
2945616.0,0.0
2948816.0,0.0
2952016.0,0.0
2955216.0,0.0
2958416.0,0.0
2961616.0,0.0
2964816.0,0.0
2968016.0,0.0
2971216.0,0.0
2974416.0,0.0
2977616.0,0.0
2980816.0,0.0
2984016.0,0.0
2987216.0,0.0
2990416.0,0.0
2993616.0,0.0
2996816.0,0.0
3000016.0,0.0
3003216.0,0.0
3006416.0,0.0
3009616.0,0.0
3012816.0,0.0
3016016.0,0.0
3019216.0,0.0
3022416.0,0.0
3025616.0,0.0
3028816.0,0.0
3032016.0,0.0
3035216.0,0.0
3038416.0,0.0
3041616.0,0.0
3044816.0,0.0
3048016.0,0.0
3051216.0,0.0
3054416.0,0.0
3057616.0,0.0
3060816.0,0.0
3064016.0,0.0
3067216.0,0.0
3070416.0,0.0
3073616.0,0.0
3076816.0,0.0
3080016.0,0.0
3083216.0,0.0
3086416.0,0.0
3089616.0,0.0
3092816.0,0.0
3096016.0,0.0
3099216.0,0.0
3102416.0,0.0
3105616.0,0.0
3108816.0,0.0
3112016.0,0.0
3115216.0,0.0
3118416.0,0.0
3121616.0,0.0
3124816.0,0.0
3128016.0,0.0
3131216.0,0.0
3134416.0,0.0
3137616.0,0.0
3140816.0,0.0
3144016.0,0.0
3147216.0,0.0
3150416.0,0.0
3153616.0,0.0
3156816.0,0.0
3160016.0,0.0
3163216.0,0.0
3166416.0,0.0
3169616.0,0.0
3172816.0,0.0
3176016.0,0.0
3179216.0,0.0
3182416.0,0.0
3185616.0,0.0
3188816.0,0.0
3192016.0,0.0
3195216.0,0.0
3198416.0,0.0
3201616.0,0.0
3204816.0,0.0
3208016.0,0.0
3211216.0,0.0
3214416.0,0.0
3217616.0,0.0
3220816.0,0.0
3224016.0,0.0
3227216.0,0.0
3230416.0,0.0
3233616.0,0.0
3236816.0,0.0
3240016.0,0.0
3243216.0,0.0
3246416.0,0.0
3249616.0,0.0
3252816.0,0.0
3256016.0,0.0
3259216.0,0.0
3262416.0,0.0
3265616.0,0.0
3268816.0,0.0
3272016.0,0.0
3275216.0,0.0
3278416.0,0.0
3281616.0,0.0
3284816.0,0.0
3288016.0,0.0
3291216.0,0.0
3294416.0,0.0
3297616.0,0.0
3300816.0,0.0
3304016.0,0.0
3307216.0,0.0
3310416.0,0.0
3313616.0,0.0
3316816.0,0.0
3320016.0,0.0
3323216.0,0.0
3326416.0,0.0
3329616.0,0.0
3332816.0,0.0
3336016.0,0.0
3339216.0,0.0
3342416.0,0.0
3345616.0,0.0
3348816.0,0.0
3352016.0,0.0
3355216.0,0.0
3358416.0,0.0
3361616.0,0.0
3364816.0,0.0
3368016.0,0.0
3371216.0,0.0
3374416.0,0.0
3377616.0,0.0
3380816.0,0.0
3384016.0,0.0
3387216.0,0.0
3390416.0,0.0
3393616.0,0.0
3396816.0,0.0
3400016.0,0.0
3403216.0,0.0
3406416.0,0.0
3409616.0,0.0
3412816.0,0.0
3416016.0,0.0
3419216.0,0.0
3422416.0,0.0
3425616.0,0.0
3428816.0,0.0
3432016.0,0.0
3435216.0,0.0
3438416.0,0.0
3441616.0,0.0
3444816.0,0.0
3448016.0,0.0
3451216.0,0.0
3454416.0,0.0
3457616.0,0.0
3460816.0,0.0
3464016.0,0.0
3467216.0,0.0
3470416.0,0.0
3473616.0,0.0
3476816.0,0.0
3480016.0,0.0
3483216.0,0.0
3486416.0,0.0
3489616.0,0.0
3492816.0,0.0
3496016.0,0.0
3499216.0,0.0
3502416.0,0.0
3505616.0,0.0
3508816.0,0.0
3512016.0,0.0
3515216.0,0.0
3518416.0,0.0
3521616.0,0.0
3524816.0,0.0
3528016.0,0.0
3531216.0,0.0
3534416.0,0.0
3537616.0,0.0
3540816.0,0.0
3544016.0,0.0
3547216.0,0.0
3550416.0,0.0
3553616.0,0.0
3556816.0,0.0
3560016.0,0.0
3563216.0,0.0
3566416.0,0.0
3569616.0,0.0
3572816.0,0.0
3576016.0,0.0
3579216.0,0.0
3582416.0,0.0
3585616.0,0.0
3588816.0,0.0
3592016.0,0.0
3595216.0,0.0
3598416.0,0.0
3601616.0,0.0
3604816.0,0.0
3608016.0,0.0
3611216.0,0.0
3614416.0,0.0
3617616.0,0.0
3620816.0,0.0
3624016.0,0.0
3627216.0,0.0
3630416.0,0.0
3633616.0,0.0
3636816.0,0.0
3640016.0,0.0
3643216.0,0.0
3646416.0,0.0
3649616.0,0.0
3652816.0,0.0
3656016.0,0.0
3659216.0,0.0
3662416.0,0.0
3665616.0,0.0
3668816.0,0.0
3672016.0,0.0
3675216.0,0.0
3678416.0,0.0
3681616.0,0.0
3684816.0,0.0
3688016.0,0.0
3691216.0,0.0
3694416.0,0.0
3697616.0,0.0
3700816.0,0.0
3704016.0,0.0
3707216.0,0.0
3710416.0,0.0
3713616.0,0.0
3716816.0,0.0
3720016.0,0.0
3723216.0,0.0
3726416.0,0.0
3729616.0,0.0
3732816.0,0.0
3736016.0,0.0
3739216.0,0.0
3742416.0,0.0
3745616.0,0.0
3748816.0,0.0
3752016.0,0.0
3755216.0,0.0
3758416.0,0.0
3761616.0,0.0
3764816.0,0.0
3768016.0,0.0
3771216.0,0.0
3774416.0,0.0
3777616.0,0.0
3780816.0,0.0
3784016.0,0.0
3787216.0,0.0
3790416.0,0.0
3793616.0,0.0
3796816.0,0.0
3800016.0,0.0
3803216.0,0.0
3806416.0,0.0
3809616.0,0.0
3812816.0,0.0
3816016.0,0.0
3819216.0,0.0
3822416.0,0.0
3825616.0,0.0
3828816.0,0.0
3832016.0,0.0
3835216.0,0.0
3838416.0,0.0
3841616.0,0.0
3844816.0,0.0
3848016.0,0.0
3851216.0,0.0
3854416.0,0.0
3857616.0,0.0
3860816.0,0.0
3864016.0,0.0
3867216.0,0.0
3870416.0,0.0
3873616.0,0.0
3876816.0,0.0
3880016.0,0.0
3883216.0,0.0
3886416.0,0.0
3889616.0,0.0
3892816.0,0.0
3896016.0,0.0
3899216.0,0.0
3902416.0,0.0
3905616.0,0.0
3908816.0,0.0
3912016.0,0.0
3915216.0,0.0
3918416.0,0.0
3921616.0,0.0
3924816.0,0.0
3928016.0,0.0
3931216.0,0.0
3934416.0,0.0
3937616.0,0.0
3940816.0,0.0
3944016.0,0.0
3947216.0,0.0
3950416.0,0.0
3953616.0,0.0
3956816.0,0.0
3960016.0,0.0
3963216.0,0.0
3966416.0,0.0
3969616.0,0.0
3972816.0,0.0
3976016.0,0.0
3979216.0,0.0
3982416.0,0.0
3985616.0,0.0
3988816.0,0.0
3992016.0,0.0
3995216.0,0.0
3998416.0,0.0
4001616.0,0.0
4004816.0,0.0
4008016.0,0.0
4011216.0,0.0
4014416.0,0.0
4017616.0,0.0
4020816.0,0.0
4024016.0,0.0
4027216.0,0.0
4030416.0,0.0
4033616.0,0.0
4036816.0,0.0
4040016.0,0.0
4043216.0,0.0
4046416.0,0.0
4049616.0,0.0
4052816.0,0.0
4056016.0,0.0
4059216.0,0.0
4062416.0,0.0
4065616.0,0.0
4068816.0,0.0
4072016.0,0.0
4075216.0,0.0
4078416.0,0.0
4081616.0,0.0
4084816.0,0.0
4088016.0,0.0
4091216.0,0.0
4094416.0,0.0
4097616.0,0.0
4100816.0,0.0
4104016.0,0.0
4107216.0,0.0
4110416.0,0.0
4113616.0,0.0
4116816.0,0.0
4120016.0,0.0
4123216.0,0.0
4126416.0,0.0
4129616.0,0.0
4132816.0,0.0
4136016.0,0.0
4139216.0,0.0
4142416.0,0.0
4145616.0,0.0
4148816.0,0.0
4152016.0,0.0
4155216.0,0.0
4158416.0,0.0
4161616.0,0.0
4164816.0,0.0
4168016.0,0.0
4171216.0,0.0
4174416.0,0.0
4177616.0,0.0
4180816.0,0.0
4184016.0,0.0
4187216.0,0.0
4190416.0,0.0
4193616.0,0.0
4196816.0,0.0
4200016.0,0.0
4203216.0,0.0
4206416.0,0.0
4209616.0,0.0
4212816.0,0.0
4216016.0,0.0
4219216.0,0.0
4222416.0,0.0
4225616.0,0.0
4228816.0,0.0
4232016.0,0.0
4235216.0,0.0
4238416.0,0.0
4241616.0,0.0
4244816.0,0.0
4248016.0,0.0
4251216.0,0.0
4254416.0,0.0
4257616.0,0.0
4260816.0,0.0
4264016.0,0.0
4267216.0,0.0
4270416.0,0.0
4273616.0,0.0
4276816.0,0.0
4280016.0,0.0
4283216.0,0.0
4286416.0,0.0
4289616.0,0.0
4292816.0,0.0
4296016.0,0.0
4299216.0,0.0
4302416.0,0.0
4305616.0,0.0
4308816.0,0.0
4312016.0,0.0
4315216.0,0.0
4318416.0,0.0
4321616.0,0.0
4324816.0,0.0
4328016.0,0.0
4331216.0,0.0
4334416.0,0.0
4337616.0,0.0
4340816.0,0.0
4344016.0,0.0
4347216.0,0.0
4350416.0,0.0
4353616.0,0.0
4356816.0,0.0
4360016.0,0.0
4363216.0,0.0
4366416.0,0.0
4369616.0,0.0
4372816.0,0.0
4376016.0,0.0
4379216.0,0.0
4382416.0,0.0
4385616.0,0.0
4388816.0,0.0
4392016.0,0.0
4395216.0,0.0
4398416.0,0.0
4401616.0,0.0
4404816.0,0.0
4408016.0,0.0
4411216.0,0.0
4414416.0,0.0
4417616.0,0.0
4420816.0,0.0
4424016.0,0.0
4427216.0,0.0
4430416.0,0.0
4433616.0,0.0
4436816.0,0.0
4440016.0,0.0
4443216.0,0.0
4446416.0,0.0
4449616.0,0.0
4452816.0,0.0
4456016.0,0.0
4459216.0,0.0
4462416.0,0.0
4465616.0,0.0
4468816.0,0.0
4472016.0,0.0
4475216.0,0.0
4478416.0,0.0
4481616.0,0.0
4484816.0,0.0
4488016.0,0.0
4491216.0,0.0
4494416.0,0.0
4497616.0,0.0
4500816.0,0.0
4504016.0,0.0
4507216.0,0.0
4510416.0,0.0
4513616.0,0.0
4516816.0,0.0
4520016.0,0.0
4523216.0,0.0
4526416.0,0.0
4529616.0,0.0
4532816.0,0.0
4536016.0,0.0
4539216.0,0.0
4542416.0,0.0
4545616.0,0.0
4548816.0,0.0
4552016.0,0.0
4555216.0,0.0
4558416.0,0.0
4561616.0,0.0
4564816.0,0.0
4568016.0,0.0
4571216.0,0.0
4574416.0,0.0
4577616.0,0.0
4580816.0,0.0
4584016.0,0.0
4587216.0,0.0
4590416.0,0.0
4593616.0,0.0
4596816.0,0.0
4600016.0,0.0
4603216.0,0.0
4606416.0,0.0
4609616.0,0.0
4612816.0,0.0
4616016.0,0.0
4619216.0,0.0
4622416.0,0.0
4625616.0,0.0
4628816.0,0.0
4632016.0,0.0
4635216.0,0.0
4638416.0,0.0
4641616.0,0.0
4644816.0,0.0
4648016.0,0.0
4651216.0,0.0
4654416.0,0.0
4657616.0,0.0
4660816.0,0.0
4664016.0,0.0
4667216.0,0.0
4670416.0,0.0
4673616.0,0.0
4676816.0,0.0
4680016.0,0.0
4683216.0,0.0
4686416.0,0.0
4689616.0,0.0
4692816.0,0.0
4696016.0,0.0
4699216.0,0.0
4702416.0,0.0
4705616.0,0.0
4708816.0,0.0
4712016.0,0.0
4715216.0,0.0
4718416.0,0.0
4721616.0,0.0
4724816.0,0.0
4728016.0,0.0
4731216.0,0.0
4734416.0,0.0
4737616.0,0.0
4740816.0,0.0
4744016.0,0.0
4747216.0,0.0
4750416.0,0.0
4753616.0,0.0
4756816.0,0.0
4760016.0,0.0
4763216.0,0.0
4766416.0,0.0
4769616.0,0.0
4772816.0,0.0
4776016.0,0.0
4779216.0,0.0
4782416.0,0.0
4785616.0,0.0
4788816.0,0.0
4792016.0,0.0
4795216.0,0.0
4798416.0,0.0
4801616.0,0.0
4804816.0,0.0
4808016.0,0.0
4811216.0,0.0
4814416.0,0.0
4817616.0,0.0
4820816.0,0.0
4824016.0,0.0
4827216.0,0.0
4830416.0,0.0
4833616.0,0.0
4836816.0,0.0
4840016.0,0.0
4843216.0,0.0
4846416.0,0.0
4849616.0,0.0
4852816.0,0.0
4856016.0,0.0
4859216.0,0.0
4862416.0,0.0
4865616.0,0.0
4868816.0,0.0
4872016.0,0.0
4875216.0,0.0
4878416.0,0.0
4881616.0,0.0
4884816.0,0.0
4888016.0,0.0
4891216.0,0.0
4894416.0,0.0
4897616.0,0.0
4900816.0,0.0
4904016.0,0.0
4907216.0,0.0
4910416.0,0.0
4913616.0,0.0
4916816.0,0.0
4920016.0,0.0
4923216.0,0.0
4926416.0,0.0
4929616.0,0.0
4932816.0,0.0
4936016.0,0.0
4939216.0,0.0
4942416.0,0.0
4945616.0,0.0
4948816.0,0.0
4952016.0,0.0
4955216.0,0.0
4958416.0,0.0
4961616.0,0.0
4964816.0,0.0
4968016.0,0.0
4971216.0,0.0
4974416.0,0.0
4977616.0,0.0
4980816.0,0.0
4984016.0,0.0
4987216.0,0.0
4990416.0,0.0
4993616.0,0.0
4996816.0,0.0
5000016.0,0.0
5003216.0,0.0
5006416.0,0.0
5009616.0,0.0
5012816.0,0.0
5016016.0,0.0
5019216.0,0.0
5022416.0,0.0
5025616.0,0.0
5028816.0,0.0
5032016.0,0.0
5035216.0,0.0
5038416.0,0.0
5041616.0,0.0
5044816.0,0.0
5048016.0,0.0
5051216.0,0.0
5054416.0,0.0
5057616.0,0.0
5060816.0,0.0
5064016.0,0.0
5067216.0,0.0
5070416.0,0.0
5073616.0,0.0
5076816.0,0.0
5080016.0,0.0
5083216.0,0.0
5086416.0,0.0
5089616.0,0.0
5092816.0,0.0
5096016.0,0.0
5099216.0,0.0
5102416.0,0.0
5105616.0,0.0
5108816.0,0.0
5112016.0,0.0
5115216.0,0.0
5118416.0,0.0
5121616.0,0.0
5124816.0,0.0
5128016.0,0.0
5131216.0,0.0
5134416.0,0.0
5137616.0,0.0
5140816.0,0.0
5144016.0,0.0
5147216.0,0.0
5150416.0,0.0
5153616.0,0.0
5156816.0,0.0
5160016.0,0.0
5163216.0,0.0
5166416.0,0.0
5169616.0,0.0
5172816.0,0.0
5176016.0,0.0
5179216.0,0.0
5182416.0,0.0
5185616.0,0.0
5188816.0,0.0
5192016.0,0.0
5195216.0,0.0
5198416.0,0.0
5201616.0,0.0
5204816.0,0.0
5208016.0,0.0
5211216.0,0.0
5214416.0,0.0
5217616.0,0.0
5220816.0,0.0
5224016.0,0.0
5227216.0,0.0
5230416.0,0.0
5233616.0,0.0
5236816.0,0.0
5240016.0,0.0
5243216.0,0.0
5246416.0,0.0
5249616.0,0.0
5252816.0,0.0
5256016.0,0.0
5259216.0,0.0
5262416.0,0.0
5265616.0,0.0
5268816.0,0.0
5272016.0,0.0
5275216.0,0.0
5278416.0,0.0
5281616.0,0.0
5284816.0,0.0
5288016.0,0.0
5291216.0,0.0
5294416.0,0.0
5297616.0,0.0
5300816.0,0.0
5304016.0,0.0
5307216.0,0.0
5310416.0,0.0
5313616.0,0.0
5316816.0,0.0
5320016.0,0.0
5323216.0,0.0
5326416.0,0.0
5329616.0,0.0
5332816.0,0.0
5336016.0,0.0
5339216.0,0.0
5342416.0,0.0
5345616.0,0.0
5348816.0,0.0
5352016.0,0.0
5355216.0,0.0
5358416.0,0.0
5361616.0,0.0
5364816.0,0.0
5368016.0,0.0
5371216.0,0.0
5374416.0,0.0
5377616.0,0.0
5380816.0,0.0
5384016.0,0.0
5387216.0,0.0
5390416.0,0.0
5393616.0,0.0
5396816.0,0.0
5400016.0,0.0
5403216.0,0.0
5406416.0,0.0
5409616.0,0.0
5412816.0,0.0
5416016.0,0.0
5419216.0,0.0
5422416.0,0.0
5425616.0,0.0
5428816.0,0.0
5432016.0,0.0
5435216.0,0.0
5438416.0,0.0
5441616.0,0.0
5444816.0,0.0
5448016.0,0.0
5451216.0,0.0
5454416.0,0.0
5457616.0,0.0
5460816.0,0.0
5464016.0,0.0
5467216.0,0.0
5470416.0,0.0
5473616.0,0.0
5476816.0,0.0
5480016.0,0.0
5483216.0,0.0
5486416.0,0.0
5489616.0,0.0
5492816.0,0.0
5496016.0,0.0
5499216.0,0.0
5502416.0,0.0
5505616.0,0.0
5508816.0,0.0
5512016.0,0.0
5515216.0,0.0
5518416.0,0.0
5521616.0,0.0
5524816.0,0.0
5528016.0,0.0
5531216.0,0.0
5534416.0,0.0
5537616.0,0.0
5540816.0,0.0
5544016.0,0.0
5547216.0,0.0
5550416.0,0.0
5553616.0,0.0
5556816.0,0.0
5560016.0,0.0
5563216.0,0.0
5566416.0,0.0
5569616.0,0.0
5572816.0,0.0
5576016.0,0.0
5579216.0,0.0
5582416.0,0.0
5585616.0,0.0
5588816.0,0.0
5592016.0,0.0
5595216.0,0.0
5598416.0,0.0
5601616.0,0.0
5604816.0,0.0
5608016.0,0.0
5611216.0,0.0
5614416.0,0.0
5617616.0,0.0
5620816.0,0.0
5624016.0,0.0
5627216.0,0.0
5630416.0,0.0
5633616.0,0.0
5636816.0,0.0
5640016.0,0.0
5643216.0,0.0
5646416.0,0.0
5649616.0,0.0
5652816.0,0.0
5656016.0,0.0
5659216.0,0.0
5662416.0,0.0
5665616.0,0.0
5668816.0,0.0
5672016.0,0.0
5675216.0,0.0
5678416.0,0.0
5681616.0,0.0
5684816.0,0.0
5688016.0,0.0
5691216.0,0.0
5694416.0,0.0
5697616.0,0.0
5700816.0,0.0
5704016.0,0.0
5707216.0,0.0
5710416.0,0.0
5713616.0,0.0
5716816.0,0.0
5720016.0,0.0
5723216.0,0.0
5726416.0,0.0
5729616.0,0.0
5732816.0,0.0
5736016.0,0.0
5739216.0,0.0
5742416.0,0.0
5745616.0,0.0
5748816.0,0.0
5752016.0,0.0
5755216.0,0.0
5758416.0,0.0
5761616.0,0.0
5764816.0,0.0
5768016.0,0.0
5771216.0,0.0
5774416.0,0.0
5777616.0,0.0
5780816.0,0.0
5784016.0,0.0
5787216.0,0.0
5790416.0,0.0
5793616.0,0.0
5796816.0,0.0
5800016.0,0.0
5803216.0,0.0
5806416.0,0.0
5809616.0,0.0
5812816.0,0.0
5816016.0,0.0
5819216.0,0.0
5822416.0,0.0
5825616.0,0.0
5828816.0,0.0
5832016.0,0.0
5835216.0,0.0
5838416.0,0.0
5841616.0,0.0
5844816.0,0.0
5848016.0,0.0
5851216.0,0.0
5854416.0,0.0
5857616.0,0.0
5860816.0,0.0
5864016.0,0.0
5867216.0,0.0
5870416.0,0.0
5873616.0,0.0
5876816.0,0.0
5880016.0,0.0
5883216.0,0.0
5886416.0,0.0
5889616.0,0.0
5892816.0,0.0
5896016.0,0.0
5899216.0,0.0
5902416.0,0.0
5905616.0,0.0
5908816.0,0.0
5912016.0,0.0
5915216.0,0.0
5918416.0,0.0
5921616.0,0.0
5924816.0,0.0
5928016.0,0.0
5931216.0,0.0
5934416.0,0.0
5937616.0,0.0
5940816.0,0.0
5944016.0,0.0
5947216.0,0.0
5950416.0,0.0
5953616.0,0.0
5956816.0,0.0
5960016.0,0.0
5963216.0,0.0
5966416.0,0.0
5969616.0,0.0
5972816.0,0.0
5976016.0,0.0
5979216.0,0.0
5982416.0,0.0
5985616.0,0.0
5988816.0,0.0
5992016.0,0.0
5995216.0,0.0
5998416.0,0.0
6001616.0,0.0
6004816.0,0.0
6008016.0,0.0
6011216.0,0.0
6014416.0,0.0
6017616.0,0.0
6020816.0,0.0
6024016.0,0.0
6027216.0,0.0
6030416.0,0.0
6033616.0,0.0
6036816.0,0.0
6040016.0,0.0
6043216.0,0.0
6046416.0,0.0
6049616.0,0.0
6052816.0,0.0
6056016.0,0.0
6059216.0,0.0
6062416.0,0.0
6065616.0,0.0
6068816.0,0.0
6072016.0,0.0
6075216.0,0.0
6078416.0,0.0
6081616.0,0.0
6084816.0,0.0
6088016.0,0.0
6091216.0,0.0
6094416.0,0.0
6097616.0,0.0
6100816.0,0.0
6104016.0,0.0
6107216.0,0.0
6110416.0,0.0
6113616.0,0.0
6116816.0,0.0
6120016.0,0.0
6123216.0,0.0
6126416.0,0.0
6129616.0,0.0
6132816.0,0.0
6136016.0,0.0
6139216.0,0.0
6142416.0,0.0
6145616.0,0.0
6148816.0,0.0
6152016.0,0.0
6155216.0,0.0
6158416.0,0.0
6161616.0,0.0
6164816.0,0.0
6168016.0,0.0
6171216.0,0.0
6174416.0,0.0
6177616.0,0.0
6180816.0,0.0
6184016.0,0.0
6187216.0,0.0
6190416.0,0.0
6193616.0,0.0
6196816.0,0.0
6200016.0,0.0
6203216.0,0.0
6206416.0,0.0
6209616.0,0.0
6212816.0,0.0
6216016.0,0.0
6219216.0,0.0
6222416.0,0.0
6225616.0,0.0
6228816.0,0.0
6232016.0,0.0
6235216.0,0.0
6238416.0,0.0
6241616.0,0.0
6244816.0,0.0
6248016.0,0.0
6251216.0,0.0
6254416.0,0.0
6257616.0,0.0
6260816.0,0.0
6264016.0,0.0
6267216.0,0.0
6270416.0,0.0
6273616.0,0.0
6276816.0,0.0
6280016.0,0.0
6283216.0,0.0
6286416.0,0.0
6289616.0,0.0
6292816.0,0.0
6296016.0,0.0
6299216.0,0.0
6302416.0,0.0
6305616.0,0.0
6308816.0,0.0
6312016.0,0.0
6315216.0,0.0
6318416.0,0.0
6321616.0,0.0
6324816.0,0.0
6328016.0,0.0
6331216.0,0.0
6334416.0,0.0
6337616.0,0.0
6340816.0,0.0
6344016.0,0.0
6347216.0,0.0
6350416.0,0.0
6353616.0,0.0
6356816.0,0.0
6360016.0,0.0
6363216.0,0.0
6366416.0,0.0
6369616.0,0.0
6372816.0,0.0
6376016.0,0.0
6379216.0,0.0
6382416.0,0.0
6385616.0,0.0
6388816.0,0.0
6392016.0,0.0
6395216.0,0.0
6398416.0,0.0
6401616.0,0.0
6404816.0,0.0
6408016.0,0.0
6411216.0,0.0
6414416.0,0.0
6417616.0,0.0
6420816.0,0.0
6424016.0,0.0
6427216.0,0.0
6430416.0,0.0
6433616.0,0.0
6436816.0,0.0
6440016.0,0.0
6443216.0,0.0
6446416.0,0.0
6449616.0,0.0
6452816.0,0.0
6456016.0,0.0
6459216.0,0.0
6462416.0,0.0
6465616.0,0.0
6468816.0,0.0
6472016.0,0.0
6475216.0,0.0
6478416.0,0.0
6481616.0,0.0
6484816.0,0.0
6488016.0,0.0
6491216.0,0.0
6494416.0,0.0
6497616.0,0.0
6500816.0,0.0
6504016.0,0.0
6507216.0,0.0
6510416.0,0.0
6513616.0,0.0
6516816.0,0.0
6520016.0,0.0
6523216.0,0.0
6526416.0,0.0
6529616.0,0.0
6532816.0,0.0
6536016.0,0.0
6539216.0,0.0
6542416.0,0.0
6545616.0,0.0
6548816.0,0.0
6552016.0,0.0
6555216.0,0.0
6558416.0,0.0
6561616.0,0.0
6564816.0,0.0
6568016.0,0.0
6571216.0,0.0
6574416.0,0.0
6577616.0,0.0
6580816.0,0.0
6584016.0,0.0
6587216.0,0.0
6590416.0,0.0
6593616.0,0.0
6596816.0,0.0
6600016.0,0.0
6603216.0,0.0
6606416.0,0.0
6609616.0,0.0
6612816.0,0.0
6616016.0,0.0
6619216.0,0.0
6622416.0,0.0
6625616.0,0.0
6628816.0,0.0
6632016.0,0.0
6635216.0,0.0
6638416.0,0.0
6641616.0,0.0
6644816.0,0.0
6648016.0,0.0
6651216.0,0.0
6654416.0,0.0
6657616.0,0.0
6660816.0,0.0
6664016.0,0.0
6667216.0,0.0
6670416.0,0.0
6673616.0,0.0
6676816.0,0.0
6680016.0,0.0
6683216.0,0.0
6686416.0,0.0
6689616.0,0.0
6692816.0,0.0
6696016.0,0.0
6699216.0,0.0
6702416.0,0.0
6705616.0,0.0
6708816.0,0.0
6712016.0,0.0
6715216.0,0.0
6718416.0,0.0
6721616.0,0.0
6724816.0,0.0
6728016.0,0.0
6731216.0,0.0
6734416.0,0.0
6737616.0,0.0
6740816.0,0.0
6744016.0,0.0
6747216.0,0.0
6750416.0,0.0
6753616.0,0.0
6756816.0,0.0
6760016.0,0.0
6763216.0,0.0
6766416.0,0.0
6769616.0,0.0
6772816.0,0.0
6776016.0,0.0
6779216.0,0.0
6782416.0,0.0
6785616.0,0.0
6788816.0,0.0
6792016.0,0.0
6795216.0,0.0
6798416.0,0.0
6801616.0,0.0
6804816.0,0.0
6808016.0,0.0
6811216.0,0.0
6814416.0,0.0
6817616.0,0.0
6820816.0,0.0
6824016.0,0.0
6827216.0,0.0
6830416.0,0.0
6833616.0,0.0
6836816.0,0.0
6840016.0,0.0
6843216.0,0.0
6846416.0,0.0
6849616.0,0.0
6852816.0,0.0
6856016.0,0.0
6859216.0,0.0
6862416.0,0.0
6865616.0,0.0
6868816.0,0.0
6872016.0,0.0
6875216.0,0.0
6878416.0,0.0
6881616.0,0.0
6884816.0,0.0
6888016.0,0.0
6891216.0,0.0
6894416.0,0.0
6897616.0,0.0
6900816.0,0.0
6904016.0,0.0
6907216.0,0.0
6910416.0,0.0
6913616.0,0.0
6916816.0,0.0
6920016.0,0.0
6923216.0,0.0
6926416.0,0.0
6929616.0,0.0
6932816.0,0.0
6936016.0,0.0
6939216.0,0.0
6942416.0,0.0
6945616.0,0.0
6948816.0,0.0
6952016.0,0.0
6955216.0,0.0
6958416.0,0.0
6961616.0,0.0
6964816.0,0.0
6968016.0,0.0
6971216.0,0.0
6974416.0,0.0
6977616.0,0.0
6980816.0,0.0
6984016.0,0.0
6987216.0,0.0
6990416.0,0.0
6993616.0,0.0
6996816.0,0.0
7000016.0,0.0
7003216.0,0.0
7006416.0,0.0
7009616.0,0.0
7012816.0,0.0
7016016.0,0.0
7019216.0,0.0
7022416.0,0.0
7025616.0,0.0
7028816.0,0.0
7032016.0,0.0
7035216.0,0.0
7038416.0,0.0
7041616.0,0.0
7044816.0,0.0
7048016.0,0.0
7051216.0,0.0
7054416.0,0.0
7057616.0,0.0
7060816.0,0.0
7064016.0,0.0
7067216.0,0.0
7070416.0,0.0
7073616.0,0.0
7076816.0,0.0
7080016.0,0.0
7083216.0,0.0
7086416.0,0.0
7089616.0,0.0
7092816.0,0.0
7096016.0,0.0
7099216.0,0.0
7102416.0,0.0
7105616.0,0.0
7108816.0,0.0
7112016.0,0.0
7115216.0,0.0
7118416.0,0.0
7121616.0,0.0
7124816.0,0.0
7128016.0,0.0
7131216.0,0.0
7134416.0,0.0
7137616.0,0.0
7140816.0,0.0
7144016.0,0.0
7147216.0,0.0
7150416.0,0.0
7153616.0,0.0
7156816.0,0.0
7160016.0,0.0
7163216.0,0.0
7166416.0,0.0
7169616.0,0.0
7172816.0,0.0
7176016.0,0.0
7179216.0,0.0
7182416.0,0.0
7185616.0,0.0
7188816.0,0.0
7192016.0,0.0
7195216.0,0.0
7198416.0,0.0
7201616.0,0.0
7204816.0,0.0
7208016.0,0.0
7211216.0,0.0
7214416.0,0.0
7217616.0,0.0
7220816.0,0.0
7224016.0,0.0
7227216.0,0.0
7230416.0,0.0
7233616.0,0.0
7236816.0,0.0
7240016.0,0.0
7243216.0,0.0
7246416.0,0.0
7249616.0,0.0
7252816.0,0.0
7256016.0,0.0
7259216.0,0.0
7262416.0,0.0
7265616.0,0.0
7268816.0,0.0
7272016.0,0.0
7275216.0,0.0
7278416.0,0.0
7281616.0,0.0
7284816.0,0.0
7288016.0,0.0
7291216.0,0.0
7294416.0,0.0
7297616.0,0.0
7300816.0,0.0
7304016.0,0.0
7307216.0,0.0
7310416.0,0.0
7313616.0,0.0
7316816.0,0.0
7320016.0,0.0
7323216.0,0.0
7326416.0,0.0
7329616.0,0.0
7332816.0,0.0
7336016.0,0.0
7339216.0,0.0
7342416.0,0.0
7345616.0,0.0
7348816.0,0.0
7352016.0,0.0
7355216.0,0.0
7358416.0,0.0
7361616.0,0.0
7364816.0,0.0
7368016.0,0.0
7371216.0,0.0
7374416.0,0.0
7377616.0,0.0
7380816.0,0.0
7384016.0,0.0
7387216.0,0.0
7390416.0,0.0
7393616.0,0.0
7396816.0,0.0
7400016.0,0.0
7403216.0,0.0
7406416.0,0.0
7409616.0,0.0
7412816.0,0.0
7416016.0,0.0
7419216.0,0.0
7422416.0,0.0
7425616.0,0.0
7428816.0,0.0
7432016.0,0.0
7435216.0,0.0
7438416.0,0.0
7441616.0,0.0
7444816.0,0.0
7448016.0,0.0
7451216.0,0.0
7454416.0,0.0
7457616.0,0.0
7460816.0,0.0
7464016.0,0.0
7467216.0,0.0
7470416.0,0.0
7473616.0,0.0
7476816.0,0.0
7480016.0,0.0
7483216.0,0.0
7486416.0,0.0
7489616.0,0.0
7492816.0,0.0
7496016.0,0.0
7499216.0,0.0
7502416.0,0.0
7505616.0,0.0
7508816.0,0.0
7512016.0,0.0
7515216.0,0.0
7518416.0,0.0
7521616.0,0.0
7524816.0,0.0
7528016.0,0.0
7531216.0,0.0
7534416.0,0.0
7537616.0,0.0
7540816.0,0.0
7544016.0,0.0
7547216.0,0.0
7550416.0,0.0
7553616.0,0.0
7556816.0,0.0
7560016.0,0.0
7563216.0,0.0
7566416.0,0.0
7569616.0,0.0
7572816.0,0.0
7576016.0,0.0
7579216.0,0.0
7582416.0,0.0
7585616.0,0.0
7588816.0,0.0
7592016.0,0.0
7595216.0,0.0
7598416.0,0.0
7601616.0,0.0
7604816.0,0.0
7608016.0,0.0
7611216.0,0.0
7614416.0,0.0
7617616.0,0.0
7620816.0,0.0
7624016.0,0.0
7627216.0,0.0
7630416.0,0.0
7633616.0,0.0
7636816.0,0.0
7640016.0,0.0
7643216.0,0.0
7646416.0,0.0
7649616.0,0.0
7652816.0,0.0
7656016.0,0.0
7659216.0,0.0
7662416.0,0.0
7665616.0,0.0
7668816.0,0.0
7672016.0,0.0
7675216.0,0.0
7678416.0,0.0
7681616.0,0.0
7684816.0,0.0
7688016.0,0.0
7691216.0,0.0
7694416.0,0.0
7697616.0,0.0
7700816.0,0.0
7704016.0,0.0
7707216.0,0.0
7710416.0,0.0
7713616.0,0.0
7716816.0,0.0
7720016.0,0.0
7723216.0,0.0
7726416.0,0.0
7729616.0,0.0
7732816.0,0.0
7736016.0,0.0
7739216.0,0.0
7742416.0,0.0
7745616.0,0.0
7748816.0,0.0
7752016.0,0.0
7755216.0,0.0
7758416.0,0.0
7761616.0,0.0
7764816.0,0.0
7768016.0,0.0
7771216.0,0.0
7774416.0,0.0
7777616.0,0.0
7780816.0,0.0
7784016.0,0.0
7787216.0,0.0
7790416.0,0.0
7793616.0,0.0
7796816.0,0.0
7800016.0,0.0
7803216.0,0.0
7806416.0,0.0
7809616.0,0.0
7812816.0,0.0
7816016.0,0.0
7819216.0,0.0
7822416.0,0.0
7825616.0,0.0
7828816.0,0.0
7832016.0,0.0
7835216.0,0.0
7838416.0,0.0
7841616.0,0.0
7844816.0,0.0
7848016.0,0.0
7851216.0,0.0
7854416.0,0.0
7857616.0,0.0
7860816.0,0.0
7864016.0,0.0
7867216.0,0.0
7870416.0,0.0
7873616.0,0.0
7876816.0,0.0
7880016.0,0.0
7883216.0,0.0
7886416.0,0.0
7889616.0,0.0
7892816.0,0.0
7896016.0,0.0
7899216.0,0.0
7902416.0,0.0
7905616.0,0.0
7908816.0,0.0
7912016.0,0.0
7915216.0,0.0
7918416.0,0.0
7921616.0,0.0
7924816.0,0.0
7928016.0,0.0
7931216.0,0.0
7934416.0,0.0
7937616.0,0.0
7940816.0,0.0
7944016.0,0.0
7947216.0,0.0
7950416.0,0.0
7953616.0,0.0
7956816.0,0.0
7960016.0,0.0
7963216.0,0.0
7966416.0,0.0
7969616.0,0.0
7972816.0,0.0
7976016.0,0.0
7979216.0,0.0
7982416.0,0.0
7985616.0,0.0
7988816.0,0.0
7992016.0,0.0
7995216.0,0.0
7998416.0,0.0
8001616.0,0.0
8004816.0,0.0
8008016.0,0.0
8011216.0,0.0
8014416.0,0.0
8017616.0,0.0
8020816.0,0.0
8024016.0,0.0
8027216.0,0.0
8030416.0,0.0
8033616.0,0.0
8036816.0,0.0
8040016.0,0.0
8043216.0,0.0
8046416.0,0.0
8049616.0,0.0
8052816.0,0.0
8056016.0,0.0
8059216.0,0.0
8062416.0,0.0
8065616.0,0.0
8068816.0,0.0
8072016.0,0.0
8075216.0,0.0
8078416.0,0.0
8081616.0,0.0
8084816.0,0.0
8088016.0,0.0
8091216.0,0.0
8094416.0,0.0
8097616.0,0.0
8100816.0,0.0
8104016.0,0.0
8107216.0,0.0
8110416.0,0.0
8113616.0,0.0
8116816.0,0.0
8120016.0,0.0
8123216.0,0.0
8126416.0,0.0
8129616.0,0.0
8132816.0,0.0
8136016.0,0.0
8139216.0,0.0
8142416.0,0.0
8145616.0,0.0
8148816.0,0.0
8152016.0,0.0
8155216.0,0.0
8158416.0,0.0
8161616.0,0.0
8164816.0,0.0
8168016.0,0.0
8171216.0,0.0
8174416.0,0.0
8177616.0,0.0
8180816.0,0.0
8184016.0,0.0
8187216.0,0.0
8190416.0,0.0
8193616.0,0.0
8196816.0,0.0
8200016.0,0.0
8203216.0,0.0
8206416.0,0.0
8209616.0,0.0
8212816.0,0.0
8216016.0,0.0
8219216.0,0.0
8222416.0,0.0
8225616.0,0.0
8228816.0,0.0
8232016.0,0.0
8235216.0,0.0
8238416.0,0.0
8241616.0,0.0
8244816.0,0.0
8248016.0,0.0
8251216.0,0.0
8254416.0,0.0
8257616.0,0.0
8260816.0,0.0
8264016.0,0.0
8267216.0,0.0
8270416.0,0.0
8273616.0,0.0
8276816.0,0.0
8280016.0,0.0
8283216.0,0.0
8286416.0,0.0
8289616.0,0.0
8292816.0,0.0
8296016.0,0.0
8299216.0,0.0
8302416.0,0.0
8305616.0,0.0
8308816.0,0.0
8312016.0,0.0
8315216.0,0.0
8318416.0,0.0
8321616.0,0.0
8324816.0,0.0
8328016.0,0.0
8331216.0,0.0
8334416.0,0.0
8337616.0,0.0
8340816.0,0.0
8344016.0,0.0
8347216.0,0.0
8350416.0,0.0
8353616.0,0.0
8356816.0,0.0
8360016.0,0.0
8363216.0,0.0
8366416.0,0.0
8369616.0,0.0
8372816.0,0.0
8376016.0,0.0
8379216.0,0.0
8382416.0,0.0
8385616.0,0.0
8388816.0,0.0
8392016.0,0.0
8395216.0,0.0
8398416.0,0.0
8401616.0,0.0
8404816.0,0.0
8408016.0,0.0
8411216.0,0.0
8414416.0,0.0
8417616.0,0.0
8420816.0,0.0
8424016.0,0.0
8427216.0,0.0
8430416.0,0.0
8433616.0,0.0
8436816.0,0.0
8440016.0,0.0
8443216.0,0.0
8446416.0,0.0
8449616.0,0.0
8452816.0,0.0
8456016.0,0.0
8459216.0,0.0
8462416.0,0.0
8465616.0,0.0
8468816.0,0.0
8472016.0,0.0
8475216.0,0.0
8478416.0,0.0
8481616.0,0.0
8484816.0,0.0
8488016.0,0.0
8491216.0,0.0
8494416.0,0.0
8497616.0,0.0
8500816.0,0.0
8504016.0,0.0
8507216.0,0.0
8510416.0,0.0
8513616.0,0.0
8516816.0,0.0
8520016.0,0.0
8523216.0,0.0
8526416.0,0.0
8529616.0,0.0
8532816.0,0.0
8536016.0,0.0
8539216.0,0.0
8542416.0,0.0
8545616.0,0.0
8548816.0,0.0
8552016.0,0.0
8555216.0,0.0
8558416.0,0.0
8561616.0,0.0
8564816.0,0.0
8568016.0,0.0
8571216.0,0.0
8574416.0,0.0
8577616.0,0.0
8580816.0,0.0
8584016.0,0.0
8587216.0,0.0
8590416.0,0.0
8593616.0,0.0
8596816.0,0.0
8600016.0,0.0
8603216.0,0.0
8606416.0,0.0
8609616.0,0.0
8612816.0,0.0
8616016.0,0.0
8619216.0,0.0
8622416.0,0.0
8625616.0,0.0
8628816.0,0.0
8632016.0,0.0
8635216.0,0.0
8638416.0,0.0
8641616.0,0.0
8644816.0,0.0
8648016.0,0.0
8651216.0,0.0
8654416.0,0.0
8657616.0,0.0
8660816.0,0.0
8664016.0,0.0
8667216.0,0.0
8670416.0,0.0
8673616.0,0.0
8676816.0,0.0
8680016.0,0.0
8683216.0,0.0
8686416.0,0.0
8689616.0,0.0
8692816.0,0.0
8696016.0,0.0
8699216.0,0.0
8702416.0,0.0
8705616.0,0.0
8708816.0,0.0
8712016.0,0.0
8715216.0,0.0
8718416.0,0.0
8721616.0,0.0
8724816.0,0.0
8728016.0,0.0
8731216.0,0.0
8734416.0,0.0
8737616.0,0.0
8740816.0,0.0
8744016.0,0.0
8747216.0,0.0
8750416.0,0.0
8753616.0,0.0
8756816.0,0.0
8760016.0,0.0
8763216.0,0.0
8766416.0,0.0
8769616.0,0.0
8772816.0,0.0
8776016.0,0.0
8779216.0,0.0
8782416.0,0.0
8785616.0,0.0
8788816.0,0.0
8792016.0,0.0
8795216.0,0.0
8798416.0,0.0
8801616.0,0.0
8804816.0,0.0
8808016.0,0.0
8811216.0,0.0
8814416.0,0.0
8817616.0,0.0
8820816.0,0.0
8824016.0,0.0
8827216.0,0.0
8830416.0,0.0
8833616.0,0.0
8836816.0,0.0
8840016.0,0.0
8843216.0,0.0
8846416.0,0.0
8849616.0,0.0
8852816.0,0.0
8856016.0,0.0
8859216.0,0.0
8862416.0,0.0
8865616.0,0.0
8868816.0,0.0
8872016.0,0.0
8875216.0,0.0
8878416.0,0.0
8881616.0,0.0
8884816.0,0.0
8888016.0,0.0
8891216.0,0.0
8894416.0,0.0
8897616.0,0.0
8900816.0,0.0
8904016.0,0.0
8907216.0,0.0
8910416.0,0.0
8913616.0,0.0
8916816.0,0.0
8920016.0,0.0
8923216.0,0.0
8926416.0,0.0
8929616.0,0.0
8932816.0,0.0
8936016.0,0.0
8939216.0,0.0
8942416.0,0.0
8945616.0,0.0
8948816.0,0.0
8952016.0,0.0
8955216.0,0.0
8958416.0,0.0
8961616.0,0.0
8964816.0,0.0
8968016.0,0.0
8971216.0,0.0
8974416.0,0.0
8977616.0,0.0
8980816.0,0.0
8984016.0,0.0
8987216.0,0.0
8990416.0,0.0
8993616.0,0.0
8996816.0,0.0
9000016.0,0.0
9003216.0,0.0
9006416.0,0.0
9009616.0,0.0
9012816.0,0.0
9016016.0,0.0
9019216.0,0.0
9022416.0,0.0
9025616.0,0.0
9028816.0,0.0
9032016.0,0.0
9035216.0,0.0
9038416.0,0.0
9041616.0,0.0
9044816.0,0.0
9048016.0,0.0
9051216.0,0.0
9054416.0,0.0
9057616.0,0.0
9060816.0,0.0
9064016.0,0.0
9067216.0,0.0
9070416.0,0.0
9073616.0,0.0
9076816.0,0.0
9080016.0,0.0
9083216.0,0.0
9086416.0,0.0
9089616.0,0.0
9092816.0,0.0
9096016.0,0.0
9099216.0,0.0
9102416.0,0.0
9105616.0,0.0
9108816.0,0.0
9112016.0,0.0
9115216.0,0.0
9118416.0,0.0
9121616.0,0.0
9124816.0,0.0
9128016.0,0.0
9131216.0,0.0
9134416.0,0.0
9137616.0,0.0
9140816.0,0.0
9144016.0,0.0
9147216.0,0.0
9150416.0,0.0
9153616.0,0.0
9156816.0,0.0
9160016.0,0.0
9163216.0,0.0
9166416.0,0.0
9169616.0,0.0
9172816.0,0.0
9176016.0,0.0
9179216.0,0.0
9182416.0,0.0
9185616.0,0.0
9188816.0,0.0
9192016.0,0.0
9195216.0,0.0
9198416.0,0.0
9201616.0,0.0
9204816.0,0.0
9208016.0,0.0
9211216.0,0.0
9214416.0,0.0
9217616.0,0.0
9220816.0,0.0
9224016.0,0.0
9227216.0,0.0
9230416.0,0.0
9233616.0,0.0
9236816.0,0.0
9240016.0,0.0
9243216.0,0.0
9246416.0,0.0
9249616.0,0.0
9252816.0,0.0
9256016.0,0.0
9259216.0,0.0
9262416.0,0.0
9265616.0,0.0
9268816.0,0.0
9272016.0,0.0
9275216.0,0.0
9278416.0,0.0
9281616.0,0.0
9284816.0,0.0
9288016.0,0.0
9291216.0,0.0
9294416.0,0.0
9297616.0,0.0
9300816.0,0.0
9304016.0,0.0
9307216.0,0.0
9310416.0,0.0
9313616.0,0.0
9316816.0,0.0
9320016.0,0.0
9323216.0,0.0
9326416.0,0.0
9329616.0,0.0
9332816.0,0.0
9336016.0,0.0
9339216.0,0.0
9342416.0,0.0
9345616.0,0.0
9348816.0,0.0
9352016.0,0.0
9355216.0,0.0
9358416.0,0.0
9361616.0,0.0
9364816.0,0.0
9368016.0,0.0
9371216.0,0.0
9374416.0,0.0
9377616.0,0.0
9380816.0,0.0
9384016.0,0.0
9387216.0,0.0
9390416.0,0.0
9393616.0,0.0
9396816.0,0.0
9400016.0,0.0
9403216.0,0.0
9406416.0,0.0
9409616.0,0.0
9412816.0,0.0
9416016.0,0.0
9419216.0,0.0
9422416.0,0.0
9425616.0,0.0
9428816.0,0.0
9432016.0,0.0
9435216.0,0.0
9438416.0,0.0
9441616.0,0.0
9444816.0,0.0
9448016.0,0.0
9451216.0,0.0
9454416.0,0.0
9457616.0,0.0
9460816.0,0.0
9464016.0,0.0
9467216.0,0.0
9470416.0,0.0
9473616.0,0.0
9476816.0,0.0
9480016.0,0.0
9483216.0,0.0
9486416.0,0.0
9489616.0,0.0
9492816.0,0.0
9496016.0,0.0
9499216.0,0.0
9502416.0,0.0
9505616.0,0.0
9508816.0,0.0
9512016.0,0.0
9515216.0,0.0
9518416.0,0.0
9521616.0,0.0
9524816.0,0.0
9528016.0,0.0
9531216.0,0.0
9534416.0,0.0
9537616.0,0.0
9540816.0,0.0
9544016.0,0.0
9547216.0,0.0
9550416.0,0.0
9553616.0,0.0
9556816.0,0.0
9560016.0,0.0
9563216.0,0.0
9566416.0,0.0
9569616.0,0.0
9572816.0,0.0
9576016.0,0.0
9579216.0,0.0
9582416.0,0.0
9585616.0,0.0
9588816.0,0.0
9592016.0,0.0
9595216.0,0.0
9598416.0,0.0
9601616.0,0.0
9604816.0,0.0
9608016.0,0.0
9611216.0,0.0
9614416.0,0.0
9617616.0,0.0
9620816.0,0.0
9624016.0,0.0
9627216.0,0.0
9630416.0,0.0
9633616.0,0.0
9636816.0,0.0
9640016.0,0.0
9643216.0,0.0
9646416.0,0.0
9649616.0,0.0
9652816.0,0.0
9656016.0,0.0
9659216.0,0.0
9662416.0,0.0
9665616.0,0.0
9668816.0,0.0
9672016.0,0.0
9675216.0,0.0
9678416.0,0.0
9681616.0,0.0
9684816.0,0.0
9688016.0,0.0
9691216.0,0.0
9694416.0,0.0
9697616.0,0.0
9700816.0,0.0
9704016.0,0.0
9707216.0,0.0
9710416.0,0.0
9713616.0,0.0
9716816.0,0.0
9720016.0,0.0
9723216.0,0.0
9726416.0,0.0
9729616.0,0.0
9732816.0,0.0
9736016.0,0.0
9739216.0,0.0
9742416.0,0.0
9745616.0,0.0
9748816.0,0.0
9752016.0,0.0
9755216.0,0.0
9758416.0,0.0
9761616.0,0.0
9764816.0,0.0
9768016.0,0.0
9771216.0,0.0
9774416.0,0.0
9777616.0,0.0
9780816.0,0.0
9784016.0,0.0
9787216.0,0.0
9790416.0,0.0
9793616.0,0.0
9796816.0,0.0
9800016.0,0.0
9803216.0,0.0
9806416.0,0.0
9809616.0,0.0
9812816.0,0.0
9816016.0,0.0
9819216.0,0.0
9822416.0,0.0
9825616.0,0.0
9828816.0,0.0
9832016.0,0.0
9835216.0,0.0
9838416.0,0.0
9841616.0,0.0
9844816.0,0.0
9848016.0,0.0
9851216.0,0.0
9854416.0,0.0
9857616.0,0.0
9860816.0,0.0
9864016.0,0.0
9867216.0,0.0
9870416.0,0.0
9873616.0,0.0
9876816.0,0.0
9880016.0,0.0
9883216.0,0.0
9886416.0,0.0
9889616.0,0.0
9892816.0,0.0
9896016.0,0.0
9899216.0,0.0
9902416.0,0.0
9905616.0,0.0
9908816.0,0.0
9912016.0,0.0
9915216.0,0.0
9918416.0,0.0
9921616.0,0.0
9924816.0,0.0
9928016.0,0.0
9931216.0,0.0
9934416.0,0.0
9937616.0,0.0
9940816.0,0.0
9944016.0,0.0
9947216.0,0.0
9950416.0,0.0
9953616.0,0.0
9956816.0,0.0
9960016.0,0.0
9963216.0,0.0
9966416.0,0.0
9969616.0,0.0
9972816.0,0.0
9976016.0,0.0
9979216.0,0.0
9982416.0,0.0
9985616.0,0.0
9988816.0,0.0
9992016.0,0.0
9995216.0,0.0
9998416.0,0.0
10001620.0,0.0
10004820.0,0.0
10008020.0,0.0
10011220.0,0.0
10014420.0,0.0
10017620.0,0.0
10020820.0,0.0
10024020.0,0.0
10027220.0,0.0
10030420.0,0.0
10033620.0,0.0
10036820.0,0.0
10040020.0,0.0
10043220.0,0.0
10046420.0,0.0
10049620.0,0.0
10052820.0,0.0
10056020.0,0.0
10059220.0,0.0
10062420.0,0.0
10065620.0,0.0
10068820.0,0.0
10072020.0,0.0
10075220.0,0.0
10078420.0,0.0
10081620.0,0.0
10084820.0,0.0
10088020.0,0.0
10091220.0,0.0
10094420.0,0.0
10097620.0,0.0
10100820.0,0.0
10104020.0,0.0
10107220.0,0.0
10110420.0,0.0
10113620.0,0.0
10116820.0,0.0
10120020.0,0.0
10123220.0,0.0
10126420.0,0.0
10129620.0,0.0
10132820.0,0.0
10136020.0,0.0
10139220.0,0.0
10142420.0,0.0
10145620.0,0.0
10148820.0,0.0
10152020.0,0.0
10155220.0,0.0
10158420.0,0.0
10161620.0,0.0
10164820.0,0.0
10168020.0,0.0
10171220.0,0.0
10174420.0,0.0
10177620.0,0.0
10180820.0,0.0
10184020.0,0.0
10187220.0,0.0
10190420.0,0.0
10193620.0,0.0
10196820.0,0.0
10200020.0,0.0
10203220.0,0.0
10206420.0,0.0
10209620.0,0.0
10212820.0,0.0
10216020.0,0.0
10219220.0,0.0
10222420.0,0.0
10225620.0,0.0
10228820.0,0.0
10232020.0,0.0
10235220.0,0.0
10238420.0,0.0
10241620.0,0.0
10244820.0,0.0
10248020.0,0.0
10251220.0,0.0
10254420.0,0.0
10257620.0,0.0
10260820.0,0.0
10264020.0,0.0
10267220.0,0.0
10270420.0,0.0
10273620.0,0.0
10276820.0,0.0
10280020.0,0.0
10283220.0,0.0
10286420.0,0.0
10289620.0,0.0
10292820.0,0.0
10296020.0,0.0
10299220.0,0.0
10302420.0,0.0
10305620.0,0.0
10308820.0,0.0
10312020.0,0.0
10315220.0,0.0
10318420.0,0.0
10321620.0,0.0
10324820.0,0.0
10328020.0,0.0
10331220.0,0.0
10334420.0,0.0
10337620.0,0.0
10340820.0,0.0
10344020.0,0.0
10347220.0,0.0
10350420.0,0.0
10353620.0,0.0
10356820.0,0.0
10360020.0,0.0
10363220.0,0.0
10366420.0,0.0
10369620.0,0.0
10372820.0,0.0
10376020.0,0.0
10379220.0,0.0
10382420.0,0.0
10385620.0,0.0
10388820.0,0.0
10392020.0,0.0
10395220.0,0.0
10398420.0,0.0
10401620.0,0.0
10404820.0,0.0
10408020.0,0.0
10411220.0,0.0
10414420.0,0.0
10417620.0,0.0
10420820.0,0.0
10424020.0,0.0
10427220.0,0.0
10430420.0,0.0
10433620.0,0.0
10436820.0,0.0
10440020.0,0.0
10443220.0,0.0
10446420.0,0.0
10449620.0,0.0
10452820.0,0.0
10456020.0,0.0
10459220.0,0.0
10462420.0,0.0
10465620.0,0.0
10468820.0,0.0
10472020.0,0.0
10475220.0,0.0
10478420.0,0.0
10481620.0,0.0
10484820.0,0.0
10488020.0,0.0
10491220.0,0.0
10494420.0,0.0
10497620.0,0.0
10500820.0,0.0
10504020.0,0.0
10507220.0,0.0
10510420.0,0.0
10513620.0,0.0
10516820.0,0.0
10520020.0,0.0
10523220.0,0.0
10526420.0,0.0
10529620.0,0.0
10532820.0,0.0
10536020.0,0.0
10539220.0,0.0
10542420.0,0.0
10545620.0,0.0
10548820.0,0.0
10552020.0,0.0
10555220.0,0.0
10558420.0,0.0
10561620.0,0.0
10564820.0,0.0
10568020.0,0.0
10571220.0,0.0
10574420.0,0.0
10577620.0,0.0
10580820.0,0.0
10584020.0,0.0
10587220.0,0.0
10590420.0,0.0
10593620.0,0.0
10596820.0,0.0
10600020.0,0.0
10603220.0,0.0
10606420.0,0.0
10609620.0,0.0
10612820.0,0.0
10616020.0,0.0
10619220.0,0.0
10622420.0,0.0
10625620.0,0.0
10628820.0,0.0
10632020.0,0.0
10635220.0,0.0
10638420.0,0.0
10641620.0,0.0
10644820.0,0.0
10648020.0,0.0
10651220.0,0.0
10654420.0,0.0
10657620.0,0.0
10660820.0,0.0
10664020.0,0.0
10667220.0,0.0
10670420.0,0.0
10673620.0,0.0
10676820.0,0.0
10680020.0,0.0
10683220.0,0.0
10686420.0,0.0
10689620.0,0.0
10692820.0,0.0
10696020.0,0.0
10699220.0,0.0
10702420.0,0.0
10705620.0,0.0
10708820.0,0.0
10712020.0,0.0
10715220.0,0.0
10718420.0,0.0
10721620.0,0.0
10724820.0,0.0
10728020.0,0.0
10731220.0,0.0
10734420.0,0.0
10737620.0,0.0
10740820.0,0.0
10744020.0,0.0
10747220.0,0.0
10750420.0,0.0
10753620.0,0.0
10756820.0,0.0
10760020.0,0.0
10763220.0,0.0
10766420.0,0.0
10769620.0,0.0
10772820.0,0.0
10776020.0,0.0
10779220.0,0.0
10782420.0,0.0
10785620.0,0.0
10788820.0,0.0
10792020.0,0.0
10795220.0,0.0
10798420.0,0.0
10801620.0,0.0
10804820.0,0.0
10808020.0,0.0
10811220.0,0.0
10814420.0,0.0
10817620.0,0.0
10820820.0,0.0
10824020.0,0.0
10827220.0,0.0
10830420.0,0.0
10833620.0,0.0
10836820.0,0.0
10840020.0,0.0
10843220.0,0.0
10846420.0,0.0
10849620.0,0.0
10852820.0,0.0
10856020.0,0.0
10859220.0,0.0
10862420.0,0.0
10865620.0,0.0
10868820.0,0.0
10872020.0,0.0
10875220.0,0.0
10878420.0,0.0
10881620.0,0.0
10884820.0,0.0
10888020.0,0.0
10891220.0,0.0
10894420.0,0.0
10897620.0,0.0
10900820.0,0.0
10904020.0,0.0
10907220.0,0.0
10910420.0,0.0
10913620.0,0.0
10916820.0,0.0
10920020.0,0.0
10923220.0,0.0
10926420.0,0.0
10929620.0,0.0
10932820.0,0.0
10936020.0,0.0
10939220.0,0.0
10942420.0,0.0
10945620.0,0.0
10948820.0,0.0
10952020.0,0.0
10955220.0,0.0
10958420.0,0.0
10961620.0,0.0
10964820.0,0.0
10968020.0,0.0
10971220.0,0.0
10974420.0,0.0
10977620.0,0.0
10980820.0,0.0
10984020.0,0.0
10987220.0,0.0
10990420.0,0.0
10993620.0,0.0
10996820.0,0.0
11000020.0,0.0
11003220.0,0.0
11006420.0,0.0
11009620.0,0.0
11012820.0,0.0
11016020.0,0.0
11019220.0,0.0
11022420.0,0.0
11025620.0,0.0
11028820.0,0.0
11032020.0,0.0
11035220.0,0.0
11038420.0,0.0
11041620.0,0.0
11044820.0,0.0
11048020.0,0.0
11051220.0,0.0
11054420.0,0.0
11057620.0,0.0
11060820.0,0.0
11064020.0,0.0
11067220.0,0.0
11070420.0,0.0
11073620.0,0.0
11076820.0,0.0
11080020.0,0.0
11083220.0,0.0
11086420.0,0.0
11089620.0,0.0
11092820.0,0.0
11096020.0,0.0
11099220.0,0.0
11102420.0,0.0
11105620.0,0.0
11108820.0,0.0
11112020.0,0.0
11115220.0,0.0
11118420.0,0.0
11121620.0,0.0
11124820.0,0.0
11128020.0,0.0
11131220.0,0.0
11134420.0,0.0
11137620.0,0.0
11140820.0,0.0
11144020.0,0.0
11147220.0,0.0
11150420.0,0.0
11153620.0,0.0
11156820.0,0.0
11160020.0,0.0
11163220.0,0.0
11166420.0,0.0
11169620.0,0.0
11172820.0,0.0
11176020.0,0.0
11179220.0,0.0
11182420.0,0.0
11185620.0,0.0
11188820.0,0.0
11192020.0,0.0
11195220.0,0.0
11198420.0,0.0
11201620.0,0.0
11204820.0,0.0
11208020.0,0.0
11211220.0,0.0
11214420.0,0.0
11217620.0,0.0
11220820.0,0.0
11224020.0,0.0
11227220.0,0.0
11230420.0,0.0
11233620.0,0.0
11236820.0,0.0
11240020.0,0.0
11243220.0,0.0
11246420.0,0.0
11249620.0,0.0
11252820.0,0.0
11256020.0,0.0
11259220.0,0.0
11262420.0,0.0
11265620.0,0.0
11268820.0,0.0
11272020.0,0.0
11275220.0,0.0
11278420.0,0.0
11281620.0,0.0
11284820.0,0.0
11288020.0,0.0
11291220.0,0.0
11294420.0,0.0
11297620.0,0.0
11300820.0,0.0
11304020.0,0.0
11307220.0,0.0
11310420.0,0.0
11313620.0,0.0
11316820.0,0.0
11320020.0,0.0
11323220.0,0.0
11326420.0,0.0
11329620.0,0.0
11332820.0,0.0
11336020.0,0.0
11339220.0,0.0
11342420.0,0.0
11345620.0,0.0
11348820.0,0.0
11352020.0,0.0
11355220.0,0.0
11358420.0,0.0
11361620.0,0.0
11364820.0,0.0
11368020.0,0.0
11371220.0,0.0
11374420.0,0.0
11377620.0,0.0
11380820.0,0.0
11384020.0,0.0
11387220.0,0.0
11390420.0,0.0
11393620.0,0.0
11396820.0,0.0
11400020.0,0.0
11403220.0,0.0
11406420.0,0.0
11409620.0,0.0
11412820.0,0.0
11416020.0,0.0
11419220.0,0.0
11422420.0,0.0
11425620.0,0.0
11428820.0,0.0
11432020.0,0.0
11435220.0,0.0
11438420.0,0.0
11441620.0,0.0
11444820.0,0.0
11448020.0,0.0
11451220.0,0.0
11454420.0,0.0
11457620.0,0.0
11460820.0,0.0
11464020.0,0.0
11467220.0,0.0
11470420.0,0.0
11473620.0,0.0
11476820.0,0.0
11480020.0,0.0
11483220.0,0.0
11486420.0,0.0
11489620.0,0.0
11492820.0,0.0
11496020.0,0.0
11499220.0,0.0
11502420.0,0.0
11505620.0,0.0
11508820.0,0.0
11512020.0,0.0
11515220.0,0.0
11518420.0,0.0
11521620.0,0.0
11524820.0,0.0
11528020.0,0.0
11531220.0,0.0
11534420.0,0.0
11537620.0,0.0
11540820.0,0.0
11544020.0,0.0
11547220.0,0.0
11550420.0,0.0
11553620.0,0.0
11556820.0,0.0
11560020.0,0.0
11563220.0,0.0
11566420.0,0.0
11569620.0,0.0
11572820.0,0.0
11576020.0,0.0
11579220.0,0.0
11582420.0,0.0
11585620.0,0.0
11588820.0,0.0
11592020.0,0.0
11595220.0,0.0
11598420.0,0.0
11601620.0,0.0
11604820.0,0.0
11608020.0,0.0
11611220.0,0.0
11614420.0,0.0
11617620.0,0.0
11620820.0,0.0
11624020.0,0.0
11627220.0,0.0
11630420.0,0.0
11633620.0,0.0
11636820.0,0.0
11640020.0,0.0
11643220.0,0.0
11646420.0,0.0
11649620.0,0.0
11652820.0,0.0
11656020.0,0.0
11659220.0,0.0
11662420.0,0.0
11665620.0,0.0
11668820.0,0.0
11672020.0,0.0
11675220.0,0.0
11678420.0,0.0
11681620.0,0.0
11684820.0,0.0
11688020.0,0.0
11691220.0,0.0
11694420.0,0.0
11697620.0,0.0
11700820.0,0.0
11704020.0,0.0
11707220.0,0.0
11710420.0,0.0
11713620.0,0.0
11716820.0,0.0
11720020.0,0.0
11723220.0,0.0
11726420.0,0.0
11729620.0,0.0
11732820.0,0.0
11736020.0,0.0
11739220.0,0.0
11742420.0,0.0
11745620.0,0.0
11748820.0,0.0
11752020.0,0.0
11755220.0,0.0
11758420.0,0.0
11761620.0,0.0
11764820.0,0.0
11768020.0,0.0
11771220.0,0.0
11774420.0,0.0
11777620.0,0.0
11780820.0,0.0
11784020.0,0.0
11787220.0,0.0
11790420.0,0.0
11793620.0,0.0
11796820.0,0.0
11800020.0,0.0
11803220.0,0.0
11806420.0,0.0
11809620.0,0.0
11812820.0,0.0
11816020.0,0.0
11819220.0,0.0
11822420.0,0.0
11825620.0,0.0
11828820.0,0.0
11832020.0,0.0
11835220.0,0.0
11838420.0,0.0
11841620.0,0.0
11844820.0,0.0
11848020.0,0.0
11851220.0,0.0
11854420.0,0.0
11857620.0,0.0
11860820.0,0.0
11864020.0,0.0
11867220.0,0.0
11870420.0,0.0
11873620.0,0.0
11876820.0,0.0
11880020.0,0.0
11883220.0,0.0
11886420.0,0.0
11889620.0,0.0
11892820.0,0.0
11896020.0,0.0
11899220.0,0.0
11902420.0,0.0
11905620.0,0.0
11908820.0,0.0
11912020.0,0.0
11915220.0,0.0
11918420.0,0.0
11921620.0,0.0
11924820.0,0.0
11928020.0,0.0
11931220.0,0.0
11934420.0,0.0
11937620.0,0.0
11940820.0,0.0
11944020.0,0.0
11947220.0,0.0
11950420.0,0.0
11953620.0,0.0
11956820.0,0.0
11960020.0,0.0
11963220.0,0.0
11966420.0,0.0
11969620.0,0.0
11972820.0,0.0
11976020.0,0.0
11979220.0,0.0
11982420.0,0.0
11985620.0,0.0
11988820.0,0.0
11992020.0,0.0
11995220.0,0.0
11998420.0,0.0
12001620.0,0.0
12004820.0,0.0
12008020.0,0.0
12011220.0,0.0
12014420.0,0.0
12017620.0,0.0
12020820.0,0.0
12024020.0,0.0
12027220.0,0.0
12030420.0,0.0
12033620.0,0.0
12036820.0,0.0
12040020.0,0.0
12043220.0,0.0
12046420.0,0.0
12049620.0,0.0
12052820.0,0.0
12056020.0,0.0
12059220.0,0.0
12062420.0,0.0
12065620.0,0.0
12068820.0,0.0
12072020.0,0.0
12075220.0,0.0
12078420.0,0.0
12081620.0,0.0
12084820.0,0.0
12088020.0,0.0
12091220.0,0.0
12094420.0,0.0
12097620.0,0.0
12100820.0,0.0
12104020.0,0.0
12107220.0,0.0
12110420.0,0.0
12113620.0,0.0
12116820.0,0.0
12120020.0,0.0
12123220.0,0.0
12126420.0,0.0
12129620.0,0.0
12132820.0,0.0
12136020.0,0.0
12139220.0,0.0
12142420.0,0.0
12145620.0,0.0
12148820.0,0.0
12152020.0,0.0
12155220.0,0.0
12158420.0,0.0
12161620.0,0.0
12164820.0,0.0
12168020.0,0.0
12171220.0,0.0
12174420.0,0.0
12177620.0,0.0
12180820.0,0.0
12184020.0,0.0
12187220.0,0.0
12190420.0,0.0
12193620.0,0.0
12196820.0,0.0
12200020.0,0.0
12203220.0,0.0
12206420.0,0.0
12209620.0,0.0
12212820.0,0.0
12216020.0,0.0
12219220.0,0.0
12222420.0,0.0
12225620.0,0.0
12228820.0,0.0
12232020.0,0.0
12235220.0,0.0
12238420.0,0.0
12241620.0,0.0
12244820.0,0.0
12248020.0,0.0
12251220.0,0.0
12254420.0,0.0
12257620.0,0.0
12260820.0,0.0
12264020.0,0.0
12267220.0,0.0
12270420.0,0.0
12273620.0,0.0
12276820.0,0.0
12280020.0,0.0
12283220.0,0.0
12286420.0,0.0
12289620.0,0.0
12292820.0,0.0
12296020.0,0.0
12299220.0,0.0
12302420.0,0.0
12305620.0,0.0
12308820.0,0.0
12312020.0,0.0
12315220.0,0.0
12318420.0,0.0
12321620.0,0.0
12324820.0,0.0
12328020.0,0.0
12331220.0,0.0
12334420.0,0.0
12337620.0,0.0
12340820.0,0.0
12344020.0,0.0
12347220.0,0.0
12350420.0,0.0
12353620.0,0.0
12356820.0,0.0
12360020.0,0.0
12363220.0,0.0
12366420.0,0.0
12369620.0,0.0
12372820.0,0.0
12376020.0,0.0
12379220.0,0.0
12382420.0,0.0
12385620.0,0.0
12388820.0,0.0
12392020.0,0.0
12395220.0,0.0
12398420.0,0.0
12401620.0,0.0
12404820.0,0.0
12408020.0,0.0
12411220.0,0.0
12414420.0,0.0
12417620.0,0.0
12420820.0,0.0
12424020.0,0.0
12427220.0,0.0
12430420.0,0.0
12433620.0,0.0
12436820.0,0.0
12440020.0,0.0
12443220.0,0.0
12446420.0,0.0
12449620.0,0.0
12452820.0,0.0
12456020.0,0.0
12459220.0,0.0
12462420.0,0.0
12465620.0,0.0
12468820.0,0.0
12472020.0,0.0
12475220.0,0.0
12478420.0,0.0
12481620.0,0.0
12484820.0,0.0
12488020.0,0.0
12491220.0,0.0
12494420.0,0.0
12497620.0,0.0
12500820.0,0.0
12504020.0,0.0
12507220.0,0.0
12510420.0,0.0
12513620.0,0.0
12516820.0,0.0
12520020.0,0.0
12523220.0,0.0
12526420.0,0.0
12529620.0,0.0
12532820.0,0.0
12536020.0,0.0
12539220.0,0.0
12542420.0,0.0
12545620.0,0.0
12548820.0,0.0
12552020.0,0.0
12555220.0,0.0
12558420.0,0.0
12561620.0,0.0
12564820.0,0.0
12568020.0,0.0
12571220.0,0.0
12574420.0,0.0
12577620.0,0.0
12580820.0,0.0
12584020.0,0.0
12587220.0,0.0
12590420.0,0.0
12593620.0,0.0
12596820.0,0.0
12600020.0,0.0
12603220.0,0.0
12606420.0,0.0
12609620.0,0.0
12612820.0,0.0
12616020.0,0.0
12619220.0,0.0
12622420.0,0.0
12625620.0,0.0
12628820.0,0.0
12632020.0,0.0
12635220.0,0.0
12638420.0,0.0
12641620.0,0.0
12644820.0,0.0
12648020.0,0.0
12651220.0,0.0
12654420.0,0.0
12657620.0,0.0
12660820.0,0.0
12664020.0,0.0
12667220.0,0.0
12670420.0,0.0
12673620.0,0.0
12676820.0,0.0
12680020.0,0.0
12683220.0,0.0
12686420.0,0.0
12689620.0,0.0
12692820.0,0.0
12696020.0,0.0
12699220.0,0.0
12702420.0,0.0
12705620.0,0.0
12708820.0,0.0
12712020.0,0.0
12715220.0,0.0
12718420.0,0.0
12721620.0,0.0
12724820.0,0.0
12728020.0,0.0
12731220.0,0.0
12734420.0,0.0
12737620.0,0.0
12740820.0,0.0
12744020.0,0.0
12747220.0,0.0
12750420.0,0.0
12753620.0,0.0
12756820.0,0.0
12760020.0,0.0
12763220.0,0.0
12766420.0,0.0
12769620.0,0.0
12772820.0,0.0
12776020.0,0.0
12779220.0,0.0
12782420.0,0.0
12785620.0,0.0
12788820.0,0.0
12792020.0,0.0
12795220.0,0.0
12798420.0,0.0
12801620.0,0.0
12804820.0,0.0
12808020.0,0.0
12811220.0,0.0
12814420.0,0.0
12817620.0,0.0
12820820.0,0.0
12824020.0,0.0
12827220.0,0.0
12830420.0,0.0
12833620.0,0.0
12836820.0,0.0
12840020.0,0.0
12843220.0,0.0
12846420.0,0.0
12849620.0,0.0
12852820.0,0.0
12856020.0,0.0
12859220.0,0.0
12862420.0,0.0
12865620.0,0.0
12868820.0,0.0
12872020.0,0.0
12875220.0,0.0
12878420.0,0.0
12881620.0,0.0
12884820.0,0.0
12888020.0,0.0
12891220.0,0.0
12894420.0,0.0
12897620.0,0.0
12900820.0,0.0
12904020.0,0.0
12907220.0,0.0
12910420.0,0.0
12913620.0,0.0
12916820.0,0.0
12920020.0,0.0
12923220.0,0.0
12926420.0,0.0
12929620.0,0.0
12932820.0,0.0
12936020.0,0.0
12939220.0,0.0
12942420.0,0.0
12945620.0,0.0
12948820.0,0.0
12952020.0,0.0
12955220.0,0.0
12958420.0,0.0
12961620.0,0.0
12964820.0,0.0
12968020.0,0.0
12971220.0,0.0
12974420.0,0.0
12977620.0,0.0
12980820.0,0.0
12984020.0,0.0
12987220.0,0.0
12990420.0,0.0
12993620.0,0.0
12996820.0,0.0
13000020.0,0.0
13003220.0,0.0
13006420.0,0.0
13009620.0,0.0
13012820.0,0.0
13016020.0,0.0
13019220.0,0.0
13022420.0,0.0
13025620.0,0.0
13028820.0,0.0
13032020.0,0.0
13035220.0,0.0
13038420.0,0.0
13041620.0,0.0
13044820.0,0.0
13048020.0,0.0
13051220.0,0.0
13054420.0,0.0
13057620.0,0.0
13060820.0,0.0
13064020.0,0.0
13067220.0,0.0
13070420.0,0.0
13073620.0,0.0
13076820.0,0.0
13080020.0,0.0
13083220.0,0.0
13086420.0,0.0
13089620.0,0.0
13092820.0,0.0
13096020.0,0.0
13099220.0,0.0
13102420.0,0.0
13105620.0,0.0
13108820.0,0.0
13112020.0,0.0
13115220.0,0.0
13118420.0,0.0
13121620.0,0.0
13124820.0,0.0
13128020.0,0.0
13131220.0,0.0
13134420.0,0.0
13137620.0,0.0
13140820.0,0.0
13144020.0,0.0
13147220.0,0.0
13150420.0,0.0
13153620.0,0.0
13156820.0,0.0
13160020.0,0.0
13163220.0,0.0
13166420.0,0.0
13169620.0,0.0
13172820.0,0.0
13176020.0,0.0
13179220.0,0.0
13182420.0,0.0
13185620.0,0.0
13188820.0,0.0
13192020.0,0.0
13195220.0,0.0
13198420.0,0.0
13201620.0,0.0
13204820.0,0.0
13208020.0,0.0
13211220.0,0.0
13214420.0,0.0
13217620.0,0.0
13220820.0,0.0
13224020.0,0.0
13227220.0,0.0
13230420.0,0.0
13233620.0,0.0
13236820.0,0.0
13240020.0,0.0
13243220.0,0.0
13246420.0,0.0
13249620.0,0.0
13252820.0,0.0
13256020.0,0.0
13259220.0,0.0
13262420.0,0.0
13265620.0,0.0
13268820.0,0.0
13272020.0,0.0
13275220.0,0.0
13278420.0,0.0
13281620.0,0.0
13284820.0,0.0
13288020.0,0.0
13291220.0,0.0
13294420.0,0.0
13297620.0,0.0
13300820.0,0.0
13304020.0,0.0
13307220.0,0.0
13310420.0,0.0
13313620.0,0.0
13316820.0,0.0
13320020.0,0.0
13323220.0,0.0
13326420.0,0.0
13329620.0,0.0
13332820.0,0.0
13336020.0,0.0
13339220.0,0.0
13342420.0,0.0
13345620.0,0.0
13348820.0,0.0
13352020.0,0.0
13355220.0,0.0
13358420.0,0.0
13361620.0,0.0
13364820.0,0.0
13368020.0,0.0
13371220.0,0.0
13374420.0,0.0
13377620.0,0.0
13380820.0,0.0
13384020.0,0.0
13387220.0,0.0
13390420.0,0.0
13393620.0,0.0
13396820.0,0.0
13400020.0,0.0
13403220.0,0.0
13406420.0,0.0
13409620.0,0.0
13412820.0,0.0
13416020.0,0.0
13419220.0,0.0
13422420.0,0.0
13425620.0,0.0
13428820.0,0.0
13432020.0,0.0
13435220.0,0.0
13438420.0,0.0
13441620.0,0.0
13444820.0,0.0
13448020.0,0.0
13451220.0,0.0
13454420.0,0.0
13457620.0,0.0
13460820.0,0.0
13464020.0,0.0
13467220.0,0.0
13470420.0,0.0
13473620.0,0.0
13476820.0,0.0
13480020.0,0.0
13483220.0,0.0
13486420.0,0.0
13489620.0,0.0
13492820.0,0.0
13496020.0,0.0
13499220.0,0.0
13502420.0,0.0
13505620.0,0.0
13508820.0,0.0
13512020.0,0.0
13515220.0,0.0
13518420.0,0.0
13521620.0,0.0
13524820.0,0.0
13528020.0,0.0
13531220.0,0.0
13534420.0,0.0
13537620.0,0.0
13540820.0,0.0
13544020.0,0.0
13547220.0,0.0
13550420.0,0.0
13553620.0,0.0
13556820.0,0.0
13560020.0,0.0
13563220.0,0.0
13566420.0,0.0
13569620.0,0.0
13572820.0,0.0
13576020.0,0.0
13579220.0,0.0
13582420.0,0.0
13585620.0,0.0
13588820.0,0.0
13592020.0,0.0
13595220.0,0.0
13598420.0,0.0
13601620.0,0.0
13604820.0,0.0
13608020.0,0.0
13611220.0,0.0
13614420.0,0.0
13617620.0,0.0
13620820.0,0.0
13624020.0,0.0
13627220.0,0.0
13630420.0,0.0
13633620.0,0.0
13636820.0,0.0
13640020.0,0.0
13643220.0,0.0
13646420.0,0.0
13649620.0,0.0
13652820.0,0.0
13656020.0,0.0
13659220.0,0.0
13662420.0,0.0
13665620.0,0.0
13668820.0,0.0
13672020.0,0.0
13675220.0,0.0
13678420.0,0.0
13681620.0,0.0
13684820.0,0.0
13688020.0,0.0
13691220.0,0.0
13694420.0,0.0
13697620.0,0.0
13700820.0,0.0
13704020.0,0.0
13707220.0,0.0
13710420.0,0.0
13713620.0,0.0
13716820.0,0.0
13720020.0,0.0
13723220.0,0.0
13726420.0,0.0
13729620.0,0.0
13732820.0,0.0
13736020.0,0.0
13739220.0,0.0
13742420.0,0.0
13745620.0,0.0
13748820.0,0.0
13752020.0,0.0
13755220.0,0.0
13758420.0,0.0
13761620.0,0.0
13764820.0,0.0
13768020.0,0.0
13771220.0,0.0
13774420.0,0.0
13777620.0,0.0
13780820.0,0.0
13784020.0,0.0
13787220.0,0.0
13790420.0,0.0
13793620.0,0.0
13796820.0,0.0
13800020.0,0.0
13803220.0,0.0
13806420.0,0.0
13809620.0,0.0
13812820.0,0.0
13816020.0,0.0
13819220.0,0.0
13822420.0,0.0
13825620.0,0.0
13828820.0,0.0
13832020.0,0.0
13835220.0,0.0
13838420.0,0.0
13841620.0,0.0
13844820.0,0.0
13848020.0,0.0
13851220.0,0.0
13854420.0,0.0
13857620.0,0.0
13860820.0,0.0
13864020.0,0.0
13867220.0,0.0
13870420.0,0.0
13873620.0,0.0
13876820.0,0.0
13880020.0,0.0
13883220.0,0.0
13886420.0,0.0
13889620.0,0.0
13892820.0,0.0
13896020.0,0.0
13899220.0,0.0
13902420.0,0.0
13905620.0,0.0
13908820.0,0.0
13912020.0,0.0
13915220.0,0.0
13918420.0,0.0
13921620.0,0.0
13924820.0,0.0
13928020.0,0.0
13931220.0,0.0
13934420.0,0.0
13937620.0,0.0
13940820.0,0.0
13944020.0,0.0
13947220.0,0.0
13950420.0,0.0
13953620.0,0.0
13956820.0,0.0
13960020.0,0.0
13963220.0,0.0
13966420.0,0.0
13969620.0,0.0
13972820.0,0.0
13976020.0,0.0
13979220.0,0.0
13982420.0,0.0
13985620.0,0.0
13988820.0,0.0
13992020.0,0.0
13995220.0,0.0
13998420.0,0.0
14001620.0,0.0
14004820.0,0.0
14008020.0,0.0
14011220.0,0.0
14014420.0,0.0
14017620.0,0.0
14020820.0,0.0
14024020.0,0.0
14027220.0,0.0
14030420.0,0.0
14033620.0,0.0
14036820.0,0.0
14040020.0,0.0
14043220.0,0.0
14046420.0,0.0
14049620.0,0.0
14052820.0,0.0
14056020.0,0.0
14059220.0,0.0
14062420.0,0.0
14065620.0,0.0
14068820.0,0.0
14072020.0,0.0
14075220.0,0.0
14078420.0,0.0
14081620.0,0.0
14084820.0,0.0
14088020.0,0.0
14091220.0,0.0
14094420.0,0.0
14097620.0,0.0
14100820.0,0.0
14104020.0,0.0
14107220.0,0.0
14110420.0,0.0
14113620.0,0.0
14116820.0,0.0
14120020.0,0.0
14123220.0,0.0
14126420.0,0.0
14129620.0,0.0
14132820.0,0.0
14136020.0,0.0
14139220.0,0.0
14142420.0,0.0
14145620.0,0.0
14148820.0,0.0
14152020.0,0.0
14155220.0,0.0
14158420.0,0.0
14161620.0,0.0
14164820.0,0.0
14168020.0,0.0
14171220.0,0.0
14174420.0,0.0
14177620.0,0.0
14180820.0,0.0
14184020.0,0.0
14187220.0,0.0
14190420.0,0.0
14193620.0,0.0
14196820.0,0.0
14200020.0,0.0
14203220.0,0.0
14206420.0,0.0
14209620.0,0.0
14212820.0,0.0
14216020.0,0.0
14219220.0,0.0
14222420.0,0.0
14225620.0,0.0
14228820.0,0.0
14232020.0,0.0
14235220.0,0.0
14238420.0,0.0
14241620.0,0.0
14244820.0,0.0
14248020.0,0.0
14251220.0,0.0
14254420.0,0.0
14257620.0,0.0
14260820.0,0.0
14264020.0,0.0
14267220.0,0.0
14270420.0,0.0
14273620.0,0.0
14276820.0,0.0
14280020.0,0.0
14283220.0,0.0
14286420.0,0.0
14289620.0,0.0
14292820.0,0.0
14296020.0,0.0
14299220.0,0.0
14302420.0,0.0
14305620.0,0.0
14308820.0,0.0
14312020.0,0.0
14315220.0,0.0
14318420.0,0.0
14321620.0,0.0
14324820.0,0.0
14328020.0,0.0
14331220.0,0.0
14334420.0,0.0
14337620.0,0.0
14340820.0,0.0
14344020.0,0.0
14347220.0,0.0
14350420.0,0.0
14353620.0,0.0
14356820.0,0.0
14360020.0,0.0
14363220.0,0.0
14366420.0,0.0
14369620.0,0.0
14372820.0,0.0
14376020.0,0.0
14379220.0,0.0
14382420.0,0.0
14385620.0,0.0
14388820.0,0.0
14392020.0,0.0
14395220.0,0.0
14398420.0,0.0
14401620.0,0.0
14404820.0,0.0
14408020.0,0.0
14411220.0,0.0
14414420.0,0.0
14417620.0,0.0
14420820.0,0.0
14424020.0,0.0
14427220.0,0.0
14430420.0,0.0
14433620.0,0.0
14436820.0,0.0
14440020.0,0.0
14443220.0,0.0
14446420.0,0.0
14449620.0,0.0
14452820.0,0.0
14456020.0,0.0
14459220.0,0.0
14462420.0,0.0
14465620.0,0.0
14468820.0,0.0
14472020.0,0.0
14475220.0,0.0
14478420.0,0.0
14481620.0,0.0
14484820.0,0.0
14488020.0,0.0
14491220.0,0.0
14494420.0,0.0
14497620.0,0.0
14500820.0,0.0
14504020.0,0.0
14507220.0,0.0
14510420.0,0.0
14513620.0,0.0
14516820.0,0.0
14520020.0,0.0
14523220.0,0.0
14526420.0,0.0
14529620.0,0.0
14532820.0,0.0
14536020.0,0.0
14539220.0,0.0
14542420.0,0.0
14545620.0,0.0
14548820.0,0.0
14552020.0,0.0
14555220.0,0.0
14558420.0,0.0
14561620.0,0.0
14564820.0,0.0
14568020.0,0.0
14571220.0,0.0
14574420.0,0.0
14577620.0,0.0
14580820.0,0.0
14584020.0,0.0
14587220.0,0.0
14590420.0,0.0
14593620.0,0.0
14596820.0,0.0
14600020.0,0.0
14603220.0,0.0
14606420.0,0.0
14609620.0,0.0
14612820.0,0.0
14616020.0,0.0
14619220.0,0.0
14622420.0,0.0
14625620.0,0.0
14628820.0,0.0
14632020.0,0.0
14635220.0,0.0
14638420.0,0.0
14641620.0,0.0
14644820.0,0.0
14648020.0,0.0
14651220.0,0.0
14654420.0,0.0
14657620.0,0.0
14660820.0,0.0
14664020.0,0.0
14667220.0,0.0
14670420.0,0.0
14673620.0,0.0
14676820.0,0.0
14680020.0,0.0
14683220.0,0.0
14686420.0,0.0
14689620.0,0.0
14692820.0,0.0
14696020.0,0.0
14699220.0,0.0
14702420.0,0.0
14705620.0,0.0
14708820.0,0.0
14712020.0,0.0
14715220.0,0.0
14718420.0,0.0
14721620.0,0.0
14724820.0,0.0
14728020.0,0.0
14731220.0,0.0
14734420.0,0.0
14737620.0,0.0
14740820.0,0.0
14744020.0,0.0
14747220.0,0.0
14750420.0,0.0
14753620.0,0.0
14756820.0,0.0
14760020.0,0.0
14763220.0,0.0
14766420.0,0.0
14769620.0,0.0
14772820.0,0.0
14776020.0,0.0
14779220.0,0.0
14782420.0,0.0
14785620.0,0.0
14788820.0,0.0
14792020.0,0.0
14795220.0,0.0
14798420.0,0.0
14801620.0,0.0
14804820.0,0.0
14808020.0,0.0
14811220.0,0.0
14814420.0,0.0
14817620.0,0.0
14820820.0,0.0
14824020.0,0.0
14827220.0,0.0
14830420.0,0.0
14833620.0,0.0
14836820.0,0.0
14840020.0,0.0
14843220.0,0.0
14846420.0,0.0
14849620.0,0.0
14852820.0,0.0
14856020.0,0.0
14859220.0,0.0
14862420.0,0.0
14865620.0,0.0
14868820.0,0.0
14872020.0,0.0
14875220.0,0.0
14878420.0,0.0
14881620.0,0.0
14884820.0,0.0
14888020.0,0.0
14891220.0,0.0
14894420.0,0.0
14897620.0,0.0
14900820.0,0.0
14904020.0,0.0
14907220.0,0.0
14910420.0,0.0
14913620.0,0.0
14916820.0,0.0
14920020.0,0.0
14923220.0,0.0
14926420.0,0.0
14929620.0,0.0
14932820.0,0.0
14936020.0,0.0
14939220.0,0.0
14942420.0,0.0
14945620.0,0.0
14948820.0,0.0
14952020.0,0.0
14955220.0,0.0
14958420.0,0.0
14961620.0,0.0
14964820.0,0.0
14968020.0,0.0
14971220.0,0.0
14974420.0,0.0
14977620.0,0.0
14980820.0,0.0
14984020.0,0.0
14987220.0,0.0
14990420.0,0.0
14993620.0,0.0
14996820.0,0.0
15000020.0,0.0
15003220.0,0.0
15006420.0,0.0
15009620.0,0.0
15012820.0,0.0
15016020.0,0.0
15019220.0,0.0
15022420.0,0.0
15025620.0,0.0
15028820.0,0.0
15032020.0,0.0
15035220.0,0.0
15038420.0,0.0
15041620.0,0.0
15044820.0,0.0
15048020.0,0.0
15051220.0,0.0
15054420.0,0.0
15057620.0,0.0
15060820.0,0.0
15064020.0,0.0
15067220.0,0.0
15070420.0,0.0
15073620.0,0.0
15076820.0,0.0
15080020.0,0.0
15083220.0,0.0
15086420.0,0.0
15089620.0,0.0
15092820.0,0.0
15096020.0,0.0
15099220.0,0.0
15102420.0,0.0
15105620.0,0.0
15108820.0,0.0
15112020.0,0.0
15115220.0,0.0
15118420.0,0.0
15121620.0,0.0
15124820.0,0.0
15128020.0,0.0
15131220.0,0.0
15134420.0,0.0
15137620.0,0.0
15140820.0,0.0
15144020.0,0.0
15147220.0,0.0
15150420.0,0.0
15153620.0,0.0
15156820.0,0.0
15160020.0,0.0
15163220.0,0.0
15166420.0,0.0
15169620.0,0.0
15172820.0,0.0
15176020.0,0.0
15179220.0,0.0
15182420.0,0.0
15185620.0,0.0
15188820.0,0.0
15192020.0,0.0
15195220.0,0.0
15198420.0,0.0
15201620.0,0.0
15204820.0,0.0
15208020.0,0.0
15211220.0,0.0
15214420.0,0.0
15217620.0,0.0
15220820.0,0.0
15224020.0,0.0
15227220.0,0.0
15230420.0,0.0
15233620.0,0.0
15236820.0,0.0
15240020.0,0.0
15243220.0,0.0
15246420.0,0.0
15249620.0,0.0
15252820.0,0.0
15256020.0,0.0
15259220.0,0.0
15262420.0,0.0
15265620.0,0.0
15268820.0,0.0
15272020.0,0.0
15275220.0,0.0
15278420.0,0.0
15281620.0,0.0
15284820.0,0.0
15288020.0,0.0
15291220.0,0.0
15294420.0,0.0
15297620.0,0.0
15300820.0,0.0
15304020.0,0.0
15307220.0,0.0
15310420.0,0.0
15313620.0,0.0
15316820.0,0.0
15320020.0,0.0
15323220.0,0.0
15326420.0,0.0
15329620.0,0.0
15332820.0,0.0
15336020.0,0.0
15339220.0,0.0
15342420.0,0.0
15345620.0,0.0
15348820.0,0.0
15352020.0,0.0
15355220.0,0.0
15358420.0,0.0
15361620.0,0.0
15364820.0,0.0
15368020.0,0.0
15371220.0,0.0
15374420.0,0.0
15377620.0,0.0
15380820.0,0.0
15384020.0,0.0
15387220.0,0.0
15390420.0,0.0
15393620.0,0.0
15396820.0,0.0
15400020.0,0.0
15403220.0,0.0
15406420.0,0.0
15409620.0,0.0
15412820.0,0.0
15416020.0,0.0
15419220.0,0.0
15422420.0,0.0
15425620.0,0.0
15428820.0,0.0
15432020.0,0.0
15435220.0,0.0
15438420.0,0.0
15441620.0,0.0
15444820.0,0.0
15448020.0,0.0
15451220.0,0.0
15454420.0,0.0
15457620.0,0.0
15460820.0,0.0
15464020.0,0.0
15467220.0,0.0
15470420.0,0.0
15473620.0,0.0
15476820.0,0.0
15480020.0,0.0
15483220.0,0.0
15486420.0,0.0
15489620.0,0.0
15492820.0,0.0
15496020.0,0.0
15499220.0,0.0
15502420.0,0.0
15505620.0,0.0
15508820.0,0.0
15512020.0,0.0
15515220.0,0.0
15518420.0,0.0
15521620.0,0.0
15524820.0,0.0
15528020.0,0.0
15531220.0,0.0
15534420.0,0.0
15537620.0,0.0
15540820.0,0.0
15544020.0,0.0
15547220.0,0.0
15550420.0,0.0
15553620.0,0.0
15556820.0,0.0
15560020.0,0.0
15563220.0,0.0
15566420.0,0.0
15569620.0,0.0
15572820.0,0.0
15576020.0,0.0
15579220.0,0.0
15582420.0,0.0
15585620.0,0.0
15588820.0,0.0
15592020.0,0.0
15595220.0,0.0
15598420.0,0.0
15601620.0,0.0
15604820.0,0.0
15608020.0,0.0
15611220.0,0.0
15614420.0,0.0
15617620.0,0.0
15620820.0,0.0
15624020.0,0.0
15627220.0,0.0
15630420.0,0.0
15633620.0,0.0
15636820.0,0.0
15640020.0,0.0
15643220.0,0.0
15646420.0,0.0
15649620.0,0.0
15652820.0,0.0
15656020.0,0.0
15659220.0,0.0
15662420.0,0.0
15665620.0,0.0
15668820.0,0.0
15672020.0,0.0
15675220.0,0.0
15678420.0,0.0
15681620.0,0.0
15684820.0,0.0
15688020.0,0.0
15691220.0,0.0
15694420.0,0.0
15697620.0,0.0
15700820.0,0.0
15704020.0,0.0
15707220.0,0.0
15710420.0,0.0
15713620.0,0.0
15716820.0,0.0
15720020.0,0.0
15723220.0,0.0
15726420.0,0.0
15729620.0,0.0
15732820.0,0.0
15736020.0,0.0
15739220.0,0.0
15742420.0,0.0
15745620.0,0.0
15748820.0,0.0
15752020.0,0.0
15755220.0,0.0
15758420.0,0.0
15761620.0,0.0
15764820.0,0.0
15768020.0,0.0
15771220.0,0.0
15774420.0,0.0
15777620.0,0.0
15780820.0,0.0
15784020.0,0.0
15787220.0,0.0
15790420.0,0.0
15793620.0,0.0
15796820.0,0.0
15800020.0,0.0
15803220.0,0.0
15806420.0,0.0
15809620.0,0.0
15812820.0,0.0
15816020.0,0.0
15819220.0,0.0
15822420.0,0.0
15825620.0,0.0
15828820.0,0.0
15832020.0,0.0
15835220.0,0.0
15838420.0,0.0
15841620.0,0.0
15844820.0,0.0
15848020.0,0.0
15851220.0,0.0
15854420.0,0.0
15857620.0,0.0
15860820.0,0.0
15864020.0,0.0
15867220.0,0.0
15870420.0,0.0
15873620.0,0.0
15876820.0,0.0
15880020.0,0.0
15883220.0,0.0
15886420.0,0.0
15889620.0,0.0
15892820.0,0.0
15896020.0,0.0
15899220.0,0.0
15902420.0,0.0
15905620.0,0.0
15908820.0,0.0
15912020.0,0.0
15915220.0,0.0
15918420.0,0.0
15921620.0,0.0
15924820.0,0.0
15928020.0,0.0
15931220.0,0.0
15934420.0,0.0
15937620.0,0.0
15940820.0,0.0
15944020.0,0.0
15947220.0,0.0
15950420.0,0.0
15953620.0,0.0
15956820.0,0.0
15960020.0,0.0
15963220.0,0.0
15966420.0,0.0
15969620.0,0.0
15972820.0,0.0
15976020.0,0.0
15979220.0,0.0
15982420.0,0.0
15985620.0,0.0
15988820.0,0.0
15992020.0,0.0
15995220.0,0.0
15998420.0,0.0
16001620.0,0.0
16004820.0,0.0
16008020.0,0.0
16011220.0,0.0
16014420.0,0.0
16017620.0,0.0
16020820.0,0.0
16024020.0,0.0
16027220.0,0.0
16030420.0,0.0
16033620.0,0.0
16036820.0,0.0
16040020.0,0.0
16043220.0,0.0
16046420.0,0.0
16049620.0,0.0
16052820.0,0.0
16056020.0,0.0
16059220.0,0.0
16062420.0,0.0
16065620.0,0.0
16068820.0,0.0
16072020.0,0.0
16075220.0,0.0
16078420.0,0.0
16081620.0,0.0
16084820.0,0.0
16088020.0,0.0
16091220.0,0.0
16094420.0,0.0
16097620.0,0.0
16100820.0,0.0
16104020.0,0.0
16107220.0,0.0
16110420.0,0.0
16113620.0,0.0
16116820.0,0.0
16120020.0,0.0
16123220.0,0.0
16126420.0,0.0
16129620.0,0.0
16132820.0,0.0
16136020.0,0.0
16139220.0,0.0
16142420.0,0.0
16145620.0,0.0
16148820.0,0.0
16152020.0,0.0
16155220.0,0.0
16158420.0,0.0
16161620.0,0.0
16164820.0,0.0
16168020.0,0.0
16171220.0,0.0
16174420.0,0.0
16177620.0,0.0
16180820.0,0.0
16184020.0,0.0
16187220.0,0.0
16190420.0,0.0
16193620.0,0.0
16196820.0,0.0
16200020.0,0.0
16203220.0,0.0
16206420.0,0.0
16209620.0,0.0
16212820.0,0.0
16216020.0,0.0
16219220.0,0.0
16222420.0,0.0
16225620.0,0.0
16228820.0,0.0
16232020.0,0.0
16235220.0,0.0
16238420.0,0.0
16241620.0,0.0
16244820.0,0.0
16248020.0,0.0
16251220.0,0.0
16254420.0,0.0
16257620.0,0.0
16260820.0,0.0
16264020.0,0.0
16267220.0,0.0
16270420.0,0.0
16273620.0,0.0
16276820.0,0.0
16280020.0,0.0
16283220.0,0.0
16286420.0,0.0
16289620.0,0.0
16292820.0,0.0
16296020.0,0.0
16299220.0,0.0
16302420.0,0.0
16305620.0,0.0
16308820.0,0.0
16312020.0,0.0
16315220.0,0.0
16318420.0,0.0
16321620.0,0.0
16324820.0,0.0
16328020.0,0.0
16331220.0,0.0
16334420.0,0.0
16337620.0,0.0
16340820.0,0.0
16344020.0,0.0
16347220.0,0.0
16350420.0,0.0
16353620.0,0.0
16356820.0,0.0
16360020.0,0.0
16363220.0,0.0
16366420.0,0.0
16369620.0,0.0
16372820.0,0.0
16376020.0,0.0
16379220.0,0.0
16382420.0,0.0
16385620.0,0.0
16388820.0,0.0
16392020.0,0.0
16395220.0,0.0
16398420.0,0.0
16401620.0,0.0
16404820.0,0.0
16408020.0,0.0
16411220.0,0.0
16414420.0,0.0
16417620.0,0.0
16420820.0,0.0
16424020.0,0.0
16427220.0,0.0
16430420.0,0.0
16433620.0,0.0
16436820.0,0.0
16440020.0,0.0
16443220.0,0.0
16446420.0,0.0
16449620.0,0.0
16452820.0,0.0
16456020.0,0.0
16459220.0,0.0
16462420.0,0.0
16465620.0,0.0
16468820.0,0.0
16472020.0,0.0
16475220.0,0.0
16478420.0,0.0
16481620.0,0.0
16484820.0,0.0
16488020.0,0.0
16491220.0,0.0
16494420.0,0.0
16497620.0,0.0
16500820.0,0.0
16504020.0,0.0
16507220.0,0.0
16510420.0,0.0
16513620.0,0.0
16516820.0,0.0
16520020.0,0.0
16523220.0,0.0
16526420.0,0.0
16529620.0,0.0
16532820.0,0.0
16536020.0,0.0
16539220.0,0.0
16542420.0,0.0
16545620.0,0.0
16548820.0,0.0
16552020.0,0.0
16555220.0,0.0
16558420.0,0.0
16561620.0,0.0
16564820.0,0.0
16568020.0,0.0
16571220.0,0.0
16574420.0,0.0
16577620.0,0.0
16580820.0,0.0
16584020.0,0.0
16587220.0,0.0
16590420.0,0.0
16593620.0,0.0
16596820.0,0.0
16600020.0,0.0
16603220.0,0.0
16606420.0,0.0
16609620.0,0.0
16612820.0,0.0
16616020.0,0.0
16619220.0,0.0
16622420.0,0.0
16625620.0,0.0
16628820.0,0.0
16632020.0,0.0
16635220.0,0.0
16638420.0,0.0
16641620.0,0.0
16644820.0,0.0
16648020.0,0.0
16651220.0,0.0
16654420.0,0.0
16657620.0,0.0
16660820.0,0.0
16664020.0,0.0
16667220.0,0.0
16670420.0,0.0
16673620.0,0.0
16676820.0,0.0
16680020.0,0.0
16683220.0,0.0
16686420.0,0.0
16689620.0,0.0
16692820.0,0.0
16696020.0,0.0
16699220.0,0.0
16702420.0,0.0
16705620.0,0.0
16708820.0,0.0
16712020.0,0.0
16715220.0,0.0
16718420.0,0.0
16721620.0,0.0
16724820.0,0.0
16728020.0,0.0
16731220.0,0.0
16734420.0,0.0
16737620.0,0.0
16740820.0,0.0
16744020.0,0.0
16747220.0,0.0
16750420.0,0.0
16753620.0,0.0
16756820.0,0.0
16760020.0,0.0
16763220.0,0.0
16766420.0,0.0
16769620.0,0.0
16772820.0,0.0
16776020.0,0.0
16779220.0,0.0
16782420.0,0.0
16785620.0,0.0
16788820.0,0.0
16792020.0,0.0
16795220.0,0.0
16798420.0,0.0
16801620.0,0.0
16804820.0,0.0
16808020.0,0.0
16811220.0,0.0
16814420.0,0.0
16817620.0,0.0
16820820.0,0.0
16824020.0,0.0
16827220.0,0.0
16830420.0,0.0
16833620.0,0.0
16836820.0,0.0
16840020.0,0.0
16843220.0,0.0
16846420.0,0.0
16849620.0,0.0
16852820.0,0.0
16856020.0,0.0
16859220.0,0.0
16862420.0,0.0
16865620.0,0.0
16868820.0,0.0
16872020.0,0.0
16875220.0,0.0
16878420.0,0.0
16881620.0,0.0
16884820.0,0.0
16888020.0,0.0
16891220.0,0.0
16894420.0,0.0
16897620.0,0.0
16900820.0,0.0
16904020.0,0.0
16907220.0,0.0
16910420.0,0.0
16913620.0,0.0
16916820.0,0.0
16920020.0,0.0
16923220.0,0.0
16926420.0,0.0
16929620.0,0.0
16932820.0,0.0
16936020.0,0.0
16939220.0,0.0
16942420.0,0.0
16945620.0,0.0
16948820.0,0.0
16952020.0,0.0
16955220.0,0.0
16958420.0,0.0
16961620.0,0.0
16964820.0,0.0
16968020.0,0.0
16971220.0,0.0
16974420.0,0.0
16977620.0,0.0
16980820.0,0.0
16984020.0,0.0
16987220.0,0.0
16990420.0,0.0
16993620.0,0.0
16996820.0,0.0
17000020.0,0.0
17003220.0,0.0
17006420.0,0.0
17009620.0,0.0
17012820.0,0.0
17016020.0,0.0
17019220.0,0.0
17022420.0,0.0
17025620.0,0.0
17028820.0,0.0
17032020.0,0.0
17035220.0,0.0
17038420.0,0.0
17041620.0,0.0
17044820.0,0.0
17048020.0,0.0
17051220.0,0.0
17054420.0,0.0
17057620.0,0.0
17060820.0,0.0
17064020.0,0.0
17067220.0,0.0
17070420.0,0.0
17073620.0,0.0
17076820.0,0.0
17080020.0,0.0
17083220.0,0.0
17086420.0,0.0
17089620.0,0.0
17092820.0,0.0
17096020.0,0.0
17099220.0,0.0
17102420.0,0.0
17105620.0,0.0
17108820.0,0.0
17112020.0,0.0
17115220.0,0.0
17118420.0,0.0
17121620.0,0.0
17124820.0,0.0
17128020.0,0.0
17131220.0,0.0
17134420.0,0.0
17137620.0,0.0
17140820.0,0.0
17144020.0,0.0
17147220.0,0.0
17150420.0,0.0
17153620.0,0.0
17156820.0,0.0
17160020.0,0.0
17163220.0,0.0
17166420.0,0.0
17169620.0,0.0
17172820.0,0.0
17176020.0,0.0
17179220.0,0.0
17182420.0,0.0
17185620.0,0.0
17188820.0,0.0
17192020.0,0.0
17195220.0,0.0
17198420.0,0.0
17201620.0,0.0
17204820.0,0.0
17208020.0,0.0
17211220.0,0.0
17214420.0,0.0
17217620.0,0.0
17220820.0,0.0
17224020.0,0.0
17227220.0,0.0
17230420.0,0.0
17233620.0,0.0
17236820.0,0.0
17240020.0,0.0
17243220.0,0.0
17246420.0,0.0
17249620.0,0.0
17252820.0,0.0
17256020.0,0.0
17259220.0,0.0
17262420.0,0.0
17265620.0,0.0
17268820.0,0.0
17272020.0,0.0
17275220.0,0.0
17278420.0,0.0
17281620.0,0.0
17284820.0,0.0
17288020.0,0.0
17291220.0,0.0
17294420.0,0.0
17297620.0,0.0
17300820.0,0.0
17304020.0,0.0
17307220.0,0.0
17310420.0,0.0
17313620.0,0.0
17316820.0,0.0
17320020.0,0.0
17323220.0,0.0
17326420.0,0.0
17329620.0,0.0
17332820.0,0.0
17336020.0,0.0
17339220.0,0.0
17342420.0,0.0
17345620.0,0.0
17348820.0,0.0
17352020.0,0.0
17355220.0,0.0
17358420.0,0.0
17361620.0,0.0
17364820.0,0.0
17368020.0,0.0
17371220.0,0.0
17374420.0,0.0
17377620.0,0.0
17380820.0,0.0
17384020.0,0.0
17387220.0,0.0
17390420.0,0.0
17393620.0,0.0
17396820.0,0.0
17400020.0,0.0
17403220.0,0.0
17406420.0,0.0
17409620.0,0.0
17412820.0,0.0
17416020.0,0.0
17419220.0,0.0
17422420.0,0.0
17425620.0,0.0
17428820.0,0.0
17432020.0,0.0
17435220.0,0.0
17438420.0,0.0
17441620.0,0.0
17444820.0,0.0
17448020.0,0.0
17451220.0,0.0
17454420.0,0.0
17457620.0,0.0
17460820.0,0.0
17464020.0,0.0
17467220.0,0.0
17470420.0,0.0
17473620.0,0.0
17476820.0,0.0
17480020.0,0.0
17483220.0,0.0
17486420.0,0.0
17489620.0,0.0
17492820.0,0.0
17496020.0,0.0
17499220.0,0.0
17502420.0,0.0
17505620.0,0.0
17508820.0,0.0
17512020.0,0.0
17515220.0,0.0
17518420.0,0.0
17521620.0,0.0
17524820.0,0.0
17528020.0,0.0
17531220.0,0.0
17534420.0,0.0
17537620.0,0.0
17540820.0,0.0
17544020.0,0.0
17547220.0,0.0
17550420.0,0.0
17553620.0,0.0
17556820.0,0.0
17560020.0,0.0
17563220.0,0.0
17566420.0,0.0
17569620.0,0.0
17572820.0,0.0
17576020.0,0.0
17579220.0,0.0
17582420.0,0.0
17585620.0,0.0
17588820.0,0.0
17592020.0,0.0
17595220.0,0.0
17598420.0,0.0
17601620.0,0.0
17604820.0,0.0
17608020.0,0.0
17611220.0,0.0
17614420.0,0.0
17617620.0,0.0
17620820.0,0.0
17624020.0,0.0
17627220.0,0.0
17630420.0,0.0
17633620.0,0.0
17636820.0,0.0
17640020.0,0.0
17643220.0,0.0
17646420.0,0.0
17649620.0,0.0
17652820.0,0.0
17656020.0,0.0
17659220.0,0.0
17662420.0,0.0
17665620.0,0.0
17668820.0,0.0
17672020.0,0.0
17675220.0,0.0
17678420.0,0.0
17681620.0,0.0
17684820.0,0.0
17688020.0,0.0
17691220.0,0.0
17694420.0,0.0
17697620.0,0.0
17700820.0,0.0
17704020.0,0.0
17707220.0,0.0
17710420.0,0.0
17713620.0,0.0
17716820.0,0.0
17720020.0,0.0
17723220.0,0.0
17726420.0,0.0
17729620.0,0.0
17732820.0,0.0
17736020.0,0.0
17739220.0,0.0
17742420.0,0.0
17745620.0,0.0
17748820.0,0.0
17752020.0,0.0
17755220.0,0.0
17758420.0,0.0
17761620.0,0.0
17764820.0,0.0
17768020.0,0.0
17771220.0,0.0
17774420.0,0.0
17777620.0,0.0
17780820.0,0.0
17784020.0,0.0
17787220.0,0.0
17790420.0,0.0
17793620.0,0.0
17796820.0,0.0
17800020.0,0.0
17803220.0,0.0
17806420.0,0.0
17809620.0,0.0
17812820.0,0.0
17816020.0,0.0
17819220.0,0.0
17822420.0,0.0
17825620.0,0.0
17828820.0,0.0
17832020.0,0.0
17835220.0,0.0
17838420.0,0.0
17841620.0,0.0
17844820.0,0.0
17848020.0,0.0
17851220.0,0.0
17854420.0,0.0
17857620.0,0.0
17860820.0,0.0
17864020.0,0.0
17867220.0,0.0
17870420.0,0.0
17873620.0,0.0
17876820.0,0.0
17880020.0,0.0
17883220.0,0.0
17886420.0,0.0
17889620.0,0.0
17892820.0,0.0
17896020.0,0.0
17899220.0,0.0
17902420.0,0.0
17905620.0,0.0
17908820.0,0.0
17912020.0,0.0
17915220.0,0.0
17918420.0,0.0
17921620.0,0.0
17924820.0,0.0
17928020.0,0.0
17931220.0,0.0
17934420.0,0.0
17937620.0,0.0
17940820.0,0.0
17944020.0,0.0
17947220.0,0.0
17950420.0,0.0
17953620.0,0.0
17956820.0,0.0
17960020.0,0.0
17963220.0,0.0
17966420.0,0.0
17969620.0,0.0
17972820.0,0.0
17976020.0,0.0
17979220.0,0.0
17982420.0,0.0
17985620.0,0.0
17988820.0,0.0
17992020.0,0.0
17995220.0,0.0
17998420.0,0.0
18001620.0,0.0
18004820.0,0.0
18008020.0,0.0
18011220.0,0.0
18014420.0,0.0
18017620.0,0.0
18020820.0,0.0
18024020.0,0.0
18027220.0,0.0
18030420.0,0.0
18033620.0,0.0
18036820.0,0.0
18040020.0,0.0
18043220.0,0.0
18046420.0,0.0
18049620.0,0.0
18052820.0,0.0
18056020.0,0.0
18059220.0,0.0
18062420.0,0.0
18065620.0,0.0
18068820.0,0.0
18072020.0,0.0
18075220.0,0.0
18078420.0,0.0
18081620.0,0.0
18084820.0,0.0
18088020.0,0.0
18091220.0,0.0
18094420.0,0.0
18097620.0,0.0
18100820.0,0.0
18104020.0,0.0
18107220.0,0.0
18110420.0,0.0
18113620.0,0.0
18116820.0,0.0
18120020.0,0.0
18123220.0,0.0
18126420.0,0.0
18129620.0,0.0
18132820.0,0.0
18136020.0,0.0
18139220.0,0.0
18142420.0,0.0
18145620.0,0.0
18148820.0,0.0
18152020.0,0.0
18155220.0,0.0
18158420.0,0.0
18161620.0,0.0
18164820.0,0.0
18168020.0,0.0
18171220.0,0.0
18174420.0,0.0
18177620.0,0.0
18180820.0,0.0
18184020.0,0.0
18187220.0,0.0
18190420.0,0.0
18193620.0,0.0
18196820.0,0.0
18200020.0,0.0
18203220.0,0.0
18206420.0,0.0
18209620.0,0.0
18212820.0,0.0
18216020.0,0.0
18219220.0,0.0
18222420.0,0.0
18225620.0,0.0
18228820.0,0.0
18232020.0,0.0
18235220.0,0.0
18238420.0,0.0
18241620.0,0.0
18244820.0,0.0
18248020.0,0.0
18251220.0,0.0
18254420.0,0.0
18257620.0,0.0
18260820.0,0.0
18264020.0,0.0
18267220.0,0.0
18270420.0,0.0
18273620.0,0.0
18276820.0,0.0
18280020.0,0.0
18283220.0,0.0
18286420.0,0.0
18289620.0,0.0
18292820.0,0.0
18296020.0,0.0
18299220.0,0.0
18302420.0,0.0
18305620.0,0.0
18308820.0,0.0
18312020.0,0.0
18315220.0,0.0
18318420.0,0.0
18321620.0,0.0
18324820.0,0.0
18328020.0,0.0
18331220.0,0.0
18334420.0,0.0
18337620.0,0.0
18340820.0,0.0
18344020.0,0.0
18347220.0,0.0
18350420.0,0.0
18353620.0,0.0
18356820.0,0.0
18360020.0,0.0
18363220.0,0.0
18366420.0,0.0
18369620.0,0.0
18372820.0,0.0
18376020.0,0.0
18379220.0,0.0
18382420.0,0.0
18385620.0,0.0
18388820.0,0.0
18392020.0,0.0
18395220.0,0.0
18398420.0,0.0
18401620.0,0.0
18404820.0,0.0
18408020.0,0.0
18411220.0,0.0
18414420.0,0.0
18417620.0,0.0
18420820.0,0.0
18424020.0,0.0
18427220.0,0.0
18430420.0,0.0
18433620.0,0.0
18436820.0,0.0
18440020.0,0.0
18443220.0,0.0
18446420.0,0.0
18449620.0,0.0
18452820.0,0.0
18456020.0,0.0
18459220.0,0.0
18462420.0,0.0
18465620.0,0.0
18468820.0,0.0
18472020.0,0.0
18475220.0,0.0
18478420.0,0.0
18481620.0,0.0
18484820.0,0.0
18488020.0,0.0
18491220.0,0.0
18494420.0,0.0
18497620.0,0.0
18500820.0,0.0
18504020.0,0.0
18507220.0,0.0
18510420.0,0.0
18513620.0,0.0
18516820.0,0.0
18520020.0,0.0
18523220.0,0.0
18526420.0,0.0
18529620.0,0.0
18532820.0,0.0
18536020.0,0.0
18539220.0,0.0
18542420.0,0.0
18545620.0,0.0
18548820.0,0.0
18552020.0,0.0
18555220.0,0.0
18558420.0,0.0
18561620.0,0.0
18564820.0,0.0
18568020.0,0.0
18571220.0,0.0
18574420.0,0.0
18577620.0,0.0
18580820.0,0.0
18584020.0,0.0
18587220.0,0.0
18590420.0,0.0
18593620.0,0.0
18596820.0,0.0
18600020.0,0.0
18603220.0,0.0
18606420.0,0.0
18609620.0,0.0
18612820.0,0.0
18616020.0,0.0
18619220.0,0.0
18622420.0,0.0
18625620.0,0.0
18628820.0,0.0
18632020.0,0.0
18635220.0,0.0
18638420.0,0.0
18641620.0,0.0
18644820.0,0.0
18648020.0,0.0
18651220.0,0.0
18654420.0,0.0
18657620.0,0.0
18660820.0,0.0
18664020.0,0.0
18667220.0,0.0
18670420.0,0.0
18673620.0,0.0
18676820.0,0.0
18680020.0,0.0
18683220.0,0.0
18686420.0,0.0
18689620.0,0.0
18692820.0,0.0
18696020.0,0.0
18699220.0,0.0
18702420.0,0.0
18705620.0,0.0
18708820.0,0.0
18712020.0,0.0
18715220.0,0.0
18718420.0,0.0
18721620.0,0.0
18724820.0,0.0
18728020.0,0.0
18731220.0,0.0
18734420.0,0.0
18737620.0,0.0
18740820.0,0.0
18744020.0,0.0
18747220.0,0.0
18750420.0,0.0
18753620.0,0.0
18756820.0,0.0
18760020.0,0.0
18763220.0,0.0
18766420.0,0.0
18769620.0,0.0
18772820.0,0.0
18776020.0,0.0
18779220.0,0.0
18782420.0,0.0
18785620.0,0.0
18788820.0,0.0
18792020.0,0.0
18795220.0,0.0
18798420.0,0.0
18801620.0,0.0
18804820.0,0.0
18808020.0,0.0
18811220.0,0.0
18814420.0,0.0
18817620.0,0.0
18820820.0,0.0
18824020.0,0.0
18827220.0,0.0
18830420.0,0.0
18833620.0,0.0
18836820.0,0.0
18840020.0,0.0
18843220.0,0.0
18846420.0,0.0
18849620.0,0.0
18852820.0,0.0
18856020.0,0.0
18859220.0,0.0
18862420.0,0.0
18865620.0,0.0
18868820.0,0.0
18872020.0,0.0
18875220.0,0.0
18878420.0,0.0
18881620.0,0.0
18884820.0,0.0
18888020.0,0.0
18891220.0,0.0
18894420.0,0.0
18897620.0,0.0
18900820.0,0.0
18904020.0,0.0
18907220.0,0.0
18910420.0,0.0
18913620.0,0.0
18916820.0,0.0
18920020.0,0.0
18923220.0,0.0
18926420.0,0.0
18929620.0,0.0
18932820.0,0.0
18936020.0,0.0
18939220.0,0.0
18942420.0,0.0
18945620.0,0.0
18948820.0,0.0
18952020.0,0.0
18955220.0,0.0
18958420.0,0.0
18961620.0,0.0
18964820.0,0.0
18968020.0,0.0
18971220.0,0.0
18974420.0,0.0
18977620.0,0.0
18980820.0,0.0
18984020.0,0.0
18987220.0,0.0
18990420.0,0.0
18993620.0,0.0
18996820.0,0.0
19000020.0,0.0
19003220.0,0.0
19006420.0,0.0
19009620.0,0.0
19012820.0,0.0
19016020.0,0.0
19019220.0,0.0
19022420.0,0.0
19025620.0,0.0
19028820.0,0.0
19032020.0,0.0
19035220.0,0.0
19038420.0,0.0
19041620.0,0.0
19044820.0,0.0
19048020.0,0.0
19051220.0,0.0
19054420.0,0.0
19057620.0,0.0
19060820.0,0.0
19064020.0,0.0
19067220.0,0.0
19070420.0,0.0
19073620.0,0.0
19076820.0,0.0
19080020.0,0.0
19083220.0,0.0
19086420.0,0.0
19089620.0,0.0
19092820.0,0.0
19096020.0,0.0
19099220.0,0.0
19102420.0,0.0
19105620.0,0.0
19108820.0,0.0
19112020.0,0.0
19115220.0,0.0
19118420.0,0.0
19121620.0,0.0
19124820.0,0.0
19128020.0,0.0
19131220.0,0.0
19134420.0,0.0
19137620.0,0.0
19140820.0,0.0
19144020.0,0.0
19147220.0,0.0
19150420.0,0.0
19153620.0,0.0
19156820.0,0.0
19160020.0,0.0
19163220.0,0.0
19166420.0,0.0
19169620.0,0.0
19172820.0,0.0
19176020.0,0.0
19179220.0,0.0
19182420.0,0.0
19185620.0,0.0
19188820.0,0.0
19192020.0,0.0
19195220.0,0.0
19198420.0,0.0
19201620.0,0.0
19204820.0,0.0
19208020.0,0.0
19211220.0,0.0
19214420.0,0.0
19217620.0,0.0
19220820.0,0.0
19224020.0,0.0
19227220.0,0.0
19230420.0,0.0
19233620.0,0.0
19236820.0,0.0
19240020.0,0.0
19243220.0,0.0
19246420.0,0.0
19249620.0,0.0
19252820.0,0.0
19256020.0,0.0
19259220.0,0.0
19262420.0,0.0
19265620.0,0.0
19268820.0,0.0
19272020.0,0.0
19275220.0,0.0
19278420.0,0.0
19281620.0,0.0
19284820.0,0.0
19288020.0,0.0
19291220.0,0.0
19294420.0,0.0
19297620.0,0.0
19300820.0,0.0
19304020.0,0.0
19307220.0,0.0
19310420.0,0.0
19313620.0,0.0
19316820.0,0.0
19320020.0,0.0
19323220.0,0.0
19326420.0,0.0
19329620.0,0.0
19332820.0,0.0
19336020.0,0.0
19339220.0,0.0
19342420.0,0.0
19345620.0,0.0
19348820.0,0.0
19352020.0,0.0
19355220.0,0.0
19358420.0,0.0
19361620.0,0.0
19364820.0,0.0
19368020.0,0.0
19371220.0,0.0
19374420.0,0.0
19377620.0,0.0
19380820.0,0.0
19384020.0,0.0
19387220.0,0.0
19390420.0,0.0
19393620.0,0.0
19396820.0,0.0
19400020.0,0.0
19403220.0,0.0
19406420.0,0.0
19409620.0,0.0
19412820.0,0.0
19416020.0,0.0
19419220.0,0.0
19422420.0,0.0
19425620.0,0.0
19428820.0,0.0
19432020.0,0.0
19435220.0,0.0
19438420.0,0.0
19441620.0,0.0
19444820.0,0.0
19448020.0,0.0
19451220.0,0.0
19454420.0,0.0
19457620.0,0.0
19460820.0,0.0
19464020.0,0.0
19467220.0,0.0
19470420.0,0.0
19473620.0,0.0
19476820.0,0.0
19480020.0,0.0
19483220.0,0.0
19486420.0,0.0
19489620.0,0.0
19492820.0,0.0
19496020.0,0.0
19499220.0,0.0
19502420.0,0.0
19505620.0,0.0
19508820.0,0.0
19512020.0,0.0
19515220.0,0.0
19518420.0,0.0
19521620.0,0.0
19524820.0,0.0
19528020.0,0.0
19531220.0,0.0
19534420.0,0.0
19537620.0,0.0
19540820.0,0.0
19544020.0,0.0
19547220.0,0.0
19550420.0,0.0
19553620.0,0.0
19556820.0,0.0
19560020.0,0.0
19563220.0,0.0
19566420.0,0.0
19569620.0,0.0
19572820.0,0.0
19576020.0,0.0
19579220.0,0.0
19582420.0,0.0
19585620.0,0.0
19588820.0,0.0
19592020.0,0.0
19595220.0,0.0
19598420.0,0.0
19601620.0,0.0
19604820.0,0.0
19608020.0,0.0
19611220.0,0.0
19614420.0,0.0
19617620.0,0.0
19620820.0,0.0
19624020.0,0.0
19627220.0,0.0
19630420.0,0.0
19633620.0,0.0
19636820.0,0.0
19640020.0,0.0
19643220.0,0.0
19646420.0,0.0
19649620.0,0.0
19652820.0,0.0
19656020.0,0.0
19659220.0,0.0
19662420.0,0.0
19665620.0,0.0
19668820.0,0.0
19672020.0,0.0
19675220.0,0.0
19678420.0,0.0
19681620.0,0.0
19684820.0,0.0
19688020.0,0.0
19691220.0,0.0
19694420.0,0.0
19697620.0,0.0
19700820.0,0.0
19704020.0,0.0
19707220.0,0.0
19710420.0,0.0
19713620.0,0.0
19716820.0,0.0
19720020.0,0.0
19723220.0,0.0
19726420.0,0.0
19729620.0,0.0
19732820.0,0.0
19736020.0,0.0
19739220.0,0.0
19742420.0,0.0
19745620.0,0.0
19748820.0,0.0
19752020.0,0.0
19755220.0,0.0
19758420.0,0.0
19761620.0,0.0
19764820.0,0.0
19768020.0,0.0
19771220.0,0.0
19774420.0,0.0
19777620.0,0.0
19780820.0,0.0
19784020.0,0.0
19787220.0,0.0
19790420.0,0.0
19793620.0,0.0
19796820.0,0.0
19800020.0,0.0
19803220.0,0.0
19806420.0,0.0
19809620.0,0.0
19812820.0,0.0
19816020.0,0.0
19819220.0,0.0
19822420.0,0.0
19825620.0,0.0
19828820.0,0.0
19832020.0,0.0
19835220.0,0.0
19838420.0,0.0
19841620.0,0.0
19844820.0,0.0
19848020.0,0.0
19851220.0,0.0
19854420.0,0.0
19857620.0,0.0
19860820.0,0.0
19864020.0,0.0
19867220.0,0.0
19870420.0,0.0
19873620.0,0.0
19876820.0,0.0
19880020.0,0.0
19883220.0,0.0
19886420.0,0.0
19889620.0,0.0
19892820.0,0.0
19896020.0,0.0
19899220.0,0.0
19902420.0,0.0
19905620.0,0.0
19908820.0,0.0
19912020.0,0.0
19915220.0,0.0
19918420.0,0.0
19921620.0,0.0
19924820.0,0.0
19928020.0,0.0
19931220.0,0.0
19934420.0,0.0
19937620.0,0.0
19940820.0,0.0
19944020.0,0.0
19947220.0,0.0
19950420.0,0.0
19953620.0,0.0
19956820.0,0.0
19960020.0,0.0
19963220.0,0.0
19966420.0,0.0
19969620.0,0.0
19972820.0,0.0
19976020.0,0.0
19979220.0,0.0
19982420.0,0.0
19985620.0,0.0
19988820.0,0.0
19992020.0,0.0
19995220.0,0.0
19998420.0,0.0
20001620.0,0.0
20004820.0,0.0
20008020.0,0.0
20011220.0,0.0
20014420.0,0.0
20017620.0,0.0
20020820.0,0.0
20024020.0,0.0
20027220.0,0.0
20030420.0,0.0
20033620.0,0.0
20036820.0,0.0
20040020.0,0.0
20043220.0,0.0
20046420.0,0.0
20049620.0,0.0
20052820.0,0.0
20056020.0,0.0
20059220.0,0.0
20062420.0,0.0
20065620.0,0.0
20068820.0,0.0
20072020.0,0.0
20075220.0,0.0
20078420.0,0.0
20081620.0,0.0
20084820.0,0.0
20088020.0,0.0
20091220.0,0.0
20094420.0,0.0
20097620.0,0.0
20100820.0,0.0
20104020.0,0.0
20107220.0,0.0
20110420.0,0.0
20113620.0,0.0
20116820.0,0.0
20120020.0,0.0
20123220.0,0.0
20126420.0,0.0
20129620.0,0.0
20132820.0,0.0
20136020.0,0.0
20139220.0,0.0
20142420.0,0.0
20145620.0,0.0
20148820.0,0.0
20152020.0,0.0
20155220.0,0.0
20158420.0,0.0
20161620.0,0.0
20164820.0,0.0
20168020.0,0.0
20171220.0,0.0
20174420.0,0.0
20177620.0,0.0
20180820.0,0.0
20184020.0,0.0
20187220.0,0.0
20190420.0,0.0
20193620.0,0.0
20196820.0,0.0
20200020.0,0.0
20203220.0,0.0
20206420.0,0.0
20209620.0,0.0
20212820.0,0.0
20216020.0,0.0
20219220.0,0.0
20222420.0,0.0
20225620.0,0.0
20228820.0,0.0
20232020.0,0.0
20235220.0,0.0
20238420.0,0.0
20241620.0,0.0
20244820.0,0.0
20248020.0,0.0
20251220.0,0.0
20254420.0,0.0
20257620.0,0.0
20260820.0,0.0
20264020.0,0.0
20267220.0,0.0
20270420.0,0.0
20273620.0,0.0
20276820.0,0.0
20280020.0,0.0
20283220.0,0.0
20286420.0,0.0
20289620.0,0.0
20292820.0,0.0
20296020.0,0.0
20299220.0,0.0
20302420.0,0.0
20305620.0,0.0
20308820.0,0.0
20312020.0,0.0
20315220.0,0.0
20318420.0,0.0
20321620.0,0.0
20324820.0,0.0
20328020.0,0.0
20331220.0,0.0
20334420.0,0.0
20337620.0,0.0
20340820.0,0.0
20344020.0,0.0
20347220.0,0.0
20350420.0,0.0
20353620.0,0.0
20356820.0,0.0
20360020.0,0.0
20363220.0,0.0
20366420.0,0.0
20369620.0,0.0
20372820.0,0.0
20376020.0,0.0
20379220.0,0.0
20382420.0,0.0
20385620.0,0.0
20388820.0,0.0
20392020.0,0.0
20395220.0,0.0
20398420.0,0.0
20401620.0,0.0
20404820.0,0.0
20408020.0,0.0
20411220.0,0.0
20414420.0,0.0
20417620.0,0.0
20420820.0,0.0
20424020.0,0.0
20427220.0,0.0
20430420.0,0.0
20433620.0,0.0
20436820.0,0.0
20440020.0,0.0
20443220.0,0.0
20446420.0,0.0
20449620.0,0.0
20452820.0,0.0
20456020.0,0.0
20459220.0,0.0
20462420.0,0.0
20465620.0,0.0
20468820.0,0.0
20472020.0,0.0
20475220.0,0.0
20478420.0,0.0
20481620.0,0.0
20484820.0,0.0
20488020.0,0.0
20491220.0,0.0
20494420.0,0.0
20497620.0,0.0
20500820.0,0.0
20504020.0,0.0
20507220.0,0.0
20510420.0,0.0
20513620.0,0.0
20516820.0,0.0
20520020.0,0.0
20523220.0,0.0
20526420.0,0.0
20529620.0,0.0
20532820.0,0.0
20536020.0,0.0
20539220.0,0.0
20542420.0,0.0
20545620.0,0.0
20548820.0,0.0
20552020.0,0.0
20555220.0,0.0
20558420.0,0.0
20561620.0,0.0
20564820.0,0.0
20568020.0,0.0
20571220.0,0.0
20574420.0,0.0
20577620.0,0.0
20580820.0,0.0
20584020.0,0.0
20587220.0,0.0
20590420.0,0.0
20593620.0,0.0
20596820.0,0.0
20600020.0,0.0
20603220.0,0.0
20606420.0,0.0
20609620.0,0.0
20612820.0,0.0
20616020.0,0.0
20619220.0,0.0
20622420.0,0.0
20625620.0,0.0
20628820.0,0.0
20632020.0,0.0
20635220.0,0.0
20638420.0,0.0
20641620.0,0.0
20644820.0,0.0
20648020.0,0.0
20651220.0,0.0
20654420.0,0.0
20657620.0,0.0
20660820.0,0.0
20664020.0,0.0
20667220.0,0.0
20670420.0,0.0
20673620.0,0.0
20676820.0,0.0
20680020.0,0.0
20683220.0,0.0
20686420.0,0.0
20689620.0,0.0
20692820.0,0.0
20696020.0,0.0
20699220.0,0.0
20702420.0,0.0
20705620.0,0.0
20708820.0,0.0
20712020.0,0.0
20715220.0,0.0
20718420.0,0.0
20721620.0,0.0
20724820.0,0.0
20728020.0,0.0
20731220.0,0.0
20734420.0,0.0
20737620.0,0.0
20740820.0,0.0
20744020.0,0.0
20747220.0,0.0
20750420.0,0.0
20753620.0,0.0
20756820.0,0.0
20760020.0,0.0
20763220.0,0.0
20766420.0,0.0
20769620.0,0.0
20772820.0,0.0
20776020.0,0.0
20779220.0,0.0
20782420.0,0.0
20785620.0,0.0
20788820.0,0.0
20792020.0,0.0
20795220.0,0.0
20798420.0,0.0
20801620.0,0.0
20804820.0,0.0
20808020.0,0.0
20811220.0,0.0
20814420.0,0.0
20817620.0,0.0
20820820.0,0.0
20824020.0,0.0
20827220.0,0.0
20830420.0,0.0
20833620.0,0.0
20836820.0,0.0
20840020.0,0.0
20843220.0,0.0
20846420.0,0.0
20849620.0,0.0
20852820.0,0.0
20856020.0,0.0
20859220.0,0.0
20862420.0,0.0
20865620.0,0.0
20868820.0,0.0
20872020.0,0.0
20875220.0,0.0
20878420.0,0.0
20881620.0,0.0
20884820.0,0.0
20888020.0,0.0
20891220.0,0.0
20894420.0,0.0
20897620.0,0.0
20900820.0,0.0
20904020.0,0.0
20907220.0,0.0
20910420.0,0.0
20913620.0,0.0
20916820.0,0.0
20920020.0,0.0
20923220.0,0.0
20926420.0,0.0
20929620.0,0.0
20932820.0,0.0
20936020.0,0.0
20939220.0,0.0
20942420.0,0.0
20945620.0,0.0
20948820.0,0.0
20952020.0,0.0
20955220.0,0.0
20958420.0,0.0
20961620.0,0.0
20964820.0,0.0
20968020.0,0.0
20971220.0,0.0
20974420.0,0.0
20977620.0,0.0
20980820.0,0.0
20984020.0,0.0
20987220.0,0.0
20990420.0,0.0
20993620.0,0.0
20996820.0,0.0
21000020.0,0.0
21003220.0,0.0
21006420.0,0.0
21009620.0,0.0
21012820.0,0.0
21016020.0,0.0
21019220.0,0.0
21022420.0,0.0
21025620.0,0.0
21028820.0,0.0
21032020.0,0.0
21035220.0,0.0
21038420.0,0.0
21041620.0,0.0
21044820.0,0.0
21048020.0,0.0
21051220.0,0.0
21054420.0,0.0
21057620.0,0.0
21060820.0,0.0
21064020.0,0.0
21067220.0,0.0
21070420.0,0.0
21073620.0,0.0
21076820.0,0.0
21080020.0,0.0
21083220.0,0.0
21086420.0,0.0
21089620.0,0.0
21092820.0,0.0
21096020.0,0.0
21099220.0,0.0
21102420.0,0.0
21105620.0,0.0
21108820.0,0.0
21112020.0,0.0
21115220.0,0.0
21118420.0,0.0
21121620.0,0.0
21124820.0,0.0
21128020.0,0.0
21131220.0,0.0
21134420.0,0.0
21137620.0,0.0
21140820.0,0.0
21144020.0,0.0
21147220.0,0.0
21150420.0,0.0
21153620.0,0.0
21156820.0,0.0
21160020.0,0.0
21163220.0,0.0
21166420.0,0.0
21169620.0,0.0
21172820.0,0.0
21176020.0,0.0
21179220.0,0.0
21182420.0,0.0
21185620.0,0.0
21188820.0,0.0
21192020.0,0.0
21195220.0,0.0
21198420.0,0.0
21201620.0,0.0
21204820.0,0.0
21208020.0,0.0
21211220.0,0.0
21214420.0,0.0
21217620.0,0.0
21220820.0,0.0
21224020.0,0.0
21227220.0,0.0
21230420.0,0.0
21233620.0,0.0
21236820.0,0.0
21240020.0,0.0
21243220.0,0.0
21246420.0,0.0
21249620.0,0.0
21252820.0,0.0
21256020.0,0.0
21259220.0,0.0
21262420.0,0.0
21265620.0,0.0
21268820.0,0.0
21272020.0,0.0
21275220.0,0.0
21278420.0,0.0
21281620.0,0.0
21284820.0,0.0
21288020.0,0.0
21291220.0,0.0
21294420.0,0.0
21297620.0,0.0
21300820.0,0.0
21304020.0,0.0
21307220.0,0.0
21310420.0,0.0
21313620.0,0.0
21316820.0,0.0
21320020.0,0.0
21323220.0,0.0
21326420.0,0.0
21329620.0,0.0
21332820.0,0.0
21336020.0,0.0
21339220.0,0.0
21342420.0,0.0
21345620.0,0.0
21348820.0,0.0
21352020.0,0.0
21355220.0,0.0
21358420.0,0.0
21361620.0,0.0
21364820.0,0.0
21368020.0,0.0
21371220.0,0.0
21374420.0,0.0
21377620.0,0.0
21380820.0,0.0
21384020.0,0.0
21387220.0,0.0
21390420.0,0.0
21393620.0,0.0
21396820.0,0.0
21400020.0,0.0
21403220.0,0.0
21406420.0,0.0
21409620.0,0.0
21412820.0,0.0
21416020.0,0.0
21419220.0,0.0
21422420.0,0.0
21425620.0,0.0
21428820.0,0.0
21432020.0,0.0
21435220.0,0.0
21438420.0,0.0
21441620.0,0.0
21444820.0,0.0
21448020.0,0.0
21451220.0,0.0
21454420.0,0.0
21457620.0,0.0
21460820.0,0.0
21464020.0,0.0
21467220.0,0.0
21470420.0,0.0
21473620.0,0.0
21476820.0,0.0
21480020.0,0.0
21483220.0,0.0
21486420.0,0.0
21489620.0,0.0
21492820.0,0.0
21496020.0,0.0
21499220.0,0.0
21502420.0,0.0
21505620.0,0.0
21508820.0,0.0
21512020.0,0.0
21515220.0,0.0
21518420.0,0.0
21521620.0,0.0
21524820.0,0.0
21528020.0,0.0
21531220.0,0.0
21534420.0,0.0
21537620.0,0.0
21540820.0,0.0
21544020.0,0.0
21547220.0,0.0
21550420.0,0.0
21553620.0,0.0
21556820.0,0.0
21560020.0,0.0
21563220.0,0.0
21566420.0,0.0
21569620.0,0.0
21572820.0,0.0
21576020.0,0.0
21579220.0,0.0
21582420.0,0.0
21585620.0,0.0
21588820.0,0.0
21592020.0,0.0
21595220.0,0.0
21598420.0,0.0
21601620.0,0.0
21604820.0,0.0
21608020.0,0.0
21611220.0,0.0
21614420.0,0.0
21617620.0,0.0
21620820.0,0.0
21624020.0,0.0
21627220.0,0.0
21630420.0,0.0
21633620.0,0.0
21636820.0,0.0
21640020.0,0.0
21643220.0,0.0
21646420.0,0.0
21649620.0,0.0
21652820.0,0.0
21656020.0,0.0
21659220.0,0.0
21662420.0,0.0
21665620.0,0.0
21668820.0,0.0
21672020.0,0.0
21675220.0,0.0
21678420.0,0.0
21681620.0,0.0
21684820.0,0.0
21688020.0,0.0
21691220.0,0.0
21694420.0,0.0
21697620.0,0.0
21700820.0,0.0
21704020.0,0.0
21707220.0,0.0
21710420.0,0.0
21713620.0,0.0
21716820.0,0.0
21720020.0,0.0
21723220.0,0.0
21726420.0,0.0
21729620.0,0.0
21732820.0,0.0
21736020.0,0.0
21739220.0,0.0
21742420.0,0.0
21745620.0,0.0
21748820.0,0.0
21752020.0,0.0
21755220.0,0.0
21758420.0,0.0
21761620.0,0.0
21764820.0,0.0
21768020.0,0.0
21771220.0,0.0
21774420.0,0.0
21777620.0,0.0
21780820.0,0.0
21784020.0,0.0
21787220.0,0.0
21790420.0,0.0
21793620.0,0.0
21796820.0,0.0
21800020.0,0.0
21803220.0,0.0
21806420.0,0.0
21809620.0,0.0
21812820.0,0.0
21816020.0,0.0
21819220.0,0.0
21822420.0,0.0
21825620.0,0.0
21828820.0,0.0
21832020.0,0.0
21835220.0,0.0
21838420.0,0.0
21841620.0,0.0
21844820.0,0.0
21848020.0,0.0
21851220.0,0.0
21854420.0,0.0
21857620.0,0.0
21860820.0,0.0
21864020.0,0.0
21867220.0,0.0
21870420.0,0.0
21873620.0,0.0
21876820.0,0.0
21880020.0,0.0
21883220.0,0.0
21886420.0,0.0
21889620.0,0.0
21892820.0,0.0
21896020.0,0.0
21899220.0,0.0
21902420.0,0.0
21905620.0,0.0
21908820.0,0.0
21912020.0,0.0
21915220.0,0.0
21918420.0,0.0
21921620.0,0.0
21924820.0,0.0
21928020.0,0.0
21931220.0,0.0
21934420.0,0.0
21937620.0,0.0
21940820.0,0.0
21944020.0,0.0
21947220.0,0.0
21950420.0,0.0
21953620.0,0.0
21956820.0,0.0
21960020.0,0.0
21963220.0,0.0
21966420.0,0.0
21969620.0,0.0
21972820.0,0.0
21976020.0,0.0
21979220.0,0.0
21982420.0,0.0
21985620.0,0.0
21988820.0,0.0
21992020.0,0.0
21995220.0,0.0
21998420.0,0.0
22001620.0,0.0
22004820.0,0.0
22008020.0,0.0
22011220.0,0.0
22014420.0,0.0
22017620.0,0.0
22020820.0,0.0
22024020.0,0.0
22027220.0,0.0
22030420.0,0.0
22033620.0,0.0
22036820.0,0.0
22040020.0,0.0
22043220.0,0.0
22046420.0,0.0
22049620.0,0.0
22052820.0,0.0
22056020.0,0.0
22059220.0,0.0
22062420.0,0.0
22065620.0,0.0
22068820.0,0.0
22072020.0,0.0
22075220.0,0.0
22078420.0,0.0
22081620.0,0.0
22084820.0,0.0
22088020.0,0.0
22091220.0,0.0
22094420.0,0.0
22097620.0,0.0
22100820.0,0.0
22104020.0,0.0
22107220.0,0.0
22110420.0,0.0
22113620.0,0.0
22116820.0,0.0
22120020.0,0.0
22123220.0,0.0
22126420.0,0.0
22129620.0,0.0
22132820.0,0.0
22136020.0,0.0
22139220.0,0.0
22142420.0,0.0
22145620.0,0.0
22148820.0,0.0
22152020.0,0.0
22155220.0,0.0
22158420.0,0.0
22161620.0,0.0
22164820.0,0.0
22168020.0,0.0
22171220.0,0.0
22174420.0,0.0
22177620.0,0.0
22180820.0,0.0
22184020.0,0.0
22187220.0,0.0
22190420.0,0.0
22193620.0,0.0
22196820.0,0.0
22200020.0,0.0
22203220.0,0.0
22206420.0,0.0
22209620.0,0.0
22212820.0,0.0
22216020.0,0.0
22219220.0,0.0
22222420.0,0.0
22225620.0,0.0
22228820.0,0.0
22232020.0,0.0
22235220.0,0.0
22238420.0,0.0
22241620.0,0.0
22244820.0,0.0
22248020.0,0.0
22251220.0,0.0
22254420.0,0.0
22257620.0,0.0
22260820.0,0.0
22264020.0,0.0
22267220.0,0.0
22270420.0,0.0
22273620.0,0.0
22276820.0,0.0
22280020.0,0.0
22283220.0,0.0
22286420.0,0.0
22289620.0,0.0
22292820.0,0.0
22296020.0,0.0
22299220.0,0.0
22302420.0,0.0
22305620.0,0.0
22308820.0,0.0
22312020.0,0.0
22315220.0,0.0
22318420.0,0.0
22321620.0,0.0
22324820.0,0.0
22328020.0,0.0
22331220.0,0.0
22334420.0,0.0
22337620.0,0.0
22340820.0,0.0
22344020.0,0.0
22347220.0,0.0
22350420.0,0.0
22353620.0,0.0
22356820.0,0.0
22360020.0,0.0
22363220.0,0.0
22366420.0,0.0
22369620.0,0.0
22372820.0,0.0
22376020.0,0.0
22379220.0,0.0
22382420.0,0.0
22385620.0,0.0
22388820.0,0.0
22392020.0,0.0
22395220.0,0.0
22398420.0,0.0
22401620.0,0.0
22404820.0,0.0
22408020.0,0.0
22411220.0,0.0
22414420.0,0.0
22417620.0,0.0
22420820.0,0.0
22424020.0,0.0
22427220.0,0.0
22430420.0,0.0
22433620.0,0.0
22436820.0,0.0
22440020.0,0.0
22443220.0,0.0
22446420.0,0.0
22449620.0,0.0
22452820.0,0.0
22456020.0,0.0
22459220.0,0.0
22462420.0,0.0
22465620.0,0.0
22468820.0,0.0
22472020.0,0.0
22475220.0,0.0
22478420.0,0.0
22481620.0,0.0
22484820.0,0.0
22488020.0,0.0
22491220.0,0.0
22494420.0,0.0
22497620.0,0.0
22500820.0,0.0
22504020.0,0.0
22507220.0,0.0
22510420.0,0.0
22513620.0,0.0
22516820.0,0.0
22520020.0,0.0
22523220.0,0.0
22526420.0,0.0
22529620.0,0.0
22532820.0,0.0
22536020.0,0.0
22539220.0,0.0
22542420.0,0.0
22545620.0,0.0
22548820.0,0.0
22552020.0,0.0
22555220.0,0.0
22558420.0,0.0
22561620.0,0.0
22564820.0,0.0
22568020.0,0.0
22571220.0,0.0
22574420.0,0.0
22577620.0,0.0
22580820.0,0.0
22584020.0,0.0
22587220.0,0.0
22590420.0,0.0
22593620.0,0.0
22596820.0,0.0
22600020.0,0.0
22603220.0,0.0
22606420.0,0.0
22609620.0,0.0
22612820.0,0.0
22616020.0,0.0
22619220.0,0.0
22622420.0,0.0
22625620.0,0.0
22628820.0,0.0
22632020.0,0.0
22635220.0,0.0
22638420.0,0.0
22641620.0,0.0
22644820.0,0.0
22648020.0,0.0
22651220.0,0.0
22654420.0,0.0
22657620.0,0.0
22660820.0,0.0
22664020.0,0.0
22667220.0,0.0
22670420.0,0.0
22673620.0,0.0
22676820.0,0.0
22680020.0,0.0
22683220.0,0.0
22686420.0,0.0
22689620.0,0.0
22692820.0,0.0
22696020.0,0.0
22699220.0,0.0
22702420.0,0.0
22705620.0,0.0
22708820.0,0.0
22712020.0,0.0
22715220.0,0.0
22718420.0,0.0
22721620.0,0.0
22724820.0,0.0
22728020.0,0.0
22731220.0,0.0
22734420.0,0.0
22737620.0,0.0
22740820.0,0.0
22744020.0,0.0
22747220.0,0.0
22750420.0,0.0
22753620.0,0.0
22756820.0,0.0
22760020.0,0.0
22763220.0,0.0
22766420.0,0.0
22769620.0,0.0
22772820.0,0.0
22776020.0,0.0
22779220.0,0.0
22782420.0,0.0
22785620.0,0.0
22788820.0,0.0
22792020.0,0.0
22795220.0,0.0
22798420.0,0.0
22801620.0,0.0
22804820.0,0.0
22808020.0,0.0
22811220.0,0.0
22814420.0,0.0
22817620.0,0.0
22820820.0,0.0
22824020.0,0.0
22827220.0,0.0
22830420.0,0.0
22833620.0,0.0
22836820.0,0.0
22840020.0,0.0
22843220.0,0.0
22846420.0,0.0
22849620.0,0.0
22852820.0,0.0
22856020.0,0.0
22859220.0,0.0
22862420.0,0.0
22865620.0,0.0
22868820.0,0.0
22872020.0,0.0
22875220.0,0.0
22878420.0,0.0
22881620.0,0.0
22884820.0,0.0
22888020.0,0.0
22891220.0,0.0
22894420.0,0.0
22897620.0,0.0
22900820.0,0.0
22904020.0,0.0
22907220.0,0.0
22910420.0,0.0
22913620.0,0.0
22916820.0,0.0
22920020.0,0.0
22923220.0,0.0
22926420.0,0.0
22929620.0,0.0
22932820.0,0.0
22936020.0,0.0
22939220.0,0.0
22942420.0,0.0
22945620.0,0.0
22948820.0,0.0
22952020.0,0.0
22955220.0,0.0
22958420.0,0.0
22961620.0,0.0
22964820.0,0.0
22968020.0,0.0
22971220.0,0.0
22974420.0,0.0
22977620.0,0.0
22980820.0,0.0
22984020.0,0.0
22987220.0,0.0
22990420.0,0.0
22993620.0,0.0
22996820.0,0.0
23000020.0,0.0
23003220.0,0.0
23006420.0,0.0
23009620.0,0.0
23012820.0,0.0
23016020.0,0.0
23019220.0,0.0
23022420.0,0.0
23025620.0,0.0
23028820.0,0.0
23032020.0,0.0
23035220.0,0.0
23038420.0,0.0
23041620.0,0.0
23044820.0,0.0
23048020.0,0.0
23051220.0,0.0
23054420.0,0.0
23057620.0,0.0
23060820.0,0.0
23064020.0,0.0
23067220.0,0.0
23070420.0,0.0
23073620.0,0.0
23076820.0,0.0
23080020.0,0.0
23083220.0,0.0
23086420.0,0.0
23089620.0,0.0
23092820.0,0.0
23096020.0,0.0
23099220.0,0.0
23102420.0,0.0
23105620.0,0.0
23108820.0,0.0
23112020.0,0.0
23115220.0,0.0
23118420.0,0.0
23121620.0,0.0
23124820.0,0.0
23128020.0,0.0
23131220.0,0.0
23134420.0,0.0
23137620.0,0.0
23140820.0,0.0
23144020.0,0.0
23147220.0,0.0
23150420.0,0.0
23153620.0,0.0
23156820.0,0.0
23160020.0,0.0
23163220.0,0.0
23166420.0,0.0
23169620.0,0.0
23172820.0,0.0
23176020.0,0.0
23179220.0,0.0
23182420.0,0.0
23185620.0,0.0
23188820.0,0.0
23192020.0,0.0
23195220.0,0.0
23198420.0,0.0
23201620.0,0.0
23204820.0,0.0
23208020.0,0.0
23211220.0,0.0
23214420.0,0.0
23217620.0,0.0
23220820.0,0.0
23224020.0,0.0
23227220.0,0.0
23230420.0,0.0
23233620.0,0.0
23236820.0,0.0
23240020.0,0.0
23243220.0,0.0
23246420.0,0.0
23249620.0,0.0
23252820.0,0.0
23256020.0,0.0
23259220.0,0.0
23262420.0,0.0
23265620.0,0.0
23268820.0,0.0
23272020.0,0.0
23275220.0,0.0
23278420.0,0.0
23281620.0,0.0
23284820.0,0.0
23288020.0,0.0
23291220.0,0.0
23294420.0,0.0
23297620.0,0.0
23300820.0,0.0
23304020.0,0.0
23307220.0,0.0
23310420.0,0.0
23313620.0,0.0
23316820.0,0.0
23320020.0,0.0
23323220.0,0.0
23326420.0,0.0
23329620.0,0.0
23332820.0,0.0
23336020.0,0.0
23339220.0,0.0
23342420.0,0.0
23345620.0,0.0
23348820.0,0.0
23352020.0,0.0
23355220.0,0.0
23358420.0,0.0
23361620.0,0.0
23364820.0,0.0
23368020.0,0.0
23371220.0,0.0
23374420.0,0.0
23377620.0,0.0
23380820.0,0.0
23384020.0,0.0
23387220.0,0.0
23390420.0,0.0
23393620.0,0.0
23396820.0,0.0
23400020.0,0.0
23403220.0,0.0
23406420.0,0.0
23409620.0,0.0
23412820.0,0.0
23416020.0,0.0
23419220.0,0.0
23422420.0,0.0
23425620.0,0.0
23428820.0,0.0
23432020.0,0.0
23435220.0,0.0
23438420.0,0.0
23441620.0,0.0
23444820.0,0.0
23448020.0,0.0
23451220.0,0.0
23454420.0,0.0
23457620.0,0.0
23460820.0,0.0
23464020.0,0.0
23467220.0,0.0
23470420.0,0.0
23473620.0,0.0
23476820.0,0.0
23480020.0,0.0
23483220.0,0.0
23486420.0,0.0
23489620.0,0.0
23492820.0,0.0
23496020.0,0.0
23499220.0,0.0
23502420.0,0.0
23505620.0,0.0
23508820.0,0.0
23512020.0,0.0
23515220.0,0.0
23518420.0,0.0
23521620.0,0.0
23524820.0,0.0
23528020.0,0.0
23531220.0,0.0
23534420.0,0.0
23537620.0,0.0
23540820.0,0.0
23544020.0,0.0
23547220.0,0.0
23550420.0,0.0
23553620.0,0.0
23556820.0,0.0
23560020.0,0.0
23563220.0,0.0
23566420.0,0.0
23569620.0,0.0
23572820.0,0.0
23576020.0,0.0
23579220.0,0.0
23582420.0,0.0
23585620.0,0.0
23588820.0,0.0
23592020.0,0.0
23595220.0,0.0
23598420.0,0.0
23601620.0,0.0
23604820.0,0.0
23608020.0,0.0
23611220.0,0.0
23614420.0,0.0
23617620.0,0.0
23620820.0,0.0
23624020.0,0.0
23627220.0,0.0
23630420.0,0.0
23633620.0,0.0
23636820.0,0.0
23640020.0,0.0
23643220.0,0.0
23646420.0,0.0
23649620.0,0.0
23652820.0,0.0
23656020.0,0.0
23659220.0,0.0
23662420.0,0.0
23665620.0,0.0
23668820.0,0.0
23672020.0,0.0
23675220.0,0.0
23678420.0,0.0
23681620.0,0.0
23684820.0,0.0
23688020.0,0.0
23691220.0,0.0
23694420.0,0.0
23697620.0,0.0
23700820.0,0.0
23704020.0,0.0
23707220.0,0.0
23710420.0,0.0
23713620.0,0.0
23716820.0,0.0
23720020.0,0.0
23723220.0,0.0
23726420.0,0.0
23729620.0,0.0
23732820.0,0.0
23736020.0,0.0
23739220.0,0.0
23742420.0,0.0
23745620.0,0.0
23748820.0,0.0
23752020.0,0.0
23755220.0,0.0
23758420.0,0.0
23761620.0,0.0
23764820.0,0.0
23768020.0,0.0
23771220.0,0.0
23774420.0,0.0
23777620.0,0.0
23780820.0,0.0
23784020.0,0.0
23787220.0,0.0
23790420.0,0.0
23793620.0,0.0
23796820.0,0.0
23800020.0,0.0
23803220.0,0.0
23806420.0,0.0
23809620.0,0.0
23812820.0,0.0
23816020.0,0.0
23819220.0,0.0
23822420.0,0.0
23825620.0,0.0
23828820.0,0.0
23832020.0,0.0
23835220.0,0.0
23838420.0,0.0
23841620.0,0.0
23844820.0,0.0
23848020.0,0.0
23851220.0,0.0
23854420.0,0.0
23857620.0,0.0
23860820.0,0.0
23864020.0,0.0
23867220.0,0.0
23870420.0,0.0
23873620.0,0.0
23876820.0,0.0
23880020.0,0.0
23883220.0,0.0
23886420.0,0.0
23889620.0,0.0
23892820.0,0.0
23896020.0,0.0
23899220.0,0.0
23902420.0,0.0
23905620.0,0.0
23908820.0,0.0
23912020.0,0.0
23915220.0,0.0
23918420.0,0.0
23921620.0,0.0
23924820.0,0.0
23928020.0,0.0
23931220.0,0.0
23934420.0,0.0
23937620.0,0.0
23940820.0,0.0
23944020.0,0.0
23947220.0,0.0
23950420.0,0.0
23953620.0,0.0
23956820.0,0.0
23960020.0,0.0
23963220.0,0.0
23966420.0,0.0
23969620.0,0.0
23972820.0,0.0
23976020.0,0.0
23979220.0,0.0
23982420.0,0.0
23985620.0,0.0
23988820.0,0.0
23992020.0,0.0
23995220.0,0.0
23998420.0,0.0
24001620.0,0.0
24004820.0,0.0
24008020.0,0.0
24011220.0,0.0
24014420.0,0.0
24017620.0,0.0
24020820.0,0.0
24024020.0,0.0
24027220.0,0.0
24030420.0,0.0
24033620.0,0.0
24036820.0,0.0
24040020.0,0.0
24043220.0,0.0
24046420.0,0.0
24049620.0,0.0
24052820.0,0.0
24056020.0,0.0
24059220.0,0.0
24062420.0,0.0
24065620.0,0.0
24068820.0,0.0
24072020.0,0.0
24075220.0,0.0
24078420.0,0.0
24081620.0,0.0
24084820.0,0.0
24088020.0,0.0
24091220.0,0.0
24094420.0,0.0
24097620.0,0.0
24100820.0,0.0
24104020.0,0.0
24107220.0,0.0
24110420.0,0.0
24113620.0,0.0
24116820.0,0.0
24120020.0,0.0
24123220.0,0.0
24126420.0,0.0
24129620.0,0.0
24132820.0,0.0
24136020.0,0.0
24139220.0,0.0
24142420.0,0.0
24145620.0,0.0
24148820.0,0.0
24152020.0,0.0
24155220.0,0.0
24158420.0,0.0
24161620.0,0.0
24164820.0,0.0
24168020.0,0.0
24171220.0,0.0
24174420.0,0.0
24177620.0,0.0
24180820.0,0.0
24184020.0,0.0
24187220.0,0.0
24190420.0,0.0
24193620.0,0.0
24196820.0,0.0
24200020.0,0.0
24203220.0,0.0
24206420.0,0.0
24209620.0,0.0
24212820.0,0.0
24216020.0,0.0
24219220.0,0.0
24222420.0,0.0
24225620.0,0.0
24228820.0,0.0
24232020.0,0.0
24235220.0,0.0
24238420.0,0.0
24241620.0,0.0
24244820.0,0.0
24248020.0,0.0
24251220.0,0.0
24254420.0,0.0
24257620.0,0.0
24260820.0,0.0
24264020.0,0.0
24267220.0,0.0
24270420.0,0.0
24273620.0,0.0
24276820.0,0.0
24280020.0,0.0
24283220.0,0.0
24286420.0,0.0
24289620.0,0.0
24292820.0,0.0
24296020.0,0.0
24299220.0,0.0
24302420.0,0.0
24305620.0,0.0
24308820.0,0.0
24312020.0,0.0
24315220.0,0.0
24318420.0,0.0
24321620.0,0.0
24324820.0,0.0
24328020.0,0.0
24331220.0,0.0
24334420.0,0.0
24337620.0,0.0
24340820.0,0.0
24344020.0,0.0
24347220.0,0.0
24350420.0,0.0
24353620.0,0.0
24356820.0,0.0
24360020.0,0.0
24363220.0,0.0
24366420.0,0.0
24369620.0,0.0
24372820.0,0.0
24376020.0,0.0
24379220.0,0.0
24382420.0,0.0
24385620.0,0.0
24388820.0,0.0
24392020.0,0.0
24395220.0,0.0
24398420.0,0.0
24401620.0,0.0
24404820.0,0.0
24408020.0,0.0
24411220.0,0.0
24414420.0,0.0
24417620.0,0.0
24420820.0,0.0
24424020.0,0.0
24427220.0,0.0
24430420.0,0.0
24433620.0,0.0
24436820.0,0.0
24440020.0,0.0
24443220.0,0.0
24446420.0,0.0
24449620.0,0.0
24452820.0,0.0
24456020.0,0.0
24459220.0,0.0
24462420.0,0.0
24465620.0,0.0
24468820.0,0.0
24472020.0,0.0
24475220.0,0.0
24478420.0,0.0
24481620.0,0.0
24484820.0,0.0
24488020.0,0.0
24491220.0,0.0
24494420.0,0.0
24497620.0,0.0
24500820.0,0.0
24504020.0,0.0
24507220.0,0.0
24510420.0,0.0
24513620.0,0.0
24516820.0,0.0
24520020.0,0.0
24523220.0,0.0
24526420.0,0.0
24529620.0,0.0
24532820.0,0.0
24536020.0,0.0
24539220.0,0.0
24542420.0,0.0
24545620.0,0.0
24548820.0,0.0
24552020.0,0.0
24555220.0,0.0
24558420.0,0.0
24561620.0,0.0
24564820.0,0.0
24568020.0,0.0
24571220.0,0.0
24574420.0,0.0
24577620.0,0.0
24580820.0,0.0
24584020.0,0.0
24587220.0,0.0
24590420.0,0.0
24593620.0,0.0
24596820.0,0.0
24600020.0,0.0
24603220.0,0.0
24606420.0,0.0
24609620.0,0.0
24612820.0,0.0
24616020.0,0.0
24619220.0,0.0
24622420.0,0.0
24625620.0,0.0
24628820.0,0.0
24632020.0,0.0
24635220.0,0.0
24638420.0,0.0
24641620.0,0.0
24644820.0,0.0
24648020.0,0.0
24651220.0,0.0
24654420.0,0.0
24657620.0,0.0
24660820.0,0.0
24664020.0,0.0
24667220.0,0.0
24670420.0,0.0
24673620.0,0.0
24676820.0,0.0
24680020.0,0.0
24683220.0,0.0
24686420.0,0.0
24689620.0,0.0
24692820.0,0.0
24696020.0,0.0
24699220.0,0.0
24702420.0,0.0
24705620.0,0.0
24708820.0,0.0
24712020.0,0.0
24715220.0,0.0
24718420.0,0.0
24721620.0,0.0
24724820.0,0.0
24728020.0,0.0
24731220.0,0.0
24734420.0,0.0
24737620.0,0.0
24740820.0,0.0
24744020.0,0.0
24747220.0,0.0
24750420.0,0.0
24753620.0,0.0
24756820.0,0.0
24760020.0,0.0
24763220.0,0.0
24766420.0,0.0
24769620.0,0.0
24772820.0,0.0
24776020.0,0.0
24779220.0,0.0
24782420.0,0.0
24785620.0,0.0
24788820.0,0.0
24792020.0,0.0
24795220.0,0.0
24798420.0,0.0
24801620.0,0.0
24804820.0,0.0
24808020.0,0.0
24811220.0,0.0
24814420.0,0.0
24817620.0,0.0
24820820.0,0.0
24824020.0,0.0
24827220.0,0.0
24830420.0,0.0
24833620.0,0.0
24836820.0,0.0
24840020.0,0.0
24843220.0,0.0
24846420.0,0.0
24849620.0,0.0
24852820.0,0.0
24856020.0,0.0
24859220.0,0.0
24862420.0,0.0
24865620.0,0.0
24868820.0,0.0
24872020.0,0.0
24875220.0,0.0
24878420.0,0.0
24881620.0,0.0
24884820.0,0.0
24888020.0,0.0
24891220.0,0.0
24894420.0,0.0
24897620.0,0.0
24900820.0,0.0
24904020.0,0.0
24907220.0,0.0
24910420.0,0.0
24913620.0,0.0
24916820.0,0.0
24920020.0,0.0
24923220.0,0.0
24926420.0,0.0
24929620.0,0.0
24932820.0,0.0
24936020.0,0.0
24939220.0,0.0
24942420.0,0.0
24945620.0,0.0
24948820.0,0.0
24952020.0,0.0
24955220.0,0.0
24958420.0,0.0
24961620.0,0.0
24964820.0,0.0
24968020.0,0.0
24971220.0,0.0
24974420.0,0.0
24977620.0,0.0
24980820.0,0.0
24984020.0,0.0
24987220.0,0.0
24990420.0,0.0
24993620.0,0.0
24996820.0,0.0
25000020.0,0.0
25003220.0,0.0
25006420.0,0.0
25009620.0,0.0
25012820.0,0.0
25016020.0,0.0
25019220.0,0.0
25022420.0,0.0
25025620.0,0.0
25028820.0,0.0
25032020.0,0.0
25035220.0,0.0
25038420.0,0.0
25041620.0,0.0
25044820.0,0.0
25048020.0,0.0
25051220.0,0.0
25054420.0,0.0
25057620.0,0.0
25060820.0,0.0
25064020.0,0.0
25067220.0,0.0
25070420.0,0.0
25073620.0,0.0
25076820.0,0.0
25080020.0,0.0
25083220.0,0.0
25086420.0,0.0
25089620.0,0.0
25092820.0,0.0
25096020.0,0.0
25099220.0,0.0
25102420.0,0.0
25105620.0,0.0
25108820.0,0.0
25112020.0,0.0
25115220.0,0.0
25118420.0,0.0
25121620.0,0.0
25124820.0,0.0
25128020.0,0.0
25131220.0,0.0
25134420.0,0.0
25137620.0,0.0
25140820.0,0.0
25144020.0,0.0
25147220.0,0.0
25150420.0,0.0
25153620.0,0.0
25156820.0,0.0
25160020.0,0.0
25163220.0,0.0
25166420.0,0.0
25169620.0,0.0
25172820.0,0.0
25176020.0,0.0
25179220.0,0.0
25182420.0,0.0
25185620.0,0.0
25188820.0,0.0
25192020.0,0.0
25195220.0,0.0
25198420.0,0.0
25201620.0,0.0
25204820.0,0.0
25208020.0,0.0
25211220.0,0.0
25214420.0,0.0
25217620.0,0.0
25220820.0,0.0
25224020.0,0.0
25227220.0,0.0
25230420.0,0.0
25233620.0,0.0
25236820.0,0.0
25240020.0,0.0
25243220.0,0.0
25246420.0,0.0
25249620.0,0.0
25252820.0,0.0
25256020.0,0.0
25259220.0,0.0
25262420.0,0.0
25265620.0,0.0
25268820.0,0.0
25272020.0,0.0
25275220.0,0.0
25278420.0,0.0
25281620.0,0.0
25284820.0,0.0
25288020.0,0.0
25291220.0,0.0
25294420.0,0.0
25297620.0,0.0
25300820.0,0.0
25304020.0,0.0
25307220.0,0.0
25310420.0,0.0
25313620.0,0.0
25316820.0,0.0
25320020.0,0.0
25323220.0,0.0
25326420.0,0.0
25329620.0,0.0
25332820.0,0.0
25336020.0,0.0
25339220.0,0.0
25342420.0,0.0
25345620.0,0.0
25348820.0,0.0
25352020.0,0.0
25355220.0,0.0
25358420.0,0.0
25361620.0,0.0
25364820.0,0.0
25368020.0,0.0
25371220.0,0.0
25374420.0,0.0
25377620.0,0.0
25380820.0,0.0
25384020.0,0.0
25387220.0,0.0
25390420.0,0.0
25393620.0,0.0
25396820.0,0.0
25400020.0,0.0
25403220.0,0.0
25406420.0,0.0
25409620.0,0.0
25412820.0,0.0
25416020.0,0.0
25419220.0,0.0
25422420.0,0.0
25425620.0,0.0
25428820.0,0.0
25432020.0,0.0
25435220.0,0.0
25438420.0,0.0
25441620.0,0.0
25444820.0,0.0
25448020.0,0.0
25451220.0,0.0
25454420.0,0.0
25457620.0,0.0
25460820.0,0.0
25464020.0,0.0
25467220.0,0.0
25470420.0,0.0
25473620.0,0.0
25476820.0,0.0
25480020.0,0.0
25483220.0,0.0
25486420.0,0.0
25489620.0,0.0
25492820.0,0.0
25496020.0,0.0
25499220.0,0.0
25502420.0,0.0
25505620.0,0.0
25508820.0,0.0
25512020.0,0.0
25515220.0,0.0
25518420.0,0.0
25521620.0,0.0
25524820.0,0.0
25528020.0,0.0
25531220.0,0.0
25534420.0,0.0
25537620.0,0.0
25540820.0,0.0
25544020.0,0.0
25547220.0,0.0
25550420.0,0.0
25553620.0,0.0
25556820.0,0.0
25560020.0,0.0
25563220.0,0.0
25566420.0,0.0
25569620.0,0.0
25572820.0,0.0
25576020.0,0.0
25579220.0,0.0
25582420.0,0.0
25585620.0,0.0
25588820.0,0.0
25592020.0,0.0
25595220.0,0.0
25598420.0,0.0
25601620.0,0.0
25604820.0,0.0
25608020.0,0.0
25611220.0,0.0
25614420.0,0.0
25617620.0,0.0
25620820.0,0.0
25624020.0,0.0
25627220.0,0.0
25630420.0,0.0
25633620.0,0.0
25636820.0,0.0
25640020.0,0.0
25643220.0,0.0
25646420.0,0.0
25649620.0,0.0
25652820.0,0.0
25656020.0,0.0
25659220.0,0.0
25662420.0,0.0
25665620.0,0.0
25668820.0,0.0
25672020.0,0.0
25675220.0,0.0
25678420.0,0.0
25681620.0,0.0
25684820.0,0.0
25688020.0,0.0
25691220.0,0.0
25694420.0,0.0
25697620.0,0.0
25700820.0,0.0
25704020.0,0.0
25707220.0,0.0
25710420.0,0.0
25713620.0,0.0
25716820.0,0.0
25720020.0,0.0
25723220.0,0.0
25726420.0,0.0
25729620.0,0.0
25732820.0,0.0
25736020.0,0.0
25739220.0,0.0
25742420.0,0.0
25745620.0,0.0
25748820.0,0.0
25752020.0,0.0
25755220.0,0.0
25758420.0,0.0
25761620.0,0.0
25764820.0,0.0
25768020.0,0.0
25771220.0,0.0
25774420.0,0.0
25777620.0,0.0
25780820.0,0.0
25784020.0,0.0
25787220.0,0.0
25790420.0,0.0
25793620.0,0.0
25796820.0,0.0
25800020.0,0.0
25803220.0,0.0
25806420.0,0.0
25809620.0,0.0
25812820.0,0.0
25816020.0,0.0
25819220.0,0.0
25822420.0,0.0
25825620.0,0.0
25828820.0,0.0
25832020.0,0.0
25835220.0,0.0
25838420.0,0.0
25841620.0,0.0
25844820.0,0.0
25848020.0,0.0
25851220.0,0.0
25854420.0,0.0
25857620.0,0.0
25860820.0,0.0
25864020.0,0.0
25867220.0,0.0
25870420.0,0.0
25873620.0,0.0
25876820.0,0.0
25880020.0,0.0
25883220.0,0.0
25886420.0,0.0
25889620.0,0.0
25892820.0,0.0
25896020.0,0.0
25899220.0,0.0
25902420.0,0.0
25905620.0,0.0
25908820.0,0.0
25912020.0,0.0
25915220.0,0.0
25918420.0,0.0
25921620.0,0.0
25924820.0,0.0
25928020.0,0.0
25931220.0,0.0
25934420.0,0.0
25937620.0,0.0
25940820.0,0.0
25944020.0,0.0
25947220.0,0.0
25950420.0,0.0
25953620.0,0.0
25956820.0,0.0
25960020.0,0.0
25963220.0,0.0
25966420.0,0.0
25969620.0,0.0
25972820.0,0.0
25976020.0,0.0
25979220.0,0.0
25982420.0,0.0
25985620.0,0.0
25988820.0,0.0
25992020.0,0.0
25995220.0,0.0
25998420.0,0.0
26001620.0,0.0
26004820.0,0.0
26008020.0,0.0
26011220.0,0.0
26014420.0,0.0
26017620.0,0.0
26020820.0,0.0
26024020.0,0.0
26027220.0,0.0
26030420.0,0.0
26033620.0,0.0
26036820.0,0.0
26040020.0,0.0
26043220.0,0.0
26046420.0,0.0
26049620.0,0.0
26052820.0,0.0
26056020.0,0.0
26059220.0,0.0
26062420.0,0.0
26065620.0,0.0
26068820.0,0.0
26072020.0,0.0
26075220.0,0.0
26078420.0,0.0
26081620.0,0.0
26084820.0,0.0
26088020.0,0.0
26091220.0,0.0
26094420.0,0.0
26097620.0,0.0
26100820.0,0.0
26104020.0,0.0
26107220.0,0.0
26110420.0,0.0
26113620.0,0.0
26116820.0,0.0
26120020.0,0.0
26123220.0,0.0
26126420.0,0.0
26129620.0,0.0
26132820.0,0.0
26136020.0,0.0
26139220.0,0.0
26142420.0,0.0
26145620.0,0.0
26148820.0,0.0
26152020.0,0.0
26155220.0,0.0
26158420.0,0.0
26161620.0,0.0
26164820.0,0.0
26168020.0,0.0
26171220.0,0.0
26174420.0,0.0
26177620.0,0.0
26180820.0,0.0
26184020.0,0.0
26187220.0,0.0
26190420.0,0.0
26193620.0,0.0
26196820.0,0.0
26200020.0,0.0
26203220.0,0.0
26206420.0,0.0
26209620.0,0.0
26212820.0,0.0
26216020.0,0.0
26219220.0,0.0
26222420.0,0.0
26225620.0,0.0
26228820.0,0.0
26232020.0,0.0
26235220.0,0.0
26238420.0,0.0
26241620.0,0.0
26244820.0,0.0
26248020.0,0.0
26251220.0,0.0
26254420.0,0.0
26257620.0,0.0
26260820.0,0.0
26264020.0,0.0
26267220.0,0.0
26270420.0,0.0
26273620.0,0.0
26276820.0,0.0
26280020.0,0.0
26283220.0,0.0
26286420.0,0.0
26289620.0,0.0
26292820.0,0.0
26296020.0,0.0
26299220.0,0.0
26302420.0,0.0
26305620.0,0.0
26308820.0,0.0
26312020.0,0.0
26315220.0,0.0
26318420.0,0.0
26321620.0,0.0
26324820.0,0.0
26328020.0,0.0
26331220.0,0.0
26334420.0,0.0
26337620.0,0.0
26340820.0,0.0
26344020.0,0.0
26347220.0,0.0
26350420.0,0.0
26353620.0,0.0
26356820.0,0.0
26360020.0,0.0
26363220.0,0.0
26366420.0,0.0
26369620.0,0.0
26372820.0,0.0
26376020.0,0.0
26379220.0,0.0
26382420.0,0.0
26385620.0,0.0
26388820.0,0.0
26392020.0,0.0
26395220.0,0.0
26398420.0,0.0
26401620.0,0.0
26404820.0,0.0
26408020.0,0.0
26411220.0,0.0
26414420.0,0.0
26417620.0,0.0
26420820.0,0.0
26424020.0,0.0
26427220.0,0.0
26430420.0,0.0
26433620.0,0.0
26436820.0,0.0
26440020.0,0.0
26443220.0,0.0
26446420.0,0.0
26449620.0,0.0
26452820.0,0.0
26456020.0,0.0
26459220.0,0.0
26462420.0,0.0
26465620.0,0.0
26468820.0,0.0
26472020.0,0.0
26475220.0,0.0
26478420.0,0.0
26481620.0,0.0
26484820.0,0.0
26488020.0,0.0
26491220.0,0.0
26494420.0,0.0
26497620.0,0.0
26500820.0,0.0
26504020.0,0.0
26507220.0,0.0
26510420.0,0.0
26513620.0,0.0
26516820.0,0.0
26520020.0,0.0
26523220.0,0.0
26526420.0,0.0
26529620.0,0.0
26532820.0,0.0
26536020.0,0.0
26539220.0,0.0
26542420.0,0.0
26545620.0,0.0
26548820.0,0.0
26552020.0,0.0
26555220.0,0.0
26558420.0,0.0
26561620.0,0.0
26564820.0,0.0
26568020.0,0.0
26571220.0,0.0
26574420.0,0.0
26577620.0,0.0
26580820.0,0.0
26584020.0,0.0
26587220.0,0.0
26590420.0,0.0
26593620.0,0.0
26596820.0,0.0
26600020.0,0.0
26603220.0,0.0
26606420.0,0.0
26609620.0,0.0
26612820.0,0.0
26616020.0,0.0
26619220.0,0.0
26622420.0,0.0
26625620.0,0.0
26628820.0,0.0
26632020.0,0.0
26635220.0,0.0
26638420.0,0.0
26641620.0,0.0
26644820.0,0.0
26648020.0,0.0
26651220.0,0.0
26654420.0,0.0
26657620.0,0.0
26660820.0,0.0
26664020.0,0.0
26667220.0,0.0
26670420.0,0.0
26673620.0,0.0
26676820.0,0.0
26680020.0,0.0
26683220.0,0.0
26686420.0,0.0
26689620.0,0.0
26692820.0,0.0
26696020.0,0.0
26699220.0,0.0
26702420.0,0.0
26705620.0,0.0
26708820.0,0.0
26712020.0,0.0
26715220.0,0.0
26718420.0,0.0
26721620.0,0.0
26724820.0,0.0
26728020.0,0.0
26731220.0,0.0
26734420.0,0.0
26737620.0,0.0
26740820.0,0.0
26744020.0,0.0
26747220.0,0.0
26750420.0,0.0
26753620.0,0.0
26756820.0,0.0
26760020.0,0.0
26763220.0,0.0
26766420.0,0.0
26769620.0,0.0
26772820.0,0.0
26776020.0,0.0
26779220.0,0.0
26782420.0,0.0
26785620.0,0.0
26788820.0,0.0
26792020.0,0.0
26795220.0,0.0
26798420.0,0.0
26801620.0,0.0
26804820.0,0.0
26808020.0,0.0
26811220.0,0.0
26814420.0,0.0
26817620.0,0.0
26820820.0,0.0
26824020.0,0.0
26827220.0,0.0
26830420.0,0.0
26833620.0,0.0
26836820.0,0.0
26840020.0,0.0
26843220.0,0.0
26846420.0,0.0
26849620.0,0.0
26852820.0,0.0
26856020.0,0.0
26859220.0,0.0
26862420.0,0.0
26865620.0,0.0
26868820.0,0.0
26872020.0,0.0
26875220.0,0.0
26878420.0,0.0
26881620.0,0.0
26884820.0,0.0
26888020.0,0.0
26891220.0,0.0
26894420.0,0.0
26897620.0,0.0
26900820.0,0.0
26904020.0,0.0
26907220.0,0.0
26910420.0,0.0
26913620.0,0.0
26916820.0,0.0
26920020.0,0.0
26923220.0,0.0
26926420.0,0.0
26929620.0,0.0
26932820.0,0.0
26936020.0,0.0
26939220.0,0.0
26942420.0,0.0
26945620.0,0.0
26948820.0,0.0
26952020.0,0.0
26955220.0,0.0
26958420.0,0.0
26961620.0,0.0
26964820.0,0.0
26968020.0,0.0
26971220.0,0.0
26974420.0,0.0
26977620.0,0.0
26980820.0,0.0
26984020.0,0.0
26987220.0,0.0
26990420.0,0.0
26993620.0,0.0
26996820.0,0.0
27000020.0,0.0
27003220.0,0.0
27006420.0,0.0
27009620.0,0.0
27012820.0,0.0
27016020.0,0.0
27019220.0,0.0
27022420.0,0.0
27025620.0,0.0
27028820.0,0.0
27032020.0,0.0
27035220.0,0.0
27038420.0,0.0
27041620.0,0.0
27044820.0,0.0
27048020.0,0.0
27051220.0,0.0
27054420.0,0.0
27057620.0,0.0
27060820.0,0.0
27064020.0,0.0
27067220.0,0.0
27070420.0,0.0
27073620.0,0.0
27076820.0,0.0
27080020.0,0.0
27083220.0,0.0
27086420.0,0.0
27089620.0,0.0
27092820.0,0.0
27096020.0,0.0
27099220.0,0.0
27102420.0,0.0
27105620.0,0.0
27108820.0,0.0
27112020.0,0.0
27115220.0,0.0
27118420.0,0.0
27121620.0,0.0
27124820.0,0.0
27128020.0,0.0
27131220.0,0.0
27134420.0,0.0
27137620.0,0.0
27140820.0,0.0
27144020.0,0.0
27147220.0,0.0
27150420.0,0.0
27153620.0,0.0
27156820.0,0.0
27160020.0,0.0
27163220.0,0.0
27166420.0,0.0
27169620.0,0.0
27172820.0,0.0
27176020.0,0.0
27179220.0,0.0
27182420.0,0.0
27185620.0,0.0
27188820.0,0.0
27192020.0,0.0
27195220.0,0.0
27198420.0,0.0
27201620.0,0.0
27204820.0,0.0
27208020.0,0.0
27211220.0,0.0
27214420.0,0.0
27217620.0,0.0
27220820.0,0.0
27224020.0,0.0
27227220.0,0.0
27230420.0,0.0
27233620.0,0.0
27236820.0,0.0
27240020.0,0.0
27243220.0,0.0
27246420.0,0.0
27249620.0,0.0
27252820.0,0.0
27256020.0,0.0
27259220.0,0.0
27262420.0,0.0
27265620.0,0.0
27268820.0,0.0
27272020.0,0.0
27275220.0,0.0
27278420.0,0.0
27281620.0,0.0
27284820.0,0.0
27288020.0,0.0
27291220.0,0.0
27294420.0,0.0
27297620.0,0.0
27300820.0,0.0
27304020.0,0.0
27307220.0,0.0
27310420.0,0.0
27313620.0,0.0
27316820.0,0.0
27320020.0,0.0
27323220.0,0.0
27326420.0,0.0
27329620.0,0.0
27332820.0,0.0
27336020.0,0.0
27339220.0,0.0
27342420.0,0.0
27345620.0,0.0
27348820.0,0.0
27352020.0,0.0
27355220.0,0.0
27358420.0,0.0
27361620.0,0.0
27364820.0,0.0
27368020.0,0.0
27371220.0,0.0
27374420.0,0.0
27377620.0,0.0
27380820.0,0.0
27384020.0,0.0
27387220.0,0.0
27390420.0,0.0
27393620.0,0.0
27396820.0,0.0
27400020.0,0.0
27403220.0,0.0
27406420.0,0.0
27409620.0,0.0
27412820.0,0.0
27416020.0,0.0
27419220.0,0.0
27422420.0,0.0
27425620.0,0.0
27428820.0,0.0
27432020.0,0.0
27435220.0,0.0
27438420.0,0.0
27441620.0,0.0
27444820.0,0.0
27448020.0,0.0
27451220.0,0.0
27454420.0,0.0
27457620.0,0.0
27460820.0,0.0
27464020.0,0.0
27467220.0,0.0
27470420.0,0.0
27473620.0,0.0
27476820.0,0.0
27480020.0,0.0
27483220.0,0.0
27486420.0,0.0
27489620.0,0.0
27492820.0,0.0
27496020.0,0.0
27499220.0,0.0
27502420.0,0.0
27505620.0,0.0
27508820.0,0.0
27512020.0,0.0
27515220.0,0.0
27518420.0,0.0
27521620.0,0.0
27524820.0,0.0
27528020.0,0.0
27531220.0,0.0
27534420.0,0.0
27537620.0,0.0
27540820.0,0.0
27544020.0,0.0
27547220.0,0.0
27550420.0,0.0
27553620.0,0.0
27556820.0,0.0
27560020.0,0.0
27563220.0,0.0
27566420.0,0.0
27569620.0,0.0
27572820.0,0.0
27576020.0,0.0
27579220.0,0.0
27582420.0,0.0
27585620.0,0.0
27588820.0,0.0
27592020.0,0.0
27595220.0,0.0
27598420.0,0.0
27601620.0,0.0
27604820.0,0.0
27608020.0,0.0
27611220.0,0.0
27614420.0,0.0
27617620.0,0.0
27620820.0,0.0
27624020.0,0.0
27627220.0,0.0
27630420.0,0.0
27633620.0,0.0
27636820.0,0.0
27640020.0,0.0
27643220.0,0.0
27646420.0,0.0
27649620.0,0.0
27652820.0,0.0
27656020.0,0.0
27659220.0,0.0
27662420.0,0.0
27665620.0,0.0
27668820.0,0.0
27672020.0,0.0
27675220.0,0.0
27678420.0,0.0
27681620.0,0.0
27684820.0,0.0
27688020.0,0.0
27691220.0,0.0
27694420.0,0.0
27697620.0,0.0
27700820.0,0.0
27704020.0,0.0
27707220.0,0.0
27710420.0,0.0
27713620.0,0.0
27716820.0,0.0
27720020.0,0.0
27723220.0,0.0
27726420.0,0.0
27729620.0,0.0
27732820.0,0.0
27736020.0,0.0
27739220.0,0.0
27742420.0,0.0
27745620.0,0.0
27748820.0,0.0
27752020.0,0.0
27755220.0,0.0
27758420.0,0.0
27761620.0,0.0
27764820.0,0.0
27768020.0,0.0
27771220.0,0.0
27774420.0,0.0
27777620.0,0.0
27780820.0,0.0
27784020.0,0.0
27787220.0,0.0
27790420.0,0.0
27793620.0,0.0
27796820.0,0.0
27800020.0,0.0
27803220.0,0.0
27806420.0,0.0
27809620.0,0.0
27812820.0,0.0
27816020.0,0.0
27819220.0,0.0
27822420.0,0.0
27825620.0,0.0
27828820.0,0.0
27832020.0,0.0
27835220.0,0.0
27838420.0,0.0
27841620.0,0.0
27844820.0,0.0
27848020.0,0.0
27851220.0,0.0
27854420.0,0.0
27857620.0,0.0
27860820.0,0.0
27864020.0,0.0
27867220.0,0.0
27870420.0,0.0
27873620.0,0.0
27876820.0,0.0
27880020.0,0.0
27883220.0,0.0
27886420.0,0.0
27889620.0,0.0
27892820.0,0.0
27896020.0,0.0
27899220.0,0.0
27902420.0,0.0
27905620.0,0.0
27908820.0,0.0
27912020.0,0.0
27915220.0,0.0
27918420.0,0.0
27921620.0,0.0
27924820.0,0.0
27928020.0,0.0
27931220.0,0.0
27934420.0,0.0
27937620.0,0.0
27940820.0,0.0
27944020.0,0.0
27947220.0,0.0
27950420.0,0.0
27953620.0,0.0
27956820.0,0.0
27960020.0,0.0
27963220.0,0.0
27966420.0,0.0
27969620.0,0.0
27972820.0,0.0
27976020.0,0.0
27979220.0,0.0
27982420.0,0.0
27985620.0,0.0
27988820.0,0.0
27992020.0,0.0
27995220.0,0.0
27998420.0,0.0
28001620.0,0.0
28004820.0,0.0
28008020.0,0.0
28011220.0,0.0
28014420.0,0.0
28017620.0,0.0
28020820.0,0.0
28024020.0,0.0
28027220.0,0.0
28030420.0,0.0
28033620.0,0.0
28036820.0,0.0
28040020.0,0.0
28043220.0,0.0
28046420.0,0.0
28049620.0,0.0
28052820.0,0.0
28056020.0,0.0
28059220.0,0.0
28062420.0,0.0
28065620.0,0.0
28068820.0,0.0
28072020.0,0.0
28075220.0,0.0
28078420.0,0.0
28081620.0,0.0
28084820.0,0.0
28088020.0,0.0
28091220.0,0.0
28094420.0,0.0
28097620.0,0.0
28100820.0,0.0
28104020.0,0.0
28107220.0,0.0
28110420.0,0.0
28113620.0,0.0
28116820.0,0.0
28120020.0,0.0
28123220.0,0.0
28126420.0,0.0
28129620.0,0.0
28132820.0,0.0
28136020.0,0.0
28139220.0,0.0
28142420.0,0.0
28145620.0,0.0
28148820.0,0.0
28152020.0,0.0
28155220.0,0.0
28158420.0,0.0
28161620.0,0.0
28164820.0,0.0
28168020.0,0.0
28171220.0,0.0
28174420.0,0.0
28177620.0,0.0
28180820.0,0.0
28184020.0,0.0
28187220.0,0.0
28190420.0,0.0
28193620.0,0.0
28196820.0,0.0
28200020.0,0.0
28203220.0,0.0
28206420.0,0.0
28209620.0,0.0
28212820.0,0.0
28216020.0,0.0
28219220.0,0.0
28222420.0,0.0
28225620.0,0.0
28228820.0,0.0
28232020.0,0.0
28235220.0,0.0
28238420.0,0.0
28241620.0,0.0
28244820.0,0.0
28248020.0,0.0
28251220.0,0.0
28254420.0,0.0
28257620.0,0.0
28260820.0,0.0
28264020.0,0.0
28267220.0,0.0
28270420.0,0.0
28273620.0,0.0
28276820.0,0.0
28280020.0,0.0
28283220.0,0.0
28286420.0,0.0
28289620.0,0.0
28292820.0,0.0
28296020.0,0.0
28299220.0,0.0
28302420.0,0.0
28305620.0,0.0
28308820.0,0.0
28312020.0,0.0
28315220.0,0.0
28318420.0,0.0
28321620.0,0.0
28324820.0,0.0
28328020.0,0.0
28331220.0,0.0
28334420.0,0.0
28337620.0,0.0
28340820.0,0.0
28344020.0,0.0
28347220.0,0.0
28350420.0,0.0
28353620.0,0.0
28356820.0,0.0
28360020.0,0.0
28363220.0,0.0
28366420.0,0.0
28369620.0,0.0
28372820.0,0.0
28376020.0,0.0
28379220.0,0.0
28382420.0,0.0
28385620.0,0.0
28388820.0,0.0
28392020.0,0.0
28395220.0,0.0
28398420.0,0.0
28401620.0,0.0
28404820.0,0.0
28408020.0,0.0
28411220.0,0.0
28414420.0,0.0
28417620.0,0.0
28420820.0,0.0
28424020.0,0.0
28427220.0,0.0
28430420.0,0.0
28433620.0,0.0
28436820.0,0.0
28440020.0,0.0
28443220.0,0.0
28446420.0,0.0
28449620.0,0.0
28452820.0,0.0
28456020.0,0.0
28459220.0,0.0
28462420.0,0.0
28465620.0,0.0
28468820.0,0.0
28472020.0,0.0
28475220.0,0.0
28478420.0,0.0
28481620.0,0.0
28484820.0,0.0
28488020.0,0.0
28491220.0,0.0
28494420.0,0.0
28497620.0,0.0
28500820.0,0.0
28504020.0,0.0
28507220.0,0.0
28510420.0,0.0
28513620.0,0.0
28516820.0,0.0
28520020.0,0.0
28523220.0,0.0
28526420.0,0.0
28529620.0,0.0
28532820.0,0.0
28536020.0,0.0
28539220.0,0.0
28542420.0,0.0
28545620.0,0.0
28548820.0,0.0
28552020.0,0.0
28555220.0,0.0
28558420.0,0.0
28561620.0,0.0
28564820.0,0.0
28568020.0,0.0
28571220.0,0.0
28574420.0,0.0
28577620.0,0.0
28580820.0,0.0
28584020.0,0.0
28587220.0,0.0
28590420.0,0.0
28593620.0,0.0
28596820.0,0.0
28600020.0,0.0
28603220.0,0.0
28606420.0,0.0
28609620.0,0.0
28612820.0,0.0
28616020.0,0.0
28619220.0,0.0
28622420.0,0.0
28625620.0,0.0
28628820.0,0.0
28632020.0,0.0
28635220.0,0.0
28638420.0,0.0
28641620.0,0.0
28644820.0,0.0
28648020.0,0.0
28651220.0,0.0
28654420.0,0.0
28657620.0,0.0
28660820.0,0.0
28664020.0,0.0
28667220.0,0.0
28670420.0,0.0
28673620.0,0.0
28676820.0,0.0
28680020.0,0.0
28683220.0,0.0
28686420.0,0.0
28689620.0,0.0
28692820.0,0.0
28696020.0,0.0
28699220.0,0.0
28702420.0,0.0
28705620.0,0.0
28708820.0,0.0
28712020.0,0.0
28715220.0,0.0
28718420.0,0.0
28721620.0,0.0
28724820.0,0.0
28728020.0,0.0
28731220.0,0.0
28734420.0,0.0
28737620.0,0.0
28740820.0,0.0
28744020.0,0.0
28747220.0,0.0
28750420.0,0.0
28753620.0,0.0
28756820.0,0.0
28760020.0,0.0
28763220.0,0.0
28766420.0,0.0
28769620.0,0.0
28772820.0,0.0
28776020.0,0.0
28779220.0,0.0
28782420.0,0.0
28785620.0,0.0
28788820.0,0.0
28792020.0,0.0
28795220.0,0.0
28798420.0,0.0
28801620.0,0.0
28804820.0,0.0
28808020.0,0.0
28811220.0,0.0
28814420.0,0.0
28817620.0,0.0
28820820.0,0.0
28824020.0,0.0
28827220.0,0.0
28830420.0,0.0
28833620.0,0.0
28836820.0,0.0
28840020.0,0.0
28843220.0,0.0
28846420.0,0.0
28849620.0,0.0
28852820.0,0.0
28856020.0,0.0
28859220.0,0.0
28862420.0,0.0
28865620.0,0.0
28868820.0,0.0
28872020.0,0.0
28875220.0,0.0
28878420.0,0.0
28881620.0,0.0
28884820.0,0.0
28888020.0,0.0
28891220.0,0.0
28894420.0,0.0
28897620.0,0.0
28900820.0,0.0
28904020.0,0.0
28907220.0,0.0
28910420.0,0.0
28913620.0,0.0
28916820.0,0.0
28920020.0,0.0
28923220.0,0.0
28926420.0,0.0
28929620.0,0.0
28932820.0,0.0
28936020.0,0.0
28939220.0,0.0
28942420.0,0.0
28945620.0,0.0
28948820.0,0.0
28952020.0,0.0
28955220.0,0.0
28958420.0,0.0
28961620.0,0.0
28964820.0,0.0
28968020.0,0.0
28971220.0,0.0
28974420.0,0.0
28977620.0,0.0
28980820.0,0.0
28984020.0,0.0
28987220.0,0.0
28990420.0,0.0
28993620.0,0.0
28996820.0,0.0
29000020.0,0.0
29003220.0,0.0
29006420.0,0.0
29009620.0,0.0
29012820.0,0.0
29016020.0,0.0
29019220.0,0.0
29022420.0,0.0
29025620.0,0.0
29028820.0,0.0
29032020.0,0.0
29035220.0,0.0
29038420.0,0.0
29041620.0,0.0
29044820.0,0.0
29048020.0,0.0
29051220.0,0.0
29054420.0,0.0
29057620.0,0.0
29060820.0,0.0
29064020.0,0.0
29067220.0,0.0
29070420.0,0.0
29073620.0,0.0
29076820.0,0.0
29080020.0,0.0
29083220.0,0.0
29086420.0,0.0
29089620.0,0.0
29092820.0,0.0
29096020.0,0.0
29099220.0,0.0
29102420.0,0.0
29105620.0,0.0
29108820.0,0.0
29112020.0,0.0
29115220.0,0.0
29118420.0,0.0
29121620.0,0.0
29124820.0,0.0
29128020.0,0.0
29131220.0,0.0
29134420.0,0.0
29137620.0,0.0
29140820.0,0.0
29144020.0,0.0
29147220.0,0.0
29150420.0,0.0
29153620.0,0.0
29156820.0,0.0
29160020.0,0.0
29163220.0,0.0
29166420.0,0.0
29169620.0,0.0
29172820.0,0.0
29176020.0,0.0
29179220.0,0.0
29182420.0,0.0
29185620.0,0.0
29188820.0,0.0
29192020.0,0.0
29195220.0,0.0
29198420.0,0.0
29201620.0,0.0
29204820.0,0.0
29208020.0,0.0
29211220.0,0.0
29214420.0,0.0
29217620.0,0.0
29220820.0,0.0
29224020.0,0.0
29227220.0,0.0
29230420.0,0.0
29233620.0,0.0
29236820.0,0.0
29240020.0,0.0
29243220.0,0.0
29246420.0,0.0
29249620.0,0.0
29252820.0,0.0
29256020.0,0.0
29259220.0,0.0
29262420.0,0.0
29265620.0,0.0
29268820.0,0.0
29272020.0,0.0
29275220.0,0.0
29278420.0,0.0
29281620.0,0.0
29284820.0,0.0
29288020.0,0.0
29291220.0,0.0
29294420.0,0.0
29297620.0,0.0
29300820.0,0.0
29304020.0,0.0
29307220.0,0.0
29310420.0,0.0
29313620.0,0.0
29316820.0,0.0
29320020.0,0.0
29323220.0,0.0
29326420.0,0.0
29329620.0,0.0
29332820.0,0.0
29336020.0,0.0
29339220.0,0.0
29342420.0,0.0
29345620.0,0.0
29348820.0,0.0
29352020.0,0.0
29355220.0,0.0
29358420.0,0.0
29361620.0,0.0
29364820.0,0.0
29368020.0,0.0
29371220.0,0.0
29374420.0,0.0
29377620.0,0.0
29380820.0,0.0
29384020.0,0.0
29387220.0,0.0
29390420.0,0.0
29393620.0,0.0
29396820.0,0.0
29400020.0,0.0
29403220.0,0.0
29406420.0,0.0
29409620.0,0.0
29412820.0,0.0
29416020.0,0.0
29419220.0,0.0
29422420.0,0.0
29425620.0,0.0
29428820.0,0.0
29432020.0,0.0
29435220.0,0.0
29438420.0,0.0
29441620.0,0.0
29444820.0,0.0
29448020.0,0.0
29451220.0,0.0
29454420.0,0.0
29457620.0,0.0
29460820.0,0.0
29464020.0,0.0
29467220.0,0.0
29470420.0,0.0
29473620.0,0.0
29476820.0,0.0
29480020.0,0.0
29483220.0,0.0
29486420.0,0.0
29489620.0,0.0
29492820.0,0.0
29496020.0,0.0
29499220.0,0.0
29502420.0,0.0
29505620.0,0.0
29508820.0,0.0
29512020.0,0.0
29515220.0,0.0
29518420.0,0.0
29521620.0,0.0
29524820.0,0.0
29528020.0,0.0
29531220.0,0.0
29534420.0,0.0
29537620.0,0.0
29540820.0,0.0
29544020.0,0.0
29547220.0,0.0
29550420.0,0.0
29553620.0,0.0
29556820.0,0.0
29560020.0,0.0
29563220.0,0.0
29566420.0,0.0
29569620.0,0.0
29572820.0,0.0
29576020.0,0.0
29579220.0,0.0
29582420.0,0.0
29585620.0,0.0
29588820.0,0.0
29592020.0,0.0
29595220.0,0.0
29598420.0,0.0
29601620.0,0.0
29604820.0,0.0
29608020.0,0.0
29611220.0,0.0
29614420.0,0.0
29617620.0,0.0
29620820.0,0.0
29624020.0,0.0
29627220.0,0.0
29630420.0,0.0
29633620.0,0.0
29636820.0,0.0
29640020.0,0.0
29643220.0,0.0
29646420.0,0.0
29649620.0,0.0
29652820.0,0.0
29656020.0,0.0
29659220.0,0.0
29662420.0,0.0
29665620.0,0.0
29668820.0,0.0
29672020.0,0.0
29675220.0,0.0
29678420.0,0.0
29681620.0,0.0
29684820.0,0.0
29688020.0,0.0
29691220.0,0.0
29694420.0,0.0
29697620.0,0.0
29700820.0,0.0
29704020.0,0.0
29707220.0,0.0
29710420.0,0.0
29713620.0,0.0
29716820.0,0.0
29720020.0,0.0
29723220.0,0.0
29726420.0,0.0
29729620.0,0.0
29732820.0,0.0
29736020.0,0.0
29739220.0,0.0
29742420.0,0.0
29745620.0,0.0
29748820.0,0.0
29752020.0,0.0
29755220.0,0.0
29758420.0,0.0
29761620.0,0.0
29764820.0,0.0
29768020.0,0.0
29771220.0,0.0
29774420.0,0.0
29777620.0,0.0
29780820.0,0.0
29784020.0,0.0
29787220.0,0.0
29790420.0,0.0
29793620.0,0.0
29796820.0,0.0
29800020.0,0.0
29803220.0,0.0
29806420.0,0.0
29809620.0,0.0
29812820.0,0.0
29816020.0,0.0
29819220.0,0.0
29822420.0,0.0
29825620.0,0.0
29828820.0,0.0
29832020.0,0.0
29835220.0,0.0
29838420.0,0.0
29841620.0,0.0
29844820.0,0.0
29848020.0,0.0
29851220.0,0.0
29854420.0,0.0
29857620.0,0.0
29860820.0,0.0
29864020.0,0.0
29867220.0,0.0
29870420.0,0.0
29873620.0,0.0
29876820.0,0.0
29880020.0,0.0
29883220.0,0.0
29886420.0,0.0
29889620.0,0.0
29892820.0,0.0
29896020.0,0.0
29899220.0,0.0
29902420.0,0.0
29905620.0,0.0
29908820.0,0.0
29912020.0,0.0
29915220.0,0.0
29918420.0,0.0
29921620.0,0.0
29924820.0,0.0
29928020.0,0.0
29931220.0,0.0
29934420.0,0.0
29937620.0,0.0
29940820.0,0.0
29944020.0,0.0
29947220.0,0.0
29950420.0,0.0
29953620.0,0.0
29956820.0,0.0
29960020.0,0.0
29963220.0,0.0
29966420.0,0.0
29969620.0,0.0
29972820.0,0.0
29976020.0,0.0
29979220.0,0.0
29982420.0,0.0
29985620.0,0.0
29988820.0,0.0
29992020.0,0.0
29995220.0,0.0
29998420.0,0.0
30001620.0,0.0
30004820.0,0.0
30008020.0,0.0
30011220.0,0.0
30014420.0,0.0
30017620.0,0.0
30020820.0,0.0
30024020.0,0.0
30027220.0,0.0
30030420.0,0.0
30033620.0,0.0
30036820.0,0.0
30040020.0,0.0
30043220.0,0.0
30046420.0,0.0
30049620.0,0.0
30052820.0,0.0
30056020.0,0.0
30059220.0,0.0
30062420.0,0.0
30065620.0,0.0
30068820.0,0.0
30072020.0,0.0
30075220.0,0.0
30078420.0,0.0
30081620.0,0.0
30084820.0,0.0
30088020.0,0.0
30091220.0,0.0
30094420.0,0.0
30097620.0,0.0
30100820.0,0.0
30104020.0,0.0
30107220.0,0.0
30110420.0,0.0
30113620.0,0.0
30116820.0,0.0
30120020.0,0.0
30123220.0,0.0
30126420.0,0.0
30129620.0,0.0
30132820.0,0.0
30136020.0,0.0
30139220.0,0.0
30142420.0,0.0
30145620.0,0.0
30148820.0,0.0
30152020.0,0.0
30155220.0,0.0
30158420.0,0.0
30161620.0,0.0
30164820.0,0.0
30168020.0,0.0
30171220.0,0.0
30174420.0,0.0
30177620.0,0.0
30180820.0,0.0
30184020.0,0.0
30187220.0,0.0
30190420.0,0.0
30193620.0,0.0
30196820.0,0.0
30200020.0,0.0
30203220.0,0.0
30206420.0,0.0
30209620.0,0.0
30212820.0,0.0
30216020.0,0.0
30219220.0,0.0
30222420.0,0.0
30225620.0,0.0
30228820.0,0.0
30232020.0,0.0
30235220.0,0.0
30238420.0,0.0
30241620.0,0.0
30244820.0,0.0
30248020.0,0.0
30251220.0,0.0
30254420.0,0.0
30257620.0,0.0
30260820.0,0.0
30264020.0,0.0
30267220.0,0.0
30270420.0,0.0
30273620.0,0.0
30276820.0,0.0
30280020.0,0.0
30283220.0,0.0
30286420.0,0.0
30289620.0,0.0
30292820.0,0.0
30296020.0,0.0
30299220.0,0.0
30302420.0,0.0
30305620.0,0.0
30308820.0,0.0
30312020.0,0.0
30315220.0,0.0
30318420.0,0.0
30321620.0,0.0
30324820.0,0.0
30328020.0,0.0
30331220.0,0.0
30334420.0,0.0
30337620.0,0.0
30340820.0,0.0
30344020.0,0.0
30347220.0,0.0
30350420.0,0.0
30353620.0,0.0
30356820.0,0.0
30360020.0,0.0
30363220.0,0.0
30366420.0,0.0
30369620.0,0.0
30372820.0,0.0
30376020.0,0.0
30379220.0,0.0
30382420.0,0.0
30385620.0,0.0
30388820.0,0.0
30392020.0,0.0
30395220.0,0.0
30398420.0,0.0
30401620.0,0.0
30404820.0,0.0
30408020.0,0.0
30411220.0,0.0
30414420.0,0.0
30417620.0,0.0
30420820.0,0.0
30424020.0,0.0
30427220.0,0.0
30430420.0,0.0
30433620.0,0.0
30436820.0,0.0
30440020.0,0.0
30443220.0,0.0
30446420.0,0.0
30449620.0,0.0
30452820.0,0.0
30456020.0,0.0
30459220.0,0.0
30462420.0,0.0
30465620.0,0.0
30468820.0,0.0
30472020.0,0.0
30475220.0,0.0
30478420.0,0.0
30481620.0,0.0
30484820.0,0.0
30488020.0,0.0
30491220.0,0.0
30494420.0,0.0
30497620.0,0.0
30500820.0,0.0
30504020.0,0.0
30507220.0,0.0
30510420.0,0.0
30513620.0,0.0
30516820.0,0.0
30520020.0,0.0
30523220.0,0.0
30526420.0,0.0
30529620.0,0.0
30532820.0,0.0
30536020.0,0.0
30539220.0,0.0
30542420.0,0.0
30545620.0,0.0
30548820.0,0.0
30552020.0,0.0
30555220.0,0.0
30558420.0,0.0
30561620.0,0.0
30564820.0,0.0
30568020.0,0.0
30571220.0,0.0
30574420.0,0.0
30577620.0,0.0
30580820.0,0.0
30584020.0,0.0
30587220.0,0.0
30590420.0,0.0
30593620.0,0.0
30596820.0,0.0
30600020.0,0.0
30603220.0,0.0
30606420.0,0.0
30609620.0,0.0
30612820.0,0.0
30616020.0,0.0
30619220.0,0.0
30622420.0,0.0
30625620.0,0.0
30628820.0,0.0
30632020.0,0.0
30635220.0,0.0
30638420.0,0.0
30641620.0,0.0
30644820.0,0.0
30648020.0,0.0
30651220.0,0.0
30654420.0,0.0
30657620.0,0.0
30660820.0,0.0
30664020.0,0.0
30667220.0,0.0
30670420.0,0.0
30673620.0,0.0
30676820.0,0.0
30680020.0,0.0
30683220.0,0.0
30686420.0,0.0
30689620.0,0.0
30692820.0,0.0
30696020.0,0.0
30699220.0,0.0
30702420.0,0.0
30705620.0,0.0
30708820.0,0.0
30712020.0,0.0
30715220.0,0.0
30718420.0,0.0
30721620.0,0.0
30724820.0,0.0
30728020.0,0.0
30731220.0,0.0
30734420.0,0.0
30737620.0,0.0
30740820.0,0.0
30744020.0,0.0
30747220.0,0.0
30750420.0,0.0
30753620.0,0.0
30756820.0,0.0
30760020.0,0.0
30763220.0,0.0
30766420.0,0.0
30769620.0,0.0
30772820.0,0.0
30776020.0,0.0
30779220.0,0.0
30782420.0,0.0
30785620.0,0.0
30788820.0,0.0
30792020.0,0.0
30795220.0,0.0
30798420.0,0.0
30801620.0,0.0
30804820.0,0.0
30808020.0,0.0
30811220.0,0.0
30814420.0,0.0
30817620.0,0.0
30820820.0,0.0
30824020.0,0.0
30827220.0,0.0
30830420.0,0.0
30833620.0,0.0
30836820.0,0.0
30840020.0,0.0
30843220.0,0.0
30846420.0,0.0
30849620.0,0.0
30852820.0,0.0
30856020.0,0.0
30859220.0,0.0
30862420.0,0.0
30865620.0,0.0
30868820.0,0.0
30872020.0,0.0
30875220.0,0.0
30878420.0,0.0
30881620.0,0.0
30884820.0,0.0
30888020.0,0.0
30891220.0,0.0
30894420.0,0.0
30897620.0,0.0
30900820.0,0.0
30904020.0,0.0
30907220.0,0.0
30910420.0,0.0
30913620.0,0.0
30916820.0,0.0
30920020.0,0.0
30923220.0,0.0
30926420.0,0.0
30929620.0,0.0
30932820.0,0.0
30936020.0,0.0
30939220.0,0.0
30942420.0,0.0
30945620.0,0.0
30948820.0,0.0
30952020.0,0.0
30955220.0,0.0
30958420.0,0.0
30961620.0,0.0
30964820.0,0.0
30968020.0,0.0
30971220.0,0.0
30974420.0,0.0
30977620.0,0.0
30980820.0,0.0
30984020.0,0.0
30987220.0,0.0
30990420.0,0.0
30993620.0,0.0
30996820.0,0.0
31000020.0,0.0
31003220.0,0.0
31006420.0,0.0
31009620.0,0.0
31012820.0,0.0
31016020.0,0.0
31019220.0,0.0
31022420.0,0.0
31025620.0,0.0
31028820.0,0.0
31032020.0,0.0
31035220.0,0.0
31038420.0,0.0
31041620.0,0.0
31044820.0,0.0
31048020.0,0.0
31051220.0,0.0
31054420.0,0.0
31057620.0,0.0
31060820.0,0.0
31064020.0,0.0
31067220.0,0.0
31070420.0,0.0
31073620.0,0.0
31076820.0,0.0
31080020.0,0.0
31083220.0,0.0
31086420.0,0.0
31089620.0,0.0
31092820.0,0.0
31096020.0,0.0
31099220.0,0.0
31102420.0,0.0
31105620.0,0.0
31108820.0,0.0
31112020.0,0.0
31115220.0,0.0
31118420.0,0.0
31121620.0,0.0
31124820.0,0.0
31128020.0,0.0
31131220.0,0.0
31134420.0,0.0
31137620.0,0.0
31140820.0,0.0
31144020.0,0.0
31147220.0,0.0
31150420.0,0.0
31153620.0,0.0
31156820.0,0.0
31160020.0,0.0
31163220.0,0.0
31166420.0,0.0
31169620.0,0.0
31172820.0,0.0
31176020.0,0.0
31179220.0,0.0
31182420.0,0.0
31185620.0,0.0
31188820.0,0.0
31192020.0,0.0
31195220.0,0.0
31198420.0,0.0
31201620.0,0.0
31204820.0,0.0
31208020.0,0.0
31211220.0,0.0
31214420.0,0.0
31217620.0,0.0
31220820.0,0.0
31224020.0,0.0
31227220.0,0.0
31230420.0,0.0
31233620.0,0.0
31236820.0,0.0
31240020.0,0.0
31243220.0,0.0
31246420.0,0.0
31249620.0,0.0
31252820.0,0.0
31256020.0,0.0
31259220.0,0.0
31262420.0,0.0
31265620.0,0.0
31268820.0,0.0
31272020.0,0.0
31275220.0,0.0
31278420.0,0.0
31281620.0,0.0
31284820.0,0.0
31288020.0,0.0
31291220.0,0.0
31294420.0,0.0
31297620.0,0.0
31300820.0,0.0
31304020.0,0.0
31307220.0,0.0
31310420.0,0.0
31313620.0,0.0
31316820.0,0.0
31320020.0,0.0
31323220.0,0.0
31326420.0,0.0
31329620.0,0.0
31332820.0,0.0
31336020.0,0.0
31339220.0,0.0
31342420.0,0.0
31345620.0,0.0
31348820.0,0.0
31352020.0,0.0
31355220.0,0.0
31358420.0,0.0
31361620.0,0.0
31364820.0,0.0
31368020.0,0.0
31371220.0,0.0
31374420.0,0.0
31377620.0,0.0
31380820.0,0.0
31384020.0,0.0
31387220.0,0.0
31390420.0,0.0
31393620.0,0.0
31396820.0,0.0
31400020.0,0.0
31403220.0,0.0
31406420.0,0.0
31409620.0,0.0
31412820.0,0.0
31416020.0,0.0
31419220.0,0.0
31422420.0,0.0
31425620.0,0.0
31428820.0,0.0
31432020.0,0.0
31435220.0,0.0
31438420.0,0.0
31441620.0,0.0
31444820.0,0.0
31448020.0,0.0
31451220.0,0.0
31454420.0,0.0
31457620.0,0.0
31460820.0,0.0
31464020.0,0.0
31467220.0,0.0
31470420.0,0.0
31473620.0,0.0
31476820.0,0.0
31480020.0,0.0
31483220.0,0.0
31486420.0,0.0
31489620.0,0.0
31492820.0,0.0
31496020.0,0.0
31499220.0,0.0
31502420.0,0.0
31505620.0,0.0
31508820.0,0.0
31512020.0,0.0
31515220.0,0.0
31518420.0,0.0
31521620.0,0.0
31524820.0,0.0
31528020.0,0.0
31531220.0,0.0
31534420.0,0.0
31537620.0,0.0
31540820.0,0.0
31544020.0,0.0
31547220.0,0.0
31550420.0,0.0
31553620.0,0.0
31556820.0,0.0
31560020.0,0.0
31563220.0,0.0
31566420.0,0.0
31569620.0,0.0
31572820.0,0.0
31576020.0,0.0
31579220.0,0.0
31582420.0,0.0
31585620.0,0.0
31588820.0,0.0
31592020.0,0.0
31595220.0,0.0
31598420.0,0.0
31601620.0,0.0
31604820.0,0.0
31608020.0,0.0
31611220.0,0.0
31614420.0,0.0
31617620.0,0.0
31620820.0,0.0
31624020.0,0.0
31627220.0,0.0
31630420.0,0.0
31633620.0,0.0
31636820.0,0.0
31640020.0,0.0
31643220.0,0.0
31646420.0,0.0
31649620.0,0.0
31652820.0,0.0
31656020.0,0.0
31659220.0,0.0
31662420.0,0.0
31665620.0,0.0
31668820.0,0.0
31672020.0,0.0
31675220.0,0.0
31678420.0,0.0
31681620.0,0.0
31684820.0,0.0
31688020.0,0.0
31691220.0,0.0
31694420.0,0.0
31697620.0,0.0
31700820.0,0.0
31704020.0,0.0
31707220.0,0.0
31710420.0,0.0
31713620.0,0.0
31716820.0,0.0
31720020.0,0.0
31723220.0,0.0
31726420.0,0.0
31729620.0,0.0
31732820.0,0.0
31736020.0,0.0
31739220.0,0.0
31742420.0,0.0
31745620.0,0.0
31748820.0,0.0
31752020.0,0.0
31755220.0,0.0
31758420.0,0.0
31761620.0,0.0
31764820.0,0.0
31768020.0,0.0
31771220.0,0.0
31774420.0,0.0
31777620.0,0.0
31780820.0,0.0
31784020.0,0.0
31787220.0,0.0
31790420.0,0.0
31793620.0,0.0
31796820.0,0.0
31800020.0,0.0
31803220.0,0.0
31806420.0,0.0
31809620.0,0.0
31812820.0,0.0
31816020.0,0.0
31819220.0,0.0
31822420.0,0.0
31825620.0,0.0
31828820.0,0.0
31832020.0,0.0
31835220.0,0.0
31838420.0,0.0
31841620.0,0.0
31844820.0,0.0
31848020.0,0.0
31851220.0,0.0
31854420.0,0.0
31857620.0,0.0
31860820.0,0.0
31864020.0,0.0
31867220.0,0.0
31870420.0,0.0
31873620.0,0.0
31876820.0,0.0
31880020.0,0.0
31883220.0,0.0
31886420.0,0.0
31889620.0,0.0
31892820.0,0.0
31896020.0,0.0
31899220.0,0.0
31902420.0,0.0
31905620.0,0.0
31908820.0,0.0
31912020.0,0.0
31915220.0,0.0
31918420.0,0.0
31921620.0,0.0
31924820.0,0.0
31928020.0,0.0
31931220.0,0.0
31934420.0,0.0
31937620.0,0.0
31940820.0,0.0
31944020.0,0.0
31947220.0,0.0
31950420.0,0.0
31953620.0,0.0
31956820.0,0.0
31960020.0,0.0
31963220.0,0.0
31966420.0,0.0
31969620.0,0.0
31972820.0,0.0
31976020.0,0.0
31979220.0,0.0
31982420.0,0.0
31985620.0,0.0
31988820.0,0.0
31992020.0,0.0
31995220.0,0.0
31998420.0,0.0
32001620.0,0.0
32004820.0,0.0
32008020.0,0.0
32011220.0,0.0
32014420.0,0.0
32017620.0,0.0
32020820.0,0.0
32024020.0,0.0
32027220.0,0.0
32030420.0,0.0
32033620.0,0.0
32036820.0,0.0
32040020.0,0.0
32043220.0,0.0
32046420.0,0.0
32049620.0,0.0
32052820.0,0.0
32056020.0,0.0
32059220.0,0.0
32062420.0,0.0
32065620.0,0.0
32068820.0,0.0
32072020.0,0.0
32075220.0,0.0
32078420.0,0.0
32081620.0,0.0
32084820.0,0.0
32088020.0,0.0
32091220.0,0.0
32094420.0,0.0
32097620.0,0.0
32100820.0,0.0
32104020.0,0.0
32107220.0,0.0
32110420.0,0.0
32113620.0,0.0
32116820.0,0.0
32120020.0,0.0
32123220.0,0.0
32126420.0,0.0
32129620.0,0.0
32132820.0,0.0
32136020.0,0.0
32139220.0,0.0
32142420.0,0.0
32145620.0,0.0
32148820.0,0.0
32152020.0,0.0
32155220.0,0.0
32158420.0,0.0
32161620.0,0.0
32164820.0,0.0
32168020.0,0.0
32171220.0,0.0
32174420.0,0.0
32177620.0,0.0
32180820.0,0.0
32184020.0,0.0
32187220.0,0.0
32190420.0,0.0
32193620.0,0.0
32196820.0,0.0
32200020.0,0.0
32203220.0,0.0
32206420.0,0.0
32209620.0,0.0
32212820.0,0.0
32216020.0,0.0
32219220.0,0.0
32222420.0,0.0
32225620.0,0.0
32228820.0,0.0
32232020.0,0.0
32235220.0,0.0
32238420.0,0.0
32241620.0,0.0
32244820.0,0.0
32248020.0,0.0
32251220.0,0.0
32254420.0,0.0
32257620.0,0.0
32260820.0,0.0
32264020.0,0.0
32267220.0,0.0
32270420.0,0.0
32273620.0,0.0
32276820.0,0.0
32280020.0,0.0
32283220.0,0.0
32286420.0,0.0
32289620.0,0.0
32292820.0,0.0
32296020.0,0.0
32299220.0,0.0
32302420.0,0.0
32305620.0,0.0
32308820.0,0.0
32312020.0,0.0
32315220.0,0.0
32318420.0,0.0
32321620.0,0.0
32324820.0,0.0
32328020.0,0.0
32331220.0,0.0
32334420.0,0.0
32337620.0,0.0
32340820.0,0.0
32344020.0,0.0
32347220.0,0.0
32350420.0,0.0
32353620.0,0.0
32356820.0,0.0
32360020.0,0.0
32363220.0,0.0
32366420.0,0.0
32369620.0,0.0
32372820.0,0.0
32376020.0,0.0
32379220.0,0.0
32382420.0,0.0
32385620.0,0.0
32388820.0,0.0
32392020.0,0.0
32395220.0,0.0
32398420.0,0.0
32401620.0,0.0
32404820.0,0.0
32408020.0,0.0
32411220.0,0.0
32414420.0,0.0
32417620.0,0.0
32420820.0,0.0
32424020.0,0.0
32427220.0,0.0
32430420.0,0.0
32433620.0,0.0
32436820.0,0.0
32440020.0,0.0
32443220.0,0.0
32446420.0,0.0
32449620.0,0.0
32452820.0,0.0
32456020.0,0.0
32459220.0,0.0
32462420.0,0.0
32465620.0,0.0
32468820.0,0.0
32472020.0,0.0
32475220.0,0.0
32478420.0,0.0
32481620.0,0.0
32484820.0,0.0
32488020.0,0.0
32491220.0,0.0
32494420.0,0.0
32497620.0,0.0
32500820.0,0.0
32504020.0,0.0
32507220.0,0.0
32510420.0,0.0
32513620.0,0.0
32516820.0,0.0
32520020.0,0.0
32523220.0,0.0
32526420.0,0.0
32529620.0,0.0
32532820.0,0.0
32536020.0,0.0
32539220.0,0.0
32542420.0,0.0
32545620.0,0.0
32548820.0,0.0
32552020.0,0.0
32555220.0,0.0
32558420.0,0.0
32561620.0,0.0
32564820.0,0.0
32568020.0,0.0
32571220.0,0.0
32574420.0,0.0
32577620.0,0.0
32580820.0,0.0
32584020.0,0.0
32587220.0,0.0
32590420.0,0.0
32593620.0,0.0
32596820.0,0.0
32600020.0,0.0
32603220.0,0.0
32606420.0,0.0
32609620.0,0.0
32612820.0,0.0
32616020.0,0.0
32619220.0,0.0
32622420.0,0.0
32625620.0,0.0
32628820.0,0.0
32632020.0,0.0
32635220.0,0.0
32638420.0,0.0
32641620.0,0.0
32644820.0,0.0
32648020.0,0.0
32651220.0,0.0
32654420.0,0.0
32657620.0,0.0
32660820.0,0.0
32664020.0,0.0
32667220.0,0.0
32670420.0,0.0
32673620.0,0.0
32676820.0,0.0
32680020.0,0.0
32683220.0,0.0
32686420.0,0.0
32689620.0,0.0
32692820.0,0.0
32696020.0,0.0
32699220.0,0.0
32702420.0,0.0
32705620.0,0.0
32708820.0,0.0
32712020.0,0.0
32715220.0,0.0
32718420.0,0.0
32721620.0,0.0
32724820.0,0.0
32728020.0,0.0
32731220.0,0.0
32734420.0,0.0
32737620.0,0.0
32740820.0,0.0
32744020.0,0.0
32747220.0,0.0
32750420.0,0.0
32753620.0,0.0
32756820.0,0.0
32760020.0,0.0
32763220.0,0.0
32766420.0,0.0
32769620.0,0.0
32772820.0,0.0
32776020.0,0.0
32779220.0,0.0
32782420.0,0.0
32785620.0,0.0
32788820.0,0.0
32792020.0,0.0
32795220.0,0.0
32798420.0,0.0
32801620.0,0.0
32804820.0,0.0
32808020.0,0.0
32811220.0,0.0
32814420.0,0.0
32817620.0,0.0
32820820.0,0.0
32824020.0,0.0
32827220.0,0.0
32830420.0,0.0
32833620.0,0.0
32836820.0,0.0
32840020.0,0.0
32843220.0,0.0
32846420.0,0.0
32849620.0,0.0
32852820.0,0.0
32856020.0,0.0
32859220.0,0.0
32862420.0,0.0
32865620.0,0.0
32868820.0,0.0
32872020.0,0.0
32875220.0,0.0
32878420.0,0.0
32881620.0,0.0
32884820.0,0.0
32888020.0,0.0
32891220.0,0.0
32894420.0,0.0
32897620.0,0.0
32900820.0,0.0
32904020.0,0.0
32907220.0,0.0
32910420.0,0.0
32913620.0,0.0
32916820.0,0.0
32920020.0,0.0
32923220.0,0.0
32926420.0,0.0
32929620.0,0.0
32932820.0,0.0
32936020.0,0.0
32939220.0,0.0
32942420.0,0.0
32945620.0,0.0
32948820.0,0.0
32952020.0,0.0
32955220.0,0.0
32958420.0,0.0
32961620.0,0.0
32964820.0,0.0
32968020.0,0.0
32971220.0,0.0
32974420.0,0.0
32977620.0,0.0
32980820.0,0.0
32984020.0,0.0
32987220.0,0.0
32990420.0,0.0
32993620.0,0.0
32996820.0,0.0
33000020.0,0.0
33003220.0,0.0
33006420.0,0.0
33009620.0,0.0
33012820.0,0.0
33016020.0,0.0
33019220.0,0.0
33022420.0,0.0
33025620.0,0.0
33028820.0,0.0
33032020.0,0.0
33035220.0,0.0
33038420.0,0.0
33041620.0,0.0
33044820.0,0.0
33048020.0,0.0
33051220.0,0.0
33054420.0,0.0
33057620.0,0.0
33060820.0,0.0
33064020.0,0.0
33067220.0,0.0
33070420.0,0.0
33073620.0,0.0
33076820.0,0.0
33080020.0,0.0
33083220.0,0.0
33086420.0,0.0
33089620.0,0.0
33092820.0,0.0
33096020.0,0.0
33099220.0,0.0
33102420.0,0.0
33105620.0,0.0
33108820.0,0.0
33112020.0,0.0
33115220.0,0.0
33118420.0,0.0
33121620.0,0.0
33124820.0,0.0
33128020.0,0.0
33131220.0,0.0
33134420.0,0.0
33137620.0,0.0
33140820.0,0.0
33144020.0,0.0
33147220.0,0.0
33150420.0,0.0
33153620.0,0.0
33156820.0,0.0
33160020.0,0.0
33163220.0,0.0
33166420.0,0.0
33169620.0,0.0
33172820.0,0.0
33176020.0,0.0
33179220.0,0.0
33182420.0,0.0
33185620.0,0.0
33188820.0,0.0
33192020.0,0.0
33195220.0,0.0
33198420.0,0.0
33201620.0,0.0
33204820.0,0.0
33208020.0,0.0
33211220.0,0.0
33214420.0,0.0
33217620.0,0.0
33220820.0,0.0
33224020.0,0.0
33227220.0,0.0
33230420.0,0.0
33233620.0,0.0
33236820.0,0.0
33240020.0,0.0
33243220.0,0.0
33246420.0,0.0
33249620.0,0.0
33252820.0,0.0
33256020.0,0.0
33259220.0,0.0
33262420.0,0.0
33265620.0,0.0
33268820.0,0.0
33272020.0,0.0
33275220.0,0.0
33278420.0,0.0
33281620.0,0.0
33284820.0,0.0
33288020.0,0.0
33291220.0,0.0
33294420.0,0.0
33297620.0,0.0
33300820.0,0.0
33304020.0,0.0
33307220.0,0.0
33310420.0,0.0
33313620.0,0.0
33316820.0,0.0
33320020.0,0.0
33323220.0,0.0
33326420.0,0.0
33329620.0,0.0
33332820.0,0.0
33336020.0,0.0
33339220.0,0.0
33342420.0,0.0
33345620.0,0.0
33348820.0,0.0
33352020.0,0.0
33355220.0,0.0
33358420.0,0.0
33361620.0,0.0
33364820.0,0.0
33368020.0,0.0
33371220.0,0.0
33374420.0,0.0
33377620.0,0.0
33380820.0,0.0
33384020.0,0.0
33387220.0,0.0
33390420.0,0.0
33393620.0,0.0
33396820.0,0.0
33400020.0,0.0
33403220.0,0.0
33406420.0,0.0
33409620.0,0.0
33412820.0,0.0
33416020.0,0.0
33419220.0,0.0
33422420.0,0.0
33425620.0,0.0
33428820.0,0.0
33432020.0,0.0
33435220.0,0.0
33438420.0,0.0
33441620.0,0.0
33444820.0,0.0
33448020.0,0.0
33451220.0,0.0
33454420.0,0.0
33457620.0,0.0
33460820.0,0.0
33464020.0,0.0
33467220.0,0.0
33470420.0,0.0
33473620.0,0.0
33476820.0,0.0
33480020.0,0.0
33483220.0,0.0
33486420.0,0.0
33489620.0,0.0
33492820.0,0.0
33496020.0,0.0
33499220.0,0.0
33502420.0,0.0
33505620.0,0.0
33508820.0,0.0
33512020.0,0.0
33515220.0,0.0
33518420.0,0.0
33521620.0,0.0
33524820.0,0.0
33528020.0,0.0
33531220.0,0.0
33534420.0,0.0
33537620.0,0.0
33540820.0,0.0
33544020.0,0.0
33547220.0,0.0
33550420.0,0.0
33553620.0,0.0
33556820.0,0.0
33560020.0,0.0
33563220.0,0.0
33566420.0,0.0
33569620.0,0.0
33572820.0,0.0
33576020.0,0.0
33579220.0,0.0
33582420.0,0.0
33585620.0,0.0
33588820.0,0.0
33592020.0,0.0
33595220.0,0.0
33598420.0,0.0
33601620.0,0.0
33604820.0,0.0
33608020.0,0.0
33611220.0,0.0
33614420.0,0.0
33617620.0,0.0
33620820.0,0.0
33624020.0,0.0
33627220.0,0.0
33630420.0,0.0
33633620.0,0.0
33636820.0,0.0
33640020.0,0.0
33643220.0,0.0
33646420.0,0.0
33649620.0,0.0
33652820.0,0.0
33656020.0,0.0
33659220.0,0.0
33662420.0,0.0
33665620.0,0.0
33668820.0,0.0
33672020.0,0.0
33675220.0,0.0
33678420.0,0.0
33681620.0,0.0
33684820.0,0.0
33688020.0,0.0
33691220.0,0.0
33694420.0,0.0
33697620.0,0.0
33700820.0,0.0
33704020.0,0.0
33707220.0,0.0
33710420.0,0.0
33713620.0,0.0
33716820.0,0.0
33720020.0,0.0
33723220.0,0.0
33726420.0,0.0
33729620.0,0.0
33732820.0,0.0
33736020.0,0.0
33739220.0,0.0
33742420.0,0.0
33745620.0,0.0
33748820.0,0.0
33752020.0,0.0
33755220.0,0.0
33758420.0,0.0
33761620.0,0.0
33764820.0,0.0
33768020.0,0.0
33771220.0,0.0
33774420.0,0.0
33777620.0,0.0
33780820.0,0.0
33784020.0,0.0
33787220.0,0.0
33790420.0,0.0
33793620.0,0.0
33796820.0,0.0
33800020.0,0.0
33803220.0,0.0
33806420.0,0.0
33809620.0,0.0
33812820.0,0.0
33816020.0,0.0
33819220.0,0.0
33822420.0,0.0
33825620.0,0.0
33828820.0,0.0
33832020.0,0.0
33835220.0,0.0
33838420.0,0.0
33841620.0,0.0
33844820.0,0.0
33848020.0,0.0
33851220.0,0.0
33854420.0,0.0
33857620.0,0.0
33860820.0,0.0
33864020.0,0.0
33867220.0,0.0
33870420.0,0.0
33873620.0,0.0
33876820.0,0.0
33880020.0,0.0
33883220.0,0.0
33886420.0,0.0
33889620.0,0.0
33892820.0,0.0
33896020.0,0.0
33899220.0,0.0
33902420.0,0.0
33905620.0,0.0
33908820.0,0.0
33912020.0,0.0
33915220.0,0.0
33918420.0,0.0
33921620.0,0.0
33924820.0,0.0
33928020.0,0.0
33931220.0,0.0
33934420.0,0.0
33937620.0,0.0
33940820.0,0.0
33944020.0,0.0
33947220.0,0.0
33950420.0,0.0
33953620.0,0.0
33956820.0,0.0
33960020.0,0.0
33963220.0,0.0
33966420.0,0.0
33969620.0,0.0
33972820.0,0.0
33976020.0,0.0
33979220.0,0.0
33982420.0,0.0
33985620.0,0.0
33988820.0,0.0
33992020.0,0.0
33995220.0,0.0
33998420.0,0.0
34001620.0,0.0
34004820.0,0.0
34008020.0,0.0
34011220.0,0.0
34014420.0,0.0
34017620.0,0.0
34020820.0,0.0
34024020.0,0.0
34027220.0,0.0
34030420.0,0.0
34033620.0,0.0
34036820.0,0.0
34040020.0,0.0
34043220.0,0.0
34046420.0,0.0
34049620.0,0.0
34052820.0,0.0
34056020.0,0.0
34059220.0,0.0
34062420.0,0.0
34065620.0,0.0
34068820.0,0.0
34072020.0,0.0
34075220.0,0.0
34078420.0,0.0
34081620.0,0.0
34084820.0,0.0
34088020.0,0.0
34091220.0,0.0
34094420.0,0.0
34097620.0,0.0
34100820.0,0.0
34104020.0,0.0
34107220.0,0.0
34110420.0,0.0
34113620.0,0.0
34116820.0,0.0
34120020.0,0.0
34123220.0,0.0
34126420.0,0.0
34129620.0,0.0
34132820.0,0.0
34136020.0,0.0
34139220.0,0.0
34142420.0,0.0
34145620.0,0.0
34148820.0,0.0
34152020.0,0.0
34155220.0,0.0
34158420.0,0.0
34161620.0,0.0
34164820.0,0.0
34168020.0,0.0
34171220.0,0.0
34174420.0,0.0
34177620.0,0.0
34180820.0,0.0
34184020.0,0.0
34187220.0,0.0
34190420.0,0.0
34193620.0,0.0
34196820.0,0.0
34200020.0,0.0
34203220.0,0.0
34206420.0,0.0
34209620.0,0.0
34212820.0,0.0
34216020.0,0.0
34219220.0,0.0
34222420.0,0.0
34225620.0,0.0
34228820.0,0.0
34232020.0,0.0
34235220.0,0.0
34238420.0,0.0
34241620.0,0.0
34244820.0,0.0
34248020.0,0.0
34251220.0,0.0
34254420.0,0.0
34257620.0,0.0
34260820.0,0.0
34264020.0,0.0
34267220.0,0.0
34270420.0,0.0
34273620.0,0.0
34276820.0,0.0
34280020.0,0.0
34283220.0,0.0
34286420.0,0.0
34289620.0,0.0
34292820.0,0.0
34296020.0,0.0
34299220.0,0.0
34302420.0,0.0
34305620.0,0.0
34308820.0,0.0
34312020.0,0.0
34315220.0,0.0
34318420.0,0.0
34321620.0,0.0
34324820.0,0.0
34328020.0,0.0
34331220.0,0.0
34334420.0,0.0
34337620.0,0.0
34340820.0,0.0
34344020.0,0.0
34347220.0,0.0
34350420.0,0.0
34353620.0,0.0
34356820.0,0.0
34360020.0,0.0
34363220.0,0.0
34366420.0,0.0
34369620.0,0.0
34372820.0,0.0
34376020.0,0.0
34379220.0,0.0
34382420.0,0.0
34385620.0,0.0
34388820.0,0.0
34392020.0,0.0
34395220.0,0.0
34398420.0,0.0
34401620.0,0.0
34404820.0,0.0
34408020.0,0.0
34411220.0,0.0
34414420.0,0.0
34417620.0,0.0
34420820.0,0.0
34424020.0,0.0
34427220.0,0.0
34430420.0,0.0
34433620.0,0.0
34436820.0,0.0
34440020.0,0.0
34443220.0,0.0
34446420.0,0.0
34449620.0,0.0
34452820.0,0.0
34456020.0,0.0
34459220.0,0.0
34462420.0,0.0
34465620.0,0.0
34468820.0,0.0
34472020.0,0.0
34475220.0,0.0
34478420.0,0.0
34481620.0,0.0
34484820.0,0.0
34488020.0,0.0
34491220.0,0.0
34494420.0,0.0
34497620.0,0.0
34500820.0,0.0
34504020.0,0.0
34507220.0,0.0
34510420.0,0.0
34513620.0,0.0
34516820.0,0.0
34520020.0,0.0
34523220.0,0.0
34526420.0,0.0
34529620.0,0.0
34532820.0,0.0
34536020.0,0.0
34539220.0,0.0
34542420.0,0.0
34545620.0,0.0
34548820.0,0.0
34552020.0,0.0
34555220.0,0.0
34558420.0,0.0
34561620.0,0.0
34564820.0,0.0
34568020.0,0.0
34571220.0,0.0
34574420.0,0.0
34577620.0,0.0
34580820.0,0.0
34584020.0,0.0
34587220.0,0.0
34590420.0,0.0
34593620.0,0.0
34596820.0,0.0
34600020.0,0.0
34603220.0,0.0
34606420.0,0.0
34609620.0,0.0
34612820.0,0.0
34616020.0,0.0
34619220.0,0.0
34622420.0,0.0
34625620.0,0.0
34628820.0,0.0
34632020.0,0.0
34635220.0,0.0
34638420.0,0.0
34641620.0,0.0
34644820.0,0.0
34648020.0,0.0
34651220.0,0.0
34654420.0,0.0
34657620.0,0.0
34660820.0,0.0
34664020.0,0.0
34667220.0,0.0
34670420.0,0.0
34673620.0,0.0
34676820.0,0.0
34680020.0,0.0
34683220.0,0.0
34686420.0,0.0
34689620.0,0.0
34692820.0,0.0
34696020.0,0.0
34699220.0,0.0
34702420.0,0.0
34705620.0,0.0
34708820.0,0.0
34712020.0,0.0
34715220.0,0.0
34718420.0,0.0
34721620.0,0.0
34724820.0,0.0
34728020.0,0.0
34731220.0,0.0
34734420.0,0.0
34737620.0,0.0
34740820.0,0.0
34744020.0,0.0
34747220.0,0.0
34750420.0,0.0
34753620.0,0.0
34756820.0,0.0
34760020.0,0.0
34763220.0,0.0
34766420.0,0.0
34769620.0,0.0
34772820.0,0.0
34776020.0,0.0
34779220.0,0.0
34782420.0,0.0
34785620.0,0.0
34788820.0,0.0
34792020.0,0.0
34795220.0,0.0
34798420.0,0.0
34801620.0,0.0
34804820.0,0.0
34808020.0,0.0
34811220.0,0.0
34814420.0,0.0
34817620.0,0.0
34820820.0,0.0
34824020.0,0.0
34827220.0,0.0
34830420.0,0.0
34833620.0,0.0
34836820.0,0.0
34840020.0,0.0
34843220.0,0.0
34846420.0,0.0
34849620.0,0.0
34852820.0,0.0
34856020.0,0.0
34859220.0,0.0
34862420.0,0.0
34865620.0,0.0
34868820.0,0.0
34872020.0,0.0
34875220.0,0.0
34878420.0,0.0
34881620.0,0.0
34884820.0,0.0
34888020.0,0.0
34891220.0,0.0
34894420.0,0.0
34897620.0,0.0
34900820.0,0.0
34904020.0,0.0
34907220.0,0.0
34910420.0,0.0
34913620.0,0.0
34916820.0,0.0
34920020.0,0.0
34923220.0,0.0
34926420.0,0.0
34929620.0,0.0
34932820.0,0.0
34936020.0,0.0
34939220.0,0.0
34942420.0,0.0
34945620.0,0.0
34948820.0,0.0
34952020.0,0.0
34955220.0,0.0
34958420.0,0.0
34961620.0,0.0
34964820.0,0.0
34968020.0,0.0
34971220.0,0.0
34974420.0,0.0
34977620.0,0.0
34980820.0,0.0
34984020.0,0.0
34987220.0,0.0
34990420.0,0.0
34993620.0,0.0
34996820.0,0.0
35000020.0,0.0
35003220.0,0.0
35006420.0,0.0
35009620.0,0.0
35012820.0,0.0
35016020.0,0.0
35019220.0,0.0
35022420.0,0.0
35025620.0,0.0
35028820.0,0.0
35032020.0,0.0
35035220.0,0.0
35038420.0,0.0
35041620.0,0.0
35044820.0,0.0
35048020.0,0.0
35051220.0,0.0
35054420.0,0.0
35057620.0,0.0
35060820.0,0.0
35064020.0,0.0
35067220.0,0.0
35070420.0,0.0
35073620.0,0.0
35076820.0,0.0
35080020.0,0.0
35083220.0,0.0
35086420.0,0.0
35089620.0,0.0
35092820.0,0.0
35096020.0,0.0
35099220.0,0.0
35102420.0,0.0
35105620.0,0.0
35108820.0,0.0
35112020.0,0.0
35115220.0,0.0
35118420.0,0.0
35121620.0,0.0
35124820.0,0.0
35128020.0,0.0
35131220.0,0.0
35134420.0,0.0
35137620.0,0.0
35140820.0,0.0
35144020.0,0.0
35147220.0,0.0
35150420.0,0.0
35153620.0,0.0
35156820.0,0.0
35160020.0,0.0
35163220.0,0.0
35166420.0,0.0
35169620.0,0.0
35172820.0,0.0
35176020.0,0.0
35179220.0,0.0
35182420.0,0.0
35185620.0,0.0
35188820.0,0.0
35192020.0,0.0
35195220.0,0.0
35198420.0,0.0
35201620.0,0.0
35204820.0,0.0
35208020.0,0.0
35211220.0,0.0
35214420.0,0.0
35217620.0,0.0
35220820.0,0.0
35224020.0,0.0
35227220.0,0.0
35230420.0,0.0
35233620.0,0.0
35236820.0,0.0
35240020.0,0.0
35243220.0,0.0
35246420.0,4.291447355300001
35249620.0,13.596144895400002
35252820.0,1.1259163683000004
35256020.0,15.338780153000002
35259220.0,14.812468761200002
35262420.0,1.5695537439000002
35265620.0,16.226142151
35268820.0,0.22570701570000118
35272020.0,31.723334505500002
35275220.0,16.3460544523
35278420.0,16.4363153307
35281620.0,0.0019109980999996168
35284820.0,26.331585217199997
35288020.0,16.5369685375
35291220.0,16.4790521307
35294420.0,6.157828035000001
35297620.0,14.479023471200001
35300820.0,18.434646981900002
35304020.0,16.289354937
35307220.0,16.393834880500002
35310420.0,0.0
35313620.0,0.0
35316820.0,14.277042034099999
35320020.0,11.6836935967
35323220.0,7.169503188900002
35326420.0,16.0789592921
35329620.0,1.5259311235999995
35332820.0,14.833695577300002
35336020.0,4.880385060800002
35339220.0,27.390164772400002
35342420.0,16.1002249338
35345620.0,16.2383008655
35348820.0,0.9718700529
35352020.0,31.5176240549
35355220.0,16.11599445
35358420.0,16.1234373707
35361620.0,0.00971971080000067
35364820.0,31.8127143796
35368020.0,16.4710488312
35371220.0,14.759324083700001
35374420.0,1.8847491653000006
35377620.0,0.0
35380820.0,2.330895956000001
35384020.0,16.6145014144
35387220.0,13.7258447777
35390420.0,16.1808900124
35393620.0,0.08599489850000097
35396820.0,16.0925678231
35400020.0,0.7044636589
35403220.0,31.333844391899998
35406420.0,16.0875689313
35409620.0,16.0665859096
35412820.0,0.17192164949999977
35416020.0,31.6991624529
35419220.0,16.078145311700002
35422420.0,16.1222718344
35425620.0,0.0
35428820.0,29.9906329033
35432020.0,16.825484265900002
35435220.0,13.338635095899999
35438420.0,4.932302659400001
35441620.0,0.0
35444820.0,0.02160257200000082
35448020.0,16.1815497416
35451220.0,5.682800001238775e-06
35454420.0,16.0991852932
35457620.0,0.023796472200000807
35460820.0,2.341994360000001
35464020.0,13.9044310675
35467220.0,9.685400000236655e-06
35470420.0,16.0280621467
35473620.0,0.0
35476820.0,0.0
35480020.0,0.0
35483220.0,16.1977106733
35486420.0,27.9163467058
35489620.0,15.9207630443
35492820.0,0.2802238177999996
35496020.0,0.0
35499220.0,25.493557864600003
35502420.0,13.7426904057
35505620.0,11.3709679127
35508820.0,14.0894868687
35512020.0,0.0
35515220.0,5.489977228899999
35518420.0,22.873616019
35521620.0,15.919528731100002
35524820.0,15.9733457311
35528020.0,0.0
35531220.0,0.0
35534420.0,0.0
35537620.0,0.0
35540820.0,0.0
35544020.0,0.0
35547220.0,17.4542506405
35550420.0,18.5302260729
35553620.0,15.332932545600002
35556820.0,3.7897597977999986
35560020.0,17.263959346100002
35563220.0,0.0
35566420.0,26.015727861
35569620.0,16.9037399884
35572820.0,16.5680573399
35576020.0,4.878231411200002
35579220.0,17.1614043716
35582420.0,16.237842424
35585620.0,16.1200555659
35588820.0,15.081238544800001
35592020.0,3.684856658000001
35595220.0,28.4283937256
35598420.0,16.104368247500002
35601620.0,15.988238313300002
35604820.0,0.0
35608020.0,0.0
35611220.0,14.531801225599999
35614420.0,14.8822129247
35617620.0,3.4958746643000005
35620820.0,16.3076641528
35624020.0,3.534463777400001
35627220.0,12.776805195200001
35630420.0,10.960089375999999
35633620.0,21.354220880000003
35636820.0,16.1809218653
35640020.0,16.1581263168
35643220.0,0.207755821000001
35646420.0,31.822065817200002
35649620.0,16.3967487636
35652820.0,16.1934429604
35656020.0,0.0
35659220.0,24.041358161500003
35662420.0,16.9731885506
35665620.0,11.4688712257
35668820.0,12.452744167799999
35672020.0,0.0
35675220.0,1.5590113685000002
35678420.0,16.5020884329
35681620.0,14.655455514900002
35684820.0,16.1917342645
35688020.0,0.08013055149999992
35691220.0,16.2510385309
35694420.0,1.5497204007
35697620.0,30.7231565487
35700820.0,16.038749140100002
35704020.0,16.117763473500002
35707220.0,0.28867016939999957
35710420.0,31.9736365378
35713620.0,16.168690584900002
35716820.0,16.112724645
35720020.0,0.0
35723220.0,29.716025080300003
35726420.0,16.6011350946
35729620.0,13.2654939876
35732820.0,4.974545641199999
35736020.0,0.0
35739220.0,6.1704614508999995
35742420.0,11.6416710401
35745620.0,14.4521850906
35748820.0,16.0947068687
35752020.0,0.08374429840000097
35755220.0,15.904257118899999
35758420.0,1.7598334490000003
35761620.0,29.812753190699997
35764820.0,15.9484880662
35768020.0,15.884241884600002
35771220.0,0.30069757170000067
35774420.0,31.213521683699998
35777620.0,15.915386447500001
35780820.0,15.860960222500001
35784020.0,0.0
35787220.0,29.697189976199997
35790420.0,16.6121944918
35793620.0,13.138856721100002
35796820.0,4.791769564399999
35800020.0,0.0
35803220.0,8.5830350769
35806420.0,22.834231668700003
35809620.0,1.3245264861
35812820.0,14.5418317679
35816020.0,15.8577117205
35819220.0,0.08576537410000107
35822420.0,25.585984386800003
35825620.0,17.8780291744
35828820.0,17.4774830191
35832020.0,2.2249665421000007
35835220.0,20.341567907800002
35838420.0,17.149727557400002
35841620.0,17.277807011500002
35844820.0,8.407965309400002
35848020.0,12.6998124229
35851220.0,19.1130259921
35854420.0,15.872935151300002
35857620.0,15.782579957700001
35860820.0,0.0
35864020.0,13.380056381
35867220.0,14.556474679299999
35870420.0,5.0738300316
35873620.0,16.3686646938
35876820.0,1.7342432325000008
35880020.0,14.736950734299999
35883220.0,8.338867168300002
35886420.0,24.374449997499998
35889620.0,16.5921056389
35892820.0,16.4083225456
35896020.0,0.3710415562999998
35899220.0,31.854675991399997
35902420.0,16.6390287108
35905620.0,16.4909736258
35908820.0,0.028721630199999737
35912020.0,20.000666672300003
35915220.0,17.060095505
35918420.0,15.176764909700001
35921620.0,14.151553733
35924820.0,0.0
35928020.0,16.0102965021
35931220.0,16.2228671361
35934420.0,1.1065411313000002
35937620.0,15.0881128855
35940820.0,16.0816149775
35944020.0,0.13236729960000027
35947220.0,25.409046646000004
35950420.0,18.4944053698
35953620.0,18.1152856548
35956820.0,3.0526286602
35960020.0,19.997148628900003
35963220.0,17.479994693800002
35966420.0,17.6727216898
35969620.0,9.6912809212
35972820.0,11.8352574108
35976020.0,20.366169516800003
35979220.0,16.2012216444
35982420.0,16.0967492313
35985620.0,0.0
35988820.0,8.3073862816
35992020.0,8.030258125
35995220.0,16.0165259004
35998420.0,10.971705162500001
36001620.0,5.4050452179
36004820.0,16.0019709296
36008020.0,0.0
36011220.0,23.5584726705
36014420.0,18.5913708818
36017620.0,18.4133621869
36020820.0,4.3733338673999995
36024020.0,16.3832366536
36027220.0,16.526304694300002
36030420.0,16.4302501144
36033620.0,15.782622247599999
36036820.0,2.577992224800001
36040020.0,29.264221657800004
36043220.0,16.2569502552
36046420.0,16.388331457
36049620.0,0.0
36052820.0,0.0
36056020.0,16.2381449756
36059220.0,12.889066481099999
36062420.0,3.483979249100001
36065620.0,15.7611766709
36068820.0,3.6497485331000004
36072020.0,12.5488265665
36075220.0,11.373317150400002
36078420.0,20.624850906899997
36081620.0,16.0353951488
36084820.0,16.0028632299
36088020.0,0.29271311479999973
36091220.0,30.3836588783
36094420.0,16.635269098400002
36097620.0,16.362129740100002
36100820.0,0.19672745280000115
36104020.0,19.17690323
36107220.0,16.6120264014
36110420.0,14.838972045400002
36113620.0,13.891066601000002
36116820.0,0.0
36120020.0,15.911485661099999
36123220.0,9.568004780799999
36126420.0,6.402507633500001
36129620.0,15.732568438200001
36132820.0,1.1281405795000001
36136020.0,14.980140080800002
36139220.0,4.040530547300001
36142420.0,23.307746347000002
36145620.0,16.4535228502
36148820.0,17.5649846818
36152020.0,2.185283786300001
36155220.0,15.904102762499999
36158420.0,16.2030198056
36161620.0,15.8932711892
36164820.0,15.7424311505
36168020.0,0.12710794870000086
36171220.0,31.005786825799998
36174420.0,15.763256928099999
36177620.0,15.584350958800002
36180820.0,0.08439118849999971
36184020.0,0.27682315860000095
36187220.0,15.8998303772
36190420.0,16.216273034
36193620.0,9.843252308700002
36196820.0,6.5229780684000005
36200020.0,16.1403257793
36203220.0,0.00010082010000012076
36206420.0,31.602200804099997
36209620.0,16.1799667825
36212820.0,16.242657715100002
36216020.0,0.0
36219220.0,23.1689568753
36222420.0,18.0417428935
36225620.0,18.014068177
36228820.0,6.051594113500002
36232020.0,15.261049464500001
36235220.0,17.5996176274
36238420.0,15.807601270900001
36241620.0,15.8852581334
36244820.0,0.0
36248020.0,9.458356050199999
36251220.0,7.2576245411
36254420.0,16.3215819061
36257620.0,13.111690755800002
36260820.0,3.443699564500001
36264020.0,16.3532730761
36267220.0,0.0
36270420.0,16.9367616711
36273620.0,16.6393777155
36276820.0,17.1939202151
36280020.0,15.0589774995
36283220.0,2.6088387645999997
36286420.0,29.798764522000003
36289620.0,16.5664038562
36292820.0,16.402542127900002
36296020.0,0.0
36299220.0,25.472333225499998
36302420.0,17.1596341362
36305620.0,12.7519385288
36308820.0,10.3723665751
36312020.0,0.0
36315220.0,0.1623032858000002
36318420.0,15.9116858282
36321620.0,16.013026958
36324820.0,6.238571198399999
36328020.0,10.002565955800002
36331220.0,15.987887892500002
36334420.0,0.0
36337620.0,15.998359397400002
36340820.0,16.1908966454
36344020.0,16.5823513623
36347220.0,15.2485850393
36350420.0,3.6226649258000005
36353620.0,19.327954496900002
36356820.0,17.7160906688
36360020.0,17.708417381300002
36363220.0,5.935182193599999
36366420.0,15.2080274532
36369620.0,17.1875790421
36372820.0,16.0429949671
36376020.0,15.8550782971
36379220.0,0.0
36382420.0,0.0
36385620.0,0.9503540644000008
36388820.0,15.1642699209
36392020.0,15.321343023
36395220.0,0.8244391371000006
36398420.0,15.9729464529
36401620.0,7.289759728700002
36404820.0,8.9064443886
36408020.0,9.5062779738
36411220.0,19.1695057833
36414420.0,17.7565097763
36417620.0,17.225473399200002
36420820.0,1.0258898227
36424020.0,15.2505707611
36427220.0,16.1147538224
36430420.0,16.6104351756
36433620.0,16.3277009832
36436820.0,0.18951081089999988
36440020.0,20.219822589699998
36443220.0,16.4867502458
36446420.0,13.485942443599999
36449620.0,13.7706634299
36452820.0,0.0
36456020.0,0.0
36459220.0,2.6640199293
36462420.0,13.5238959209
36465620.0,15.9120643987
36468820.0,0.09817377190000087
36472020.0,15.831502263099999
36475220.0,13.8537728045
36478420.0,2.1817033214000006
36481620.0,15.1912186188
36484820.0,16.7336867767
36488020.0,15.8886311011
36491220.0,15.778704801100002
36494420.0,0.0
36497620.0,15.741231338799999
36500820.0,15.7653964661
36504020.0,15.850056453899999
36507220.0,15.985031582200001
36510420.0,0.5358219180999999
36513620.0,30.9676126064
36516820.0,15.7069306593
36520020.0,15.681654246299999
36523220.0,0.0
36526420.0,0.0
36529620.0,0.0
36532820.0,15.9776251684
36536020.0,1.208030000121596e-05
36539220.0,9.813374866900002
36542420.0,6.422755042999999
36545620.0,0.01029003820000085
36548820.0,15.857621842100002
36552020.0,1.1007699999510123e-05
36555220.0,15.9672977787
36558420.0,0.001770282900000808
36561620.0,0.0
36564820.0,0.0
36568020.0,3.3252358722000004
36571220.0,28.633410586
36574420.0,16.0721855996
36577620.0,16.0659224628
36580820.0,0.0
36584020.0,0.0
36587220.0,16.001592728200002
36590420.0,15.810947972200001
36593620.0,15.894422920900002
36596820.0,15.9342283953
36600020.0,0.0
36603220.0,0.0
36606420.0,27.6860158002
36609620.0,15.9060922773
36612820.0,12.011982676199999
36616020.0,4.409548668199999
36619220.0,0.0
36622420.0,0.0
36625620.0,0.0
36628820.0,0.0
36632020.0,0.0
36635220.0,17.5848936503
36638420.0,7.161500001018339e-06
36641620.0,7.161500001018339e-06
36644820.0,18.6032239199
36648020.0,0.0
36651220.0,0.0
36654420.0,18.5116513056
36657620.0,0.0047956644999995746
36660820.0,9.48559999969234e-06
36664020.0,17.078576906000002
36667220.0,0.0
36670420.0,0.16813655159999996
36673620.0,15.9472380905
36676820.0,0.08105833080000124
36680020.0,15.835986242099999
36683220.0,0.0
36686420.0,15.5666939635
36689620.0,1.2392100000369055e-05
36692820.0,14.6306515588
36696020.0,1.8666869309000003
36699220.0,0.0
36702420.0,16.117194164
36705620.0,8.88289999956271e-06
36708820.0,16.3247092494
36712020.0,0.0
36715220.0,15.7637618358
36718420.0,9.175600000688178e-06
36721620.0,8.334763932200001
36724820.0,8.108441960299999
36728020.0,0.0
36731220.0,15.5558130706
36734420.0,0.6654881463999995
36737620.0,9.397140766500002
36740820.0,7.2129831584
36744020.0,0.4730241483000004
36747220.0,15.6349656019
36750420.0,6.5906999999754134e-06
36753620.0,16.063322537
36756820.0,0.0
36760020.0,0.0
36763220.0,0.0
36766420.0,0.0
36769620.0,0.0
36772820.0,0.0
36776020.0,0.0
36779220.0,0.0
36782420.0,0.0
36785620.0,0.0
36788820.0,0.0
36792020.0,0.0
36795220.0,0.0
36798420.0,0.0
36801620.0,0.0
36804820.0,0.0
36808020.0,0.0
36811220.0,0.0
36814420.0,0.0
36817620.0,0.0
36820820.0,0.0
36824020.0,0.0
36827220.0,0.0
36830420.0,0.0
36833620.0,0.0
36836820.0,0.0
36840020.0,0.0
36843220.0,0.0
36846420.0,0.0
36849620.0,0.0
36852820.0,0.0
36856020.0,0.0
36859220.0,0.0
36862420.0,0.0
36865620.0,0.0
36868820.0,0.0
36872020.0,0.0
36875220.0,0.0
36878420.0,0.0
36881620.0,0.0
36884820.0,0.0
36886669.75,0.0
