sim_time,power
8.0,3.2175238225399996
1616.0,1.5677444999973034e-05
4816.0,4.000355602329364e-12
8016.0,4.000355602329364e-12
11216.0,4.000355602329364e-12
14416.0,4.000355602329364e-12
17616.0,4.000355602329364e-12
20816.0,4.000355602329364e-12
24016.0,4.000355602329364e-12
27216.0,4.000355602329364e-12
30416.0,4.000355602329364e-12
33616.0,4.000355602329364e-12
36816.0,4.000355602329364e-12
40016.0,4.000355602329364e-12
43216.0,4.000355602329364e-12
46416.0,4.000355602329364e-12
49616.0,4.000355602329364e-12
52816.0,4.000355602329364e-12
56016.0,4.000355602329364e-12
59216.0,4.000355602329364e-12
62416.0,4.000355602329364e-12
65616.0,4.000355602329364e-12
68816.0,4.000355602329364e-12
72016.0,4.000355602329364e-12
75216.0,4.000355602329364e-12
78416.0,4.000355602329364e-12
81616.0,4.000355602329364e-12
84816.0,4.000355602329364e-12
88016.0,4.000355602329364e-12
91216.0,4.000355602329364e-12
94416.0,4.000355602329364e-12
97616.0,4.000355602329364e-12
100816.0,4.000355602329364e-12
104016.0,4.000355602329364e-12
107216.0,4.000355602329364e-12
110416.0,4.000355602329364e-12
113616.0,4.000355602329364e-12
116816.0,4.000355602329364e-12
120016.0,4.000355602329364e-12
123216.0,4.000355602329364e-12
126416.0,4.000355602329364e-12
129616.0,4.000355602329364e-12
132816.0,4.000355602329364e-12
136016.0,4.000355602329364e-12
139216.0,4.000355602329364e-12
142416.0,4.000355602329364e-12
145616.0,4.000355602329364e-12
148816.0,4.000355602329364e-12
152016.0,4.000355602329364e-12
155216.0,4.000355602329364e-12
158416.0,4.000355602329364e-12
161616.0,4.000355602329364e-12
164816.0,4.000355602329364e-12
168016.0,4.000355602329364e-12
171216.0,4.000355602329364e-12
174416.0,4.000355602329364e-12
177616.0,4.000355602329364e-12
180816.0,4.000355602329364e-12
184016.0,4.000355602329364e-12
187216.0,4.000355602329364e-12
190416.0,4.000355602329364e-12
193616.0,4.000355602329364e-12
196816.0,4.000355602329364e-12
200016.0,4.000355602329364e-12
203216.0,4.000355602329364e-12
206416.0,4.000355602329364e-12
209616.0,4.000355602329364e-12
212816.0,4.000355602329364e-12
216016.0,4.000355602329364e-12
219216.0,4.000355602329364e-12
222416.0,4.000355602329364e-12
225616.0,4.000355602329364e-12
228816.0,4.000355602329364e-12
232016.0,4.000355602329364e-12
235216.0,4.000355602329364e-12
238416.0,4.000355602329364e-12
241616.0,4.000355602329364e-12
244816.0,4.000355602329364e-12
248016.0,4.000355602329364e-12
251216.0,4.000355602329364e-12
254416.0,4.000355602329364e-12
257616.0,4.000355602329364e-12
260816.0,4.000355602329364e-12
264016.0,4.000355602329364e-12
267216.0,4.000355602329364e-12
270416.0,4.000355602329364e-12
273616.0,4.000355602329364e-12
276816.0,4.000355602329364e-12
280016.0,4.000355602329364e-12
283216.0,4.000355602329364e-12
286416.0,4.000355602329364e-12
289616.0,4.000355602329364e-12
292816.0,4.000355602329364e-12
296016.0,4.000355602329364e-12
299216.0,4.000355602329364e-12
302416.0,4.000355602329364e-12
305616.0,4.000355602329364e-12
308816.0,4.000355602329364e-12
312016.0,4.000355602329364e-12
315216.0,4.000355602329364e-12
318416.0,4.000355602329364e-12
321616.0,4.000355602329364e-12
324816.0,4.000355602329364e-12
328016.0,4.000355602329364e-12
331216.0,4.000355602329364e-12
334416.0,4.000355602329364e-12
337616.0,4.000355602329364e-12
340816.0,4.000355602329364e-12
344016.0,4.000355602329364e-12
347216.0,4.000355602329364e-12
350416.0,4.000355602329364e-12
353616.0,4.000355602329364e-12
356816.0,4.000355602329364e-12
360016.0,4.000355602329364e-12
363216.0,4.000355602329364e-12
366416.0,4.000355602329364e-12
369616.0,4.000355602329364e-12
372816.0,4.000355602329364e-12
376016.0,4.000355602329364e-12
379216.0,4.000355602329364e-12
382416.0,4.000355602329364e-12
385616.0,4.000355602329364e-12
388816.0,4.000355602329364e-12
392016.0,4.000355602329364e-12
395216.0,4.000355602329364e-12
398416.0,4.000355602329364e-12
401616.0,4.000355602329364e-12
404816.0,4.000355602329364e-12
408016.0,4.000355602329364e-12
411216.0,4.000355602329364e-12
414416.0,4.000355602329364e-12
417616.0,4.000355602329364e-12
420816.0,4.000355602329364e-12
424016.0,4.000355602329364e-12
427216.0,4.000355602329364e-12
430416.0,4.000355602329364e-12
433616.0,4.000355602329364e-12
436816.0,4.000355602329364e-12
440016.0,4.000355602329364e-12
443216.0,4.000355602329364e-12
446416.0,4.000355602329364e-12
449616.0,4.000355602329364e-12
452816.0,4.000355602329364e-12
456016.0,4.000355602329364e-12
459216.0,4.000355602329364e-12
462416.0,4.000355602329364e-12
465616.0,4.000355602329364e-12
468816.0,4.000355602329364e-12
472016.0,4.000355602329364e-12
475216.0,4.000355602329364e-12
478416.0,4.000355602329364e-12
481616.0,4.000355602329364e-12
484816.0,4.000355602329364e-12
488016.0,4.000355602329364e-12
491216.0,4.000355602329364e-12
494416.0,4.000355602329364e-12
497616.0,4.000355602329364e-12
500816.0,4.000355602329364e-12
504016.0,4.000355602329364e-12
507216.0,4.000355602329364e-12
510416.0,4.000355602329364e-12
513616.0,4.000355602329364e-12
516816.0,4.000355602329364e-12
520016.0,4.000355602329364e-12
523216.0,4.000355602329364e-12
526416.0,4.000355602329364e-12
529616.0,4.000355602329364e-12
532816.0,4.000355602329364e-12
536016.0,4.000355602329364e-12
539216.0,4.000355602329364e-12
542416.0,4.000355602329364e-12
545616.0,4.000355602329364e-12
548816.0,4.000355602329364e-12
552016.0,4.000355602329364e-12
555216.0,4.000355602329364e-12
558416.0,4.000355602329364e-12
561616.0,4.000355602329364e-12
564816.0,4.000355602329364e-12
568016.0,4.000355602329364e-12
571216.0,4.000355602329364e-12
574416.0,4.000355602329364e-12
577616.0,4.000355602329364e-12
580816.0,4.000355602329364e-12
584016.0,4.000355602329364e-12
587216.0,4.000355602329364e-12
590416.0,4.000355602329364e-12
593616.0,4.000355602329364e-12
596816.0,4.000355602329364e-12
600016.0,4.000355602329364e-12
603216.0,4.000355602329364e-12
606416.0,4.000355602329364e-12
609616.0,4.000355602329364e-12
612816.0,4.000355602329364e-12
616016.0,4.000355602329364e-12
619216.0,4.000355602329364e-12
622416.0,4.000355602329364e-12
625616.0,4.000355602329364e-12
628816.0,4.000355602329364e-12
632016.0,4.000355602329364e-12
635216.0,4.000355602329364e-12
638416.0,4.000355602329364e-12
641616.0,4.000355602329364e-12
644816.0,4.000355602329364e-12
648016.0,4.000355602329364e-12
651216.0,4.000355602329364e-12
654416.0,4.000355602329364e-12
657616.0,4.000355602329364e-12
660816.0,4.000355602329364e-12
664016.0,4.000355602329364e-12
667216.0,4.000355602329364e-12
670416.0,4.000355602329364e-12
673616.0,4.000355602329364e-12
676816.0,4.000355602329364e-12
680016.0,4.000355602329364e-12
683216.0,4.000355602329364e-12
686416.0,4.000355602329364e-12
689616.0,4.000355602329364e-12
692816.0,4.000355602329364e-12
696016.0,4.000355602329364e-12
699216.0,4.000355602329364e-12
702416.0,4.000355602329364e-12
705616.0,4.000355602329364e-12
708816.0,4.000355602329364e-12
712016.0,4.000355602329364e-12
715216.0,4.000355602329364e-12
718416.0,4.000355602329364e-12
721616.0,4.000355602329364e-12
724816.0,4.000355602329364e-12
728016.0,4.000355602329364e-12
731216.0,4.000355602329364e-12
734416.0,4.000355602329364e-12
737616.0,4.000355602329364e-12
740816.0,4.000355602329364e-12
744016.0,4.000355602329364e-12
747216.0,4.000355602329364e-12
750416.0,4.000355602329364e-12
753616.0,4.000355602329364e-12
756816.0,4.000355602329364e-12
760016.0,4.000355602329364e-12
763216.0,4.000355602329364e-12
766416.0,4.000355602329364e-12
769616.0,4.000355602329364e-12
772816.0,4.000355602329364e-12
776016.0,4.000355602329364e-12
779216.0,4.000355602329364e-12
782416.0,4.000355602329364e-12
785616.0,4.000355602329364e-12
788816.0,4.000355602329364e-12
792016.0,4.000355602329364e-12
795216.0,4.000355602329364e-12
798416.0,4.000355602329364e-12
801616.0,4.000355602329364e-12
804816.0,4.000355602329364e-12
808016.0,4.000355602329364e-12
811216.0,4.000355602329364e-12
814416.0,4.000355602329364e-12
817616.0,4.000355602329364e-12
820816.0,4.000355602329364e-12
824016.0,4.000355602329364e-12
827216.0,4.000355602329364e-12
830416.0,4.000355602329364e-12
833616.0,4.000355602329364e-12
836816.0,4.000355602329364e-12
840016.0,4.000355602329364e-12
843216.0,4.000355602329364e-12
846416.0,4.000355602329364e-12
849616.0,4.000355602329364e-12
852816.0,4.000355602329364e-12
856016.0,4.000355602329364e-12
859216.0,4.000355602329364e-12
862416.0,4.000355602329364e-12
865616.0,4.000355602329364e-12
868816.0,4.000355602329364e-12
872016.0,4.000355602329364e-12
875216.0,4.000355602329364e-12
878416.0,4.000355602329364e-12
881616.0,4.000355602329364e-12
884816.0,4.000355602329364e-12
888016.0,4.000355602329364e-12
891216.0,4.000355602329364e-12
894416.0,4.000355602329364e-12
897616.0,4.000355602329364e-12
900816.0,4.000355602329364e-12
904016.0,4.000355602329364e-12
907216.0,4.000355602329364e-12
910416.0,4.000355602329364e-12
913616.0,4.000355602329364e-12
916816.0,4.000355602329364e-12
920016.0,4.000355602329364e-12
923216.0,4.000355602329364e-12
926416.0,4.000355602329364e-12
929616.0,4.000355602329364e-12
932816.0,4.000355602329364e-12
936016.0,4.000355602329364e-12
939216.0,4.000355602329364e-12
942416.0,4.000355602329364e-12
945616.0,4.000355602329364e-12
948816.0,4.000355602329364e-12
952016.0,4.000355602329364e-12
955216.0,4.000355602329364e-12
958416.0,4.000355602329364e-12
961616.0,4.000355602329364e-12
964816.0,4.000355602329364e-12
968016.0,4.000355602329364e-12
971216.0,4.000355602329364e-12
974416.0,4.000355602329364e-12
977616.0,4.000355602329364e-12
980816.0,4.000355602329364e-12
984016.0,4.000355602329364e-12
987216.0,4.000355602329364e-12
990416.0,4.000355602329364e-12
993616.0,4.000355602329364e-12
996816.0,4.000355602329364e-12
1000016.0,4.000355602329364e-12
1003216.0,4.000355602329364e-12
1006416.0,4.000355602329364e-12
1009616.0,4.000355602329364e-12
1012816.0,4.000355602329364e-12
1016016.0,4.000355602329364e-12
1019216.0,4.000355602329364e-12
1022416.0,4.000355602329364e-12
1025616.0,4.000355602329364e-12
1028816.0,4.000355602329364e-12
1032016.0,4.000355602329364e-12
1035216.0,4.000355602329364e-12
1038416.0,4.000355602329364e-12
1041616.0,4.000355602329364e-12
1044816.0,4.000355602329364e-12
1048016.0,4.000355602329364e-12
1051216.0,4.000355602329364e-12
1054416.0,4.000355602329364e-12
1057616.0,4.000355602329364e-12
1060816.0,4.000355602329364e-12
1064016.0,4.000355602329364e-12
1067216.0,4.000355602329364e-12
1070416.0,4.000355602329364e-12
1073616.0,4.000355602329364e-12
1076816.0,4.000355602329364e-12
1080016.0,4.000355602329364e-12
1083216.0,4.000355602329364e-12
1086416.0,4.000355602329364e-12
1089616.0,4.000355602329364e-12
1092816.0,4.000355602329364e-12
1096016.0,4.000355602329364e-12
1099216.0,4.000355602329364e-12
1102416.0,4.000355602329364e-12
1105616.0,4.000355602329364e-12
1108816.0,4.000355602329364e-12
1112016.0,4.000355602329364e-12
1115216.0,4.000355602329364e-12
1118416.0,4.000355602329364e-12
1121616.0,4.000355602329364e-12
1124816.0,4.000355602329364e-12
1128016.0,4.000355602329364e-12
1131216.0,4.000355602329364e-12
1134416.0,4.000355602329364e-12
1137616.0,4.000355602329364e-12
1140816.0,4.000355602329364e-12
1144016.0,4.000355602329364e-12
1147216.0,4.000355602329364e-12
1150416.0,4.000355602329364e-12
1153616.0,4.000355602329364e-12
1156816.0,4.000355602329364e-12
1160016.0,4.000355602329364e-12
1163216.0,4.000355602329364e-12
1166416.0,4.000355602329364e-12
1169616.0,4.000355602329364e-12
1172816.0,4.000355602329364e-12
1176016.0,4.000355602329364e-12
1179216.0,4.000355602329364e-12
1182416.0,4.000355602329364e-12
1185616.0,4.000355602329364e-12
1188816.0,4.000355602329364e-12
1192016.0,4.000355602329364e-12
1195216.0,4.000355602329364e-12
1198416.0,4.000355602329364e-12
1201616.0,4.000355602329364e-12
1204816.0,4.000355602329364e-12
1208016.0,4.000355602329364e-12
1211216.0,4.000355602329364e-12
1214416.0,4.000355602329364e-12
1217616.0,4.000355602329364e-12
1220816.0,4.000355602329364e-12
1224016.0,4.000355602329364e-12
1227216.0,4.000355602329364e-12
1230416.0,4.000355602329364e-12
1233616.0,4.000355602329364e-12
1236816.0,4.000355602329364e-12
1240016.0,4.000355602329364e-12
1243216.0,4.000355602329364e-12
1246416.0,4.000355602329364e-12
1249616.0,4.000355602329364e-12
1252816.0,4.000355602329364e-12
1256016.0,4.000355602329364e-12
1259216.0,4.000355602329364e-12
1262416.0,4.000355602329364e-12
1265616.0,4.000355602329364e-12
1268816.0,4.000355602329364e-12
1272016.0,4.000355602329364e-12
1275216.0,4.000355602329364e-12
1278416.0,4.000355602329364e-12
1281616.0,4.000355602329364e-12
1284816.0,4.000355602329364e-12
1288016.0,4.000355602329364e-12
1291216.0,4.000355602329364e-12
1294416.0,4.000355602329364e-12
1297616.0,4.000355602329364e-12
1300816.0,4.000355602329364e-12
1304016.0,4.000355602329364e-12
1307216.0,4.000355602329364e-12
1310416.0,4.000355602329364e-12
1313616.0,4.000355602329364e-12
1316816.0,4.000355602329364e-12
1320016.0,4.000355602329364e-12
1323216.0,4.000355602329364e-12
1326416.0,4.000355602329364e-12
1329616.0,4.000355602329364e-12
1332816.0,4.000355602329364e-12
1336016.0,4.000355602329364e-12
1339216.0,4.000355602329364e-12
1342416.0,4.000355602329364e-12
1345616.0,4.000355602329364e-12
1348816.0,4.000355602329364e-12
1352016.0,4.000355602329364e-12
1355216.0,4.000355602329364e-12
1358416.0,4.000355602329364e-12
1361616.0,4.000355602329364e-12
1364816.0,4.000355602329364e-12
1368016.0,4.000355602329364e-12
1371216.0,4.000355602329364e-12
1374416.0,4.000355602329364e-12
1377616.0,4.000355602329364e-12
1380816.0,4.000355602329364e-12
1384016.0,4.000355602329364e-12
1387216.0,4.000355602329364e-12
1390416.0,4.000355602329364e-12
1393616.0,4.000355602329364e-12
1396816.0,4.000355602329364e-12
1400016.0,4.000355602329364e-12
1403216.0,4.000355602329364e-12
1406416.0,4.000355602329364e-12
1409616.0,4.000355602329364e-12
1412816.0,4.000355602329364e-12
1416016.0,4.000355602329364e-12
1419216.0,4.000355602329364e-12
1422416.0,4.000355602329364e-12
1425616.0,4.000355602329364e-12
1428816.0,4.000355602329364e-12
1432016.0,4.000355602329364e-12
1435216.0,4.000355602329364e-12
1438416.0,4.000355602329364e-12
1441616.0,4.000355602329364e-12
1444816.0,4.000355602329364e-12
1448016.0,4.000355602329364e-12
1451216.0,4.000355602329364e-12
1454416.0,4.000355602329364e-12
1457616.0,4.000355602329364e-12
1460816.0,4.000355602329364e-12
1464016.0,4.000355602329364e-12
1467216.0,4.000355602329364e-12
1470416.0,4.000355602329364e-12
1473616.0,4.000355602329364e-12
1476816.0,4.000355602329364e-12
1480016.0,4.000355602329364e-12
1483216.0,4.000355602329364e-12
1486416.0,4.000355602329364e-12
1489616.0,4.000355602329364e-12
1492816.0,4.000355602329364e-12
1496016.0,4.000355602329364e-12
1499216.0,4.000355602329364e-12
1502416.0,4.000355602329364e-12
1505616.0,4.000355602329364e-12
1508816.0,4.000355602329364e-12
1512016.0,4.000355602329364e-12
1515216.0,4.000355602329364e-12
1518416.0,4.000355602329364e-12
1521616.0,4.000355602329364e-12
1524816.0,4.000355602329364e-12
1528016.0,4.000355602329364e-12
1531216.0,4.000355602329364e-12
1534416.0,4.000355602329364e-12
1537616.0,4.000355602329364e-12
1540816.0,4.000355602329364e-12
1544016.0,4.000355602329364e-12
1547216.0,4.000355602329364e-12
1550416.0,4.000355602329364e-12
1553616.0,4.000355602329364e-12
1556816.0,4.000355602329364e-12
1560016.0,4.000355602329364e-12
1563216.0,4.000355602329364e-12
1566416.0,4.000355602329364e-12
1569616.0,4.000355602329364e-12
1572816.0,4.000355602329364e-12
1576016.0,4.000355602329364e-12
1579216.0,4.000355602329364e-12
1582416.0,4.000355602329364e-12
1585616.0,4.000355602329364e-12
1588816.0,4.000355602329364e-12
1592016.0,4.000355602329364e-12
1595216.0,4.000355602329364e-12
1598416.0,4.000355602329364e-12
1601616.0,4.000355602329364e-12
1604816.0,4.000355602329364e-12
1608016.0,4.000355602329364e-12
1611216.0,4.000355602329364e-12
1614416.0,4.000355602329364e-12
1617616.0,4.000355602329364e-12
1620816.0,4.000355602329364e-12
1624016.0,4.000355602329364e-12
1627216.0,4.000355602329364e-12
1630416.0,4.000355602329364e-12
1633616.0,4.000355602329364e-12
1636816.0,4.000355602329364e-12
1640016.0,4.000355602329364e-12
1643216.0,4.000355602329364e-12
1646416.0,4.000355602329364e-12
1649616.0,4.000355602329364e-12
1652816.0,4.000355602329364e-12
1656016.0,4.000355602329364e-12
1659216.0,4.000355602329364e-12
1662416.0,4.000355602329364e-12
1665616.0,4.000355602329364e-12
1668816.0,4.000355602329364e-12
1672016.0,4.000355602329364e-12
1675216.0,4.000355602329364e-12
1678416.0,4.000355602329364e-12
1681616.0,4.000355602329364e-12
1684816.0,4.000355602329364e-12
1688016.0,4.000355602329364e-12
1691216.0,4.000355602329364e-12
1694416.0,4.000355602329364e-12
1697616.0,4.000355602329364e-12
1700816.0,4.000355602329364e-12
1704016.0,4.000355602329364e-12
1707216.0,4.000355602329364e-12
1710416.0,4.000355602329364e-12
1713616.0,4.000355602329364e-12
1716816.0,4.000355602329364e-12
1720016.0,4.000355602329364e-12
1723216.0,4.000355602329364e-12
1726416.0,4.000355602329364e-12
1729616.0,4.000355602329364e-12
1732816.0,4.000355602329364e-12
1736016.0,4.000355602329364e-12
1739216.0,4.000355602329364e-12
1742416.0,4.000355602329364e-12
1745616.0,4.000355602329364e-12
1748816.0,4.000355602329364e-12
1752016.0,4.000355602329364e-12
1755216.0,4.000355602329364e-12
1758416.0,4.000355602329364e-12
1761616.0,4.000355602329364e-12
1764816.0,4.000355602329364e-12
1768016.0,4.000355602329364e-12
1771216.0,4.000355602329364e-12
1774416.0,4.000355602329364e-12
1777616.0,4.000355602329364e-12
1780816.0,4.000355602329364e-12
1784016.0,4.000355602329364e-12
1787216.0,4.000355602329364e-12
1790416.0,4.000355602329364e-12
1793616.0,4.000355602329364e-12
1796816.0,4.000355602329364e-12
1800016.0,4.000355602329364e-12
1803216.0,4.000355602329364e-12
1806416.0,4.000355602329364e-12
1809616.0,4.000355602329364e-12
1812816.0,4.000355602329364e-12
1816016.0,4.000355602329364e-12
1819216.0,4.000355602329364e-12
1822416.0,4.000355602329364e-12
1825616.0,4.000355602329364e-12
1828816.0,4.000355602329364e-12
1832016.0,4.000355602329364e-12
1835216.0,4.000355602329364e-12
1838416.0,4.000355602329364e-12
1841616.0,4.000355602329364e-12
1844816.0,4.000355602329364e-12
1848016.0,4.000355602329364e-12
1851216.0,4.000355602329364e-12
1854416.0,4.000355602329364e-12
1857616.0,4.000355602329364e-12
1860816.0,4.000355602329364e-12
1864016.0,4.000355602329364e-12
1867216.0,4.000355602329364e-12
1870416.0,4.000355602329364e-12
1873616.0,4.000355602329364e-12
1876816.0,4.000355602329364e-12
1880016.0,4.000355602329364e-12
1883216.0,4.000355602329364e-12
1886416.0,4.000355602329364e-12
1889616.0,4.000355602329364e-12
1892816.0,4.000355602329364e-12
1896016.0,4.000355602329364e-12
1899216.0,4.000355602329364e-12
1902416.0,4.000355602329364e-12
1905616.0,4.000355602329364e-12
1908816.0,4.000355602329364e-12
1912016.0,4.000355602329364e-12
1915216.0,4.000355602329364e-12
1918416.0,4.000355602329364e-12
1921616.0,4.000355602329364e-12
1924816.0,4.000355602329364e-12
1928016.0,4.000355602329364e-12
1931216.0,4.000355602329364e-12
1934416.0,4.000355602329364e-12
1937616.0,4.000355602329364e-12
1940816.0,4.000355602329364e-12
1944016.0,4.000355602329364e-12
1947216.0,4.000355602329364e-12
1950416.0,4.000355602329364e-12
1953616.0,4.000355602329364e-12
1956816.0,4.000355602329364e-12
1960016.0,4.000355602329364e-12
1963216.0,4.000355602329364e-12
1966416.0,4.000355602329364e-12
1969616.0,4.000355602329364e-12
1972816.0,4.000355602329364e-12
1976016.0,4.000355602329364e-12
1979216.0,4.000355602329364e-12
1982416.0,4.000355602329364e-12
1985616.0,4.000355602329364e-12
1988816.0,4.000355602329364e-12
1992016.0,4.000355602329364e-12
1995216.0,4.000355602329364e-12
1998416.0,4.000355602329364e-12
2001616.0,4.000355602329364e-12
2004816.0,4.000355602329364e-12
2008016.0,4.000355602329364e-12
2011216.0,4.000355602329364e-12
2014416.0,4.000355602329364e-12
2017616.0,4.000355602329364e-12
2020816.0,4.000355602329364e-12
2024016.0,4.000355602329364e-12
2027216.0,4.000355602329364e-12
2030416.0,4.000355602329364e-12
2033616.0,4.000355602329364e-12
2036816.0,4.000355602329364e-12
2040016.0,4.000355602329364e-12
2043216.0,4.000355602329364e-12
2046416.0,4.000355602329364e-12
2049616.0,4.000355602329364e-12
2052816.0,4.000355602329364e-12
2056016.0,4.000355602329364e-12
2059216.0,4.000355602329364e-12
2062416.0,4.000355602329364e-12
2065616.0,4.000355602329364e-12
2068816.0,4.000355602329364e-12
2072016.0,4.000355602329364e-12
2075216.0,4.000355602329364e-12
2078416.0,4.000355602329364e-12
2081616.0,4.000355602329364e-12
2084816.0,4.000355602329364e-12
2088016.0,4.000355602329364e-12
2091216.0,4.000355602329364e-12
2094416.0,4.000355602329364e-12
2097616.0,4.000355602329364e-12
2100816.0,4.000355602329364e-12
2104016.0,4.000355602329364e-12
2107216.0,4.000355602329364e-12
2110416.0,4.000355602329364e-12
2113616.0,4.000355602329364e-12
2116816.0,4.000355602329364e-12
2120016.0,4.000355602329364e-12
2123216.0,4.000355602329364e-12
2126416.0,4.000355602329364e-12
2129616.0,4.000355602329364e-12
2132816.0,4.000355602329364e-12
2136016.0,4.000355602329364e-12
2139216.0,4.000355602329364e-12
2142416.0,4.000355602329364e-12
2145616.0,4.000355602329364e-12
2148816.0,4.000355602329364e-12
2152016.0,4.000355602329364e-12
2155216.0,4.000355602329364e-12
2158416.0,4.000355602329364e-12
2161616.0,4.000355602329364e-12
2164816.0,4.000355602329364e-12
2168016.0,4.000355602329364e-12
2171216.0,4.000355602329364e-12
2174416.0,4.000355602329364e-12
2177616.0,4.000355602329364e-12
2180816.0,4.000355602329364e-12
2184016.0,4.000355602329364e-12
2187216.0,4.000355602329364e-12
2190416.0,4.000355602329364e-12
2193616.0,4.000355602329364e-12
2196816.0,4.000355602329364e-12
2200016.0,4.000355602329364e-12
2203216.0,4.000355602329364e-12
2206416.0,4.000355602329364e-12
2209616.0,4.000355602329364e-12
2212816.0,4.000355602329364e-12
2216016.0,4.000355602329364e-12
2219216.0,4.000355602329364e-12
2222416.0,4.000355602329364e-12
2225616.0,4.000355602329364e-12
2228816.0,4.000355602329364e-12
2232016.0,4.000355602329364e-12
2235216.0,4.000355602329364e-12
2238416.0,4.000355602329364e-12
2241616.0,4.000355602329364e-12
2244816.0,4.000355602329364e-12
2248016.0,4.000355602329364e-12
2251216.0,4.000355602329364e-12
2254416.0,4.000355602329364e-12
2257616.0,4.000355602329364e-12
2260816.0,4.000355602329364e-12
2264016.0,4.000355602329364e-12
2267216.0,4.000355602329364e-12
2270416.0,4.000355602329364e-12
2273616.0,4.000355602329364e-12
2276816.0,4.000355602329364e-12
2280016.0,4.000355602329364e-12
2283216.0,4.000355602329364e-12
2286416.0,4.000355602329364e-12
2289616.0,4.000355602329364e-12
2292816.0,4.000355602329364e-12
2296016.0,4.000355602329364e-12
2299216.0,4.000355602329364e-12
2302416.0,4.000355602329364e-12
2305616.0,4.000355602329364e-12
2308816.0,4.000355602329364e-12
2312016.0,4.000355602329364e-12
2315216.0,4.000355602329364e-12
2318416.0,4.000355602329364e-12
2321616.0,4.000355602329364e-12
2324816.0,4.000355602329364e-12
2328016.0,4.000355602329364e-12
2331216.0,4.000355602329364e-12
2334416.0,4.000355602329364e-12
2337616.0,4.000355602329364e-12
2340816.0,4.000355602329364e-12
2344016.0,4.000355602329364e-12
2347216.0,4.000355602329364e-12
2350416.0,4.000355602329364e-12
2353616.0,4.000355602329364e-12
2356816.0,4.000355602329364e-12
2360016.0,4.000355602329364e-12
2363216.0,4.000355602329364e-12
2366416.0,4.000355602329364e-12
2369616.0,4.000355602329364e-12
2372816.0,4.000355602329364e-12
2376016.0,4.000355602329364e-12
2379216.0,4.000355602329364e-12
2382416.0,4.000355602329364e-12
2385616.0,4.000355602329364e-12
2388816.0,4.000355602329364e-12
2392016.0,4.000355602329364e-12
2395216.0,4.000355602329364e-12
2398416.0,4.000355602329364e-12
2401616.0,4.000355602329364e-12
2404816.0,4.000355602329364e-12
2408016.0,4.000355602329364e-12
2411216.0,4.000355602329364e-12
2414416.0,4.000355602329364e-12
2417616.0,4.000355602329364e-12
2420816.0,4.000355602329364e-12
2424016.0,4.000355602329364e-12
2427216.0,4.000355602329364e-12
2430416.0,4.000355602329364e-12
2433616.0,4.000355602329364e-12
2436816.0,4.000355602329364e-12
2440016.0,4.000355602329364e-12
2443216.0,4.000355602329364e-12
2446416.0,4.000355602329364e-12
2449616.0,4.000355602329364e-12
2452816.0,4.000355602329364e-12
2456016.0,4.000355602329364e-12
2459216.0,4.000355602329364e-12
2462416.0,4.000355602329364e-12
2465616.0,4.000355602329364e-12
2468816.0,4.000355602329364e-12
2472016.0,4.000355602329364e-12
2475216.0,4.000355602329364e-12
2478416.0,4.000355602329364e-12
2481616.0,4.000355602329364e-12
2484816.0,4.000355602329364e-12
2488016.0,4.000355602329364e-12
2491216.0,4.000355602329364e-12
2494416.0,4.000355602329364e-12
2497616.0,4.000355602329364e-12
2500816.0,4.000355602329364e-12
2504016.0,4.000355602329364e-12
2507216.0,4.000355602329364e-12
2510416.0,4.000355602329364e-12
2513616.0,4.000355602329364e-12
2516816.0,4.000355602329364e-12
2520016.0,4.000355602329364e-12
2523216.0,4.000355602329364e-12
2526416.0,4.000355602329364e-12
2529616.0,4.000355602329364e-12
2532816.0,4.000355602329364e-12
2536016.0,4.000355602329364e-12
2539216.0,4.000355602329364e-12
2542416.0,4.000355602329364e-12
2545616.0,4.000355602329364e-12
2548816.0,4.000355602329364e-12
2552016.0,4.000355602329364e-12
2555216.0,4.000355602329364e-12
2558416.0,4.000355602329364e-12
2561616.0,4.000355602329364e-12
2564816.0,4.000355602329364e-12
2568016.0,4.000355602329364e-12
2571216.0,4.000355602329364e-12
2574416.0,4.000355602329364e-12
2577616.0,4.000355602329364e-12
2580816.0,4.000355602329364e-12
2584016.0,4.000355602329364e-12
2587216.0,4.000355602329364e-12
2590416.0,4.000355602329364e-12
2593616.0,4.000355602329364e-12
2596816.0,4.000355602329364e-12
2600016.0,4.000355602329364e-12
2603216.0,4.000355602329364e-12
2606416.0,4.000355602329364e-12
2609616.0,4.000355602329364e-12
2612816.0,4.000355602329364e-12
2616016.0,4.000355602329364e-12
2619216.0,4.000355602329364e-12
2622416.0,4.000355602329364e-12
2625616.0,4.000355602329364e-12
2628816.0,4.000355602329364e-12
2632016.0,4.000355602329364e-12
2635216.0,4.000355602329364e-12
2638416.0,4.000355602329364e-12
2641616.0,4.000355602329364e-12
2644816.0,4.000355602329364e-12
2648016.0,4.000355602329364e-12
2651216.0,4.000355602329364e-12
2654416.0,4.000355602329364e-12
2657616.0,4.000355602329364e-12
2660816.0,4.000355602329364e-12
2664016.0,4.000355602329364e-12
2667216.0,4.000355602329364e-12
2670416.0,4.000355602329364e-12
2673616.0,4.000355602329364e-12
2676816.0,4.000355602329364e-12
2680016.0,4.000355602329364e-12
2683216.0,4.000355602329364e-12
2686416.0,4.000355602329364e-12
2689616.0,4.000355602329364e-12
2692816.0,4.000355602329364e-12
2696016.0,4.000355602329364e-12
2699216.0,4.000355602329364e-12
2702416.0,4.000355602329364e-12
2705616.0,4.000355602329364e-12
2708816.0,4.000355602329364e-12
2712016.0,4.000355602329364e-12
2715216.0,4.000355602329364e-12
2718416.0,4.000355602329364e-12
2721616.0,4.000355602329364e-12
2724816.0,4.000355602329364e-12
2728016.0,4.000355602329364e-12
2731216.0,4.000355602329364e-12
2734416.0,4.000355602329364e-12
2737616.0,4.000355602329364e-12
2740816.0,4.000355602329364e-12
2744016.0,4.000355602329364e-12
2747216.0,4.000355602329364e-12
2750416.0,4.000355602329364e-12
2753616.0,4.000355602329364e-12
2756816.0,4.000355602329364e-12
2760016.0,4.000355602329364e-12
2763216.0,4.000355602329364e-12
2766416.0,4.000355602329364e-12
2769616.0,4.000355602329364e-12
2772816.0,4.000355602329364e-12
2776016.0,4.000355602329364e-12
2779216.0,4.000355602329364e-12
2782416.0,4.000355602329364e-12
2785616.0,4.000355602329364e-12
2788816.0,4.000355602329364e-12
2792016.0,4.000355602329364e-12
2795216.0,4.000355602329364e-12
2798416.0,4.000355602329364e-12
2801616.0,4.000355602329364e-12
2804816.0,4.000355602329364e-12
2808016.0,4.000355602329364e-12
2811216.0,4.000355602329364e-12
2814416.0,4.000355602329364e-12
2817616.0,4.000355602329364e-12
2820816.0,4.000355602329364e-12
2824016.0,4.000355602329364e-12
2827216.0,4.000355602329364e-12
2830416.0,4.000355602329364e-12
2833616.0,4.000355602329364e-12
2836816.0,4.000355602329364e-12
2840016.0,4.000355602329364e-12
2843216.0,4.000355602329364e-12
2846416.0,4.000355602329364e-12
2849616.0,4.000355602329364e-12
2852816.0,4.000355602329364e-12
2856016.0,4.000355602329364e-12
2859216.0,4.000355602329364e-12
2862416.0,4.000355602329364e-12
2865616.0,4.000355602329364e-12
2868816.0,4.000355602329364e-12
2872016.0,4.000355602329364e-12
2875216.0,4.000355602329364e-12
2878416.0,4.000355602329364e-12
2881616.0,4.000355602329364e-12
2884816.0,4.000355602329364e-12
2888016.0,4.000355602329364e-12
2891216.0,4.000355602329364e-12
2894416.0,4.000355602329364e-12
2897616.0,4.000355602329364e-12
2900816.0,4.000355602329364e-12
2904016.0,4.000355602329364e-12
2907216.0,4.000355602329364e-12
2910416.0,4.000355602329364e-12
2913616.0,4.000355602329364e-12
2916816.0,4.000355602329364e-12
2920016.0,4.000355602329364e-12
2923216.0,4.000355602329364e-12
2926416.0,4.000355602329364e-12
2929616.0,4.000355602329364e-12
2932816.0,4.000355602329364e-12
2936016.0,4.000355602329364e-12
2939216.0,4.000355602329364e-12
2942416.0,4.000355602329364e-12
2945616.0,4.000355602329364e-12
2948816.0,4.000355602329364e-12
2952016.0,4.000355602329364e-12
2955216.0,4.000355602329364e-12
2958416.0,4.000355602329364e-12
2961616.0,4.000355602329364e-12
2964816.0,4.000355602329364e-12
2968016.0,4.000355602329364e-12
2971216.0,4.000355602329364e-12
2974416.0,4.000355602329364e-12
2977616.0,4.000355602329364e-12
2980816.0,4.000355602329364e-12
2984016.0,4.000355602329364e-12
2987216.0,4.000355602329364e-12
2990416.0,4.000355602329364e-12
2993616.0,4.000355602329364e-12
2996816.0,4.000355602329364e-12
3000016.0,4.000355602329364e-12
3003216.0,4.000355602329364e-12
3006416.0,4.000355602329364e-12
3009616.0,4.000355602329364e-12
3012816.0,4.000355602329364e-12
3016016.0,4.000355602329364e-12
3019216.0,4.000355602329364e-12
3022416.0,4.000355602329364e-12
3025616.0,4.000355602329364e-12
3028816.0,4.000355602329364e-12
3032016.0,4.000355602329364e-12
3035216.0,4.000355602329364e-12
3038416.0,4.000355602329364e-12
3041616.0,4.000355602329364e-12
3044816.0,4.000355602329364e-12
3048016.0,4.000355602329364e-12
3051216.0,4.000355602329364e-12
3054416.0,4.000355602329364e-12
3057616.0,4.000355602329364e-12
3060816.0,4.000355602329364e-12
3064016.0,4.000355602329364e-12
3067216.0,4.000355602329364e-12
3070416.0,4.000355602329364e-12
3073616.0,4.000355602329364e-12
3076816.0,4.000355602329364e-12
3080016.0,4.000355602329364e-12
3083216.0,4.000355602329364e-12
3086416.0,4.000355602329364e-12
3089616.0,4.000355602329364e-12
3092816.0,4.000355602329364e-12
3096016.0,4.000355602329364e-12
3099216.0,4.000355602329364e-12
3102416.0,4.000355602329364e-12
3105616.0,4.000355602329364e-12
3108816.0,4.000355602329364e-12
3112016.0,4.000355602329364e-12
3115216.0,4.000355602329364e-12
3118416.0,4.000355602329364e-12
3121616.0,4.000355602329364e-12
3124816.0,4.000355602329364e-12
3128016.0,4.000355602329364e-12
3131216.0,4.000355602329364e-12
3134416.0,4.000355602329364e-12
3137616.0,4.000355602329364e-12
3140816.0,4.000355602329364e-12
3144016.0,4.000355602329364e-12
3147216.0,4.000355602329364e-12
3150416.0,4.000355602329364e-12
3153616.0,4.000355602329364e-12
3156816.0,4.000355602329364e-12
3160016.0,4.000355602329364e-12
3163216.0,4.000355602329364e-12
3166416.0,4.000355602329364e-12
3169616.0,4.000355602329364e-12
3172816.0,4.000355602329364e-12
3176016.0,4.000355602329364e-12
3179216.0,4.000355602329364e-12
3182416.0,4.000355602329364e-12
3185616.0,4.000355602329364e-12
3188816.0,4.000355602329364e-12
3192016.0,4.000355602329364e-12
3195216.0,4.000355602329364e-12
3198416.0,4.000355602329364e-12
3201616.0,4.000355602329364e-12
3204816.0,4.000355602329364e-12
3208016.0,4.000355602329364e-12
3211216.0,4.000355602329364e-12
3214416.0,4.000355602329364e-12
3217616.0,4.000355602329364e-12
3220816.0,4.000355602329364e-12
3224016.0,4.000355602329364e-12
3227216.0,4.000355602329364e-12
3230416.0,4.000355602329364e-12
3233616.0,4.000355602329364e-12
3236816.0,4.000355602329364e-12
3240016.0,4.000355602329364e-12
3243216.0,4.000355602329364e-12
3246416.0,4.000355602329364e-12
3249616.0,4.000355602329364e-12
3252816.0,4.000355602329364e-12
3256016.0,4.000355602329364e-12
3259216.0,4.000355602329364e-12
3262416.0,4.000355602329364e-12
3265616.0,4.000355602329364e-12
3268816.0,4.000355602329364e-12
3272016.0,4.000355602329364e-12
3275216.0,4.000355602329364e-12
3278416.0,4.000355602329364e-12
3281616.0,4.000355602329364e-12
3284816.0,4.000355602329364e-12
3288016.0,4.000355602329364e-12
3291216.0,4.000355602329364e-12
3294416.0,4.000355602329364e-12
3297616.0,4.000355602329364e-12
3300816.0,4.000355602329364e-12
3304016.0,4.000355602329364e-12
3307216.0,4.000355602329364e-12
3310416.0,4.000355602329364e-12
3313616.0,4.000355602329364e-12
3316816.0,4.000355602329364e-12
3320016.0,4.000355602329364e-12
3323216.0,4.000355602329364e-12
3326416.0,4.000355602329364e-12
3329616.0,4.000355602329364e-12
3332816.0,4.000355602329364e-12
3336016.0,4.000355602329364e-12
3339216.0,4.000355602329364e-12
3342416.0,4.000355602329364e-12
3345616.0,4.000355602329364e-12
3348816.0,4.000355602329364e-12
3352016.0,4.000355602329364e-12
3355216.0,4.000355602329364e-12
3358416.0,4.000355602329364e-12
3361616.0,4.000355602329364e-12
3364816.0,4.000355602329364e-12
3368016.0,4.000355602329364e-12
3371216.0,4.000355602329364e-12
3374416.0,4.000355602329364e-12
3377616.0,4.000355602329364e-12
3380816.0,4.000355602329364e-12
3384016.0,4.000355602329364e-12
3387216.0,4.000355602329364e-12
3390416.0,4.000355602329364e-12
3393616.0,4.000355602329364e-12
3396816.0,4.000355602329364e-12
3400016.0,4.000355602329364e-12
3403216.0,4.000355602329364e-12
3406416.0,4.000355602329364e-12
3409616.0,4.000355602329364e-12
3412816.0,4.000355602329364e-12
3416016.0,4.000355602329364e-12
3419216.0,4.000355602329364e-12
3422416.0,4.000355602329364e-12
3425616.0,4.000355602329364e-12
3428816.0,4.000355602329364e-12
3432016.0,4.000355602329364e-12
3435216.0,4.000355602329364e-12
3438416.0,4.000355602329364e-12
3441616.0,4.000355602329364e-12
3444816.0,4.000355602329364e-12
3448016.0,4.000355602329364e-12
3451216.0,4.000355602329364e-12
3454416.0,4.000355602329364e-12
3457616.0,4.000355602329364e-12
3460816.0,4.000355602329364e-12
3464016.0,4.000355602329364e-12
3467216.0,4.000355602329364e-12
3470416.0,4.000355602329364e-12
3473616.0,4.000355602329364e-12
3476816.0,4.000355602329364e-12
3480016.0,4.000355602329364e-12
3483216.0,4.000355602329364e-12
3486416.0,4.000355602329364e-12
3489616.0,4.000355602329364e-12
3492816.0,4.000355602329364e-12
3496016.0,4.000355602329364e-12
3499216.0,4.000355602329364e-12
3502416.0,4.000355602329364e-12
3505616.0,4.000355602329364e-12
3508816.0,4.000355602329364e-12
3512016.0,4.000355602329364e-12
3515216.0,4.000355602329364e-12
3518416.0,4.000355602329364e-12
3521616.0,4.000355602329364e-12
3524816.0,4.000355602329364e-12
3528016.0,4.000355602329364e-12
3531216.0,4.000355602329364e-12
3534416.0,4.000355602329364e-12
3537616.0,4.000355602329364e-12
3540816.0,4.000355602329364e-12
3544016.0,4.000355602329364e-12
3547216.0,4.000355602329364e-12
3550416.0,4.000355602329364e-12
3553616.0,4.000355602329364e-12
3556816.0,4.000355602329364e-12
3560016.0,4.000355602329364e-12
3563216.0,4.000355602329364e-12
3566416.0,4.000355602329364e-12
3569616.0,4.000355602329364e-12
3572816.0,4.000355602329364e-12
3576016.0,4.000355602329364e-12
3579216.0,4.000355602329364e-12
3582416.0,4.000355602329364e-12
3585616.0,4.000355602329364e-12
3588816.0,4.000355602329364e-12
3592016.0,4.000355602329364e-12
3595216.0,4.000355602329364e-12
3598416.0,4.000355602329364e-12
3601616.0,4.000355602329364e-12
3604816.0,4.000355602329364e-12
3608016.0,4.000355602329364e-12
3611216.0,4.000355602329364e-12
3614416.0,4.000355602329364e-12
3617616.0,4.000355602329364e-12
3620816.0,4.000355602329364e-12
3624016.0,4.000355602329364e-12
3627216.0,4.000355602329364e-12
3630416.0,4.000355602329364e-12
3633616.0,4.000355602329364e-12
3636816.0,4.000355602329364e-12
3640016.0,4.000355602329364e-12
3643216.0,4.000355602329364e-12
3646416.0,4.000355602329364e-12
3649616.0,4.000355602329364e-12
3652816.0,4.000355602329364e-12
3656016.0,4.000355602329364e-12
3659216.0,4.000355602329364e-12
3662416.0,4.000355602329364e-12
3665616.0,4.000355602329364e-12
3668816.0,4.000355602329364e-12
3672016.0,4.000355602329364e-12
3675216.0,4.000355602329364e-12
3678416.0,4.000355602329364e-12
3681616.0,4.000355602329364e-12
3684816.0,4.000355602329364e-12
3688016.0,4.000355602329364e-12
3691216.0,4.000355602329364e-12
3694416.0,4.000355602329364e-12
3697616.0,4.000355602329364e-12
3700816.0,4.000355602329364e-12
3704016.0,4.000355602329364e-12
3707216.0,4.000355602329364e-12
3710416.0,4.000355602329364e-12
3713616.0,4.000355602329364e-12
3716816.0,4.000355602329364e-12
3720016.0,4.000355602329364e-12
3723216.0,4.000355602329364e-12
3726416.0,4.000355602329364e-12
3729616.0,4.000355602329364e-12
3732816.0,4.000355602329364e-12
3736016.0,4.000355602329364e-12
3739216.0,4.000355602329364e-12
3742416.0,4.000355602329364e-12
3745616.0,4.000355602329364e-12
3748816.0,4.000355602329364e-12
3752016.0,4.000355602329364e-12
3755216.0,4.000355602329364e-12
3758416.0,4.000355602329364e-12
3761616.0,4.000355602329364e-12
3764816.0,4.000355602329364e-12
3768016.0,4.000355602329364e-12
3771216.0,4.000355602329364e-12
3774416.0,4.000355602329364e-12
3777616.0,4.000355602329364e-12
3780816.0,4.000355602329364e-12
3784016.0,4.000355602329364e-12
3787216.0,4.000355602329364e-12
3790416.0,4.000355602329364e-12
3793616.0,4.000355602329364e-12
3796816.0,4.000355602329364e-12
3800016.0,4.000355602329364e-12
3803216.0,4.000355602329364e-12
3806416.0,4.000355602329364e-12
3809616.0,4.000355602329364e-12
3812816.0,4.000355602329364e-12
3816016.0,4.000355602329364e-12
3819216.0,4.000355602329364e-12
3822416.0,4.000355602329364e-12
3825616.0,4.000355602329364e-12
3828816.0,4.000355602329364e-12
3832016.0,4.000355602329364e-12
3835216.0,4.000355602329364e-12
3838416.0,4.000355602329364e-12
3841616.0,4.000355602329364e-12
3844816.0,4.000355602329364e-12
3848016.0,4.000355602329364e-12
3851216.0,4.000355602329364e-12
3854416.0,4.000355602329364e-12
3857616.0,4.000355602329364e-12
3860816.0,4.000355602329364e-12
3864016.0,4.000355602329364e-12
3867216.0,4.000355602329364e-12
3870416.0,4.000355602329364e-12
3873616.0,4.000355602329364e-12
3876816.0,4.000355602329364e-12
3880016.0,4.000355602329364e-12
3883216.0,4.000355602329364e-12
3886416.0,4.000355602329364e-12
3889616.0,4.000355602329364e-12
3892816.0,4.000355602329364e-12
3896016.0,4.000355602329364e-12
3899216.0,4.000355602329364e-12
3902416.0,4.000355602329364e-12
3905616.0,4.000355602329364e-12
3908816.0,4.000355602329364e-12
3912016.0,4.000355602329364e-12
3915216.0,4.000355602329364e-12
3918416.0,4.000355602329364e-12
3921616.0,4.000355602329364e-12
3924816.0,4.000355602329364e-12
3928016.0,4.000355602329364e-12
3931216.0,4.000355602329364e-12
3934416.0,4.000355602329364e-12
3937616.0,4.000355602329364e-12
3940816.0,4.000355602329364e-12
3944016.0,4.000355602329364e-12
3947216.0,4.000355602329364e-12
3950416.0,4.000355602329364e-12
3953616.0,4.000355602329364e-12
3956816.0,4.000355602329364e-12
3960016.0,4.000355602329364e-12
3963216.0,4.000355602329364e-12
3966416.0,4.000355602329364e-12
3969616.0,4.000355602329364e-12
3972816.0,4.000355602329364e-12
3976016.0,4.000355602329364e-12
3979216.0,4.000355602329364e-12
3982416.0,4.000355602329364e-12
3985616.0,4.000355602329364e-12
3988816.0,4.000355602329364e-12
3992016.0,4.000355602329364e-12
3995216.0,4.000355602329364e-12
3998416.0,4.000355602329364e-12
4001616.0,4.000355602329364e-12
4004816.0,4.000355602329364e-12
4008016.0,4.000355602329364e-12
4011216.0,4.000355602329364e-12
4014416.0,4.000355602329364e-12
4017616.0,4.000355602329364e-12
4020816.0,4.000355602329364e-12
4024016.0,4.000355602329364e-12
4027216.0,4.000355602329364e-12
4030416.0,4.000355602329364e-12
4033616.0,4.000355602329364e-12
4036816.0,4.000355602329364e-12
4040016.0,4.000355602329364e-12
4043216.0,4.000355602329364e-12
4046416.0,4.000355602329364e-12
4049616.0,4.000355602329364e-12
4052816.0,4.000355602329364e-12
4056016.0,4.000355602329364e-12
4059216.0,4.000355602329364e-12
4062416.0,4.000355602329364e-12
4065616.0,4.000355602329364e-12
4068816.0,4.000355602329364e-12
4072016.0,4.000355602329364e-12
4075216.0,4.000355602329364e-12
4078416.0,4.000355602329364e-12
4081616.0,4.000355602329364e-12
4084816.0,4.000355602329364e-12
4088016.0,4.000355602329364e-12
4091216.0,4.000355602329364e-12
4094416.0,4.000355602329364e-12
4097616.0,4.000355602329364e-12
4100816.0,4.000355602329364e-12
4104016.0,4.000355602329364e-12
4107216.0,4.000355602329364e-12
4110416.0,4.000355602329364e-12
4113616.0,4.000355602329364e-12
4116816.0,4.000355602329364e-12
4120016.0,4.000355602329364e-12
4123216.0,4.000355602329364e-12
4126416.0,4.000355602329364e-12
4129616.0,4.000355602329364e-12
4132816.0,4.000355602329364e-12
4136016.0,4.000355602329364e-12
4139216.0,4.000355602329364e-12
4142416.0,4.000355602329364e-12
4145616.0,4.000355602329364e-12
4148816.0,4.000355602329364e-12
4152016.0,4.000355602329364e-12
4155216.0,4.000355602329364e-12
4158416.0,4.000355602329364e-12
4161616.0,4.000355602329364e-12
4164816.0,4.000355602329364e-12
4168016.0,4.000355602329364e-12
4171216.0,4.000355602329364e-12
4174416.0,4.000355602329364e-12
4177616.0,4.000355602329364e-12
4180816.0,4.000355602329364e-12
4184016.0,4.000355602329364e-12
4187216.0,4.000355602329364e-12
4190416.0,4.000355602329364e-12
4193616.0,4.000355602329364e-12
4196816.0,4.000355602329364e-12
4200016.0,4.000355602329364e-12
4203216.0,4.000355602329364e-12
4206416.0,4.000355602329364e-12
4209616.0,4.000355602329364e-12
4212816.0,4.000355602329364e-12
4216016.0,4.000355602329364e-12
4219216.0,4.000355602329364e-12
4222416.0,4.000355602329364e-12
4225616.0,4.000355602329364e-12
4228816.0,4.000355602329364e-12
4232016.0,4.000355602329364e-12
4235216.0,4.000355602329364e-12
4238416.0,4.000355602329364e-12
4241616.0,4.000355602329364e-12
4244816.0,4.000355602329364e-12
4248016.0,4.000355602329364e-12
4251216.0,4.000355602329364e-12
4254416.0,4.000355602329364e-12
4257616.0,4.000355602329364e-12
4260816.0,4.000355602329364e-12
4264016.0,4.000355602329364e-12
4267216.0,4.000355602329364e-12
4270416.0,4.000355602329364e-12
4273616.0,4.000355602329364e-12
4276816.0,4.000355602329364e-12
4280016.0,4.000355602329364e-12
4283216.0,4.000355602329364e-12
4286416.0,4.000355602329364e-12
4289616.0,4.000355602329364e-12
4292816.0,4.000355602329364e-12
4296016.0,4.000355602329364e-12
4299216.0,4.000355602329364e-12
4302416.0,4.000355602329364e-12
4305616.0,4.000355602329364e-12
4308816.0,4.000355602329364e-12
4312016.0,4.000355602329364e-12
4315216.0,4.000355602329364e-12
4318416.0,4.000355602329364e-12
4321616.0,4.000355602329364e-12
4324816.0,4.000355602329364e-12
4328016.0,4.000355602329364e-12
4331216.0,4.000355602329364e-12
4334416.0,4.000355602329364e-12
4337616.0,4.000355602329364e-12
4340816.0,4.000355602329364e-12
4344016.0,4.000355602329364e-12
4347216.0,4.000355602329364e-12
4350416.0,4.000355602329364e-12
4353616.0,4.000355602329364e-12
4356816.0,4.000355602329364e-12
4360016.0,4.000355602329364e-12
4363216.0,4.000355602329364e-12
4366416.0,4.000355602329364e-12
4369616.0,4.000355602329364e-12
4372816.0,4.000355602329364e-12
4376016.0,4.000355602329364e-12
4379216.0,4.000355602329364e-12
4382416.0,4.000355602329364e-12
4385616.0,4.000355602329364e-12
4388816.0,4.000355602329364e-12
4392016.0,4.000355602329364e-12
4395216.0,4.000355602329364e-12
4398416.0,4.000355602329364e-12
4401616.0,4.000355602329364e-12
4404816.0,4.000355602329364e-12
4408016.0,4.000355602329364e-12
4411216.0,4.000355602329364e-12
4414416.0,4.000355602329364e-12
4417616.0,4.000355602329364e-12
4420816.0,4.000355602329364e-12
4424016.0,4.000355602329364e-12
4427216.0,4.000355602329364e-12
4430416.0,4.000355602329364e-12
4433616.0,4.000355602329364e-12
4436816.0,4.000355602329364e-12
4440016.0,4.000355602329364e-12
4443216.0,4.000355602329364e-12
4446416.0,4.000355602329364e-12
4449616.0,4.000355602329364e-12
4452816.0,4.000355602329364e-12
4456016.0,4.000355602329364e-12
4459216.0,4.000355602329364e-12
4462416.0,4.000355602329364e-12
4465616.0,4.000355602329364e-12
4468816.0,4.000355602329364e-12
4472016.0,4.000355602329364e-12
4475216.0,4.000355602329364e-12
4478416.0,4.000355602329364e-12
4481616.0,4.000355602329364e-12
4484816.0,4.000355602329364e-12
4488016.0,4.000355602329364e-12
4491216.0,4.000355602329364e-12
4494416.0,4.000355602329364e-12
4497616.0,4.000355602329364e-12
4500816.0,4.000355602329364e-12
4504016.0,4.000355602329364e-12
4507216.0,4.000355602329364e-12
4510416.0,4.000355602329364e-12
4513616.0,4.000355602329364e-12
4516816.0,4.000355602329364e-12
4520016.0,4.000355602329364e-12
4523216.0,4.000355602329364e-12
4526416.0,4.000355602329364e-12
4529616.0,4.000355602329364e-12
4532816.0,4.000355602329364e-12
4536016.0,4.000355602329364e-12
4539216.0,4.000355602329364e-12
4542416.0,4.000355602329364e-12
4545616.0,4.000355602329364e-12
4548816.0,4.000355602329364e-12
4552016.0,4.000355602329364e-12
4555216.0,4.000355602329364e-12
4558416.0,4.000355602329364e-12
4561616.0,4.000355602329364e-12
4564816.0,4.000355602329364e-12
4568016.0,4.000355602329364e-12
4571216.0,4.000355602329364e-12
4574416.0,4.000355602329364e-12
4577616.0,4.000355602329364e-12
4580816.0,4.000355602329364e-12
4584016.0,4.000355602329364e-12
4587216.0,4.000355602329364e-12
4590416.0,4.000355602329364e-12
4593616.0,4.000355602329364e-12
4596816.0,4.000355602329364e-12
4600016.0,4.000355602329364e-12
4603216.0,4.000355602329364e-12
4606416.0,4.000355602329364e-12
4609616.0,4.000355602329364e-12
4612816.0,4.000355602329364e-12
4616016.0,4.000355602329364e-12
4619216.0,4.000355602329364e-12
4622416.0,4.000355602329364e-12
4625616.0,4.000355602329364e-12
4628816.0,4.000355602329364e-12
4632016.0,4.000355602329364e-12
4635216.0,4.000355602329364e-12
4638416.0,4.000355602329364e-12
4641616.0,4.000355602329364e-12
4644816.0,4.000355602329364e-12
4648016.0,4.000355602329364e-12
4651216.0,4.000355602329364e-12
4654416.0,4.000355602329364e-12
4657616.0,4.000355602329364e-12
4660816.0,4.000355602329364e-12
4664016.0,4.000355602329364e-12
4667216.0,4.000355602329364e-12
4670416.0,4.000355602329364e-12
4673616.0,4.000355602329364e-12
4676816.0,4.000355602329364e-12
4680016.0,4.000355602329364e-12
4683216.0,4.000355602329364e-12
4686416.0,4.000355602329364e-12
4689616.0,4.000355602329364e-12
4692816.0,4.000355602329364e-12
4696016.0,4.000355602329364e-12
4699216.0,4.000355602329364e-12
4702416.0,4.000355602329364e-12
4705616.0,4.000355602329364e-12
4708816.0,4.000355602329364e-12
4712016.0,4.000355602329364e-12
4715216.0,4.000355602329364e-12
4718416.0,4.000355602329364e-12
4721616.0,4.000355602329364e-12
4724816.0,4.000355602329364e-12
4728016.0,4.000355602329364e-12
4731216.0,4.000355602329364e-12
4734416.0,4.000355602329364e-12
4737616.0,4.000355602329364e-12
4740816.0,4.000355602329364e-12
4744016.0,4.000355602329364e-12
4747216.0,4.000355602329364e-12
4750416.0,4.000355602329364e-12
4753616.0,4.000355602329364e-12
4756816.0,4.000355602329364e-12
4760016.0,4.000355602329364e-12
4763216.0,4.000355602329364e-12
4766416.0,4.000355602329364e-12
4769616.0,4.000355602329364e-12
4772816.0,4.000355602329364e-12
4776016.0,4.000355602329364e-12
4779216.0,4.000355602329364e-12
4782416.0,4.000355602329364e-12
4785616.0,4.000355602329364e-12
4788816.0,4.000355602329364e-12
4792016.0,4.000355602329364e-12
4795216.0,4.000355602329364e-12
4798416.0,4.000355602329364e-12
4801616.0,4.000355602329364e-12
4804816.0,4.000355602329364e-12
4808016.0,4.000355602329364e-12
4811216.0,4.000355602329364e-12
4814416.0,4.000355602329364e-12
4817616.0,4.000355602329364e-12
4820816.0,4.000355602329364e-12
4824016.0,4.000355602329364e-12
4827216.0,4.000355602329364e-12
4830416.0,4.000355602329364e-12
4833616.0,4.000355602329364e-12
4836816.0,4.000355602329364e-12
4840016.0,4.000355602329364e-12
4843216.0,4.000355602329364e-12
4846416.0,4.000355602329364e-12
4849616.0,4.000355602329364e-12
4852816.0,4.000355602329364e-12
4856016.0,4.000355602329364e-12
4859216.0,4.000355602329364e-12
4862416.0,4.000355602329364e-12
4865616.0,4.000355602329364e-12
4868816.0,4.000355602329364e-12
4872016.0,4.000355602329364e-12
4875216.0,4.000355602329364e-12
4878416.0,4.000355602329364e-12
4881616.0,4.000355602329364e-12
4884816.0,4.000355602329364e-12
4888016.0,4.000355602329364e-12
4891216.0,4.000355602329364e-12
4894416.0,4.000355602329364e-12
4897616.0,4.000355602329364e-12
4900816.0,4.000355602329364e-12
4904016.0,4.000355602329364e-12
4907216.0,4.000355602329364e-12
4910416.0,4.000355602329364e-12
4913616.0,4.000355602329364e-12
4916816.0,4.000355602329364e-12
4920016.0,4.000355602329364e-12
4923216.0,4.000355602329364e-12
4926416.0,4.000355602329364e-12
4929616.0,4.000355602329364e-12
4932816.0,4.000355602329364e-12
4936016.0,4.000355602329364e-12
4939216.0,4.000355602329364e-12
4942416.0,4.000355602329364e-12
4945616.0,4.000355602329364e-12
4948816.0,4.000355602329364e-12
4952016.0,4.000355602329364e-12
4955216.0,4.000355602329364e-12
4958416.0,4.000355602329364e-12
4961616.0,4.000355602329364e-12
4964816.0,4.000355602329364e-12
4968016.0,4.000355602329364e-12
4971216.0,4.000355602329364e-12
4974416.0,4.000355602329364e-12
4977616.0,4.000355602329364e-12
4980816.0,4.000355602329364e-12
4984016.0,4.000355602329364e-12
4987216.0,4.000355602329364e-12
4990416.0,4.000355602329364e-12
4993616.0,4.000355602329364e-12
4996816.0,4.000355602329364e-12
5000016.0,4.000355602329364e-12
5003216.0,4.000355602329364e-12
5006416.0,4.000355602329364e-12
5009616.0,4.000355602329364e-12
5012816.0,4.000355602329364e-12
5016016.0,4.000355602329364e-12
5019216.0,4.000355602329364e-12
5022416.0,4.000355602329364e-12
5025616.0,4.000355602329364e-12
5028816.0,4.000355602329364e-12
5032016.0,4.000355602329364e-12
5035216.0,4.000355602329364e-12
5038416.0,4.000355602329364e-12
5041616.0,4.000355602329364e-12
5044816.0,4.000355602329364e-12
5048016.0,4.000355602329364e-12
5051216.0,4.000355602329364e-12
5054416.0,4.000355602329364e-12
5057616.0,4.000355602329364e-12
5060816.0,4.000355602329364e-12
5064016.0,4.000355602329364e-12
5067216.0,4.000355602329364e-12
5070416.0,4.000355602329364e-12
5073616.0,4.000355602329364e-12
5076816.0,4.000355602329364e-12
5080016.0,4.000355602329364e-12
5083216.0,4.000355602329364e-12
5086416.0,4.000355602329364e-12
5089616.0,4.000355602329364e-12
5092816.0,4.000355602329364e-12
5096016.0,4.000355602329364e-12
5099216.0,4.000355602329364e-12
5102416.0,4.000355602329364e-12
5105616.0,4.000355602329364e-12
5108816.0,4.000355602329364e-12
5112016.0,4.000355602329364e-12
5115216.0,4.000355602329364e-12
5118416.0,4.000355602329364e-12
5121616.0,4.000355602329364e-12
5124816.0,4.000355602329364e-12
5128016.0,4.000355602329364e-12
5131216.0,4.000355602329364e-12
5134416.0,4.000355602329364e-12
5137616.0,4.000355602329364e-12
5140816.0,4.000355602329364e-12
5144016.0,4.000355602329364e-12
5147216.0,4.000355602329364e-12
5150416.0,4.000355602329364e-12
5153616.0,4.000355602329364e-12
5156816.0,4.000355602329364e-12
5160016.0,4.000355602329364e-12
5163216.0,4.000355602329364e-12
5166416.0,4.000355602329364e-12
5169616.0,4.000355602329364e-12
5172816.0,4.000355602329364e-12
5176016.0,4.000355602329364e-12
5179216.0,4.000355602329364e-12
5182416.0,4.000355602329364e-12
5185616.0,4.000355602329364e-12
5188816.0,4.000355602329364e-12
5192016.0,4.000355602329364e-12
5195216.0,4.000355602329364e-12
5198416.0,4.000355602329364e-12
5201616.0,4.000355602329364e-12
5204816.0,4.000355602329364e-12
5208016.0,4.000355602329364e-12
5211216.0,4.000355602329364e-12
5214416.0,4.000355602329364e-12
5217616.0,4.000355602329364e-12
5220816.0,4.000355602329364e-12
5224016.0,4.000355602329364e-12
5227216.0,4.000355602329364e-12
5230416.0,4.000355602329364e-12
5233616.0,4.000355602329364e-12
5236816.0,4.000355602329364e-12
5240016.0,4.000355602329364e-12
5243216.0,4.000355602329364e-12
5246416.0,4.000355602329364e-12
5249616.0,4.000355602329364e-12
5252816.0,4.000355602329364e-12
5256016.0,4.000355602329364e-12
5259216.0,4.000355602329364e-12
5262416.0,4.000355602329364e-12
5265616.0,4.000355602329364e-12
5268816.0,4.000355602329364e-12
5272016.0,4.000355602329364e-12
5275216.0,4.000355602329364e-12
5278416.0,4.000355602329364e-12
5281616.0,4.000355602329364e-12
5284816.0,4.000355602329364e-12
5288016.0,4.000355602329364e-12
5291216.0,4.000355602329364e-12
5294416.0,4.000355602329364e-12
5297616.0,4.000355602329364e-12
5300816.0,4.000355602329364e-12
5304016.0,4.000355602329364e-12
5307216.0,4.000355602329364e-12
5310416.0,4.000355602329364e-12
5313616.0,4.000355602329364e-12
5316816.0,4.000355602329364e-12
5320016.0,4.000355602329364e-12
5323216.0,4.000355602329364e-12
5326416.0,4.000355602329364e-12
5329616.0,4.000355602329364e-12
5332816.0,4.000355602329364e-12
5336016.0,4.000355602329364e-12
5339216.0,4.000355602329364e-12
5342416.0,4.000355602329364e-12
5345616.0,4.000355602329364e-12
5348816.0,4.000355602329364e-12
5352016.0,4.000355602329364e-12
5355216.0,4.000355602329364e-12
5358416.0,4.000355602329364e-12
5361616.0,4.000355602329364e-12
5364816.0,4.000355602329364e-12
5368016.0,4.000355602329364e-12
5371216.0,4.000355602329364e-12
5374416.0,4.000355602329364e-12
5377616.0,4.000355602329364e-12
5380816.0,4.000355602329364e-12
5384016.0,4.000355602329364e-12
5387216.0,4.000355602329364e-12
5390416.0,4.000355602329364e-12
5393616.0,4.000355602329364e-12
5396816.0,4.000355602329364e-12
5400016.0,4.000355602329364e-12
5403216.0,4.000355602329364e-12
5406416.0,4.000355602329364e-12
5409616.0,4.000355602329364e-12
5412816.0,4.000355602329364e-12
5416016.0,4.000355602329364e-12
5419216.0,4.000355602329364e-12
5422416.0,4.000355602329364e-12
5425616.0,4.000355602329364e-12
5428816.0,4.000355602329364e-12
5432016.0,4.000355602329364e-12
5435216.0,4.000355602329364e-12
5438416.0,4.000355602329364e-12
5441616.0,4.000355602329364e-12
5444816.0,4.000355602329364e-12
5448016.0,4.000355602329364e-12
5451216.0,4.000355602329364e-12
5454416.0,4.000355602329364e-12
5457616.0,4.000355602329364e-12
5460816.0,4.000355602329364e-12
5464016.0,4.000355602329364e-12
5467216.0,4.000355602329364e-12
5470416.0,4.000355602329364e-12
5473616.0,4.000355602329364e-12
5476816.0,4.000355602329364e-12
5480016.0,4.000355602329364e-12
5483216.0,4.000355602329364e-12
5486416.0,4.000355602329364e-12
5489616.0,4.000355602329364e-12
5492816.0,4.000355602329364e-12
5496016.0,4.000355602329364e-12
5499216.0,4.000355602329364e-12
5502416.0,4.000355602329364e-12
5505616.0,4.000355602329364e-12
5508816.0,4.000355602329364e-12
5512016.0,4.000355602329364e-12
5515216.0,4.000355602329364e-12
5518416.0,4.000355602329364e-12
5521616.0,4.000355602329364e-12
5524816.0,4.000355602329364e-12
5528016.0,4.000355602329364e-12
5531216.0,4.000355602329364e-12
5534416.0,4.000355602329364e-12
5537616.0,4.000355602329364e-12
5540816.0,4.000355602329364e-12
5544016.0,4.000355602329364e-12
5547216.0,4.000355602329364e-12
5550416.0,4.000355602329364e-12
5553616.0,4.000355602329364e-12
5556816.0,4.000355602329364e-12
5560016.0,4.000355602329364e-12
5563216.0,4.000355602329364e-12
5566416.0,4.000355602329364e-12
5569616.0,4.000355602329364e-12
5572816.0,4.000355602329364e-12
5576016.0,4.000355602329364e-12
5579216.0,4.000355602329364e-12
5582416.0,4.000355602329364e-12
5585616.0,4.000355602329364e-12
5588816.0,4.000355602329364e-12
5592016.0,4.000355602329364e-12
5595216.0,4.000355602329364e-12
5598416.0,4.000355602329364e-12
5601616.0,4.000355602329364e-12
5604816.0,4.000355602329364e-12
5608016.0,4.000355602329364e-12
5611216.0,4.000355602329364e-12
5614416.0,4.000355602329364e-12
5617616.0,4.000355602329364e-12
5620816.0,4.000355602329364e-12
5624016.0,4.000355602329364e-12
5627216.0,4.000355602329364e-12
5630416.0,4.000355602329364e-12
5633616.0,4.000355602329364e-12
5636816.0,4.000355602329364e-12
5640016.0,4.000355602329364e-12
5643216.0,4.000355602329364e-12
5646416.0,4.000355602329364e-12
5649616.0,4.000355602329364e-12
5652816.0,4.000355602329364e-12
5656016.0,4.000355602329364e-12
5659216.0,4.000355602329364e-12
5662416.0,4.000355602329364e-12
5665616.0,4.000355602329364e-12
5668816.0,4.000355602329364e-12
5672016.0,4.000355602329364e-12
5675216.0,4.000355602329364e-12
5678416.0,4.000355602329364e-12
5681616.0,4.000355602329364e-12
5684816.0,4.000355602329364e-12
5688016.0,4.000355602329364e-12
5691216.0,4.000355602329364e-12
5694416.0,4.000355602329364e-12
5697616.0,4.000355602329364e-12
5700816.0,4.000355602329364e-12
5704016.0,4.000355602329364e-12
5707216.0,4.000355602329364e-12
5710416.0,4.000355602329364e-12
5713616.0,4.000355602329364e-12
5716816.0,4.000355602329364e-12
5720016.0,4.000355602329364e-12
5723216.0,4.000355602329364e-12
5726416.0,4.000355602329364e-12
5729616.0,4.000355602329364e-12
5732816.0,4.000355602329364e-12
5736016.0,4.000355602329364e-12
5739216.0,4.000355602329364e-12
5742416.0,4.000355602329364e-12
5745616.0,4.000355602329364e-12
5748816.0,4.000355602329364e-12
5752016.0,4.000355602329364e-12
5755216.0,4.000355602329364e-12
5758416.0,4.000355602329364e-12
5761616.0,4.000355602329364e-12
5764816.0,4.000355602329364e-12
5768016.0,4.000355602329364e-12
5771216.0,4.000355602329364e-12
5774416.0,4.000355602329364e-12
5777616.0,4.000355602329364e-12
5780816.0,4.000355602329364e-12
5784016.0,4.000355602329364e-12
5787216.0,4.000355602329364e-12
5790416.0,4.000355602329364e-12
5793616.0,4.000355602329364e-12
5796816.0,4.000355602329364e-12
5800016.0,4.000355602329364e-12
5803216.0,4.000355602329364e-12
5806416.0,4.000355602329364e-12
5809616.0,4.000355602329364e-12
5812816.0,4.000355602329364e-12
5816016.0,4.000355602329364e-12
5819216.0,4.000355602329364e-12
5822416.0,4.000355602329364e-12
5825616.0,4.000355602329364e-12
5828816.0,4.000355602329364e-12
5832016.0,4.000355602329364e-12
5835216.0,4.000355602329364e-12
5838416.0,4.000355602329364e-12
5841616.0,4.000355602329364e-12
5844816.0,4.000355602329364e-12
5848016.0,4.000355602329364e-12
5851216.0,4.000355602329364e-12
5854416.0,4.000355602329364e-12
5857616.0,4.000355602329364e-12
5860816.0,4.000355602329364e-12
5864016.0,4.000355602329364e-12
5867216.0,4.000355602329364e-12
5870416.0,4.000355602329364e-12
5873616.0,4.000355602329364e-12
5876816.0,4.000355602329364e-12
5880016.0,4.000355602329364e-12
5883216.0,4.000355602329364e-12
5886416.0,4.000355602329364e-12
5889616.0,4.000355602329364e-12
5892816.0,4.000355602329364e-12
5896016.0,4.000355602329364e-12
5899216.0,4.000355602329364e-12
5902416.0,4.000355602329364e-12
5905616.0,4.000355602329364e-12
5908816.0,4.000355602329364e-12
5912016.0,4.000355602329364e-12
5915216.0,4.000355602329364e-12
5918416.0,4.000355602329364e-12
5921616.0,4.000355602329364e-12
5924816.0,4.000355602329364e-12
5928016.0,4.000355602329364e-12
5931216.0,4.000355602329364e-12
5934416.0,4.000355602329364e-12
5937616.0,4.000355602329364e-12
5940816.0,4.000355602329364e-12
5944016.0,4.000355602329364e-12
5947216.0,4.000355602329364e-12
5950416.0,4.000355602329364e-12
5953616.0,4.000355602329364e-12
5956816.0,4.000355602329364e-12
5960016.0,4.000355602329364e-12
5963216.0,4.000355602329364e-12
5966416.0,4.000355602329364e-12
5969616.0,4.000355602329364e-12
5972816.0,4.000355602329364e-12
5976016.0,4.000355602329364e-12
5979216.0,4.000355602329364e-12
5982416.0,4.000355602329364e-12
5985616.0,4.000355602329364e-12
5988816.0,4.000355602329364e-12
5992016.0,4.000355602329364e-12
5995216.0,4.000355602329364e-12
5998416.0,4.000355602329364e-12
6001616.0,4.000355602329364e-12
6004816.0,4.000355602329364e-12
6008016.0,4.000355602329364e-12
6011216.0,4.000355602329364e-12
6014416.0,4.000355602329364e-12
6017616.0,4.000355602329364e-12
6020816.0,4.000355602329364e-12
6024016.0,4.000355602329364e-12
6027216.0,4.000355602329364e-12
6030416.0,4.000355602329364e-12
6033616.0,4.000355602329364e-12
6036816.0,4.000355602329364e-12
6040016.0,4.000355602329364e-12
6043216.0,4.000355602329364e-12
6046416.0,4.000355602329364e-12
6049616.0,4.000355602329364e-12
6052816.0,4.000355602329364e-12
6056016.0,4.000355602329364e-12
6059216.0,4.000355602329364e-12
6062416.0,4.000355602329364e-12
6065616.0,4.000355602329364e-12
6068816.0,4.000355602329364e-12
6072016.0,4.000355602329364e-12
6075216.0,4.000355602329364e-12
6078416.0,4.000355602329364e-12
6081616.0,4.000355602329364e-12
6084816.0,4.000355602329364e-12
6088016.0,4.000355602329364e-12
6091216.0,4.000355602329364e-12
6094416.0,4.000355602329364e-12
6097616.0,4.000355602329364e-12
6100816.0,4.000355602329364e-12
6104016.0,4.000355602329364e-12
6107216.0,4.000355602329364e-12
6110416.0,4.000355602329364e-12
6113616.0,4.000355602329364e-12
6116816.0,4.000355602329364e-12
6120016.0,4.000355602329364e-12
6123216.0,4.000355602329364e-12
6126416.0,4.000355602329364e-12
6129616.0,4.000355602329364e-12
6132816.0,4.000355602329364e-12
6136016.0,4.000355602329364e-12
6139216.0,4.000355602329364e-12
6142416.0,4.000355602329364e-12
6145616.0,4.000355602329364e-12
6148816.0,4.000355602329364e-12
6152016.0,4.000355602329364e-12
6155216.0,4.000355602329364e-12
6158416.0,4.000355602329364e-12
6161616.0,4.000355602329364e-12
6164816.0,4.000355602329364e-12
6168016.0,4.000355602329364e-12
6171216.0,4.000355602329364e-12
6174416.0,4.000355602329364e-12
6177616.0,4.000355602329364e-12
6180816.0,4.000355602329364e-12
6184016.0,4.000355602329364e-12
6187216.0,4.000355602329364e-12
6190416.0,4.000355602329364e-12
6193616.0,4.000355602329364e-12
6196816.0,4.000355602329364e-12
6200016.0,4.000355602329364e-12
6203216.0,4.000355602329364e-12
6206416.0,4.000355602329364e-12
6209616.0,4.000355602329364e-12
6212816.0,4.000355602329364e-12
6216016.0,4.000355602329364e-12
6219216.0,4.000355602329364e-12
6222416.0,4.000355602329364e-12
6225616.0,4.000355602329364e-12
6228816.0,4.000355602329364e-12
6232016.0,4.000355602329364e-12
6235216.0,4.000355602329364e-12
6238416.0,4.000355602329364e-12
6241616.0,4.000355602329364e-12
6244816.0,4.000355602329364e-12
6248016.0,4.000355602329364e-12
6251216.0,4.000355602329364e-12
6254416.0,4.000355602329364e-12
6257616.0,4.000355602329364e-12
6260816.0,4.000355602329364e-12
6264016.0,4.000355602329364e-12
6267216.0,4.000355602329364e-12
6270416.0,4.000355602329364e-12
6273616.0,4.000355602329364e-12
6276816.0,4.000355602329364e-12
6280016.0,4.000355602329364e-12
6283216.0,4.000355602329364e-12
6286416.0,4.000355602329364e-12
6289616.0,4.000355602329364e-12
6292816.0,4.000355602329364e-12
6296016.0,4.000355602329364e-12
6299216.0,4.000355602329364e-12
6302416.0,4.000355602329364e-12
6305616.0,4.000355602329364e-12
6308816.0,4.000355602329364e-12
6312016.0,4.000355602329364e-12
6315216.0,4.000355602329364e-12
6318416.0,4.000355602329364e-12
6321616.0,4.000355602329364e-12
6324816.0,4.000355602329364e-12
6328016.0,4.000355602329364e-12
6331216.0,4.000355602329364e-12
6334416.0,4.000355602329364e-12
6337616.0,4.000355602329364e-12
6340816.0,4.000355602329364e-12
6344016.0,4.000355602329364e-12
6347216.0,4.000355602329364e-12
6350416.0,4.000355602329364e-12
6353616.0,4.000355602329364e-12
6356816.0,4.000355602329364e-12
6360016.0,4.000355602329364e-12
6363216.0,4.000355602329364e-12
6366416.0,4.000355602329364e-12
6369616.0,4.000355602329364e-12
6372816.0,4.000355602329364e-12
6376016.0,4.000355602329364e-12
6379216.0,4.000355602329364e-12
6382416.0,4.000355602329364e-12
6385616.0,4.000355602329364e-12
6388816.0,4.000355602329364e-12
6392016.0,4.000355602329364e-12
6395216.0,4.000355602329364e-12
6398416.0,4.000355602329364e-12
6401616.0,4.000355602329364e-12
6404816.0,4.000355602329364e-12
6408016.0,4.000355602329364e-12
6411216.0,4.000355602329364e-12
6414416.0,4.000355602329364e-12
6417616.0,4.000355602329364e-12
6420816.0,4.000355602329364e-12
6424016.0,4.000355602329364e-12
6427216.0,4.000355602329364e-12
6430416.0,4.000355602329364e-12
6433616.0,4.000355602329364e-12
6436816.0,4.000355602329364e-12
6440016.0,4.000355602329364e-12
6443216.0,4.000355602329364e-12
6446416.0,4.000355602329364e-12
6449616.0,4.000355602329364e-12
6452816.0,4.000355602329364e-12
6456016.0,4.000355602329364e-12
6459216.0,4.000355602329364e-12
6462416.0,4.000355602329364e-12
6465616.0,4.000355602329364e-12
6468816.0,4.000355602329364e-12
6472016.0,4.000355602329364e-12
6475216.0,4.000355602329364e-12
6478416.0,4.000355602329364e-12
6481616.0,4.000355602329364e-12
6484816.0,4.000355602329364e-12
6488016.0,4.000355602329364e-12
6491216.0,4.000355602329364e-12
6494416.0,4.000355602329364e-12
6497616.0,4.000355602329364e-12
6500816.0,4.000355602329364e-12
6504016.0,4.000355602329364e-12
6507216.0,4.000355602329364e-12
6510416.0,4.000355602329364e-12
6513616.0,4.000355602329364e-12
6516816.0,4.000355602329364e-12
6520016.0,4.000355602329364e-12
6523216.0,4.000355602329364e-12
6526416.0,4.000355602329364e-12
6529616.0,4.000355602329364e-12
6532816.0,4.000355602329364e-12
6536016.0,4.000355602329364e-12
6539216.0,4.000355602329364e-12
6542416.0,4.000355602329364e-12
6545616.0,4.000355602329364e-12
6548816.0,4.000355602329364e-12
6552016.0,4.000355602329364e-12
6555216.0,4.000355602329364e-12
6558416.0,4.000355602329364e-12
6561616.0,4.000355602329364e-12
6564816.0,4.000355602329364e-12
6568016.0,4.000355602329364e-12
6571216.0,4.000355602329364e-12
6574416.0,4.000355602329364e-12
6577616.0,4.000355602329364e-12
6580816.0,4.000355602329364e-12
6584016.0,4.000355602329364e-12
6587216.0,4.000355602329364e-12
6590416.0,4.000355602329364e-12
6593616.0,4.000355602329364e-12
6596816.0,4.000355602329364e-12
6600016.0,4.000355602329364e-12
6603216.0,4.000355602329364e-12
6606416.0,4.000355602329364e-12
6609616.0,4.000355602329364e-12
6612816.0,4.000355602329364e-12
6616016.0,4.000355602329364e-12
6619216.0,4.000355602329364e-12
6622416.0,4.000355602329364e-12
6625616.0,4.000355602329364e-12
6628816.0,4.000355602329364e-12
6632016.0,4.000355602329364e-12
6635216.0,4.000355602329364e-12
6638416.0,4.000355602329364e-12
6641616.0,4.000355602329364e-12
6644816.0,4.000355602329364e-12
6648016.0,4.000355602329364e-12
6651216.0,4.000355602329364e-12
6654416.0,4.000355602329364e-12
6657616.0,4.000355602329364e-12
6660816.0,4.000355602329364e-12
6664016.0,4.000355602329364e-12
6667216.0,4.000355602329364e-12
6670416.0,4.000355602329364e-12
6673616.0,4.000355602329364e-12
6676816.0,4.000355602329364e-12
6680016.0,4.000355602329364e-12
6683216.0,4.000355602329364e-12
6686416.0,4.000355602329364e-12
6689616.0,4.000355602329364e-12
6692816.0,4.000355602329364e-12
6696016.0,4.000355602329364e-12
6699216.0,4.000355602329364e-12
6702416.0,4.000355602329364e-12
6705616.0,4.000355602329364e-12
6708816.0,4.000355602329364e-12
6712016.0,4.000355602329364e-12
6715216.0,4.000355602329364e-12
6718416.0,4.000355602329364e-12
6721616.0,4.000355602329364e-12
6724816.0,4.000355602329364e-12
6728016.0,4.000355602329364e-12
6731216.0,4.000355602329364e-12
6734416.0,4.000355602329364e-12
6737616.0,4.000355602329364e-12
6740816.0,4.000355602329364e-12
6744016.0,4.000355602329364e-12
6747216.0,4.000355602329364e-12
6750416.0,4.000355602329364e-12
6753616.0,4.000355602329364e-12
6756816.0,4.000355602329364e-12
6760016.0,4.000355602329364e-12
6763216.0,4.000355602329364e-12
6766416.0,4.000355602329364e-12
6769616.0,4.000355602329364e-12
6772816.0,4.000355602329364e-12
6776016.0,4.000355602329364e-12
6779216.0,4.000355602329364e-12
6782416.0,4.000355602329364e-12
6785616.0,4.000355602329364e-12
6788816.0,4.000355602329364e-12
6792016.0,4.000355602329364e-12
6795216.0,4.000355602329364e-12
6798416.0,4.000355602329364e-12
6801616.0,4.000355602329364e-12
6804816.0,4.000355602329364e-12
6808016.0,4.000355602329364e-12
6811216.0,4.000355602329364e-12
6814416.0,4.000355602329364e-12
6817616.0,4.000355602329364e-12
6820816.0,4.000355602329364e-12
6824016.0,4.000355602329364e-12
6827216.0,4.000355602329364e-12
6830416.0,4.000355602329364e-12
6833616.0,4.000355602329364e-12
6836816.0,4.000355602329364e-12
6840016.0,4.000355602329364e-12
6843216.0,4.000355602329364e-12
6846416.0,4.000355602329364e-12
6849616.0,4.000355602329364e-12
6852816.0,4.000355602329364e-12
6856016.0,4.000355602329364e-12
6859216.0,4.000355602329364e-12
6862416.0,4.000355602329364e-12
6865616.0,4.000355602329364e-12
6868816.0,4.000355602329364e-12
6872016.0,4.000355602329364e-12
6875216.0,4.000355602329364e-12
6878416.0,4.000355602329364e-12
6881616.0,4.000355602329364e-12
6884816.0,4.000355602329364e-12
6888016.0,4.000355602329364e-12
6891216.0,4.000355602329364e-12
6894416.0,4.000355602329364e-12
6897616.0,4.000355602329364e-12
6900816.0,4.000355602329364e-12
6904016.0,4.000355602329364e-12
6907216.0,4.000355602329364e-12
6910416.0,4.000355602329364e-12
6913616.0,4.000355602329364e-12
6916816.0,4.000355602329364e-12
6920016.0,4.000355602329364e-12
6923216.0,4.000355602329364e-12
6926416.0,4.000355602329364e-12
6929616.0,4.000355602329364e-12
6932816.0,4.000355602329364e-12
6936016.0,4.000355602329364e-12
6939216.0,4.000355602329364e-12
6942416.0,4.000355602329364e-12
6945616.0,4.000355602329364e-12
6948816.0,4.000355602329364e-12
6952016.0,4.000355602329364e-12
6955216.0,4.000355602329364e-12
6958416.0,4.000355602329364e-12
6961616.0,4.000355602329364e-12
6964816.0,4.000355602329364e-12
6968016.0,4.000355602329364e-12
6971216.0,4.000355602329364e-12
6974416.0,4.000355602329364e-12
6977616.0,4.000355602329364e-12
6980816.0,4.000355602329364e-12
6984016.0,4.000355602329364e-12
6987216.0,4.000355602329364e-12
6990416.0,4.000355602329364e-12
6993616.0,4.000355602329364e-12
6996816.0,4.000355602329364e-12
7000016.0,4.000355602329364e-12
7003216.0,4.000355602329364e-12
7006416.0,4.000355602329364e-12
7009616.0,4.000355602329364e-12
7012816.0,4.000355602329364e-12
7016016.0,4.000355602329364e-12
7019216.0,4.000355602329364e-12
7022416.0,4.000355602329364e-12
7025616.0,4.000355602329364e-12
7028816.0,4.000355602329364e-12
7032016.0,4.000355602329364e-12
7035216.0,4.000355602329364e-12
7038416.0,4.000355602329364e-12
7041616.0,4.000355602329364e-12
7044816.0,4.000355602329364e-12
7048016.0,4.000355602329364e-12
7051216.0,4.000355602329364e-12
7054416.0,4.000355602329364e-12
7057616.0,4.000355602329364e-12
7060816.0,4.000355602329364e-12
7064016.0,4.000355602329364e-12
7067216.0,4.000355602329364e-12
7070416.0,4.000355602329364e-12
7073616.0,4.000355602329364e-12
7076816.0,4.000355602329364e-12
7080016.0,4.000355602329364e-12
7083216.0,4.000355602329364e-12
7086416.0,4.000355602329364e-12
7089616.0,4.000355602329364e-12
7092816.0,4.000355602329364e-12
7096016.0,4.000355602329364e-12
7099216.0,4.000355602329364e-12
7102416.0,4.000355602329364e-12
7105616.0,4.000355602329364e-12
7108816.0,4.000355602329364e-12
7112016.0,4.000355602329364e-12
7115216.0,4.000355602329364e-12
7118416.0,4.000355602329364e-12
7121616.0,4.000355602329364e-12
7124816.0,4.000355602329364e-12
7128016.0,4.000355602329364e-12
7131216.0,4.000355602329364e-12
7134416.0,4.000355602329364e-12
7137616.0,4.000355602329364e-12
7140816.0,4.000355602329364e-12
7144016.0,4.000355602329364e-12
7147216.0,4.000355602329364e-12
7150416.0,4.000355602329364e-12
7153616.0,4.000355602329364e-12
7156816.0,4.000355602329364e-12
7160016.0,4.000355602329364e-12
7163216.0,4.000355602329364e-12
7166416.0,4.000355602329364e-12
7169616.0,4.000355602329364e-12
7172816.0,4.000355602329364e-12
7176016.0,4.000355602329364e-12
7179216.0,4.000355602329364e-12
7182416.0,4.000355602329364e-12
7185616.0,4.000355602329364e-12
7188816.0,4.000355602329364e-12
7192016.0,4.000355602329364e-12
7195216.0,4.000355602329364e-12
7198416.0,4.000355602329364e-12
7201616.0,4.000355602329364e-12
7204816.0,4.000355602329364e-12
7208016.0,4.000355602329364e-12
7211216.0,4.000355602329364e-12
7214416.0,4.000355602329364e-12
7217616.0,4.000355602329364e-12
7220816.0,4.000355602329364e-12
7224016.0,4.000355602329364e-12
7227216.0,4.000355602329364e-12
7230416.0,4.000355602329364e-12
7233616.0,4.000355602329364e-12
7236816.0,4.000355602329364e-12
7240016.0,4.000355602329364e-12
7243216.0,4.000355602329364e-12
7246416.0,4.000355602329364e-12
7249616.0,4.000355602329364e-12
7252816.0,4.000355602329364e-12
7256016.0,4.000355602329364e-12
7259216.0,4.000355602329364e-12
7262416.0,4.000355602329364e-12
7265616.0,4.000355602329364e-12
7268816.0,4.000355602329364e-12
7272016.0,4.000355602329364e-12
7275216.0,4.000355602329364e-12
7278416.0,4.000355602329364e-12
7281616.0,4.000355602329364e-12
7284816.0,4.000355602329364e-12
7288016.0,4.000355602329364e-12
7291216.0,4.000355602329364e-12
7294416.0,4.000355602329364e-12
7297616.0,4.000355602329364e-12
7300816.0,4.000355602329364e-12
7304016.0,4.000355602329364e-12
7307216.0,4.000355602329364e-12
7310416.0,4.000355602329364e-12
7313616.0,4.000355602329364e-12
7316816.0,4.000355602329364e-12
7320016.0,4.000355602329364e-12
7323216.0,4.000355602329364e-12
7326416.0,4.000355602329364e-12
7329616.0,4.000355602329364e-12
7332816.0,4.000355602329364e-12
7336016.0,4.000355602329364e-12
7339216.0,4.000355602329364e-12
7342416.0,4.000355602329364e-12
7345616.0,4.000355602329364e-12
7348816.0,4.000355602329364e-12
7352016.0,4.000355602329364e-12
7355216.0,4.000355602329364e-12
7358416.0,4.000355602329364e-12
7361616.0,4.000355602329364e-12
7364816.0,4.000355602329364e-12
7368016.0,4.000355602329364e-12
7371216.0,4.000355602329364e-12
7374416.0,4.000355602329364e-12
7377616.0,4.000355602329364e-12
7380816.0,4.000355602329364e-12
7384016.0,4.000355602329364e-12
7387216.0,4.000355602329364e-12
7390416.0,4.000355602329364e-12
7393616.0,4.000355602329364e-12
7396816.0,4.000355602329364e-12
7400016.0,4.000355602329364e-12
7403216.0,4.000355602329364e-12
7406416.0,4.000355602329364e-12
7409616.0,4.000355602329364e-12
7412816.0,4.000355602329364e-12
7416016.0,4.000355602329364e-12
7419216.0,4.000355602329364e-12
7422416.0,4.000355602329364e-12
7425616.0,4.000355602329364e-12
7428816.0,4.000355602329364e-12
7432016.0,4.000355602329364e-12
7435216.0,4.000355602329364e-12
7438416.0,4.000355602329364e-12
7441616.0,4.000355602329364e-12
7444816.0,4.000355602329364e-12
7448016.0,4.000355602329364e-12
7451216.0,4.000355602329364e-12
7454416.0,4.000355602329364e-12
7457616.0,4.000355602329364e-12
7460816.0,4.000355602329364e-12
7464016.0,4.000355602329364e-12
7467216.0,4.000355602329364e-12
7470416.0,4.000355602329364e-12
7473616.0,4.000355602329364e-12
7476816.0,4.000355602329364e-12
7480016.0,4.000355602329364e-12
7483216.0,4.000355602329364e-12
7486416.0,4.000355602329364e-12
7489616.0,4.000355602329364e-12
7492816.0,4.000355602329364e-12
7496016.0,4.000355602329364e-12
7499216.0,4.000355602329364e-12
7502416.0,4.000355602329364e-12
7505616.0,4.000355602329364e-12
7508816.0,4.000355602329364e-12
7512016.0,4.000355602329364e-12
7515216.0,4.000355602329364e-12
7518416.0,4.000355602329364e-12
7521616.0,4.000355602329364e-12
7524816.0,4.000355602329364e-12
7528016.0,4.000355602329364e-12
7531216.0,4.000355602329364e-12
7534416.0,4.000355602329364e-12
7537616.0,4.000355602329364e-12
7540816.0,4.000355602329364e-12
7544016.0,4.000355602329364e-12
7547216.0,4.000355602329364e-12
7550416.0,4.000355602329364e-12
7553616.0,4.000355602329364e-12
7556816.0,4.000355602329364e-12
7560016.0,4.000355602329364e-12
7563216.0,4.000355602329364e-12
7566416.0,4.000355602329364e-12
7569616.0,4.000355602329364e-12
7572816.0,4.000355602329364e-12
7576016.0,4.000355602329364e-12
7579216.0,4.000355602329364e-12
7582416.0,4.000355602329364e-12
7585616.0,4.000355602329364e-12
7588816.0,4.000355602329364e-12
7592016.0,4.000355602329364e-12
7595216.0,4.000355602329364e-12
7598416.0,4.000355602329364e-12
7601616.0,4.000355602329364e-12
7604816.0,4.000355602329364e-12
7608016.0,4.000355602329364e-12
7611216.0,4.000355602329364e-12
7614416.0,4.000355602329364e-12
7617616.0,4.000355602329364e-12
7620816.0,4.000355602329364e-12
7624016.0,4.000355602329364e-12
7627216.0,4.000355602329364e-12
7630416.0,4.000355602329364e-12
7633616.0,4.000355602329364e-12
7636816.0,4.000355602329364e-12
7640016.0,4.000355602329364e-12
7643216.0,4.000355602329364e-12
7646416.0,4.000355602329364e-12
7649616.0,4.000355602329364e-12
7652816.0,4.000355602329364e-12
7656016.0,4.000355602329364e-12
7659216.0,4.000355602329364e-12
7662416.0,4.000355602329364e-12
7665616.0,4.000355602329364e-12
7668816.0,4.000355602329364e-12
7672016.0,4.000355602329364e-12
7675216.0,4.000355602329364e-12
7678416.0,4.000355602329364e-12
7681616.0,4.000355602329364e-12
7684816.0,4.000355602329364e-12
7688016.0,4.000355602329364e-12
7691216.0,4.000355602329364e-12
7694416.0,4.000355602329364e-12
7697616.0,4.000355602329364e-12
7700816.0,4.000355602329364e-12
7704016.0,4.000355602329364e-12
7707216.0,4.000355602329364e-12
7710416.0,4.000355602329364e-12
7713616.0,4.000355602329364e-12
7716816.0,4.000355602329364e-12
7720016.0,4.000355602329364e-12
7723216.0,4.000355602329364e-12
7726416.0,4.000355602329364e-12
7729616.0,4.000355602329364e-12
7732816.0,4.000355602329364e-12
7736016.0,4.000355602329364e-12
7739216.0,4.000355602329364e-12
7742416.0,4.000355602329364e-12
7745616.0,4.000355602329364e-12
7748816.0,4.000355602329364e-12
7752016.0,4.000355602329364e-12
7755216.0,4.000355602329364e-12
7758416.0,4.000355602329364e-12
7761616.0,4.000355602329364e-12
7764816.0,4.000355602329364e-12
7768016.0,4.000355602329364e-12
7771216.0,4.000355602329364e-12
7774416.0,4.000355602329364e-12
7777616.0,4.000355602329364e-12
7780816.0,4.000355602329364e-12
7784016.0,4.000355602329364e-12
7787216.0,4.000355602329364e-12
7790416.0,4.000355602329364e-12
7793616.0,4.000355602329364e-12
7796816.0,4.000355602329364e-12
7800016.0,4.000355602329364e-12
7803216.0,4.000355602329364e-12
7806416.0,4.000355602329364e-12
7809616.0,4.000355602329364e-12
7812816.0,4.000355602329364e-12
7816016.0,4.000355602329364e-12
7819216.0,4.000355602329364e-12
7822416.0,4.000355602329364e-12
7825616.0,4.000355602329364e-12
7828816.0,4.000355602329364e-12
7832016.0,4.000355602329364e-12
7835216.0,4.000355602329364e-12
7838416.0,4.000355602329364e-12
7841616.0,4.000355602329364e-12
7844816.0,4.000355602329364e-12
7848016.0,4.000355602329364e-12
7851216.0,4.000355602329364e-12
7854416.0,4.000355602329364e-12
7857616.0,4.000355602329364e-12
7860816.0,4.000355602329364e-12
7864016.0,4.000355602329364e-12
7867216.0,4.000355602329364e-12
7870416.0,4.000355602329364e-12
7873616.0,4.000355602329364e-12
7876816.0,4.000355602329364e-12
7880016.0,4.000355602329364e-12
7883216.0,4.000355602329364e-12
7886416.0,4.000355602329364e-12
7889616.0,4.000355602329364e-12
7892816.0,4.000355602329364e-12
7896016.0,4.000355602329364e-12
7899216.0,4.000355602329364e-12
7902416.0,4.000355602329364e-12
7905616.0,4.000355602329364e-12
7908816.0,4.000355602329364e-12
7912016.0,4.000355602329364e-12
7915216.0,4.000355602329364e-12
7918416.0,4.000355602329364e-12
7921616.0,4.000355602329364e-12
7924816.0,4.000355602329364e-12
7928016.0,4.000355602329364e-12
7931216.0,4.000355602329364e-12
7934416.0,4.000355602329364e-12
7937616.0,4.000355602329364e-12
7940816.0,4.000355602329364e-12
7944016.0,4.000355602329364e-12
7947216.0,4.000355602329364e-12
7950416.0,4.000355602329364e-12
7953616.0,4.000355602329364e-12
7956816.0,4.000355602329364e-12
7960016.0,4.000355602329364e-12
7963216.0,4.000355602329364e-12
7966416.0,4.000355602329364e-12
7969616.0,4.000355602329364e-12
7972816.0,4.000355602329364e-12
7976016.0,4.000355602329364e-12
7979216.0,4.000355602329364e-12
7982416.0,4.000355602329364e-12
7985616.0,4.000355602329364e-12
7988816.0,4.000355602329364e-12
7992016.0,4.000355602329364e-12
7995216.0,4.000355602329364e-12
7998416.0,4.000355602329364e-12
8001616.0,4.000355602329364e-12
8004816.0,4.000355602329364e-12
8008016.0,4.000355602329364e-12
8011216.0,4.000355602329364e-12
8014416.0,4.000355602329364e-12
8017616.0,4.000355602329364e-12
8020816.0,4.000355602329364e-12
8024016.0,4.000355602329364e-12
8027216.0,4.000355602329364e-12
8030416.0,4.000355602329364e-12
8033616.0,4.000355602329364e-12
8036816.0,4.000355602329364e-12
8040016.0,4.000355602329364e-12
8043216.0,4.000355602329364e-12
8046416.0,4.000355602329364e-12
8049616.0,4.000355602329364e-12
8052816.0,4.000355602329364e-12
8056016.0,4.000355602329364e-12
8059216.0,4.000355602329364e-12
8062416.0,4.000355602329364e-12
8065616.0,4.000355602329364e-12
8068816.0,4.000355602329364e-12
8072016.0,4.000355602329364e-12
8075216.0,4.000355602329364e-12
8078416.0,4.000355602329364e-12
8081616.0,4.000355602329364e-12
8084816.0,4.000355602329364e-12
8088016.0,4.000355602329364e-12
8091216.0,4.000355602329364e-12
8094416.0,4.000355602329364e-12
8097616.0,4.000355602329364e-12
8100816.0,4.000355602329364e-12
8104016.0,4.000355602329364e-12
8107216.0,4.000355602329364e-12
8110416.0,4.000355602329364e-12
8113616.0,4.000355602329364e-12
8116816.0,4.000355602329364e-12
8120016.0,4.000355602329364e-12
8123216.0,4.000355602329364e-12
8126416.0,4.000355602329364e-12
8129616.0,4.000355602329364e-12
8132816.0,4.000355602329364e-12
8136016.0,4.000355602329364e-12
8139216.0,4.000355602329364e-12
8142416.0,4.000355602329364e-12
8145616.0,4.000355602329364e-12
8148816.0,4.000355602329364e-12
8152016.0,4.000355602329364e-12
8155216.0,4.000355602329364e-12
8158416.0,4.000355602329364e-12
8161616.0,4.000355602329364e-12
8164816.0,4.000355602329364e-12
8168016.0,4.000355602329364e-12
8171216.0,4.000355602329364e-12
8174416.0,4.000355602329364e-12
8177616.0,4.000355602329364e-12
8180816.0,4.000355602329364e-12
8184016.0,4.000355602329364e-12
8187216.0,4.000355602329364e-12
8190416.0,4.000355602329364e-12
8193616.0,4.000355602329364e-12
8196816.0,4.000355602329364e-12
8200016.0,4.000355602329364e-12
8203216.0,4.000355602329364e-12
8206416.0,4.000355602329364e-12
8209616.0,4.000355602329364e-12
8212816.0,4.000355602329364e-12
8216016.0,4.000355602329364e-12
8219216.0,4.000355602329364e-12
8222416.0,4.000355602329364e-12
8225616.0,4.000355602329364e-12
8228816.0,4.000355602329364e-12
8232016.0,4.000355602329364e-12
8235216.0,4.000355602329364e-12
8238416.0,4.000355602329364e-12
8241616.0,4.000355602329364e-12
8244816.0,4.000355602329364e-12
8248016.0,4.000355602329364e-12
8251216.0,4.000355602329364e-12
8254416.0,4.000355602329364e-12
8257616.0,4.000355602329364e-12
8260816.0,4.000355602329364e-12
8264016.0,4.000355602329364e-12
8267216.0,4.000355602329364e-12
8270416.0,4.000355602329364e-12
8273616.0,4.000355602329364e-12
8276816.0,4.000355602329364e-12
8280016.0,4.000355602329364e-12
8283216.0,4.000355602329364e-12
8286416.0,4.000355602329364e-12
8289616.0,4.000355602329364e-12
8292816.0,4.000355602329364e-12
8296016.0,4.000355602329364e-12
8299216.0,4.000355602329364e-12
8302416.0,4.000355602329364e-12
8305616.0,4.000355602329364e-12
8308816.0,4.000355602329364e-12
8312016.0,4.000355602329364e-12
8315216.0,4.000355602329364e-12
8318416.0,4.000355602329364e-12
8321616.0,4.000355602329364e-12
8324816.0,4.000355602329364e-12
8328016.0,4.000355602329364e-12
8331216.0,4.000355602329364e-12
8334416.0,4.000355602329364e-12
8337616.0,4.000355602329364e-12
8340816.0,4.000355602329364e-12
8344016.0,4.000355602329364e-12
8347216.0,4.000355602329364e-12
8350416.0,4.000355602329364e-12
8353616.0,4.000355602329364e-12
8356816.0,4.000355602329364e-12
8360016.0,4.000355602329364e-12
8363216.0,4.000355602329364e-12
8366416.0,4.000355602329364e-12
8369616.0,4.000355602329364e-12
8372816.0,4.000355602329364e-12
8376016.0,4.000355602329364e-12
8379216.0,4.000355602329364e-12
8382416.0,4.000355602329364e-12
8385616.0,4.000355602329364e-12
8388816.0,4.000355602329364e-12
8392016.0,4.000355602329364e-12
8395216.0,4.000355602329364e-12
8398416.0,4.000355602329364e-12
8401616.0,4.000355602329364e-12
8404816.0,4.000355602329364e-12
8408016.0,4.000355602329364e-12
8411216.0,4.000355602329364e-12
8414416.0,4.000355602329364e-12
8417616.0,4.000355602329364e-12
8420816.0,4.000355602329364e-12
8424016.0,4.000355602329364e-12
8427216.0,4.000355602329364e-12
8430416.0,4.000355602329364e-12
8433616.0,4.000355602329364e-12
8436816.0,4.000355602329364e-12
8440016.0,4.000355602329364e-12
8443216.0,4.000355602329364e-12
8446416.0,4.000355602329364e-12
8449616.0,4.000355602329364e-12
8452816.0,4.000355602329364e-12
8456016.0,4.000355602329364e-12
8459216.0,4.000355602329364e-12
8462416.0,4.000355602329364e-12
8465616.0,4.000355602329364e-12
8468816.0,4.000355602329364e-12
8472016.0,4.000355602329364e-12
8475216.0,4.000355602329364e-12
8478416.0,4.000355602329364e-12
8481616.0,4.000355602329364e-12
8484816.0,4.000355602329364e-12
8488016.0,4.000355602329364e-12
8491216.0,4.000355602329364e-12
8494416.0,4.000355602329364e-12
8497616.0,4.000355602329364e-12
8500816.0,4.000355602329364e-12
8504016.0,4.000355602329364e-12
8507216.0,4.000355602329364e-12
8510416.0,4.000355602329364e-12
8513616.0,4.000355602329364e-12
8516816.0,4.000355602329364e-12
8520016.0,4.000355602329364e-12
8523216.0,4.000355602329364e-12
8526416.0,4.000355602329364e-12
8529616.0,4.000355602329364e-12
8532816.0,4.000355602329364e-12
8536016.0,4.000355602329364e-12
8539216.0,4.000355602329364e-12
8542416.0,4.000355602329364e-12
8545616.0,4.000355602329364e-12
8548816.0,4.000355602329364e-12
8552016.0,4.000355602329364e-12
8555216.0,4.000355602329364e-12
8558416.0,4.000355602329364e-12
8561616.0,4.000355602329364e-12
8564816.0,4.000355602329364e-12
8568016.0,4.000355602329364e-12
8571216.0,4.000355602329364e-12
8574416.0,4.000355602329364e-12
8577616.0,4.000355602329364e-12
8580816.0,4.000355602329364e-12
8584016.0,4.000355602329364e-12
8587216.0,4.000355602329364e-12
8590416.0,4.000355602329364e-12
8593616.0,4.000355602329364e-12
8596816.0,4.000355602329364e-12
8600016.0,4.000355602329364e-12
8603216.0,4.000355602329364e-12
8606416.0,4.000355602329364e-12
8609616.0,4.000355602329364e-12
8612816.0,4.000355602329364e-12
8616016.0,4.000355602329364e-12
8619216.0,4.000355602329364e-12
8622416.0,4.000355602329364e-12
8625616.0,4.000355602329364e-12
8628816.0,4.000355602329364e-12
8632016.0,4.000355602329364e-12
8635216.0,4.000355602329364e-12
8638416.0,4.000355602329364e-12
8641616.0,4.000355602329364e-12
8644816.0,4.000355602329364e-12
8648016.0,4.000355602329364e-12
8651216.0,4.000355602329364e-12
8654416.0,4.000355602329364e-12
8657616.0,4.000355602329364e-12
8660816.0,4.000355602329364e-12
8664016.0,4.000355602329364e-12
8667216.0,4.000355602329364e-12
8670416.0,4.000355602329364e-12
8673616.0,4.000355602329364e-12
8676816.0,4.000355602329364e-12
8680016.0,4.000355602329364e-12
8683216.0,4.000355602329364e-12
8686416.0,4.000355602329364e-12
8689616.0,4.000355602329364e-12
8692816.0,4.000355602329364e-12
8696016.0,4.000355602329364e-12
8699216.0,4.000355602329364e-12
8702416.0,4.000355602329364e-12
8705616.0,4.000355602329364e-12
8708816.0,4.000355602329364e-12
8712016.0,4.000355602329364e-12
8715216.0,4.000355602329364e-12
8718416.0,4.000355602329364e-12
8721616.0,4.000355602329364e-12
8724816.0,4.000355602329364e-12
8728016.0,4.000355602329364e-12
8731216.0,4.000355602329364e-12
8734416.0,4.000355602329364e-12
8737616.0,4.000355602329364e-12
8740816.0,4.000355602329364e-12
8744016.0,4.000355602329364e-12
8747216.0,4.000355602329364e-12
8750416.0,4.000355602329364e-12
8753616.0,4.000355602329364e-12
8756816.0,4.000355602329364e-12
8760016.0,4.000355602329364e-12
8763216.0,4.000355602329364e-12
8766416.0,4.000355602329364e-12
8769616.0,4.000355602329364e-12
8772816.0,4.000355602329364e-12
8776016.0,4.000355602329364e-12
8779216.0,4.000355602329364e-12
8782416.0,4.000355602329364e-12
8785616.0,4.000355602329364e-12
8788816.0,4.000355602329364e-12
8792016.0,4.000355602329364e-12
8795216.0,4.000355602329364e-12
8798416.0,4.000355602329364e-12
8801616.0,4.000355602329364e-12
8804816.0,4.000355602329364e-12
8808016.0,4.000355602329364e-12
8811216.0,4.000355602329364e-12
8814416.0,4.000355602329364e-12
8817616.0,4.000355602329364e-12
8820816.0,4.000355602329364e-12
8824016.0,4.000355602329364e-12
8827216.0,4.000355602329364e-12
8830416.0,4.000355602329364e-12
8833616.0,4.000355602329364e-12
8836816.0,4.000355602329364e-12
8840016.0,4.000355602329364e-12
8843216.0,4.000355602329364e-12
8846416.0,4.000355602329364e-12
8849616.0,4.000355602329364e-12
8852816.0,4.000355602329364e-12
8856016.0,4.000355602329364e-12
8859216.0,4.000355602329364e-12
8862416.0,4.000355602329364e-12
8865616.0,4.000355602329364e-12
8868816.0,4.000355602329364e-12
8872016.0,4.000355602329364e-12
8875216.0,4.000355602329364e-12
8878416.0,4.000355602329364e-12
8881616.0,4.000355602329364e-12
8884816.0,4.000355602329364e-12
8888016.0,4.000355602329364e-12
8891216.0,4.000355602329364e-12
8894416.0,4.000355602329364e-12
8897616.0,4.000355602329364e-12
8900816.0,4.000355602329364e-12
8904016.0,4.000355602329364e-12
8907216.0,4.000355602329364e-12
8910416.0,4.000355602329364e-12
8913616.0,4.000355602329364e-12
8916816.0,4.000355602329364e-12
8920016.0,4.000355602329364e-12
8923216.0,4.000355602329364e-12
8926416.0,4.000355602329364e-12
8929616.0,4.000355602329364e-12
8932816.0,4.000355602329364e-12
8936016.0,4.000355602329364e-12
8939216.0,4.000355602329364e-12
8942416.0,4.000355602329364e-12
8945616.0,4.000355602329364e-12
8948816.0,4.000355602329364e-12
8952016.0,4.000355602329364e-12
8955216.0,4.000355602329364e-12
8958416.0,4.000355602329364e-12
8961616.0,4.000355602329364e-12
8964816.0,4.000355602329364e-12
8968016.0,4.000355602329364e-12
8971216.0,4.000355602329364e-12
8974416.0,4.000355602329364e-12
8977616.0,4.000355602329364e-12
8980816.0,4.000355602329364e-12
8984016.0,4.000355602329364e-12
8987216.0,4.000355602329364e-12
8990416.0,4.000355602329364e-12
8993616.0,4.000355602329364e-12
8996816.0,4.000355602329364e-12
9000016.0,4.000355602329364e-12
9003216.0,4.000355602329364e-12
9006416.0,4.000355602329364e-12
9009616.0,4.000355602329364e-12
9012816.0,4.000355602329364e-12
9016016.0,4.000355602329364e-12
9019216.0,4.000355602329364e-12
9022416.0,4.000355602329364e-12
9025616.0,4.000355602329364e-12
9028816.0,4.000355602329364e-12
9032016.0,4.000355602329364e-12
9035216.0,4.000355602329364e-12
9038416.0,4.000355602329364e-12
9041616.0,4.000355602329364e-12
9044816.0,4.000355602329364e-12
9048016.0,4.000355602329364e-12
9051216.0,4.000355602329364e-12
9054416.0,4.000355602329364e-12
9057616.0,4.000355602329364e-12
9060816.0,4.000355602329364e-12
9064016.0,4.000355602329364e-12
9067216.0,4.000355602329364e-12
9070416.0,4.000355602329364e-12
9073616.0,4.000355602329364e-12
9076816.0,4.000355602329364e-12
9080016.0,4.000355602329364e-12
9083216.0,4.000355602329364e-12
9086416.0,4.000355602329364e-12
9089616.0,4.000355602329364e-12
9092816.0,4.000355602329364e-12
9096016.0,4.000355602329364e-12
9099216.0,4.000355602329364e-12
9102416.0,4.000355602329364e-12
9105616.0,4.000355602329364e-12
9108816.0,4.000355602329364e-12
9112016.0,4.000355602329364e-12
9115216.0,4.000355602329364e-12
9118416.0,4.000355602329364e-12
9121616.0,4.000355602329364e-12
9124816.0,4.000355602329364e-12
9128016.0,4.000355602329364e-12
9131216.0,4.000355602329364e-12
9134416.0,4.000355602329364e-12
9137616.0,4.000355602329364e-12
9140816.0,4.000355602329364e-12
9144016.0,4.000355602329364e-12
9147216.0,4.000355602329364e-12
9150416.0,4.000355602329364e-12
9153616.0,4.000355602329364e-12
9156816.0,4.000355602329364e-12
9160016.0,4.000355602329364e-12
9163216.0,4.000355602329364e-12
9166416.0,4.000355602329364e-12
9169616.0,4.000355602329364e-12
9172816.0,4.000355602329364e-12
9176016.0,4.000355602329364e-12
9179216.0,4.000355602329364e-12
9182416.0,4.000355602329364e-12
9185616.0,4.000355602329364e-12
9188816.0,4.000355602329364e-12
9192016.0,4.000355602329364e-12
9195216.0,4.000355602329364e-12
9198416.0,4.000355602329364e-12
9201616.0,4.000355602329364e-12
9204816.0,4.000355602329364e-12
9208016.0,4.000355602329364e-12
9211216.0,4.000355602329364e-12
9214416.0,4.000355602329364e-12
9217616.0,4.000355602329364e-12
9220816.0,4.000355602329364e-12
9224016.0,4.000355602329364e-12
9227216.0,4.000355602329364e-12
9230416.0,4.000355602329364e-12
9233616.0,4.000355602329364e-12
9236816.0,4.000355602329364e-12
9240016.0,4.000355602329364e-12
9243216.0,4.000355602329364e-12
9246416.0,4.000355602329364e-12
9249616.0,4.000355602329364e-12
9252816.0,4.000355602329364e-12
9256016.0,4.000355602329364e-12
9259216.0,4.000355602329364e-12
9262416.0,4.000355602329364e-12
9265616.0,4.000355602329364e-12
9268816.0,4.000355602329364e-12
9272016.0,4.000355602329364e-12
9275216.0,4.000355602329364e-12
9278416.0,4.000355602329364e-12
9281616.0,4.000355602329364e-12
9284816.0,4.000355602329364e-12
9288016.0,4.000355602329364e-12
9291216.0,4.000355602329364e-12
9294416.0,4.000355602329364e-12
9297616.0,4.000355602329364e-12
9300816.0,4.000355602329364e-12
9304016.0,4.000355602329364e-12
9307216.0,4.000355602329364e-12
9310416.0,4.000355602329364e-12
9313616.0,4.000355602329364e-12
9316816.0,4.000355602329364e-12
9320016.0,4.000355602329364e-12
9323216.0,4.000355602329364e-12
9326416.0,4.000355602329364e-12
9329616.0,4.000355602329364e-12
9332816.0,4.000355602329364e-12
9336016.0,4.000355602329364e-12
9339216.0,4.000355602329364e-12
9342416.0,4.000355602329364e-12
9345616.0,4.000355602329364e-12
9348816.0,4.000355602329364e-12
9352016.0,4.000355602329364e-12
9355216.0,4.000355602329364e-12
9358416.0,4.000355602329364e-12
9361616.0,4.000355602329364e-12
9364816.0,4.000355602329364e-12
9368016.0,4.000355602329364e-12
9371216.0,4.000355602329364e-12
9374416.0,4.000355602329364e-12
9377616.0,4.000355602329364e-12
9380816.0,4.000355602329364e-12
9384016.0,4.000355602329364e-12
9387216.0,4.000355602329364e-12
9390416.0,4.000355602329364e-12
9393616.0,4.000355602329364e-12
9396816.0,4.000355602329364e-12
9400016.0,4.000355602329364e-12
9403216.0,4.000355602329364e-12
9406416.0,4.000355602329364e-12
9409616.0,4.000355602329364e-12
9412816.0,4.000355602329364e-12
9416016.0,4.000355602329364e-12
9419216.0,4.000355602329364e-12
9422416.0,4.000355602329364e-12
9425616.0,4.000355602329364e-12
9428816.0,4.000355602329364e-12
9432016.0,4.000355602329364e-12
9435216.0,4.000355602329364e-12
9438416.0,4.000355602329364e-12
9441616.0,4.000355602329364e-12
9444816.0,4.000355602329364e-12
9448016.0,4.000355602329364e-12
9451216.0,4.000355602329364e-12
9454416.0,4.000355602329364e-12
9457616.0,4.000355602329364e-12
9460816.0,4.000355602329364e-12
9464016.0,4.000355602329364e-12
9467216.0,4.000355602329364e-12
9470416.0,4.000355602329364e-12
9473616.0,4.000355602329364e-12
9476816.0,4.000355602329364e-12
9480016.0,4.000355602329364e-12
9483216.0,4.000355602329364e-12
9486416.0,4.000355602329364e-12
9489616.0,4.000355602329364e-12
9492816.0,4.000355602329364e-12
9496016.0,4.000355602329364e-12
9499216.0,4.000355602329364e-12
9502416.0,4.000355602329364e-12
9505616.0,4.000355602329364e-12
9508816.0,4.000355602329364e-12
9512016.0,4.000355602329364e-12
9515216.0,4.000355602329364e-12
9518416.0,4.000355602329364e-12
9521616.0,4.000355602329364e-12
9524816.0,4.000355602329364e-12
9528016.0,4.000355602329364e-12
9531216.0,4.000355602329364e-12
9534416.0,4.000355602329364e-12
9537616.0,4.000355602329364e-12
9540816.0,4.000355602329364e-12
9544016.0,4.000355602329364e-12
9547216.0,4.000355602329364e-12
9550416.0,4.000355602329364e-12
9553616.0,4.000355602329364e-12
9556816.0,4.000355602329364e-12
9560016.0,4.000355602329364e-12
9563216.0,4.000355602329364e-12
9566416.0,4.000355602329364e-12
9569616.0,4.000355602329364e-12
9572816.0,4.000355602329364e-12
9576016.0,4.000355602329364e-12
9579216.0,4.000355602329364e-12
9582416.0,4.000355602329364e-12
9585616.0,4.000355602329364e-12
9588816.0,4.000355602329364e-12
9592016.0,4.000355602329364e-12
9595216.0,4.000355602329364e-12
9598416.0,4.000355602329364e-12
9601616.0,4.000355602329364e-12
9604816.0,4.000355602329364e-12
9608016.0,4.000355602329364e-12
9611216.0,4.000355602329364e-12
9614416.0,4.000355602329364e-12
9617616.0,4.000355602329364e-12
9620816.0,4.000355602329364e-12
9624016.0,4.000355602329364e-12
9627216.0,4.000355602329364e-12
9630416.0,4.000355602329364e-12
9633616.0,4.000355602329364e-12
9636816.0,4.000355602329364e-12
9640016.0,4.000355602329364e-12
9643216.0,4.000355602329364e-12
9646416.0,4.000355602329364e-12
9649616.0,4.000355602329364e-12
9652816.0,4.000355602329364e-12
9656016.0,4.000355602329364e-12
9659216.0,4.000355602329364e-12
9662416.0,4.000355602329364e-12
9665616.0,4.000355602329364e-12
9668816.0,4.000355602329364e-12
9672016.0,4.000355602329364e-12
9675216.0,4.000355602329364e-12
9678416.0,4.000355602329364e-12
9681616.0,4.000355602329364e-12
9684816.0,4.000355602329364e-12
9688016.0,4.000355602329364e-12
9691216.0,4.000355602329364e-12
9694416.0,4.000355602329364e-12
9697616.0,4.000355602329364e-12
9700816.0,4.000355602329364e-12
9704016.0,4.000355602329364e-12
9707216.0,4.000355602329364e-12
9710416.0,4.000355602329364e-12
9713616.0,4.000355602329364e-12
9716816.0,4.000355602329364e-12
9720016.0,4.000355602329364e-12
9723216.0,4.000355602329364e-12
9726416.0,4.000355602329364e-12
9729616.0,4.000355602329364e-12
9732816.0,4.000355602329364e-12
9736016.0,4.000355602329364e-12
9739216.0,4.000355602329364e-12
9742416.0,4.000355602329364e-12
9745616.0,4.000355602329364e-12
9748816.0,4.000355602329364e-12
9752016.0,4.000355602329364e-12
9755216.0,4.000355602329364e-12
9758416.0,4.000355602329364e-12
9761616.0,4.000355602329364e-12
9764816.0,4.000355602329364e-12
9768016.0,4.000355602329364e-12
9771216.0,4.000355602329364e-12
9774416.0,4.000355602329364e-12
9777616.0,4.000355602329364e-12
9780816.0,4.000355602329364e-12
9784016.0,4.000355602329364e-12
9787216.0,4.000355602329364e-12
9790416.0,4.000355602329364e-12
9793616.0,4.000355602329364e-12
9796816.0,4.000355602329364e-12
9800016.0,4.000355602329364e-12
9803216.0,4.000355602329364e-12
9806416.0,4.000355602329364e-12
9809616.0,4.000355602329364e-12
9812816.0,4.000355602329364e-12
9816016.0,4.000355602329364e-12
9819216.0,4.000355602329364e-12
9822416.0,4.000355602329364e-12
9825616.0,4.000355602329364e-12
9828816.0,4.000355602329364e-12
9832016.0,4.000355602329364e-12
9835216.0,4.000355602329364e-12
9838416.0,4.000355602329364e-12
9841616.0,4.000355602329364e-12
9844816.0,4.000355602329364e-12
9848016.0,4.000355602329364e-12
9851216.0,4.000355602329364e-12
9854416.0,4.000355602329364e-12
9857616.0,4.000355602329364e-12
9860816.0,4.000355602329364e-12
9864016.0,4.000355602329364e-12
9867216.0,4.000355602329364e-12
9870416.0,4.000355602329364e-12
9873616.0,4.000355602329364e-12
9876816.0,4.000355602329364e-12
9880016.0,4.000355602329364e-12
9883216.0,4.000355602329364e-12
9886416.0,4.000355602329364e-12
9889616.0,4.000355602329364e-12
9892816.0,4.000355602329364e-12
9896016.0,4.000355602329364e-12
9899216.0,4.000355602329364e-12
9902416.0,4.000355602329364e-12
9905616.0,4.000355602329364e-12
9908816.0,4.000355602329364e-12
9912016.0,4.000355602329364e-12
9915216.0,4.000355602329364e-12
9918416.0,4.000355602329364e-12
9921616.0,4.000355602329364e-12
9924816.0,4.000355602329364e-12
9928016.0,4.000355602329364e-12
9931216.0,4.000355602329364e-12
9934416.0,4.000355602329364e-12
9937616.0,4.000355602329364e-12
9940816.0,4.000355602329364e-12
9944016.0,4.000355602329364e-12
9947216.0,4.000355602329364e-12
9950416.0,4.000355602329364e-12
9953616.0,4.000355602329364e-12
9956816.0,4.000355602329364e-12
9960016.0,4.000355602329364e-12
9963216.0,4.000355602329364e-12
9966416.0,4.000355602329364e-12
9969616.0,4.000355602329364e-12
9972816.0,4.000355602329364e-12
9976016.0,4.000355602329364e-12
9979216.0,4.000355602329364e-12
9982416.0,4.000355602329364e-12
9985616.0,4.000355602329364e-12
9988816.0,4.000355602329364e-12
9992016.0,4.000355602329364e-12
9995216.0,4.000355602329364e-12
9998416.0,4.000355602329364e-12
10001620.0,4.000355602329364e-12
10004820.0,4.000355602329364e-12
10008020.0,4.000355602329364e-12
10011220.0,4.000355602329364e-12
10014420.0,4.000355602329364e-12
10017620.0,4.000355602329364e-12
10020820.0,4.000355602329364e-12
10024020.0,4.000355602329364e-12
10027220.0,4.000355602329364e-12
10030420.0,4.000355602329364e-12
10033620.0,4.000355602329364e-12
10036820.0,4.000355602329364e-12
10040020.0,4.000355602329364e-12
10043220.0,4.000355602329364e-12
10046420.0,4.000355602329364e-12
10049620.0,4.000355602329364e-12
10052820.0,4.000355602329364e-12
10056020.0,4.000355602329364e-12
10059220.0,4.000355602329364e-12
10062420.0,4.000355602329364e-12
10065620.0,4.000355602329364e-12
10068820.0,4.000355602329364e-12
10072020.0,4.000355602329364e-12
10075220.0,4.000355602329364e-12
10078420.0,4.000355602329364e-12
10081620.0,4.000355602329364e-12
10084820.0,4.000355602329364e-12
10088020.0,4.000355602329364e-12
10091220.0,4.000355602329364e-12
10094420.0,4.000355602329364e-12
10097620.0,4.000355602329364e-12
10100820.0,4.000355602329364e-12
10104020.0,4.000355602329364e-12
10107220.0,4.000355602329364e-12
10110420.0,4.000355602329364e-12
10113620.0,4.000355602329364e-12
10116820.0,4.000355602329364e-12
10120020.0,4.000355602329364e-12
10123220.0,4.000355602329364e-12
10126420.0,4.000355602329364e-12
10129620.0,4.000355602329364e-12
10132820.0,4.000355602329364e-12
10136020.0,4.000355602329364e-12
10139220.0,4.000355602329364e-12
10142420.0,4.000355602329364e-12
10145620.0,4.000355602329364e-12
10148820.0,4.000355602329364e-12
10152020.0,4.000355602329364e-12
10155220.0,4.000355602329364e-12
10158420.0,4.000355602329364e-12
10161620.0,4.000355602329364e-12
10164820.0,4.000355602329364e-12
10168020.0,4.000355602329364e-12
10171220.0,4.000355602329364e-12
10174420.0,4.000355602329364e-12
10177620.0,4.000355602329364e-12
10180820.0,4.000355602329364e-12
10184020.0,4.000355602329364e-12
10187220.0,4.000355602329364e-12
10190420.0,4.000355602329364e-12
10193620.0,4.000355602329364e-12
10196820.0,4.000355602329364e-12
10200020.0,4.000355602329364e-12
10203220.0,4.000355602329364e-12
10206420.0,4.000355602329364e-12
10209620.0,4.000355602329364e-12
10212820.0,4.000355602329364e-12
10216020.0,4.000355602329364e-12
10219220.0,4.000355602329364e-12
10222420.0,4.000355602329364e-12
10225620.0,4.000355602329364e-12
10228820.0,4.000355602329364e-12
10232020.0,4.000355602329364e-12
10235220.0,4.000355602329364e-12
10238420.0,4.000355602329364e-12
10241620.0,4.000355602329364e-12
10244820.0,4.000355602329364e-12
10248020.0,4.000355602329364e-12
10251220.0,4.000355602329364e-12
10254420.0,4.000355602329364e-12
10257620.0,4.000355602329364e-12
10260820.0,4.000355602329364e-12
10264020.0,4.000355602329364e-12
10267220.0,4.000355602329364e-12
10270420.0,4.000355602329364e-12
10273620.0,4.000355602329364e-12
10276820.0,4.000355602329364e-12
10280020.0,4.000355602329364e-12
10283220.0,4.000355602329364e-12
10286420.0,4.000355602329364e-12
10289620.0,4.000355602329364e-12
10292820.0,4.000355602329364e-12
10296020.0,4.000355602329364e-12
10299220.0,4.000355602329364e-12
10302420.0,4.000355602329364e-12
10305620.0,4.000355602329364e-12
10308820.0,4.000355602329364e-12
10312020.0,4.000355602329364e-12
10315220.0,4.000355602329364e-12
10318420.0,4.000355602329364e-12
10321620.0,4.000355602329364e-12
10324820.0,4.000355602329364e-12
10328020.0,4.000355602329364e-12
10331220.0,4.000355602329364e-12
10334420.0,4.000355602329364e-12
10337620.0,4.000355602329364e-12
10340820.0,4.000355602329364e-12
10344020.0,4.000355602329364e-12
10347220.0,4.000355602329364e-12
10350420.0,4.000355602329364e-12
10353620.0,4.000355602329364e-12
10356820.0,4.000355602329364e-12
10360020.0,4.000355602329364e-12
10363220.0,4.000355602329364e-12
10366420.0,4.000355602329364e-12
10369620.0,4.000355602329364e-12
10372820.0,4.000355602329364e-12
10376020.0,4.000355602329364e-12
10379220.0,4.000355602329364e-12
10382420.0,4.000355602329364e-12
10385620.0,4.000355602329364e-12
10388820.0,4.000355602329364e-12
10392020.0,4.000355602329364e-12
10395220.0,4.000355602329364e-12
10398420.0,4.000355602329364e-12
10401620.0,4.000355602329364e-12
10404820.0,4.000355602329364e-12
10408020.0,4.000355602329364e-12
10411220.0,4.000355602329364e-12
10414420.0,4.000355602329364e-12
10417620.0,4.000355602329364e-12
10420820.0,4.000355602329364e-12
10424020.0,4.000355602329364e-12
10427220.0,4.000355602329364e-12
10430420.0,4.000355602329364e-12
10433620.0,4.000355602329364e-12
10436820.0,4.000355602329364e-12
10440020.0,4.000355602329364e-12
10443220.0,4.000355602329364e-12
10446420.0,4.000355602329364e-12
10449620.0,4.000355602329364e-12
10452820.0,4.000355602329364e-12
10456020.0,4.000355602329364e-12
10459220.0,4.000355602329364e-12
10462420.0,4.000355602329364e-12
10465620.0,4.000355602329364e-12
10468820.0,4.000355602329364e-12
10472020.0,4.000355602329364e-12
10475220.0,4.000355602329364e-12
10478420.0,4.000355602329364e-12
10481620.0,4.000355602329364e-12
10484820.0,4.000355602329364e-12
10488020.0,4.000355602329364e-12
10491220.0,4.000355602329364e-12
10494420.0,4.000355602329364e-12
10497620.0,4.000355602329364e-12
10500820.0,4.000355602329364e-12
10504020.0,4.000355602329364e-12
10507220.0,4.000355602329364e-12
10510420.0,4.000355602329364e-12
10513620.0,4.000355602329364e-12
10516820.0,4.000355602329364e-12
10520020.0,4.000355602329364e-12
10523220.0,4.000355602329364e-12
10526420.0,4.000355602329364e-12
10529620.0,4.000355602329364e-12
10532820.0,4.000355602329364e-12
10536020.0,4.000355602329364e-12
10539220.0,4.000355602329364e-12
10542420.0,4.000355602329364e-12
10545620.0,4.000355602329364e-12
10548820.0,4.000355602329364e-12
10552020.0,4.000355602329364e-12
10555220.0,4.000355602329364e-12
10558420.0,4.000355602329364e-12
10561620.0,4.000355602329364e-12
10564820.0,4.000355602329364e-12
10568020.0,4.000355602329364e-12
10571220.0,4.000355602329364e-12
10574420.0,4.000355602329364e-12
10577620.0,4.000355602329364e-12
10580820.0,4.000355602329364e-12
10584020.0,4.000355602329364e-12
10587220.0,4.000355602329364e-12
10590420.0,4.000355602329364e-12
10593620.0,4.000355602329364e-12
10596820.0,4.000355602329364e-12
10600020.0,4.000355602329364e-12
10603220.0,4.000355602329364e-12
10606420.0,4.000355602329364e-12
10609620.0,4.000355602329364e-12
10612820.0,4.000355602329364e-12
10616020.0,4.000355602329364e-12
10619220.0,4.000355602329364e-12
10622420.0,4.000355602329364e-12
10625620.0,4.000355602329364e-12
10628820.0,4.000355602329364e-12
10632020.0,4.000355602329364e-12
10635220.0,4.000355602329364e-12
10638420.0,4.000355602329364e-12
10641620.0,4.000355602329364e-12
10644820.0,4.000355602329364e-12
10648020.0,4.000355602329364e-12
10651220.0,4.000355602329364e-12
10654420.0,4.000355602329364e-12
10657620.0,4.000355602329364e-12
10660820.0,4.000355602329364e-12
10664020.0,4.000355602329364e-12
10667220.0,4.000355602329364e-12
10670420.0,4.000355602329364e-12
10673620.0,4.000355602329364e-12
10676820.0,4.000355602329364e-12
10680020.0,4.000355602329364e-12
10683220.0,4.000355602329364e-12
10686420.0,4.000355602329364e-12
10689620.0,4.000355602329364e-12
10692820.0,4.000355602329364e-12
10696020.0,4.000355602329364e-12
10699220.0,4.000355602329364e-12
10702420.0,4.000355602329364e-12
10705620.0,4.000355602329364e-12
10708820.0,4.000355602329364e-12
10712020.0,4.000355602329364e-12
10715220.0,4.000355602329364e-12
10718420.0,4.000355602329364e-12
10721620.0,4.000355602329364e-12
10724820.0,4.000355602329364e-12
10728020.0,4.000355602329364e-12
10731220.0,4.000355602329364e-12
10734420.0,4.000355602329364e-12
10737620.0,4.000355602329364e-12
10740820.0,4.000355602329364e-12
10744020.0,4.000355602329364e-12
10747220.0,4.000355602329364e-12
10750420.0,4.000355602329364e-12
10753620.0,4.000355602329364e-12
10756820.0,4.000355602329364e-12
10760020.0,4.000355602329364e-12
10763220.0,4.000355602329364e-12
10766420.0,4.000355602329364e-12
10769620.0,4.000355602329364e-12
10772820.0,4.000355602329364e-12
10776020.0,4.000355602329364e-12
10779220.0,4.000355602329364e-12
10782420.0,4.000355602329364e-12
10785620.0,4.000355602329364e-12
10788820.0,4.000355602329364e-12
10792020.0,4.000355602329364e-12
10795220.0,4.000355602329364e-12
10798420.0,4.000355602329364e-12
10801620.0,4.000355602329364e-12
10804820.0,4.000355602329364e-12
10808020.0,4.000355602329364e-12
10811220.0,4.000355602329364e-12
10814420.0,4.000355602329364e-12
10817620.0,4.000355602329364e-12
10820820.0,4.000355602329364e-12
10824020.0,4.000355602329364e-12
10827220.0,4.000355602329364e-12
10830420.0,4.000355602329364e-12
10833620.0,4.000355602329364e-12
10836820.0,4.000355602329364e-12
10840020.0,4.000355602329364e-12
10843220.0,4.000355602329364e-12
10846420.0,4.000355602329364e-12
10849620.0,4.000355602329364e-12
10852820.0,4.000355602329364e-12
10856020.0,4.000355602329364e-12
10859220.0,4.000355602329364e-12
10862420.0,4.000355602329364e-12
10865620.0,4.000355602329364e-12
10868820.0,4.000355602329364e-12
10872020.0,4.000355602329364e-12
10875220.0,4.000355602329364e-12
10878420.0,4.000355602329364e-12
10881620.0,4.000355602329364e-12
10884820.0,4.000355602329364e-12
10888020.0,4.000355602329364e-12
10891220.0,4.000355602329364e-12
10894420.0,4.000355602329364e-12
10897620.0,4.000355602329364e-12
10900820.0,4.000355602329364e-12
10904020.0,4.000355602329364e-12
10907220.0,4.000355602329364e-12
10910420.0,4.000355602329364e-12
10913620.0,4.000355602329364e-12
10916820.0,4.000355602329364e-12
10920020.0,4.000355602329364e-12
10923220.0,4.000355602329364e-12
10926420.0,4.000355602329364e-12
10929620.0,4.000355602329364e-12
10932820.0,4.000355602329364e-12
10936020.0,4.000355602329364e-12
10939220.0,4.000355602329364e-12
10942420.0,4.000355602329364e-12
10945620.0,4.000355602329364e-12
10948820.0,4.000355602329364e-12
10952020.0,4.000355602329364e-12
10955220.0,4.000355602329364e-12
10958420.0,4.000355602329364e-12
10961620.0,4.000355602329364e-12
10964820.0,4.000355602329364e-12
10968020.0,4.000355602329364e-12
10971220.0,4.000355602329364e-12
10974420.0,4.000355602329364e-12
10977620.0,4.000355602329364e-12
10980820.0,4.000355602329364e-12
10984020.0,4.000355602329364e-12
10987220.0,4.000355602329364e-12
10990420.0,4.000355602329364e-12
10993620.0,4.000355602329364e-12
10996820.0,4.000355602329364e-12
11000020.0,4.000355602329364e-12
11003220.0,4.000355602329364e-12
11006420.0,4.000355602329364e-12
11009620.0,4.000355602329364e-12
11012820.0,4.000355602329364e-12
11016020.0,4.000355602329364e-12
11019220.0,4.000355602329364e-12
11022420.0,4.000355602329364e-12
11025620.0,4.000355602329364e-12
11028820.0,4.000355602329364e-12
11032020.0,4.000355602329364e-12
11035220.0,4.000355602329364e-12
11038420.0,4.000355602329364e-12
11041620.0,4.000355602329364e-12
11044820.0,4.000355602329364e-12
11048020.0,4.000355602329364e-12
11051220.0,4.000355602329364e-12
11054420.0,4.000355602329364e-12
11057620.0,4.000355602329364e-12
11060820.0,4.000355602329364e-12
11064020.0,4.000355602329364e-12
11067220.0,4.000355602329364e-12
11070420.0,4.000355602329364e-12
11073620.0,4.000355602329364e-12
11076820.0,4.000355602329364e-12
11080020.0,4.000355602329364e-12
11083220.0,4.000355602329364e-12
11086420.0,4.000355602329364e-12
11089620.0,4.000355602329364e-12
11092820.0,4.000355602329364e-12
11096020.0,4.000355602329364e-12
11099220.0,4.000355602329364e-12
11102420.0,4.000355602329364e-12
11105620.0,4.000355602329364e-12
11108820.0,4.000355602329364e-12
11112020.0,4.000355602329364e-12
11115220.0,4.000355602329364e-12
11118420.0,4.000355602329364e-12
11121620.0,4.000355602329364e-12
11124820.0,4.000355602329364e-12
11128020.0,4.000355602329364e-12
11131220.0,4.000355602329364e-12
11134420.0,4.000355602329364e-12
11137620.0,4.000355602329364e-12
11140820.0,4.000355602329364e-12
11144020.0,4.000355602329364e-12
11147220.0,4.000355602329364e-12
11150420.0,4.000355602329364e-12
11153620.0,4.000355602329364e-12
11156820.0,4.000355602329364e-12
11160020.0,4.000355602329364e-12
11163220.0,4.000355602329364e-12
11166420.0,4.000355602329364e-12
11169620.0,4.000355602329364e-12
11172820.0,4.000355602329364e-12
11176020.0,4.000355602329364e-12
11179220.0,4.000355602329364e-12
11182420.0,4.000355602329364e-12
11185620.0,4.000355602329364e-12
11188820.0,4.000355602329364e-12
11192020.0,4.000355602329364e-12
11195220.0,4.000355602329364e-12
11198420.0,4.000355602329364e-12
11201620.0,4.000355602329364e-12
11204820.0,4.000355602329364e-12
11208020.0,4.000355602329364e-12
11211220.0,4.000355602329364e-12
11214420.0,4.000355602329364e-12
11217620.0,4.000355602329364e-12
11220820.0,4.000355602329364e-12
11224020.0,4.000355602329364e-12
11227220.0,4.000355602329364e-12
11230420.0,4.000355602329364e-12
11233620.0,4.000355602329364e-12
11236820.0,4.000355602329364e-12
11240020.0,4.000355602329364e-12
11243220.0,4.000355602329364e-12
11246420.0,4.000355602329364e-12
11249620.0,4.000355602329364e-12
11252820.0,4.000355602329364e-12
11256020.0,4.000355602329364e-12
11259220.0,4.000355602329364e-12
11262420.0,4.000355602329364e-12
11265620.0,4.000355602329364e-12
11268820.0,4.000355602329364e-12
11272020.0,4.000355602329364e-12
11275220.0,4.000355602329364e-12
11278420.0,4.000355602329364e-12
11281620.0,4.000355602329364e-12
11284820.0,4.000355602329364e-12
11288020.0,4.000355602329364e-12
11291220.0,4.000355602329364e-12
11294420.0,4.000355602329364e-12
11297620.0,4.000355602329364e-12
11300820.0,4.000355602329364e-12
11304020.0,4.000355602329364e-12
11307220.0,4.000355602329364e-12
11310420.0,4.000355602329364e-12
11313620.0,4.000355602329364e-12
11316820.0,4.000355602329364e-12
11320020.0,4.000355602329364e-12
11323220.0,4.000355602329364e-12
11326420.0,4.000355602329364e-12
11329620.0,4.000355602329364e-12
11332820.0,4.000355602329364e-12
11336020.0,4.000355602329364e-12
11339220.0,4.000355602329364e-12
11342420.0,4.000355602329364e-12
11345620.0,4.000355602329364e-12
11348820.0,4.000355602329364e-12
11352020.0,4.000355602329364e-12
11355220.0,4.000355602329364e-12
11358420.0,4.000355602329364e-12
11361620.0,4.000355602329364e-12
11364820.0,4.000355602329364e-12
11368020.0,4.000355602329364e-12
11371220.0,4.000355602329364e-12
11374420.0,4.000355602329364e-12
11377620.0,4.000355602329364e-12
11380820.0,4.000355602329364e-12
11384020.0,4.000355602329364e-12
11387220.0,4.000355602329364e-12
11390420.0,4.000355602329364e-12
11393620.0,4.000355602329364e-12
11396820.0,4.000355602329364e-12
11400020.0,4.000355602329364e-12
11403220.0,4.000355602329364e-12
11406420.0,4.000355602329364e-12
11409620.0,4.000355602329364e-12
11412820.0,4.000355602329364e-12
11416020.0,4.000355602329364e-12
11419220.0,4.000355602329364e-12
11422420.0,4.000355602329364e-12
11425620.0,4.000355602329364e-12
11428820.0,4.000355602329364e-12
11432020.0,4.000355602329364e-12
11435220.0,4.000355602329364e-12
11438420.0,4.000355602329364e-12
11441620.0,4.000355602329364e-12
11444820.0,4.000355602329364e-12
11448020.0,4.000355602329364e-12
11451220.0,4.000355602329364e-12
11454420.0,4.000355602329364e-12
11457620.0,4.000355602329364e-12
11460820.0,4.000355602329364e-12
11464020.0,4.000355602329364e-12
11467220.0,4.000355602329364e-12
11470420.0,4.000355602329364e-12
11473620.0,4.000355602329364e-12
11476820.0,4.000355602329364e-12
11480020.0,4.000355602329364e-12
11483220.0,4.000355602329364e-12
11486420.0,4.000355602329364e-12
11489620.0,4.000355602329364e-12
11492820.0,4.000355602329364e-12
11496020.0,4.000355602329364e-12
11499220.0,4.000355602329364e-12
11502420.0,4.000355602329364e-12
11505620.0,4.000355602329364e-12
11508820.0,4.000355602329364e-12
11512020.0,4.000355602329364e-12
11515220.0,4.000355602329364e-12
11518420.0,4.000355602329364e-12
11521620.0,4.000355602329364e-12
11524820.0,4.000355602329364e-12
11528020.0,4.000355602329364e-12
11531220.0,4.000355602329364e-12
11534420.0,4.000355602329364e-12
11537620.0,4.000355602329364e-12
11540820.0,4.000355602329364e-12
11544020.0,4.000355602329364e-12
11547220.0,4.000355602329364e-12
11550420.0,4.000355602329364e-12
11553620.0,4.000355602329364e-12
11556820.0,4.000355602329364e-12
11560020.0,4.000355602329364e-12
11563220.0,4.000355602329364e-12
11566420.0,4.000355602329364e-12
11569620.0,4.000355602329364e-12
11572820.0,4.000355602329364e-12
11576020.0,4.000355602329364e-12
11579220.0,4.000355602329364e-12
11582420.0,4.000355602329364e-12
11585620.0,4.000355602329364e-12
11588820.0,4.000355602329364e-12
11592020.0,4.000355602329364e-12
11595220.0,4.000355602329364e-12
11598420.0,4.000355602329364e-12
11601620.0,4.000355602329364e-12
11604820.0,4.000355602329364e-12
11608020.0,4.000355602329364e-12
11611220.0,4.000355602329364e-12
11614420.0,4.000355602329364e-12
11617620.0,4.000355602329364e-12
11620820.0,4.000355602329364e-12
11624020.0,4.000355602329364e-12
11627220.0,4.000355602329364e-12
11630420.0,4.000355602329364e-12
11633620.0,4.000355602329364e-12
11636820.0,4.000355602329364e-12
11640020.0,4.000355602329364e-12
11643220.0,4.000355602329364e-12
11646420.0,4.000355602329364e-12
11649620.0,4.000355602329364e-12
11652820.0,4.000355602329364e-12
11656020.0,4.000355602329364e-12
11659220.0,4.000355602329364e-12
11662420.0,4.000355602329364e-12
11665620.0,4.000355602329364e-12
11668820.0,4.000355602329364e-12
11672020.0,4.000355602329364e-12
11675220.0,4.000355602329364e-12
11678420.0,4.000355602329364e-12
11681620.0,4.000355602329364e-12
11684820.0,4.000355602329364e-12
11688020.0,4.000355602329364e-12
11691220.0,4.000355602329364e-12
11694420.0,4.000355602329364e-12
11697620.0,4.000355602329364e-12
11700820.0,4.000355602329364e-12
11704020.0,4.000355602329364e-12
11707220.0,4.000355602329364e-12
11710420.0,4.000355602329364e-12
11713620.0,4.000355602329364e-12
11716820.0,4.000355602329364e-12
11720020.0,4.000355602329364e-12
11723220.0,4.000355602329364e-12
11726420.0,4.000355602329364e-12
11729620.0,4.000355602329364e-12
11732820.0,4.000355602329364e-12
11736020.0,4.000355602329364e-12
11739220.0,4.000355602329364e-12
11742420.0,4.000355602329364e-12
11745620.0,4.000355602329364e-12
11748820.0,4.000355602329364e-12
11752020.0,4.000355602329364e-12
11755220.0,4.000355602329364e-12
11758420.0,4.000355602329364e-12
11761620.0,4.000355602329364e-12
11764820.0,4.000355602329364e-12
11768020.0,4.000355602329364e-12
11771220.0,4.000355602329364e-12
11774420.0,4.000355602329364e-12
11777620.0,4.000355602329364e-12
11780820.0,4.000355602329364e-12
11784020.0,4.000355602329364e-12
11787220.0,4.000355602329364e-12
11790420.0,4.000355602329364e-12
11793620.0,4.000355602329364e-12
11796820.0,4.000355602329364e-12
11800020.0,4.000355602329364e-12
11803220.0,4.000355602329364e-12
11806420.0,4.000355602329364e-12
11809620.0,4.000355602329364e-12
11812820.0,4.000355602329364e-12
11816020.0,4.000355602329364e-12
11819220.0,4.000355602329364e-12
11822420.0,4.000355602329364e-12
11825620.0,4.000355602329364e-12
11828820.0,4.000355602329364e-12
11832020.0,4.000355602329364e-12
11835220.0,4.000355602329364e-12
11838420.0,4.000355602329364e-12
11841620.0,4.000355602329364e-12
11844820.0,4.000355602329364e-12
11848020.0,4.000355602329364e-12
11851220.0,4.000355602329364e-12
11854420.0,4.000355602329364e-12
11857620.0,4.000355602329364e-12
11860820.0,4.000355602329364e-12
11864020.0,4.000355602329364e-12
11867220.0,4.000355602329364e-12
11870420.0,4.000355602329364e-12
11873620.0,4.000355602329364e-12
11876820.0,4.000355602329364e-12
11880020.0,4.000355602329364e-12
11883220.0,4.000355602329364e-12
11886420.0,4.000355602329364e-12
11889620.0,4.000355602329364e-12
11892820.0,4.000355602329364e-12
11896020.0,4.000355602329364e-12
11899220.0,4.000355602329364e-12
11902420.0,4.000355602329364e-12
11905620.0,4.000355602329364e-12
11908820.0,4.000355602329364e-12
11912020.0,4.000355602329364e-12
11915220.0,4.000355602329364e-12
11918420.0,4.000355602329364e-12
11921620.0,4.000355602329364e-12
11924820.0,4.000355602329364e-12
11928020.0,4.000355602329364e-12
11931220.0,4.000355602329364e-12
11934420.0,4.000355602329364e-12
11937620.0,4.000355602329364e-12
11940820.0,4.000355602329364e-12
11944020.0,4.000355602329364e-12
11947220.0,4.000355602329364e-12
11950420.0,4.000355602329364e-12
11953620.0,4.000355602329364e-12
11956820.0,4.000355602329364e-12
11960020.0,4.000355602329364e-12
11963220.0,4.000355602329364e-12
11966420.0,4.000355602329364e-12
11969620.0,4.000355602329364e-12
11972820.0,4.000355602329364e-12
11976020.0,4.000355602329364e-12
11979220.0,4.000355602329364e-12
11982420.0,4.000355602329364e-12
11985620.0,4.000355602329364e-12
11988820.0,4.000355602329364e-12
11992020.0,4.000355602329364e-12
11995220.0,4.000355602329364e-12
11998420.0,4.000355602329364e-12
12001620.0,4.000355602329364e-12
12004820.0,4.000355602329364e-12
12008020.0,4.000355602329364e-12
12011220.0,4.000355602329364e-12
12014420.0,4.000355602329364e-12
12017620.0,4.000355602329364e-12
12020820.0,4.000355602329364e-12
12024020.0,4.000355602329364e-12
12027220.0,4.000355602329364e-12
12030420.0,4.000355602329364e-12
12033620.0,4.000355602329364e-12
12036820.0,4.000355602329364e-12
12040020.0,4.000355602329364e-12
12043220.0,4.000355602329364e-12
12046420.0,4.000355602329364e-12
12049620.0,4.000355602329364e-12
12052820.0,4.000355602329364e-12
12056020.0,4.000355602329364e-12
12059220.0,4.000355602329364e-12
12062420.0,4.000355602329364e-12
12065620.0,4.000355602329364e-12
12068820.0,4.000355602329364e-12
12072020.0,4.000355602329364e-12
12075220.0,4.000355602329364e-12
12078420.0,4.000355602329364e-12
12081620.0,4.000355602329364e-12
12084820.0,4.000355602329364e-12
12088020.0,4.000355602329364e-12
12091220.0,4.000355602329364e-12
12094420.0,4.000355602329364e-12
12097620.0,4.000355602329364e-12
12100820.0,4.000355602329364e-12
12104020.0,4.000355602329364e-12
12107220.0,4.000355602329364e-12
12110420.0,4.000355602329364e-12
12113620.0,4.000355602329364e-12
12116820.0,4.000355602329364e-12
12120020.0,4.000355602329364e-12
12123220.0,4.000355602329364e-12
12126420.0,4.000355602329364e-12
12129620.0,4.000355602329364e-12
12132820.0,4.000355602329364e-12
12136020.0,4.000355602329364e-12
12139220.0,4.000355602329364e-12
12142420.0,4.000355602329364e-12
12145620.0,4.000355602329364e-12
12148820.0,4.000355602329364e-12
12152020.0,4.000355602329364e-12
12155220.0,4.000355602329364e-12
12158420.0,4.000355602329364e-12
12161620.0,4.000355602329364e-12
12164820.0,4.000355602329364e-12
12168020.0,4.000355602329364e-12
12171220.0,4.000355602329364e-12
12174420.0,4.000355602329364e-12
12177620.0,4.000355602329364e-12
12180820.0,4.000355602329364e-12
12184020.0,4.000355602329364e-12
12187220.0,4.000355602329364e-12
12190420.0,4.000355602329364e-12
12193620.0,4.000355602329364e-12
12196820.0,4.000355602329364e-12
12200020.0,4.000355602329364e-12
12203220.0,4.000355602329364e-12
12206420.0,4.000355602329364e-12
12209620.0,4.000355602329364e-12
12212820.0,4.000355602329364e-12
12216020.0,4.000355602329364e-12
12219220.0,4.000355602329364e-12
12222420.0,4.000355602329364e-12
12225620.0,4.000355602329364e-12
12228820.0,4.000355602329364e-12
12232020.0,4.000355602329364e-12
12235220.0,4.000355602329364e-12
12238420.0,4.000355602329364e-12
12241620.0,4.000355602329364e-12
12244820.0,4.000355602329364e-12
12248020.0,4.000355602329364e-12
12251220.0,4.000355602329364e-12
12254420.0,4.000355602329364e-12
12257620.0,4.000355602329364e-12
12260820.0,4.000355602329364e-12
12264020.0,4.000355602329364e-12
12267220.0,4.000355602329364e-12
12270420.0,4.000355602329364e-12
12273620.0,4.000355602329364e-12
12276820.0,4.000355602329364e-12
12280020.0,4.000355602329364e-12
12283220.0,4.000355602329364e-12
12286420.0,4.000355602329364e-12
12289620.0,4.000355602329364e-12
12292820.0,4.000355602329364e-12
12296020.0,4.000355602329364e-12
12299220.0,4.000355602329364e-12
12302420.0,4.000355602329364e-12
12305620.0,4.000355602329364e-12
12308820.0,4.000355602329364e-12
12312020.0,4.000355602329364e-12
12315220.0,4.000355602329364e-12
12318420.0,4.000355602329364e-12
12321620.0,4.000355602329364e-12
12324820.0,4.000355602329364e-12
12328020.0,4.000355602329364e-12
12331220.0,4.000355602329364e-12
12334420.0,4.000355602329364e-12
12337620.0,4.000355602329364e-12
12340820.0,4.000355602329364e-12
12344020.0,4.000355602329364e-12
12347220.0,4.000355602329364e-12
12350420.0,4.000355602329364e-12
12353620.0,4.000355602329364e-12
12356820.0,4.000355602329364e-12
12360020.0,4.000355602329364e-12
12363220.0,4.000355602329364e-12
12366420.0,4.000355602329364e-12
12369620.0,4.000355602329364e-12
12372820.0,4.000355602329364e-12
12376020.0,4.000355602329364e-12
12379220.0,4.000355602329364e-12
12382420.0,4.000355602329364e-12
12385620.0,4.000355602329364e-12
12388820.0,4.000355602329364e-12
12392020.0,4.000355602329364e-12
12395220.0,4.000355602329364e-12
12398420.0,4.000355602329364e-12
12401620.0,4.000355602329364e-12
12404820.0,4.000355602329364e-12
12408020.0,4.000355602329364e-12
12411220.0,4.000355602329364e-12
12414420.0,4.000355602329364e-12
12417620.0,4.000355602329364e-12
12420820.0,4.000355602329364e-12
12424020.0,4.000355602329364e-12
12427220.0,4.000355602329364e-12
12430420.0,4.000355602329364e-12
12433620.0,4.000355602329364e-12
12436820.0,4.000355602329364e-12
12440020.0,4.000355602329364e-12
12443220.0,4.000355602329364e-12
12446420.0,4.000355602329364e-12
12449620.0,4.000355602329364e-12
12452820.0,4.000355602329364e-12
12456020.0,4.000355602329364e-12
12459220.0,4.000355602329364e-12
12462420.0,4.000355602329364e-12
12465620.0,4.000355602329364e-12
12468820.0,4.000355602329364e-12
12472020.0,4.000355602329364e-12
12475220.0,4.000355602329364e-12
12478420.0,4.000355602329364e-12
12481620.0,4.000355602329364e-12
12484820.0,4.000355602329364e-12
12488020.0,4.000355602329364e-12
12491220.0,4.000355602329364e-12
12494420.0,4.000355602329364e-12
12497620.0,4.000355602329364e-12
12500820.0,4.000355602329364e-12
12504020.0,4.000355602329364e-12
12507220.0,4.000355602329364e-12
12510420.0,4.000355602329364e-12
12513620.0,4.000355602329364e-12
12516820.0,4.000355602329364e-12
12520020.0,4.000355602329364e-12
12523220.0,4.000355602329364e-12
12526420.0,4.000355602329364e-12
12529620.0,4.000355602329364e-12
12532820.0,4.000355602329364e-12
12536020.0,4.000355602329364e-12
12539220.0,4.000355602329364e-12
12542420.0,4.000355602329364e-12
12545620.0,4.000355602329364e-12
12548820.0,4.000355602329364e-12
12552020.0,4.000355602329364e-12
12555220.0,4.000355602329364e-12
12558420.0,4.000355602329364e-12
12561620.0,4.000355602329364e-12
12564820.0,4.000355602329364e-12
12568020.0,4.000355602329364e-12
12571220.0,4.000355602329364e-12
12574420.0,4.000355602329364e-12
12577620.0,4.000355602329364e-12
12580820.0,4.000355602329364e-12
12584020.0,4.000355602329364e-12
12587220.0,4.000355602329364e-12
12590420.0,4.000355602329364e-12
12593620.0,4.000355602329364e-12
12596820.0,4.000355602329364e-12
12600020.0,4.000355602329364e-12
12603220.0,4.000355602329364e-12
12606420.0,4.000355602329364e-12
12609620.0,4.000355602329364e-12
12612820.0,4.000355602329364e-12
12616020.0,4.000355602329364e-12
12619220.0,4.000355602329364e-12
12622420.0,4.000355602329364e-12
12625620.0,4.000355602329364e-12
12628820.0,4.000355602329364e-12
12632020.0,4.000355602329364e-12
12635220.0,4.000355602329364e-12
12638420.0,4.000355602329364e-12
12641620.0,4.000355602329364e-12
12644820.0,4.000355602329364e-12
12648020.0,4.000355602329364e-12
12651220.0,4.000355602329364e-12
12654420.0,4.000355602329364e-12
12657620.0,4.000355602329364e-12
12660820.0,4.000355602329364e-12
12664020.0,4.000355602329364e-12
12667220.0,4.000355602329364e-12
12670420.0,4.000355602329364e-12
12673620.0,4.000355602329364e-12
12676820.0,4.000355602329364e-12
12680020.0,4.000355602329364e-12
12683220.0,4.000355602329364e-12
12686420.0,4.000355602329364e-12
12689620.0,4.000355602329364e-12
12692820.0,4.000355602329364e-12
12696020.0,4.000355602329364e-12
12699220.0,4.000355602329364e-12
12702420.0,4.000355602329364e-12
12705620.0,4.000355602329364e-12
12708820.0,4.000355602329364e-12
12712020.0,4.000355602329364e-12
12715220.0,4.000355602329364e-12
12718420.0,4.000355602329364e-12
12721620.0,4.000355602329364e-12
12724820.0,4.000355602329364e-12
12728020.0,4.000355602329364e-12
12731220.0,4.000355602329364e-12
12734420.0,4.000355602329364e-12
12737620.0,4.000355602329364e-12
12740820.0,4.000355602329364e-12
12744020.0,4.000355602329364e-12
12747220.0,4.000355602329364e-12
12750420.0,4.000355602329364e-12
12753620.0,4.000355602329364e-12
12756820.0,4.000355602329364e-12
12760020.0,4.000355602329364e-12
12763220.0,4.000355602329364e-12
12766420.0,4.000355602329364e-12
12769620.0,4.000355602329364e-12
12772820.0,4.000355602329364e-12
12776020.0,4.000355602329364e-12
12779220.0,4.000355602329364e-12
12782420.0,4.000355602329364e-12
12785620.0,4.000355602329364e-12
12788820.0,4.000355602329364e-12
12792020.0,4.000355602329364e-12
12795220.0,4.000355602329364e-12
12798420.0,4.000355602329364e-12
12801620.0,4.000355602329364e-12
12804820.0,4.000355602329364e-12
12808020.0,4.000355602329364e-12
12811220.0,4.000355602329364e-12
12814420.0,4.000355602329364e-12
12817620.0,4.000355602329364e-12
12820820.0,4.000355602329364e-12
12824020.0,4.000355602329364e-12
12827220.0,4.000355602329364e-12
12830420.0,4.000355602329364e-12
12833620.0,4.000355602329364e-12
12836820.0,4.000355602329364e-12
12840020.0,4.000355602329364e-12
12843220.0,4.000355602329364e-12
12846420.0,4.000355602329364e-12
12849620.0,4.000355602329364e-12
12852820.0,4.000355602329364e-12
12856020.0,4.000355602329364e-12
12859220.0,4.000355602329364e-12
12862420.0,4.000355602329364e-12
12865620.0,4.000355602329364e-12
12868820.0,4.000355602329364e-12
12872020.0,4.000355602329364e-12
12875220.0,4.000355602329364e-12
12878420.0,4.000355602329364e-12
12881620.0,4.000355602329364e-12
12884820.0,4.000355602329364e-12
12888020.0,4.000355602329364e-12
12891220.0,4.000355602329364e-12
12894420.0,4.000355602329364e-12
12897620.0,4.000355602329364e-12
12900820.0,4.000355602329364e-12
12904020.0,4.000355602329364e-12
12907220.0,4.000355602329364e-12
12910420.0,4.000355602329364e-12
12913620.0,4.000355602329364e-12
12916820.0,4.000355602329364e-12
12920020.0,4.000355602329364e-12
12923220.0,4.000355602329364e-12
12926420.0,4.000355602329364e-12
12929620.0,4.000355602329364e-12
12932820.0,4.000355602329364e-12
12936020.0,4.000355602329364e-12
12939220.0,4.000355602329364e-12
12942420.0,4.000355602329364e-12
12945620.0,4.000355602329364e-12
12948820.0,4.000355602329364e-12
12952020.0,4.000355602329364e-12
12955220.0,4.000355602329364e-12
12958420.0,4.000355602329364e-12
12961620.0,4.000355602329364e-12
12964820.0,4.000355602329364e-12
12968020.0,4.000355602329364e-12
12971220.0,4.000355602329364e-12
12974420.0,4.000355602329364e-12
12977620.0,4.000355602329364e-12
12980820.0,4.000355602329364e-12
12984020.0,4.000355602329364e-12
12987220.0,4.000355602329364e-12
12990420.0,4.000355602329364e-12
12993620.0,4.000355602329364e-12
12996820.0,4.000355602329364e-12
13000020.0,4.000355602329364e-12
13003220.0,4.000355602329364e-12
13006420.0,4.000355602329364e-12
13009620.0,4.000355602329364e-12
13012820.0,4.000355602329364e-12
13016020.0,4.000355602329364e-12
13019220.0,4.000355602329364e-12
13022420.0,4.000355602329364e-12
13025620.0,4.000355602329364e-12
13028820.0,4.000355602329364e-12
13032020.0,4.000355602329364e-12
13035220.0,4.000355602329364e-12
13038420.0,4.000355602329364e-12
13041620.0,4.000355602329364e-12
13044820.0,4.000355602329364e-12
13048020.0,4.000355602329364e-12
13051220.0,4.000355602329364e-12
13054420.0,4.000355602329364e-12
13057620.0,4.000355602329364e-12
13060820.0,4.000355602329364e-12
13064020.0,4.000355602329364e-12
13067220.0,4.000355602329364e-12
13070420.0,4.000355602329364e-12
13073620.0,4.000355602329364e-12
13076820.0,4.000355602329364e-12
13080020.0,4.000355602329364e-12
13083220.0,4.000355602329364e-12
13086420.0,4.000355602329364e-12
13089620.0,4.000355602329364e-12
13092820.0,4.000355602329364e-12
13096020.0,4.000355602329364e-12
13099220.0,4.000355602329364e-12
13102420.0,4.000355602329364e-12
13105620.0,4.000355602329364e-12
13108820.0,4.000355602329364e-12
13112020.0,4.000355602329364e-12
13115220.0,4.000355602329364e-12
13118420.0,4.000355602329364e-12
13121620.0,4.000355602329364e-12
13124820.0,4.000355602329364e-12
13128020.0,4.000355602329364e-12
13131220.0,4.000355602329364e-12
13134420.0,4.000355602329364e-12
13137620.0,4.000355602329364e-12
13140820.0,4.000355602329364e-12
13144020.0,4.000355602329364e-12
13147220.0,4.000355602329364e-12
13150420.0,4.000355602329364e-12
13153620.0,4.000355602329364e-12
13156820.0,4.000355602329364e-12
13160020.0,4.000355602329364e-12
13163220.0,4.000355602329364e-12
13166420.0,4.000355602329364e-12
13169620.0,4.000355602329364e-12
13172820.0,4.000355602329364e-12
13176020.0,4.000355602329364e-12
13179220.0,4.000355602329364e-12
13182420.0,4.000355602329364e-12
13185620.0,4.000355602329364e-12
13188820.0,4.000355602329364e-12
13192020.0,4.000355602329364e-12
13195220.0,4.000355602329364e-12
13198420.0,4.000355602329364e-12
13201620.0,4.000355602329364e-12
13204820.0,4.000355602329364e-12
13208020.0,4.000355602329364e-12
13211220.0,4.000355602329364e-12
13214420.0,4.000355602329364e-12
13217620.0,4.000355602329364e-12
13220820.0,4.000355602329364e-12
13224020.0,4.000355602329364e-12
13227220.0,4.000355602329364e-12
13230420.0,4.000355602329364e-12
13233620.0,4.000355602329364e-12
13236820.0,4.000355602329364e-12
13240020.0,4.000355602329364e-12
13243220.0,4.000355602329364e-12
13246420.0,4.000355602329364e-12
13249620.0,4.000355602329364e-12
13252820.0,4.000355602329364e-12
13256020.0,4.000355602329364e-12
13259220.0,4.000355602329364e-12
13262420.0,4.000355602329364e-12
13265620.0,4.000355602329364e-12
13268820.0,4.000355602329364e-12
13272020.0,4.000355602329364e-12
13275220.0,4.000355602329364e-12
13278420.0,4.000355602329364e-12
13281620.0,4.000355602329364e-12
13284820.0,4.000355602329364e-12
13288020.0,4.000355602329364e-12
13291220.0,4.000355602329364e-12
13294420.0,4.000355602329364e-12
13297620.0,4.000355602329364e-12
13300820.0,4.000355602329364e-12
13304020.0,4.000355602329364e-12
13307220.0,4.000355602329364e-12
13310420.0,4.000355602329364e-12
13313620.0,4.000355602329364e-12
13316820.0,4.000355602329364e-12
13320020.0,4.000355602329364e-12
13323220.0,4.000355602329364e-12
13326420.0,4.000355602329364e-12
13329620.0,4.000355602329364e-12
13332820.0,4.000355602329364e-12
13336020.0,4.000355602329364e-12
13339220.0,4.000355602329364e-12
13342420.0,4.000355602329364e-12
13345620.0,4.000355602329364e-12
13348820.0,4.000355602329364e-12
13352020.0,4.000355602329364e-12
13355220.0,4.000355602329364e-12
13358420.0,4.000355602329364e-12
13361620.0,4.000355602329364e-12
13364820.0,4.000355602329364e-12
13368020.0,4.000355602329364e-12
13371220.0,4.000355602329364e-12
13374420.0,4.000355602329364e-12
13377620.0,4.000355602329364e-12
13380820.0,4.000355602329364e-12
13384020.0,4.000355602329364e-12
13387220.0,4.000355602329364e-12
13390420.0,4.000355602329364e-12
13393620.0,4.000355602329364e-12
13396820.0,4.000355602329364e-12
13400020.0,4.000355602329364e-12
13403220.0,4.000355602329364e-12
13406420.0,4.000355602329364e-12
13409620.0,4.000355602329364e-12
13412820.0,4.000355602329364e-12
13416020.0,4.000355602329364e-12
13419220.0,4.000355602329364e-12
13422420.0,4.000355602329364e-12
13425620.0,4.000355602329364e-12
13428820.0,4.000355602329364e-12
13432020.0,4.000355602329364e-12
13435220.0,4.000355602329364e-12
13438420.0,4.000355602329364e-12
13441620.0,4.000355602329364e-12
13444820.0,4.000355602329364e-12
13448020.0,4.000355602329364e-12
13451220.0,4.000355602329364e-12
13454420.0,4.000355602329364e-12
13457620.0,4.000355602329364e-12
13460820.0,4.000355602329364e-12
13464020.0,4.000355602329364e-12
13467220.0,4.000355602329364e-12
13470420.0,4.000355602329364e-12
13473620.0,4.000355602329364e-12
13476820.0,4.000355602329364e-12
13480020.0,4.000355602329364e-12
13483220.0,4.000355602329364e-12
13486420.0,4.000355602329364e-12
13489620.0,4.000355602329364e-12
13492820.0,4.000355602329364e-12
13496020.0,4.000355602329364e-12
13499220.0,4.000355602329364e-12
13502420.0,4.000355602329364e-12
13505620.0,4.000355602329364e-12
13508820.0,4.000355602329364e-12
13512020.0,4.000355602329364e-12
13515220.0,4.000355602329364e-12
13518420.0,4.000355602329364e-12
13521620.0,4.000355602329364e-12
13524820.0,4.000355602329364e-12
13528020.0,4.000355602329364e-12
13531220.0,4.000355602329364e-12
13534420.0,4.000355602329364e-12
13537620.0,4.000355602329364e-12
13540820.0,4.000355602329364e-12
13544020.0,4.000355602329364e-12
13547220.0,4.000355602329364e-12
13550420.0,4.000355602329364e-12
13553620.0,4.000355602329364e-12
13556820.0,4.000355602329364e-12
13560020.0,4.000355602329364e-12
13563220.0,4.000355602329364e-12
13566420.0,4.000355602329364e-12
13569620.0,4.000355602329364e-12
13572820.0,4.000355602329364e-12
13576020.0,4.000355602329364e-12
13579220.0,4.000355602329364e-12
13582420.0,4.000355602329364e-12
13585620.0,4.000355602329364e-12
13588820.0,4.000355602329364e-12
13592020.0,4.000355602329364e-12
13595220.0,4.000355602329364e-12
13598420.0,4.000355602329364e-12
13601620.0,4.000355602329364e-12
13604820.0,4.000355602329364e-12
13608020.0,4.000355602329364e-12
13611220.0,4.000355602329364e-12
13614420.0,4.000355602329364e-12
13617620.0,4.000355602329364e-12
13620820.0,4.000355602329364e-12
13624020.0,4.000355602329364e-12
13627220.0,4.000355602329364e-12
13630420.0,4.000355602329364e-12
13633620.0,4.000355602329364e-12
13636820.0,4.000355602329364e-12
13640020.0,4.000355602329364e-12
13643220.0,4.000355602329364e-12
13646420.0,4.000355602329364e-12
13649620.0,4.000355602329364e-12
13652820.0,4.000355602329364e-12
13656020.0,4.000355602329364e-12
13659220.0,4.000355602329364e-12
13662420.0,4.000355602329364e-12
13665620.0,4.000355602329364e-12
13668820.0,4.000355602329364e-12
13672020.0,4.000355602329364e-12
13675220.0,4.000355602329364e-12
13678420.0,4.000355602329364e-12
13681620.0,4.000355602329364e-12
13684820.0,4.000355602329364e-12
13688020.0,4.000355602329364e-12
13691220.0,4.000355602329364e-12
13694420.0,4.000355602329364e-12
13697620.0,4.000355602329364e-12
13700820.0,4.000355602329364e-12
13704020.0,4.000355602329364e-12
13707220.0,4.000355602329364e-12
13710420.0,4.000355602329364e-12
13713620.0,4.000355602329364e-12
13716820.0,4.000355602329364e-12
13720020.0,4.000355602329364e-12
13723220.0,4.000355602329364e-12
13726420.0,4.000355602329364e-12
13729620.0,4.000355602329364e-12
13732820.0,4.000355602329364e-12
13736020.0,4.000355602329364e-12
13739220.0,4.000355602329364e-12
13742420.0,4.000355602329364e-12
13745620.0,4.000355602329364e-12
13748820.0,4.000355602329364e-12
13752020.0,4.000355602329364e-12
13755220.0,4.000355602329364e-12
13758420.0,4.000355602329364e-12
13761620.0,4.000355602329364e-12
13764820.0,4.000355602329364e-12
13768020.0,4.000355602329364e-12
13771220.0,4.000355602329364e-12
13774420.0,4.000355602329364e-12
13777620.0,4.000355602329364e-12
13780820.0,4.000355602329364e-12
13784020.0,4.000355602329364e-12
13787220.0,4.000355602329364e-12
13790420.0,4.000355602329364e-12
13793620.0,4.000355602329364e-12
13796820.0,4.000355602329364e-12
13800020.0,4.000355602329364e-12
13803220.0,4.000355602329364e-12
13806420.0,4.000355602329364e-12
13809620.0,4.000355602329364e-12
13812820.0,4.000355602329364e-12
13816020.0,4.000355602329364e-12
13819220.0,4.000355602329364e-12
13822420.0,4.000355602329364e-12
13825620.0,4.000355602329364e-12
13828820.0,4.000355602329364e-12
13832020.0,4.000355602329364e-12
13835220.0,4.000355602329364e-12
13838420.0,4.000355602329364e-12
13841620.0,4.000355602329364e-12
13844820.0,4.000355602329364e-12
13848020.0,4.000355602329364e-12
13851220.0,4.000355602329364e-12
13854420.0,4.000355602329364e-12
13857620.0,4.000355602329364e-12
13860820.0,4.000355602329364e-12
13864020.0,4.000355602329364e-12
13867220.0,4.000355602329364e-12
13870420.0,4.000355602329364e-12
13873620.0,4.000355602329364e-12
13876820.0,4.000355602329364e-12
13880020.0,4.000355602329364e-12
13883220.0,4.000355602329364e-12
13886420.0,4.000355602329364e-12
13889620.0,4.000355602329364e-12
13892820.0,4.000355602329364e-12
13896020.0,4.000355602329364e-12
13899220.0,4.000355602329364e-12
13902420.0,4.000355602329364e-12
13905620.0,4.000355602329364e-12
13908820.0,4.000355602329364e-12
13912020.0,4.000355602329364e-12
13915220.0,4.000355602329364e-12
13918420.0,4.000355602329364e-12
13921620.0,4.000355602329364e-12
13924820.0,4.000355602329364e-12
13928020.0,4.000355602329364e-12
13931220.0,4.000355602329364e-12
13934420.0,4.000355602329364e-12
13937620.0,4.000355602329364e-12
13940820.0,4.000355602329364e-12
13944020.0,4.000355602329364e-12
13947220.0,4.000355602329364e-12
13950420.0,4.000355602329364e-12
13953620.0,4.000355602329364e-12
13956820.0,4.000355602329364e-12
13960020.0,4.000355602329364e-12
13963220.0,4.000355602329364e-12
13966420.0,4.000355602329364e-12
13969620.0,4.000355602329364e-12
13972820.0,4.000355602329364e-12
13976020.0,4.000355602329364e-12
13979220.0,4.000355602329364e-12
13982420.0,4.000355602329364e-12
13985620.0,4.000355602329364e-12
13988820.0,4.000355602329364e-12
13992020.0,4.000355602329364e-12
13995220.0,4.000355602329364e-12
13998420.0,4.000355602329364e-12
14001620.0,4.000355602329364e-12
14004820.0,4.000355602329364e-12
14008020.0,4.000355602329364e-12
14011220.0,4.000355602329364e-12
14014420.0,4.000355602329364e-12
14017620.0,4.000355602329364e-12
14020820.0,4.000355602329364e-12
14024020.0,4.000355602329364e-12
14027220.0,4.000355602329364e-12
14030420.0,4.000355602329364e-12
14033620.0,4.000355602329364e-12
14036820.0,4.000355602329364e-12
14040020.0,4.000355602329364e-12
14043220.0,4.000355602329364e-12
14046420.0,4.000355602329364e-12
14049620.0,4.000355602329364e-12
14052820.0,4.000355602329364e-12
14056020.0,4.000355602329364e-12
14059220.0,4.000355602329364e-12
14062420.0,4.000355602329364e-12
14065620.0,4.000355602329364e-12
14068820.0,4.000355602329364e-12
14072020.0,4.000355602329364e-12
14075220.0,4.000355602329364e-12
14078420.0,4.000355602329364e-12
14081620.0,4.000355602329364e-12
14084820.0,4.000355602329364e-12
14088020.0,4.000355602329364e-12
14091220.0,4.000355602329364e-12
14094420.0,4.000355602329364e-12
14097620.0,4.000355602329364e-12
14100820.0,4.000355602329364e-12
14104020.0,4.000355602329364e-12
14107220.0,4.000355602329364e-12
14110420.0,4.000355602329364e-12
14113620.0,4.000355602329364e-12
14116820.0,4.000355602329364e-12
14120020.0,4.000355602329364e-12
14123220.0,4.000355602329364e-12
14126420.0,4.000355602329364e-12
14129620.0,4.000355602329364e-12
14132820.0,4.000355602329364e-12
14136020.0,4.000355602329364e-12
14139220.0,4.000355602329364e-12
14142420.0,4.000355602329364e-12
14145620.0,4.000355602329364e-12
14148820.0,4.000355602329364e-12
14152020.0,4.000355602329364e-12
14155220.0,4.000355602329364e-12
14158420.0,4.000355602329364e-12
14161620.0,4.000355602329364e-12
14164820.0,4.000355602329364e-12
14168020.0,4.000355602329364e-12
14171220.0,4.000355602329364e-12
14174420.0,4.000355602329364e-12
14177620.0,4.000355602329364e-12
14180820.0,4.000355602329364e-12
14184020.0,4.000355602329364e-12
14187220.0,4.000355602329364e-12
14190420.0,4.000355602329364e-12
14193620.0,4.000355602329364e-12
14196820.0,4.000355602329364e-12
14200020.0,4.000355602329364e-12
14203220.0,4.000355602329364e-12
14206420.0,4.000355602329364e-12
14209620.0,4.000355602329364e-12
14212820.0,4.000355602329364e-12
14216020.0,4.000355602329364e-12
14219220.0,4.000355602329364e-12
14222420.0,4.000355602329364e-12
14225620.0,4.000355602329364e-12
14228820.0,4.000355602329364e-12
14232020.0,4.000355602329364e-12
14235220.0,4.000355602329364e-12
14238420.0,4.000355602329364e-12
14241620.0,4.000355602329364e-12
14244820.0,4.000355602329364e-12
14248020.0,4.000355602329364e-12
14251220.0,4.000355602329364e-12
14254420.0,4.000355602329364e-12
14257620.0,4.000355602329364e-12
14260820.0,4.000355602329364e-12
14264020.0,4.000355602329364e-12
14267220.0,4.000355602329364e-12
14270420.0,4.000355602329364e-12
14273620.0,4.000355602329364e-12
14276820.0,4.000355602329364e-12
14280020.0,4.000355602329364e-12
14283220.0,4.000355602329364e-12
14286420.0,4.000355602329364e-12
14289620.0,4.000355602329364e-12
14292820.0,4.000355602329364e-12
14296020.0,4.000355602329364e-12
14299220.0,4.000355602329364e-12
14302420.0,4.000355602329364e-12
14305620.0,4.000355602329364e-12
14308820.0,4.000355602329364e-12
14312020.0,4.000355602329364e-12
14315220.0,4.000355602329364e-12
14318420.0,4.000355602329364e-12
14321620.0,4.000355602329364e-12
14324820.0,4.000355602329364e-12
14328020.0,4.000355602329364e-12
14331220.0,4.000355602329364e-12
14334420.0,4.000355602329364e-12
14337620.0,4.000355602329364e-12
14340820.0,4.000355602329364e-12
14344020.0,4.000355602329364e-12
14347220.0,4.000355602329364e-12
14350420.0,4.000355602329364e-12
14353620.0,4.000355602329364e-12
14356820.0,4.000355602329364e-12
14360020.0,4.000355602329364e-12
14363220.0,4.000355602329364e-12
14366420.0,4.000355602329364e-12
14369620.0,4.000355602329364e-12
14372820.0,4.000355602329364e-12
14376020.0,4.000355602329364e-12
14379220.0,4.000355602329364e-12
14382420.0,4.000355602329364e-12
14385620.0,4.000355602329364e-12
14388820.0,4.000355602329364e-12
14392020.0,4.000355602329364e-12
14395220.0,4.000355602329364e-12
14398420.0,4.000355602329364e-12
14401620.0,4.000355602329364e-12
14404820.0,4.000355602329364e-12
14408020.0,4.000355602329364e-12
14411220.0,4.000355602329364e-12
14414420.0,4.000355602329364e-12
14417620.0,4.000355602329364e-12
14420820.0,4.000355602329364e-12
14424020.0,4.000355602329364e-12
14427220.0,4.000355602329364e-12
14430420.0,4.000355602329364e-12
14433620.0,4.000355602329364e-12
14436820.0,4.000355602329364e-12
14440020.0,4.000355602329364e-12
14443220.0,4.000355602329364e-12
14446420.0,4.000355602329364e-12
14449620.0,4.000355602329364e-12
14452820.0,4.000355602329364e-12
14456020.0,4.000355602329364e-12
14459220.0,4.000355602329364e-12
14462420.0,4.000355602329364e-12
14465620.0,4.000355602329364e-12
14468820.0,4.000355602329364e-12
14472020.0,4.000355602329364e-12
14475220.0,4.000355602329364e-12
14478420.0,4.000355602329364e-12
14481620.0,4.000355602329364e-12
14484820.0,4.000355602329364e-12
14488020.0,4.000355602329364e-12
14491220.0,4.000355602329364e-12
14494420.0,4.000355602329364e-12
14497620.0,4.000355602329364e-12
14500820.0,4.000355602329364e-12
14504020.0,4.000355602329364e-12
14507220.0,4.000355602329364e-12
14510420.0,4.000355602329364e-12
14513620.0,4.000355602329364e-12
14516820.0,4.000355602329364e-12
14520020.0,4.000355602329364e-12
14523220.0,4.000355602329364e-12
14526420.0,4.000355602329364e-12
14529620.0,4.000355602329364e-12
14532820.0,4.000355602329364e-12
14536020.0,4.000355602329364e-12
14539220.0,4.000355602329364e-12
14542420.0,4.000355602329364e-12
14545620.0,4.000355602329364e-12
14548820.0,4.000355602329364e-12
14552020.0,4.000355602329364e-12
14555220.0,4.000355602329364e-12
14558420.0,4.000355602329364e-12
14561620.0,4.000355602329364e-12
14564820.0,4.000355602329364e-12
14568020.0,4.000355602329364e-12
14571220.0,4.000355602329364e-12
14574420.0,4.000355602329364e-12
14577620.0,4.000355602329364e-12
14580820.0,4.000355602329364e-12
14584020.0,4.000355602329364e-12
14587220.0,4.000355602329364e-12
14590420.0,4.000355602329364e-12
14593620.0,4.000355602329364e-12
14596820.0,4.000355602329364e-12
14600020.0,4.000355602329364e-12
14603220.0,4.000355602329364e-12
14606420.0,4.000355602329364e-12
14609620.0,4.000355602329364e-12
14612820.0,4.000355602329364e-12
14616020.0,4.000355602329364e-12
14619220.0,4.000355602329364e-12
14622420.0,4.000355602329364e-12
14625620.0,4.000355602329364e-12
14628820.0,4.000355602329364e-12
14632020.0,4.000355602329364e-12
14635220.0,4.000355602329364e-12
14638420.0,4.000355602329364e-12
14641620.0,4.000355602329364e-12
14644820.0,4.000355602329364e-12
14648020.0,4.000355602329364e-12
14651220.0,4.000355602329364e-12
14654420.0,4.000355602329364e-12
14657620.0,4.000355602329364e-12
14660820.0,4.000355602329364e-12
14664020.0,4.000355602329364e-12
14667220.0,4.000355602329364e-12
14670420.0,4.000355602329364e-12
14673620.0,4.000355602329364e-12
14676820.0,4.000355602329364e-12
14680020.0,4.000355602329364e-12
14683220.0,4.000355602329364e-12
14686420.0,4.000355602329364e-12
14689620.0,4.000355602329364e-12
14692820.0,4.000355602329364e-12
14696020.0,4.000355602329364e-12
14699220.0,4.000355602329364e-12
14702420.0,4.000355602329364e-12
14705620.0,4.000355602329364e-12
14708820.0,4.000355602329364e-12
14712020.0,4.000355602329364e-12
14715220.0,4.000355602329364e-12
14718420.0,4.000355602329364e-12
14721620.0,4.000355602329364e-12
14724820.0,4.000355602329364e-12
14728020.0,4.000355602329364e-12
14731220.0,4.000355602329364e-12
14734420.0,4.000355602329364e-12
14737620.0,4.000355602329364e-12
14740820.0,4.000355602329364e-12
14744020.0,4.000355602329364e-12
14747220.0,4.000355602329364e-12
14750420.0,4.000355602329364e-12
14753620.0,4.000355602329364e-12
14756820.0,4.000355602329364e-12
14760020.0,4.000355602329364e-12
14763220.0,4.000355602329364e-12
14766420.0,4.000355602329364e-12
14769620.0,4.000355602329364e-12
14772820.0,4.000355602329364e-12
14776020.0,4.000355602329364e-12
14779220.0,4.000355602329364e-12
14782420.0,4.000355602329364e-12
14785620.0,4.000355602329364e-12
14788820.0,4.000355602329364e-12
14792020.0,4.000355602329364e-12
14795220.0,4.000355602329364e-12
14798420.0,4.000355602329364e-12
14801620.0,4.000355602329364e-12
14804820.0,4.000355602329364e-12
14808020.0,4.000355602329364e-12
14811220.0,4.000355602329364e-12
14814420.0,4.000355602329364e-12
14817620.0,4.000355602329364e-12
14820820.0,4.000355602329364e-12
14824020.0,4.000355602329364e-12
14827220.0,4.000355602329364e-12
14830420.0,4.000355602329364e-12
14833620.0,4.000355602329364e-12
14836820.0,4.000355602329364e-12
14840020.0,4.000355602329364e-12
14843220.0,4.000355602329364e-12
14846420.0,4.000355602329364e-12
14849620.0,4.000355602329364e-12
14852820.0,4.000355602329364e-12
14856020.0,4.000355602329364e-12
14859220.0,4.000355602329364e-12
14862420.0,4.000355602329364e-12
14865620.0,4.000355602329364e-12
14868820.0,4.000355602329364e-12
14872020.0,4.000355602329364e-12
14875220.0,4.000355602329364e-12
14878420.0,4.000355602329364e-12
14881620.0,4.000355602329364e-12
14884820.0,4.000355602329364e-12
14888020.0,4.000355602329364e-12
14891220.0,4.000355602329364e-12
14894420.0,4.000355602329364e-12
14897620.0,4.000355602329364e-12
14900820.0,4.000355602329364e-12
14904020.0,4.000355602329364e-12
14907220.0,4.000355602329364e-12
14910420.0,4.000355602329364e-12
14913620.0,4.000355602329364e-12
14916820.0,4.000355602329364e-12
14920020.0,4.000355602329364e-12
14923220.0,4.000355602329364e-12
14926420.0,4.000355602329364e-12
14929620.0,4.000355602329364e-12
14932820.0,4.000355602329364e-12
14936020.0,4.000355602329364e-12
14939220.0,4.000355602329364e-12
14942420.0,4.000355602329364e-12
14945620.0,4.000355602329364e-12
14948820.0,4.000355602329364e-12
14952020.0,4.000355602329364e-12
14955220.0,4.000355602329364e-12
14958420.0,4.000355602329364e-12
14961620.0,4.000355602329364e-12
14964820.0,4.000355602329364e-12
14968020.0,4.000355602329364e-12
14971220.0,4.000355602329364e-12
14974420.0,4.000355602329364e-12
14977620.0,4.000355602329364e-12
14980820.0,4.000355602329364e-12
14984020.0,4.000355602329364e-12
14987220.0,4.000355602329364e-12
14990420.0,4.000355602329364e-12
14993620.0,4.000355602329364e-12
14996820.0,4.000355602329364e-12
15000020.0,4.000355602329364e-12
15003220.0,4.000355602329364e-12
15006420.0,4.000355602329364e-12
15009620.0,4.000355602329364e-12
15012820.0,4.000355602329364e-12
15016020.0,4.000355602329364e-12
15019220.0,4.000355602329364e-12
15022420.0,4.000355602329364e-12
15025620.0,4.000355602329364e-12
15028820.0,4.000355602329364e-12
15032020.0,4.000355602329364e-12
15035220.0,4.000355602329364e-12
15038420.0,4.000355602329364e-12
15041620.0,4.000355602329364e-12
15044820.0,4.000355602329364e-12
15048020.0,4.000355602329364e-12
15051220.0,4.000355602329364e-12
15054420.0,4.000355602329364e-12
15057620.0,4.000355602329364e-12
15060820.0,4.000355602329364e-12
15064020.0,4.000355602329364e-12
15067220.0,4.000355602329364e-12
15070420.0,4.000355602329364e-12
15073620.0,4.000355602329364e-12
15076820.0,4.000355602329364e-12
15080020.0,4.000355602329364e-12
15083220.0,4.000355602329364e-12
15086420.0,4.000355602329364e-12
15089620.0,4.000355602329364e-12
15092820.0,4.000355602329364e-12
15096020.0,4.000355602329364e-12
15099220.0,4.000355602329364e-12
15102420.0,4.000355602329364e-12
15105620.0,4.000355602329364e-12
15108820.0,4.000355602329364e-12
15112020.0,4.000355602329364e-12
15115220.0,4.000355602329364e-12
15118420.0,4.000355602329364e-12
15121620.0,4.000355602329364e-12
15124820.0,4.000355602329364e-12
15128020.0,4.000355602329364e-12
15131220.0,4.000355602329364e-12
15134420.0,4.000355602329364e-12
15137620.0,4.000355602329364e-12
15140820.0,4.000355602329364e-12
15144020.0,4.000355602329364e-12
15147220.0,4.000355602329364e-12
15150420.0,4.000355602329364e-12
15153620.0,4.000355602329364e-12
15156820.0,4.000355602329364e-12
15160020.0,4.000355602329364e-12
15163220.0,4.000355602329364e-12
15166420.0,4.000355602329364e-12
15169620.0,4.000355602329364e-12
15172820.0,4.000355602329364e-12
15176020.0,4.000355602329364e-12
15179220.0,4.000355602329364e-12
15182420.0,4.000355602329364e-12
15185620.0,4.000355602329364e-12
15188820.0,4.000355602329364e-12
15192020.0,4.000355602329364e-12
15195220.0,4.000355602329364e-12
15198420.0,4.000355602329364e-12
15201620.0,4.000355602329364e-12
15204820.0,4.000355602329364e-12
15208020.0,4.000355602329364e-12
15211220.0,4.000355602329364e-12
15214420.0,4.000355602329364e-12
15217620.0,4.000355602329364e-12
15220820.0,4.000355602329364e-12
15224020.0,4.000355602329364e-12
15227220.0,4.000355602329364e-12
15230420.0,4.000355602329364e-12
15233620.0,4.000355602329364e-12
15236820.0,4.000355602329364e-12
15240020.0,4.000355602329364e-12
15243220.0,4.000355602329364e-12
15246420.0,4.000355602329364e-12
15249620.0,4.000355602329364e-12
15252820.0,4.000355602329364e-12
15256020.0,4.000355602329364e-12
15259220.0,4.000355602329364e-12
15262420.0,4.000355602329364e-12
15265620.0,4.000355602329364e-12
15268820.0,4.000355602329364e-12
15272020.0,4.000355602329364e-12
15275220.0,4.000355602329364e-12
15278420.0,4.000355602329364e-12
15281620.0,4.000355602329364e-12
15284820.0,4.000355602329364e-12
15288020.0,4.000355602329364e-12
15291220.0,4.000355602329364e-12
15294420.0,4.000355602329364e-12
15297620.0,4.000355602329364e-12
15300820.0,4.000355602329364e-12
15304020.0,4.000355602329364e-12
15307220.0,4.000355602329364e-12
15310420.0,4.000355602329364e-12
15313620.0,4.000355602329364e-12
15316820.0,4.000355602329364e-12
15320020.0,4.000355602329364e-12
15323220.0,4.000355602329364e-12
15326420.0,4.000355602329364e-12
15329620.0,4.000355602329364e-12
15332820.0,4.000355602329364e-12
15336020.0,4.000355602329364e-12
15339220.0,4.000355602329364e-12
15342420.0,4.000355602329364e-12
15345620.0,4.000355602329364e-12
15348820.0,4.000355602329364e-12
15352020.0,4.000355602329364e-12
15355220.0,4.000355602329364e-12
15358420.0,4.000355602329364e-12
15361620.0,4.000355602329364e-12
15364820.0,4.000355602329364e-12
15368020.0,4.000355602329364e-12
15371220.0,4.000355602329364e-12
15374420.0,4.000355602329364e-12
15377620.0,4.000355602329364e-12
15380820.0,4.000355602329364e-12
15384020.0,4.000355602329364e-12
15387220.0,4.000355602329364e-12
15390420.0,4.000355602329364e-12
15393620.0,4.000355602329364e-12
15396820.0,4.000355602329364e-12
15400020.0,4.000355602329364e-12
15403220.0,4.000355602329364e-12
15406420.0,4.000355602329364e-12
15409620.0,4.000355602329364e-12
15412820.0,4.000355602329364e-12
15416020.0,4.000355602329364e-12
15419220.0,4.000355602329364e-12
15422420.0,4.000355602329364e-12
15425620.0,4.000355602329364e-12
15428820.0,4.000355602329364e-12
15432020.0,4.000355602329364e-12
15435220.0,4.000355602329364e-12
15438420.0,4.000355602329364e-12
15441620.0,4.000355602329364e-12
15444820.0,4.000355602329364e-12
15448020.0,4.000355602329364e-12
15451220.0,4.000355602329364e-12
15454420.0,4.000355602329364e-12
15457620.0,4.000355602329364e-12
15460820.0,4.000355602329364e-12
15464020.0,4.000355602329364e-12
15467220.0,4.000355602329364e-12
15470420.0,4.000355602329364e-12
15473620.0,4.000355602329364e-12
15476820.0,4.000355602329364e-12
15480020.0,4.000355602329364e-12
15483220.0,4.000355602329364e-12
15486420.0,4.000355602329364e-12
15489620.0,4.000355602329364e-12
15492820.0,4.000355602329364e-12
15496020.0,4.000355602329364e-12
15499220.0,4.000355602329364e-12
15502420.0,4.000355602329364e-12
15505620.0,4.000355602329364e-12
15508820.0,4.000355602329364e-12
15512020.0,4.000355602329364e-12
15515220.0,4.000355602329364e-12
15518420.0,4.000355602329364e-12
15521620.0,4.000355602329364e-12
15524820.0,4.000355602329364e-12
15528020.0,4.000355602329364e-12
15531220.0,4.000355602329364e-12
15534420.0,4.000355602329364e-12
15537620.0,4.000355602329364e-12
15540820.0,4.000355602329364e-12
15544020.0,4.000355602329364e-12
15547220.0,4.000355602329364e-12
15550420.0,4.000355602329364e-12
15553620.0,4.000355602329364e-12
15556820.0,4.000355602329364e-12
15560020.0,4.000355602329364e-12
15563220.0,4.000355602329364e-12
15566420.0,4.000355602329364e-12
15569620.0,4.000355602329364e-12
15572820.0,4.000355602329364e-12
15576020.0,4.000355602329364e-12
15579220.0,4.000355602329364e-12
15582420.0,4.000355602329364e-12
15585620.0,4.000355602329364e-12
15588820.0,4.000355602329364e-12
15592020.0,4.000355602329364e-12
15595220.0,4.000355602329364e-12
15598420.0,4.000355602329364e-12
15601620.0,4.000355602329364e-12
15604820.0,4.000355602329364e-12
15608020.0,4.000355602329364e-12
15611220.0,4.000355602329364e-12
15614420.0,4.000355602329364e-12
15617620.0,4.000355602329364e-12
15620820.0,4.000355602329364e-12
15624020.0,4.000355602329364e-12
15627220.0,4.000355602329364e-12
15630420.0,4.000355602329364e-12
15633620.0,4.000355602329364e-12
15636820.0,4.000355602329364e-12
15640020.0,4.000355602329364e-12
15643220.0,4.000355602329364e-12
15646420.0,4.000355602329364e-12
15649620.0,4.000355602329364e-12
15652820.0,4.000355602329364e-12
15656020.0,4.000355602329364e-12
15659220.0,4.000355602329364e-12
15662420.0,4.000355602329364e-12
15665620.0,4.000355602329364e-12
15668820.0,4.000355602329364e-12
15672020.0,4.000355602329364e-12
15675220.0,4.000355602329364e-12
15678420.0,4.000355602329364e-12
15681620.0,4.000355602329364e-12
15684820.0,4.000355602329364e-12
15688020.0,4.000355602329364e-12
15691220.0,4.000355602329364e-12
15694420.0,4.000355602329364e-12
15697620.0,4.000355602329364e-12
15700820.0,4.000355602329364e-12
15704020.0,4.000355602329364e-12
15707220.0,4.000355602329364e-12
15710420.0,4.000355602329364e-12
15713620.0,4.000355602329364e-12
15716820.0,4.000355602329364e-12
15720020.0,4.000355602329364e-12
15723220.0,4.000355602329364e-12
15726420.0,4.000355602329364e-12
15729620.0,4.000355602329364e-12
15732820.0,4.000355602329364e-12
15736020.0,4.000355602329364e-12
15739220.0,4.000355602329364e-12
15742420.0,4.000355602329364e-12
15745620.0,4.000355602329364e-12
15748820.0,4.000355602329364e-12
15752020.0,4.000355602329364e-12
15755220.0,4.000355602329364e-12
15758420.0,4.000355602329364e-12
15761620.0,4.000355602329364e-12
15764820.0,4.000355602329364e-12
15768020.0,4.000355602329364e-12
15771220.0,4.000355602329364e-12
15774420.0,4.000355602329364e-12
15777620.0,4.000355602329364e-12
15780820.0,4.000355602329364e-12
15784020.0,4.000355602329364e-12
15787220.0,4.000355602329364e-12
15790420.0,4.000355602329364e-12
15793620.0,4.000355602329364e-12
15796820.0,4.000355602329364e-12
15800020.0,4.000355602329364e-12
15803220.0,4.000355602329364e-12
15806420.0,4.000355602329364e-12
15809620.0,4.000355602329364e-12
15812820.0,4.000355602329364e-12
15816020.0,4.000355602329364e-12
15819220.0,4.000355602329364e-12
15822420.0,4.000355602329364e-12
15825620.0,4.000355602329364e-12
15828820.0,4.000355602329364e-12
15832020.0,4.000355602329364e-12
15835220.0,4.000355602329364e-12
15838420.0,4.000355602329364e-12
15841620.0,4.000355602329364e-12
15844820.0,4.000355602329364e-12
15848020.0,4.000355602329364e-12
15851220.0,4.000355602329364e-12
15854420.0,4.000355602329364e-12
15857620.0,4.000355602329364e-12
15860820.0,4.000355602329364e-12
15864020.0,4.000355602329364e-12
15867220.0,4.000355602329364e-12
15870420.0,4.000355602329364e-12
15873620.0,4.000355602329364e-12
15876820.0,4.000355602329364e-12
15880020.0,4.000355602329364e-12
15883220.0,4.000355602329364e-12
15886420.0,4.000355602329364e-12
15889620.0,4.000355602329364e-12
15892820.0,4.000355602329364e-12
15896020.0,4.000355602329364e-12
15899220.0,4.000355602329364e-12
15902420.0,4.000355602329364e-12
15905620.0,4.000355602329364e-12
15908820.0,4.000355602329364e-12
15912020.0,4.000355602329364e-12
15915220.0,4.000355602329364e-12
15918420.0,4.000355602329364e-12
15921620.0,4.000355602329364e-12
15924820.0,4.000355602329364e-12
15928020.0,4.000355602329364e-12
15931220.0,4.000355602329364e-12
15934420.0,4.000355602329364e-12
15937620.0,4.000355602329364e-12
15940820.0,4.000355602329364e-12
15944020.0,4.000355602329364e-12
15947220.0,4.000355602329364e-12
15950420.0,4.000355602329364e-12
15953620.0,4.000355602329364e-12
15956820.0,4.000355602329364e-12
15960020.0,4.000355602329364e-12
15963220.0,4.000355602329364e-12
15966420.0,4.000355602329364e-12
15969620.0,4.000355602329364e-12
15972820.0,4.000355602329364e-12
15976020.0,4.000355602329364e-12
15979220.0,4.000355602329364e-12
15982420.0,4.000355602329364e-12
15985620.0,4.000355602329364e-12
15988820.0,4.000355602329364e-12
15992020.0,4.000355602329364e-12
15995220.0,4.000355602329364e-12
15998420.0,4.000355602329364e-12
16001620.0,4.000355602329364e-12
16004820.0,4.000355602329364e-12
16008020.0,4.000355602329364e-12
16011220.0,4.000355602329364e-12
16014420.0,4.000355602329364e-12
16017620.0,4.000355602329364e-12
16020820.0,4.000355602329364e-12
16024020.0,4.000355602329364e-12
16027220.0,4.000355602329364e-12
16030420.0,4.000355602329364e-12
16033620.0,4.000355602329364e-12
16036820.0,4.000355602329364e-12
16040020.0,4.000355602329364e-12
16043220.0,4.000355602329364e-12
16046420.0,4.000355602329364e-12
16049620.0,4.000355602329364e-12
16052820.0,4.000355602329364e-12
16056020.0,4.000355602329364e-12
16059220.0,4.000355602329364e-12
16062420.0,4.000355602329364e-12
16065620.0,4.000355602329364e-12
16068820.0,4.000355602329364e-12
16072020.0,4.000355602329364e-12
16075220.0,4.000355602329364e-12
16078420.0,4.000355602329364e-12
16081620.0,4.000355602329364e-12
16084820.0,4.000355602329364e-12
16088020.0,4.000355602329364e-12
16091220.0,4.000355602329364e-12
16094420.0,4.000355602329364e-12
16097620.0,4.000355602329364e-12
16100820.0,4.000355602329364e-12
16104020.0,4.000355602329364e-12
16107220.0,4.000355602329364e-12
16110420.0,4.000355602329364e-12
16113620.0,4.000355602329364e-12
16116820.0,4.000355602329364e-12
16120020.0,4.000355602329364e-12
16123220.0,4.000355602329364e-12
16126420.0,4.000355602329364e-12
16129620.0,4.000355602329364e-12
16132820.0,4.000355602329364e-12
16136020.0,4.000355602329364e-12
16139220.0,4.000355602329364e-12
16142420.0,4.000355602329364e-12
16145620.0,4.000355602329364e-12
16148820.0,4.000355602329364e-12
16152020.0,4.000355602329364e-12
16155220.0,4.000355602329364e-12
16158420.0,4.000355602329364e-12
16161620.0,4.000355602329364e-12
16164820.0,4.000355602329364e-12
16168020.0,4.000355602329364e-12
16171220.0,4.000355602329364e-12
16174420.0,4.000355602329364e-12
16177620.0,4.000355602329364e-12
16180820.0,4.000355602329364e-12
16184020.0,4.000355602329364e-12
16187220.0,4.000355602329364e-12
16190420.0,4.000355602329364e-12
16193620.0,4.000355602329364e-12
16196820.0,4.000355602329364e-12
16200020.0,4.000355602329364e-12
16203220.0,4.000355602329364e-12
16206420.0,4.000355602329364e-12
16209620.0,4.000355602329364e-12
16212820.0,4.000355602329364e-12
16216020.0,4.000355602329364e-12
16219220.0,4.000355602329364e-12
16222420.0,4.000355602329364e-12
16225620.0,4.000355602329364e-12
16228820.0,4.000355602329364e-12
16232020.0,4.000355602329364e-12
16235220.0,4.000355602329364e-12
16238420.0,4.000355602329364e-12
16241620.0,4.000355602329364e-12
16244820.0,4.000355602329364e-12
16248020.0,4.000355602329364e-12
16251220.0,4.000355602329364e-12
16254420.0,4.000355602329364e-12
16257620.0,4.000355602329364e-12
16260820.0,4.000355602329364e-12
16264020.0,4.000355602329364e-12
16267220.0,4.000355602329364e-12
16270420.0,4.000355602329364e-12
16273620.0,4.000355602329364e-12
16276820.0,4.000355602329364e-12
16280020.0,4.000355602329364e-12
16283220.0,4.000355602329364e-12
16286420.0,4.000355602329364e-12
16289620.0,4.000355602329364e-12
16292820.0,4.000355602329364e-12
16296020.0,4.000355602329364e-12
16299220.0,4.000355602329364e-12
16302420.0,4.000355602329364e-12
16305620.0,4.000355602329364e-12
16308820.0,4.000355602329364e-12
16312020.0,4.000355602329364e-12
16315220.0,4.000355602329364e-12
16318420.0,4.000355602329364e-12
16321620.0,4.000355602329364e-12
16324820.0,4.000355602329364e-12
16328020.0,4.000355602329364e-12
16331220.0,4.000355602329364e-12
16334420.0,4.000355602329364e-12
16337620.0,4.000355602329364e-12
16340820.0,4.000355602329364e-12
16344020.0,4.000355602329364e-12
16347220.0,4.000355602329364e-12
16350420.0,4.000355602329364e-12
16353620.0,4.000355602329364e-12
16356820.0,4.000355602329364e-12
16360020.0,4.000355602329364e-12
16363220.0,4.000355602329364e-12
16366420.0,4.000355602329364e-12
16369620.0,4.000355602329364e-12
16372820.0,4.000355602329364e-12
16376020.0,4.000355602329364e-12
16379220.0,4.000355602329364e-12
16382420.0,4.000355602329364e-12
16385620.0,4.000355602329364e-12
16388820.0,4.000355602329364e-12
16392020.0,4.000355602329364e-12
16395220.0,4.000355602329364e-12
16398420.0,4.000355602329364e-12
16401620.0,4.000355602329364e-12
16404820.0,4.000355602329364e-12
16408020.0,4.000355602329364e-12
16411220.0,4.000355602329364e-12
16414420.0,4.000355602329364e-12
16417620.0,4.000355602329364e-12
16420820.0,4.000355602329364e-12
16424020.0,4.000355602329364e-12
16427220.0,4.000355602329364e-12
16430420.0,4.000355602329364e-12
16433620.0,4.000355602329364e-12
16436820.0,4.000355602329364e-12
16440020.0,4.000355602329364e-12
16443220.0,4.000355602329364e-12
16446420.0,4.000355602329364e-12
16449620.0,4.000355602329364e-12
16452820.0,4.000355602329364e-12
16456020.0,4.000355602329364e-12
16459220.0,4.000355602329364e-12
16462420.0,4.000355602329364e-12
16465620.0,4.000355602329364e-12
16468820.0,4.000355602329364e-12
16472020.0,4.000355602329364e-12
16475220.0,4.000355602329364e-12
16478420.0,4.000355602329364e-12
16481620.0,4.000355602329364e-12
16484820.0,4.000355602329364e-12
16488020.0,4.000355602329364e-12
16491220.0,4.000355602329364e-12
16494420.0,4.000355602329364e-12
16497620.0,4.000355602329364e-12
16500820.0,4.000355602329364e-12
16504020.0,4.000355602329364e-12
16507220.0,4.000355602329364e-12
16510420.0,4.000355602329364e-12
16513620.0,4.000355602329364e-12
16516820.0,4.000355602329364e-12
16520020.0,4.000355602329364e-12
16523220.0,4.000355602329364e-12
16526420.0,4.000355602329364e-12
16529620.0,4.000355602329364e-12
16532820.0,4.000355602329364e-12
16536020.0,4.000355602329364e-12
16539220.0,4.000355602329364e-12
16542420.0,4.000355602329364e-12
16545620.0,4.000355602329364e-12
16548820.0,4.000355602329364e-12
16552020.0,4.000355602329364e-12
16555220.0,4.000355602329364e-12
16558420.0,4.000355602329364e-12
16561620.0,4.000355602329364e-12
16564820.0,4.000355602329364e-12
16568020.0,4.000355602329364e-12
16571220.0,4.000355602329364e-12
16574420.0,4.000355602329364e-12
16577620.0,4.000355602329364e-12
16580820.0,4.000355602329364e-12
16584020.0,4.000355602329364e-12
16587220.0,4.000355602329364e-12
16590420.0,4.000355602329364e-12
16593620.0,4.000355602329364e-12
16596820.0,4.000355602329364e-12
16600020.0,4.000355602329364e-12
16603220.0,4.000355602329364e-12
16606420.0,4.000355602329364e-12
16609620.0,4.000355602329364e-12
16612820.0,4.000355602329364e-12
16616020.0,4.000355602329364e-12
16619220.0,4.000355602329364e-12
16622420.0,4.000355602329364e-12
16625620.0,4.000355602329364e-12
16628820.0,4.000355602329364e-12
16632020.0,4.000355602329364e-12
16635220.0,4.000355602329364e-12
16638420.0,4.000355602329364e-12
16641620.0,4.000355602329364e-12
16644820.0,4.000355602329364e-12
16648020.0,4.000355602329364e-12
16651220.0,4.000355602329364e-12
16654420.0,4.000355602329364e-12
16657620.0,4.000355602329364e-12
16660820.0,4.000355602329364e-12
16664020.0,4.000355602329364e-12
16667220.0,4.000355602329364e-12
16670420.0,4.000355602329364e-12
16673620.0,4.000355602329364e-12
16676820.0,4.000355602329364e-12
16680020.0,4.000355602329364e-12
16683220.0,4.000355602329364e-12
16686420.0,4.000355602329364e-12
16689620.0,4.000355602329364e-12
16692820.0,4.000355602329364e-12
16696020.0,4.000355602329364e-12
16699220.0,4.000355602329364e-12
16702420.0,4.000355602329364e-12
16705620.0,4.000355602329364e-12
16708820.0,4.000355602329364e-12
16712020.0,4.000355602329364e-12
16715220.0,4.000355602329364e-12
16718420.0,4.000355602329364e-12
16721620.0,4.000355602329364e-12
16724820.0,4.000355602329364e-12
16728020.0,4.000355602329364e-12
16731220.0,4.000355602329364e-12
16734420.0,4.000355602329364e-12
16737620.0,4.000355602329364e-12
16740820.0,4.000355602329364e-12
16744020.0,4.000355602329364e-12
16747220.0,4.000355602329364e-12
16750420.0,4.000355602329364e-12
16753620.0,4.000355602329364e-12
16756820.0,4.000355602329364e-12
16760020.0,4.000355602329364e-12
16763220.0,4.000355602329364e-12
16766420.0,4.000355602329364e-12
16769620.0,4.000355602329364e-12
16772820.0,4.000355602329364e-12
16776020.0,4.000355602329364e-12
16779220.0,4.000355602329364e-12
16782420.0,4.000355602329364e-12
16785620.0,4.000355602329364e-12
16788820.0,4.000355602329364e-12
16792020.0,4.000355602329364e-12
16795220.0,4.000355602329364e-12
16798420.0,4.000355602329364e-12
16801620.0,4.000355602329364e-12
16804820.0,4.000355602329364e-12
16808020.0,4.000355602329364e-12
16811220.0,4.000355602329364e-12
16814420.0,4.000355602329364e-12
16817620.0,4.000355602329364e-12
16820820.0,4.000355602329364e-12
16824020.0,4.000355602329364e-12
16827220.0,4.000355602329364e-12
16830420.0,4.000355602329364e-12
16833620.0,4.000355602329364e-12
16836820.0,4.000355602329364e-12
16840020.0,4.000355602329364e-12
16843220.0,4.000355602329364e-12
16846420.0,4.000355602329364e-12
16849620.0,4.000355602329364e-12
16852820.0,4.000355602329364e-12
16856020.0,4.000355602329364e-12
16859220.0,4.000355602329364e-12
16862420.0,4.000355602329364e-12
16865620.0,4.000355602329364e-12
16868820.0,4.000355602329364e-12
16872020.0,4.000355602329364e-12
16875220.0,4.000355602329364e-12
16878420.0,4.000355602329364e-12
16881620.0,4.000355602329364e-12
16884820.0,4.000355602329364e-12
16888020.0,4.000355602329364e-12
16891220.0,4.000355602329364e-12
16894420.0,4.000355602329364e-12
16897620.0,4.000355602329364e-12
16900820.0,4.000355602329364e-12
16904020.0,4.000355602329364e-12
16907220.0,4.000355602329364e-12
16910420.0,4.000355602329364e-12
16913620.0,4.000355602329364e-12
16916820.0,4.000355602329364e-12
16920020.0,4.000355602329364e-12
16923220.0,4.000355602329364e-12
16926420.0,4.000355602329364e-12
16929620.0,4.000355602329364e-12
16932820.0,4.000355602329364e-12
16936020.0,4.000355602329364e-12
16939220.0,4.000355602329364e-12
16942420.0,4.000355602329364e-12
16945620.0,4.000355602329364e-12
16948820.0,4.000355602329364e-12
16952020.0,4.000355602329364e-12
16955220.0,4.000355602329364e-12
16958420.0,4.000355602329364e-12
16961620.0,4.000355602329364e-12
16964820.0,4.000355602329364e-12
16968020.0,4.000355602329364e-12
16971220.0,4.000355602329364e-12
16974420.0,4.000355602329364e-12
16977620.0,4.000355602329364e-12
16980820.0,4.000355602329364e-12
16984020.0,4.000355602329364e-12
16987220.0,4.000355602329364e-12
16990420.0,4.000355602329364e-12
16993620.0,4.000355602329364e-12
16996820.0,4.000355602329364e-12
17000020.0,4.000355602329364e-12
17003220.0,4.000355602329364e-12
17006420.0,4.000355602329364e-12
17009620.0,4.000355602329364e-12
17012820.0,4.000355602329364e-12
17016020.0,4.000355602329364e-12
17019220.0,4.000355602329364e-12
17022420.0,4.000355602329364e-12
17025620.0,4.000355602329364e-12
17028820.0,4.000355602329364e-12
17032020.0,4.000355602329364e-12
17035220.0,4.000355602329364e-12
17038420.0,4.000355602329364e-12
17041620.0,4.000355602329364e-12
17044820.0,4.000355602329364e-12
17048020.0,4.000355602329364e-12
17051220.0,4.000355602329364e-12
17054420.0,4.000355602329364e-12
17057620.0,4.000355602329364e-12
17060820.0,4.000355602329364e-12
17064020.0,4.000355602329364e-12
17067220.0,4.000355602329364e-12
17070420.0,4.000355602329364e-12
17073620.0,4.000355602329364e-12
17076820.0,4.000355602329364e-12
17080020.0,4.000355602329364e-12
17083220.0,4.000355602329364e-12
17086420.0,4.000355602329364e-12
17089620.0,4.000355602329364e-12
17092820.0,4.000355602329364e-12
17096020.0,4.000355602329364e-12
17099220.0,4.000355602329364e-12
17102420.0,4.000355602329364e-12
17105620.0,4.000355602329364e-12
17108820.0,4.000355602329364e-12
17112020.0,4.000355602329364e-12
17115220.0,4.000355602329364e-12
17118420.0,4.000355602329364e-12
17121620.0,4.000355602329364e-12
17124820.0,4.000355602329364e-12
17128020.0,4.000355602329364e-12
17131220.0,4.000355602329364e-12
17134420.0,4.000355602329364e-12
17137620.0,4.000355602329364e-12
17140820.0,4.000355602329364e-12
17144020.0,4.000355602329364e-12
17147220.0,4.000355602329364e-12
17150420.0,4.000355602329364e-12
17153620.0,4.000355602329364e-12
17156820.0,4.000355602329364e-12
17160020.0,4.000355602329364e-12
17163220.0,4.000355602329364e-12
17166420.0,4.000355602329364e-12
17169620.0,4.000355602329364e-12
17172820.0,4.000355602329364e-12
17176020.0,4.000355602329364e-12
17179220.0,4.000355602329364e-12
17182420.0,4.000355602329364e-12
17185620.0,4.000355602329364e-12
17188820.0,4.000355602329364e-12
17192020.0,4.000355602329364e-12
17195220.0,4.000355602329364e-12
17198420.0,4.000355602329364e-12
17201620.0,4.000355602329364e-12
17204820.0,4.000355602329364e-12
17208020.0,4.000355602329364e-12
17211220.0,4.000355602329364e-12
17214420.0,4.000355602329364e-12
17217620.0,4.000355602329364e-12
17220820.0,4.000355602329364e-12
17224020.0,4.000355602329364e-12
17227220.0,4.000355602329364e-12
17230420.0,4.000355602329364e-12
17233620.0,4.000355602329364e-12
17236820.0,4.000355602329364e-12
17240020.0,4.000355602329364e-12
17243220.0,4.000355602329364e-12
17246420.0,4.000355602329364e-12
17249620.0,4.000355602329364e-12
17252820.0,4.000355602329364e-12
17256020.0,4.000355602329364e-12
17259220.0,4.000355602329364e-12
17262420.0,4.000355602329364e-12
17265620.0,4.000355602329364e-12
17268820.0,4.000355602329364e-12
17272020.0,4.000355602329364e-12
17275220.0,4.000355602329364e-12
17278420.0,4.000355602329364e-12
17281620.0,4.000355602329364e-12
17284820.0,4.000355602329364e-12
17288020.0,4.000355602329364e-12
17291220.0,4.000355602329364e-12
17294420.0,4.000355602329364e-12
17297620.0,4.000355602329364e-12
17300820.0,4.000355602329364e-12
17304020.0,4.000355602329364e-12
17307220.0,4.000355602329364e-12
17310420.0,4.000355602329364e-12
17313620.0,4.000355602329364e-12
17316820.0,4.000355602329364e-12
17320020.0,4.000355602329364e-12
17323220.0,4.000355602329364e-12
17326420.0,4.000355602329364e-12
17329620.0,4.000355602329364e-12
17332820.0,4.000355602329364e-12
17336020.0,4.000355602329364e-12
17339220.0,4.000355602329364e-12
17342420.0,4.000355602329364e-12
17345620.0,4.000355602329364e-12
17348820.0,4.000355602329364e-12
17352020.0,4.000355602329364e-12
17355220.0,4.000355602329364e-12
17358420.0,4.000355602329364e-12
17361620.0,4.000355602329364e-12
17364820.0,4.000355602329364e-12
17368020.0,4.000355602329364e-12
17371220.0,4.000355602329364e-12
17374420.0,4.000355602329364e-12
17377620.0,4.000355602329364e-12
17380820.0,4.000355602329364e-12
17384020.0,4.000355602329364e-12
17387220.0,4.000355602329364e-12
17390420.0,4.000355602329364e-12
17393620.0,4.000355602329364e-12
17396820.0,4.000355602329364e-12
17400020.0,4.000355602329364e-12
17403220.0,4.000355602329364e-12
17406420.0,4.000355602329364e-12
17409620.0,4.000355602329364e-12
17412820.0,4.000355602329364e-12
17416020.0,4.000355602329364e-12
17419220.0,4.000355602329364e-12
17422420.0,4.000355602329364e-12
17425620.0,4.000355602329364e-12
17428820.0,4.000355602329364e-12
17432020.0,4.000355602329364e-12
17435220.0,4.000355602329364e-12
17438420.0,4.000355602329364e-12
17441620.0,4.000355602329364e-12
17444820.0,4.000355602329364e-12
17448020.0,4.000355602329364e-12
17451220.0,4.000355602329364e-12
17454420.0,4.000355602329364e-12
17457620.0,4.000355602329364e-12
17460820.0,4.000355602329364e-12
17464020.0,4.000355602329364e-12
17467220.0,4.000355602329364e-12
17470420.0,4.000355602329364e-12
17473620.0,4.000355602329364e-12
17476820.0,4.000355602329364e-12
17480020.0,4.000355602329364e-12
17483220.0,4.000355602329364e-12
17486420.0,4.000355602329364e-12
17489620.0,4.000355602329364e-12
17492820.0,4.000355602329364e-12
17496020.0,4.000355602329364e-12
17499220.0,4.000355602329364e-12
17502420.0,4.000355602329364e-12
17505620.0,4.000355602329364e-12
17508820.0,4.000355602329364e-12
17512020.0,4.000355602329364e-12
17515220.0,4.000355602329364e-12
17518420.0,4.000355602329364e-12
17521620.0,4.000355602329364e-12
17524820.0,4.000355602329364e-12
17528020.0,4.000355602329364e-12
17531220.0,4.000355602329364e-12
17534420.0,4.000355602329364e-12
17537620.0,4.000355602329364e-12
17540820.0,4.000355602329364e-12
17544020.0,4.000355602329364e-12
17547220.0,4.000355602329364e-12
17550420.0,4.000355602329364e-12
17553620.0,4.000355602329364e-12
17556820.0,4.000355602329364e-12
17560020.0,4.000355602329364e-12
17563220.0,4.000355602329364e-12
17566420.0,4.000355602329364e-12
17569620.0,4.000355602329364e-12
17572820.0,4.000355602329364e-12
17576020.0,4.000355602329364e-12
17579220.0,4.000355602329364e-12
17582420.0,4.000355602329364e-12
17585620.0,4.000355602329364e-12
17588820.0,4.000355602329364e-12
17592020.0,4.000355602329364e-12
17595220.0,4.000355602329364e-12
17598420.0,4.000355602329364e-12
17601620.0,4.000355602329364e-12
17604820.0,4.000355602329364e-12
17608020.0,4.000355602329364e-12
17611220.0,4.000355602329364e-12
17614420.0,4.000355602329364e-12
17617620.0,4.000355602329364e-12
17620820.0,4.000355602329364e-12
17624020.0,4.000355602329364e-12
17627220.0,4.000355602329364e-12
17630420.0,4.000355602329364e-12
17633620.0,4.000355602329364e-12
17636820.0,4.000355602329364e-12
17640020.0,4.000355602329364e-12
17643220.0,4.000355602329364e-12
17646420.0,4.000355602329364e-12
17649620.0,4.000355602329364e-12
17652820.0,4.000355602329364e-12
17656020.0,4.000355602329364e-12
17659220.0,4.000355602329364e-12
17662420.0,4.000355602329364e-12
17665620.0,4.000355602329364e-12
17668820.0,4.000355602329364e-12
17672020.0,4.000355602329364e-12
17675220.0,4.000355602329364e-12
17678420.0,4.000355602329364e-12
17681620.0,4.000355602329364e-12
17684820.0,4.000355602329364e-12
17688020.0,4.000355602329364e-12
17691220.0,4.000355602329364e-12
17694420.0,4.000355602329364e-12
17697620.0,4.000355602329364e-12
17700820.0,4.000355602329364e-12
17704020.0,4.000355602329364e-12
17707220.0,4.000355602329364e-12
17710420.0,4.000355602329364e-12
17713620.0,4.000355602329364e-12
17716820.0,4.000355602329364e-12
17720020.0,4.000355602329364e-12
17723220.0,4.000355602329364e-12
17726420.0,4.000355602329364e-12
17729620.0,4.000355602329364e-12
17732820.0,4.000355602329364e-12
17736020.0,4.000355602329364e-12
17739220.0,4.000355602329364e-12
17742420.0,4.000355602329364e-12
17745620.0,4.000355602329364e-12
17748820.0,4.000355602329364e-12
17752020.0,4.000355602329364e-12
17755220.0,4.000355602329364e-12
17758420.0,4.000355602329364e-12
17761620.0,4.000355602329364e-12
17764820.0,4.000355602329364e-12
17768020.0,4.000355602329364e-12
17771220.0,4.000355602329364e-12
17774420.0,4.000355602329364e-12
17777620.0,4.000355602329364e-12
17780820.0,4.000355602329364e-12
17784020.0,4.000355602329364e-12
17787220.0,4.000355602329364e-12
17790420.0,4.000355602329364e-12
17793620.0,4.000355602329364e-12
17796820.0,4.000355602329364e-12
17800020.0,4.000355602329364e-12
17803220.0,4.000355602329364e-12
17806420.0,4.000355602329364e-12
17809620.0,4.000355602329364e-12
17812820.0,4.000355602329364e-12
17816020.0,4.000355602329364e-12
17819220.0,4.000355602329364e-12
17822420.0,4.000355602329364e-12
17825620.0,4.000355602329364e-12
17828820.0,4.000355602329364e-12
17832020.0,4.000355602329364e-12
17835220.0,4.000355602329364e-12
17838420.0,4.000355602329364e-12
17841620.0,4.000355602329364e-12
17844820.0,4.000355602329364e-12
17848020.0,4.000355602329364e-12
17851220.0,4.000355602329364e-12
17854420.0,4.000355602329364e-12
17857620.0,4.000355602329364e-12
17860820.0,4.000355602329364e-12
17864020.0,4.000355602329364e-12
17867220.0,4.000355602329364e-12
17870420.0,4.000355602329364e-12
17873620.0,4.000355602329364e-12
17876820.0,4.000355602329364e-12
17880020.0,4.000355602329364e-12
17883220.0,4.000355602329364e-12
17886420.0,4.000355602329364e-12
17889620.0,4.000355602329364e-12
17892820.0,4.000355602329364e-12
17896020.0,4.000355602329364e-12
17899220.0,4.000355602329364e-12
17902420.0,4.000355602329364e-12
17905620.0,4.000355602329364e-12
17908820.0,4.000355602329364e-12
17912020.0,4.000355602329364e-12
17915220.0,4.000355602329364e-12
17918420.0,4.000355602329364e-12
17921620.0,4.000355602329364e-12
17924820.0,4.000355602329364e-12
17928020.0,4.000355602329364e-12
17931220.0,4.000355602329364e-12
17934420.0,4.000355602329364e-12
17937620.0,4.000355602329364e-12
17940820.0,4.000355602329364e-12
17944020.0,4.000355602329364e-12
17947220.0,4.000355602329364e-12
17950420.0,4.000355602329364e-12
17953620.0,4.000355602329364e-12
17956820.0,4.000355602329364e-12
17960020.0,4.000355602329364e-12
17963220.0,4.000355602329364e-12
17966420.0,4.000355602329364e-12
17969620.0,4.000355602329364e-12
17972820.0,4.000355602329364e-12
17976020.0,4.000355602329364e-12
17979220.0,4.000355602329364e-12
17982420.0,4.000355602329364e-12
17985620.0,4.000355602329364e-12
17988820.0,4.000355602329364e-12
17992020.0,4.000355602329364e-12
17995220.0,4.000355602329364e-12
17998420.0,4.000355602329364e-12
18001620.0,4.000355602329364e-12
18004820.0,4.000355602329364e-12
18008020.0,4.000355602329364e-12
18011220.0,4.000355602329364e-12
18014420.0,4.000355602329364e-12
18017620.0,4.000355602329364e-12
18020820.0,4.000355602329364e-12
18024020.0,4.000355602329364e-12
18027220.0,4.000355602329364e-12
18030420.0,4.000355602329364e-12
18033620.0,4.000355602329364e-12
18036820.0,4.000355602329364e-12
18040020.0,4.000355602329364e-12
18043220.0,4.000355602329364e-12
18046420.0,4.000355602329364e-12
18049620.0,4.000355602329364e-12
18052820.0,4.000355602329364e-12
18056020.0,4.000355602329364e-12
18059220.0,4.000355602329364e-12
18062420.0,4.000355602329364e-12
18065620.0,4.000355602329364e-12
18068820.0,4.000355602329364e-12
18072020.0,4.000355602329364e-12
18075220.0,4.000355602329364e-12
18078420.0,4.000355602329364e-12
18081620.0,4.000355602329364e-12
18084820.0,4.000355602329364e-12
18088020.0,4.000355602329364e-12
18091220.0,4.000355602329364e-12
18094420.0,4.000355602329364e-12
18097620.0,4.000355602329364e-12
18100820.0,4.000355602329364e-12
18104020.0,4.000355602329364e-12
18107220.0,4.000355602329364e-12
18110420.0,4.000355602329364e-12
18113620.0,4.000355602329364e-12
18116820.0,4.000355602329364e-12
18120020.0,4.000355602329364e-12
18123220.0,4.000355602329364e-12
18126420.0,4.000355602329364e-12
18129620.0,4.000355602329364e-12
18132820.0,4.000355602329364e-12
18136020.0,4.000355602329364e-12
18139220.0,4.000355602329364e-12
18142420.0,4.000355602329364e-12
18145620.0,4.000355602329364e-12
18148820.0,4.000355602329364e-12
18152020.0,4.000355602329364e-12
18155220.0,4.000355602329364e-12
18158420.0,4.000355602329364e-12
18161620.0,4.000355602329364e-12
18164820.0,4.000355602329364e-12
18168020.0,4.000355602329364e-12
18171220.0,4.000355602329364e-12
18174420.0,4.000355602329364e-12
18177620.0,4.000355602329364e-12
18180820.0,4.000355602329364e-12
18184020.0,4.000355602329364e-12
18187220.0,4.000355602329364e-12
18190420.0,4.000355602329364e-12
18193620.0,4.000355602329364e-12
18196820.0,4.000355602329364e-12
18200020.0,4.000355602329364e-12
18203220.0,4.000355602329364e-12
18206420.0,4.000355602329364e-12
18209620.0,4.000355602329364e-12
18212820.0,4.000355602329364e-12
18216020.0,4.000355602329364e-12
18219220.0,4.000355602329364e-12
18222420.0,4.000355602329364e-12
18225620.0,4.000355602329364e-12
18228820.0,4.000355602329364e-12
18232020.0,4.000355602329364e-12
18235220.0,4.000355602329364e-12
18238420.0,4.000355602329364e-12
18241620.0,4.000355602329364e-12
18244820.0,4.000355602329364e-12
18248020.0,4.000355602329364e-12
18251220.0,4.000355602329364e-12
18254420.0,4.000355602329364e-12
18257620.0,4.000355602329364e-12
18260820.0,4.000355602329364e-12
18264020.0,4.000355602329364e-12
18267220.0,4.000355602329364e-12
18270420.0,4.000355602329364e-12
18273620.0,4.000355602329364e-12
18276820.0,4.000355602329364e-12
18280020.0,4.000355602329364e-12
18283220.0,4.000355602329364e-12
18286420.0,4.000355602329364e-12
18289620.0,4.000355602329364e-12
18292820.0,4.000355602329364e-12
18296020.0,4.000355602329364e-12
18299220.0,4.000355602329364e-12
18302420.0,4.000355602329364e-12
18305620.0,4.000355602329364e-12
18308820.0,4.000355602329364e-12
18312020.0,4.000355602329364e-12
18315220.0,4.000355602329364e-12
18318420.0,4.000355602329364e-12
18321620.0,4.000355602329364e-12
18324820.0,4.000355602329364e-12
18328020.0,4.000355602329364e-12
18331220.0,4.000355602329364e-12
18334420.0,4.000355602329364e-12
18337620.0,4.000355602329364e-12
18340820.0,4.000355602329364e-12
18344020.0,4.000355602329364e-12
18347220.0,4.000355602329364e-12
18350420.0,4.000355602329364e-12
18353620.0,4.000355602329364e-12
18356820.0,4.000355602329364e-12
18360020.0,4.000355602329364e-12
18363220.0,4.000355602329364e-12
18366420.0,4.000355602329364e-12
18369620.0,4.000355602329364e-12
18372820.0,4.000355602329364e-12
18376020.0,4.000355602329364e-12
18379220.0,4.000355602329364e-12
18382420.0,4.000355602329364e-12
18385620.0,4.000355602329364e-12
18388820.0,4.000355602329364e-12
18392020.0,4.000355602329364e-12
18395220.0,4.000355602329364e-12
18398420.0,4.000355602329364e-12
18401620.0,4.000355602329364e-12
18404820.0,4.000355602329364e-12
18408020.0,4.000355602329364e-12
18411220.0,4.000355602329364e-12
18414420.0,4.000355602329364e-12
18417620.0,4.000355602329364e-12
18420820.0,4.000355602329364e-12
18424020.0,4.000355602329364e-12
18427220.0,4.000355602329364e-12
18430420.0,4.000355602329364e-12
18433620.0,4.000355602329364e-12
18436820.0,4.000355602329364e-12
18440020.0,4.000355602329364e-12
18443220.0,4.000355602329364e-12
18446420.0,4.000355602329364e-12
18449620.0,4.000355602329364e-12
18452820.0,4.000355602329364e-12
18456020.0,4.000355602329364e-12
18459220.0,4.000355602329364e-12
18462420.0,4.000355602329364e-12
18465620.0,4.000355602329364e-12
18468820.0,4.000355602329364e-12
18472020.0,4.000355602329364e-12
18475220.0,4.000355602329364e-12
18478420.0,4.000355602329364e-12
18481620.0,4.000355602329364e-12
18484820.0,4.000355602329364e-12
18488020.0,4.000355602329364e-12
18491220.0,4.000355602329364e-12
18494420.0,4.000355602329364e-12
18497620.0,4.000355602329364e-12
18500820.0,4.000355602329364e-12
18504020.0,4.000355602329364e-12
18507220.0,4.000355602329364e-12
18510420.0,4.000355602329364e-12
18513620.0,4.000355602329364e-12
18516820.0,4.000355602329364e-12
18520020.0,4.000355602329364e-12
18523220.0,4.000355602329364e-12
18526420.0,4.000355602329364e-12
18529620.0,4.000355602329364e-12
18532820.0,4.000355602329364e-12
18536020.0,4.000355602329364e-12
18539220.0,4.000355602329364e-12
18542420.0,4.000355602329364e-12
18545620.0,4.000355602329364e-12
18548820.0,4.000355602329364e-12
18552020.0,4.000355602329364e-12
18555220.0,4.000355602329364e-12
18558420.0,4.000355602329364e-12
18561620.0,4.000355602329364e-12
18564820.0,4.000355602329364e-12
18568020.0,4.000355602329364e-12
18571220.0,4.000355602329364e-12
18574420.0,4.000355602329364e-12
18577620.0,4.000355602329364e-12
18580820.0,4.000355602329364e-12
18584020.0,4.000355602329364e-12
18587220.0,4.000355602329364e-12
18590420.0,4.000355602329364e-12
18593620.0,4.000355602329364e-12
18596820.0,4.000355602329364e-12
18600020.0,4.000355602329364e-12
18603220.0,4.000355602329364e-12
18606420.0,4.000355602329364e-12
18609620.0,4.000355602329364e-12
18612820.0,4.000355602329364e-12
18616020.0,4.000355602329364e-12
18619220.0,4.000355602329364e-12
18622420.0,4.000355602329364e-12
18625620.0,4.000355602329364e-12
18628820.0,4.000355602329364e-12
18632020.0,4.000355602329364e-12
18635220.0,4.000355602329364e-12
18638420.0,4.000355602329364e-12
18641620.0,4.000355602329364e-12
18644820.0,4.000355602329364e-12
18648020.0,4.000355602329364e-12
18651220.0,4.000355602329364e-12
18654420.0,4.000355602329364e-12
18657620.0,4.000355602329364e-12
18660820.0,4.000355602329364e-12
18664020.0,4.000355602329364e-12
18667220.0,4.000355602329364e-12
18670420.0,4.000355602329364e-12
18673620.0,4.000355602329364e-12
18676820.0,4.000355602329364e-12
18680020.0,4.000355602329364e-12
18683220.0,4.000355602329364e-12
18686420.0,4.000355602329364e-12
18689620.0,4.000355602329364e-12
18692820.0,4.000355602329364e-12
18696020.0,4.000355602329364e-12
18699220.0,4.000355602329364e-12
18702420.0,4.000355602329364e-12
18705620.0,4.000355602329364e-12
18708820.0,4.000355602329364e-12
18712020.0,4.000355602329364e-12
18715220.0,4.000355602329364e-12
18718420.0,4.000355602329364e-12
18721620.0,4.000355602329364e-12
18724820.0,4.000355602329364e-12
18728020.0,4.000355602329364e-12
18731220.0,4.000355602329364e-12
18734420.0,4.000355602329364e-12
18737620.0,4.000355602329364e-12
18740820.0,4.000355602329364e-12
18744020.0,4.000355602329364e-12
18747220.0,4.000355602329364e-12
18750420.0,4.000355602329364e-12
18753620.0,4.000355602329364e-12
18756820.0,4.000355602329364e-12
18760020.0,4.000355602329364e-12
18763220.0,4.000355602329364e-12
18766420.0,4.000355602329364e-12
18769620.0,4.000355602329364e-12
18772820.0,4.000355602329364e-12
18776020.0,4.000355602329364e-12
18779220.0,4.000355602329364e-12
18782420.0,4.000355602329364e-12
18785620.0,4.000355602329364e-12
18788820.0,4.000355602329364e-12
18792020.0,4.000355602329364e-12
18795220.0,4.000355602329364e-12
18798420.0,4.000355602329364e-12
18801620.0,4.000355602329364e-12
18804820.0,4.000355602329364e-12
18808020.0,4.000355602329364e-12
18811220.0,4.000355602329364e-12
18814420.0,4.000355602329364e-12
18817620.0,4.000355602329364e-12
18820820.0,4.000355602329364e-12
18824020.0,4.000355602329364e-12
18827220.0,4.000355602329364e-12
18830420.0,4.000355602329364e-12
18833620.0,4.000355602329364e-12
18836820.0,4.000355602329364e-12
18840020.0,4.000355602329364e-12
18843220.0,4.000355602329364e-12
18846420.0,4.000355602329364e-12
18849620.0,4.000355602329364e-12
18852820.0,4.000355602329364e-12
18856020.0,4.000355602329364e-12
18859220.0,4.000355602329364e-12
18862420.0,4.000355602329364e-12
18865620.0,4.000355602329364e-12
18868820.0,4.000355602329364e-12
18872020.0,4.000355602329364e-12
18875220.0,4.000355602329364e-12
18878420.0,4.000355602329364e-12
18881620.0,4.000355602329364e-12
18884820.0,4.000355602329364e-12
18888020.0,4.000355602329364e-12
18891220.0,4.000355602329364e-12
18894420.0,4.000355602329364e-12
18897620.0,4.000355602329364e-12
18900820.0,4.000355602329364e-12
18904020.0,4.000355602329364e-12
18907220.0,4.000355602329364e-12
18910420.0,4.000355602329364e-12
18913620.0,4.000355602329364e-12
18916820.0,4.000355602329364e-12
18920020.0,4.000355602329364e-12
18923220.0,4.000355602329364e-12
18926420.0,4.000355602329364e-12
18929620.0,4.000355602329364e-12
18932820.0,4.000355602329364e-12
18936020.0,4.000355602329364e-12
18939220.0,4.000355602329364e-12
18942420.0,4.000355602329364e-12
18945620.0,4.000355602329364e-12
18948820.0,4.000355602329364e-12
18952020.0,4.000355602329364e-12
18955220.0,4.000355602329364e-12
18958420.0,4.000355602329364e-12
18961620.0,4.000355602329364e-12
18964820.0,4.000355602329364e-12
18968020.0,4.000355602329364e-12
18971220.0,4.000355602329364e-12
18974420.0,4.000355602329364e-12
18977620.0,4.000355602329364e-12
18980820.0,4.000355602329364e-12
18984020.0,4.000355602329364e-12
18987220.0,4.000355602329364e-12
18990420.0,4.000355602329364e-12
18993620.0,4.000355602329364e-12
18996820.0,4.000355602329364e-12
19000020.0,4.000355602329364e-12
19003220.0,4.000355602329364e-12
19006420.0,4.000355602329364e-12
19009620.0,4.000355602329364e-12
19012820.0,4.000355602329364e-12
19016020.0,4.000355602329364e-12
19019220.0,4.000355602329364e-12
19022420.0,4.000355602329364e-12
19025620.0,4.000355602329364e-12
19028820.0,4.000355602329364e-12
19032020.0,4.000355602329364e-12
19035220.0,4.000355602329364e-12
19038420.0,4.000355602329364e-12
19041620.0,4.000355602329364e-12
19044820.0,4.000355602329364e-12
19048020.0,4.000355602329364e-12
19051220.0,4.000355602329364e-12
19054420.0,4.000355602329364e-12
19057620.0,4.000355602329364e-12
19060820.0,4.000355602329364e-12
19064020.0,4.000355602329364e-12
19067220.0,4.000355602329364e-12
19070420.0,4.000355602329364e-12
19073620.0,4.000355602329364e-12
19076820.0,4.000355602329364e-12
19080020.0,4.000355602329364e-12
19083220.0,4.000355602329364e-12
19086420.0,4.000355602329364e-12
19089620.0,4.000355602329364e-12
19092820.0,4.000355602329364e-12
19096020.0,4.000355602329364e-12
19099220.0,4.000355602329364e-12
19102420.0,4.000355602329364e-12
19105620.0,4.000355602329364e-12
19108820.0,4.000355602329364e-12
19112020.0,4.000355602329364e-12
19115220.0,4.000355602329364e-12
19118420.0,4.000355602329364e-12
19121620.0,4.000355602329364e-12
19124820.0,4.000355602329364e-12
19128020.0,4.000355602329364e-12
19131220.0,4.000355602329364e-12
19134420.0,4.000355602329364e-12
19137620.0,4.000355602329364e-12
19140820.0,4.000355602329364e-12
19144020.0,4.000355602329364e-12
19147220.0,4.000355602329364e-12
19150420.0,4.000355602329364e-12
19153620.0,4.000355602329364e-12
19156820.0,4.000355602329364e-12
19160020.0,4.000355602329364e-12
19163220.0,4.000355602329364e-12
19166420.0,4.000355602329364e-12
19169620.0,4.000355602329364e-12
19172820.0,4.000355602329364e-12
19176020.0,4.000355602329364e-12
19179220.0,4.000355602329364e-12
19182420.0,4.000355602329364e-12
19185620.0,4.000355602329364e-12
19188820.0,4.000355602329364e-12
19192020.0,4.000355602329364e-12
19195220.0,4.000355602329364e-12
19198420.0,4.000355602329364e-12
19201620.0,4.000355602329364e-12
19204820.0,4.000355602329364e-12
19208020.0,4.000355602329364e-12
19211220.0,4.000355602329364e-12
19214420.0,4.000355602329364e-12
19217620.0,4.000355602329364e-12
19220820.0,4.000355602329364e-12
19224020.0,4.000355602329364e-12
19227220.0,4.000355602329364e-12
19230420.0,4.000355602329364e-12
19233620.0,4.000355602329364e-12
19236820.0,4.000355602329364e-12
19240020.0,4.000355602329364e-12
19243220.0,4.000355602329364e-12
19246420.0,4.000355602329364e-12
19249620.0,4.000355602329364e-12
19252820.0,4.000355602329364e-12
19256020.0,4.000355602329364e-12
19259220.0,4.000355602329364e-12
19262420.0,4.000355602329364e-12
19265620.0,4.000355602329364e-12
19268820.0,4.000355602329364e-12
19272020.0,4.000355602329364e-12
19275220.0,4.000355602329364e-12
19278420.0,4.000355602329364e-12
19281620.0,4.000355602329364e-12
19284820.0,4.000355602329364e-12
19288020.0,4.000355602329364e-12
19291220.0,4.000355602329364e-12
19294420.0,4.000355602329364e-12
19297620.0,4.000355602329364e-12
19300820.0,4.000355602329364e-12
19304020.0,4.000355602329364e-12
19307220.0,4.000355602329364e-12
19310420.0,4.000355602329364e-12
19313620.0,4.000355602329364e-12
19316820.0,4.000355602329364e-12
19320020.0,4.000355602329364e-12
19323220.0,4.000355602329364e-12
19326420.0,4.000355602329364e-12
19329620.0,4.000355602329364e-12
19332820.0,4.000355602329364e-12
19336020.0,4.000355602329364e-12
19339220.0,4.000355602329364e-12
19342420.0,4.000355602329364e-12
19345620.0,4.000355602329364e-12
19348820.0,4.000355602329364e-12
19352020.0,4.000355602329364e-12
19355220.0,4.000355602329364e-12
19358420.0,4.000355602329364e-12
19361620.0,4.000355602329364e-12
19364820.0,4.000355602329364e-12
19368020.0,4.000355602329364e-12
19371220.0,4.000355602329364e-12
19374420.0,4.000355602329364e-12
19377620.0,4.000355602329364e-12
19380820.0,4.000355602329364e-12
19384020.0,4.000355602329364e-12
19387220.0,4.000355602329364e-12
19390420.0,4.000355602329364e-12
19393620.0,4.000355602329364e-12
19396820.0,4.000355602329364e-12
19400020.0,4.000355602329364e-12
19403220.0,4.000355602329364e-12
19406420.0,4.000355602329364e-12
19409620.0,4.000355602329364e-12
19412820.0,4.000355602329364e-12
19416020.0,4.000355602329364e-12
19419220.0,4.000355602329364e-12
19422420.0,4.000355602329364e-12
19425620.0,4.000355602329364e-12
19428820.0,4.000355602329364e-12
19432020.0,4.000355602329364e-12
19435220.0,4.000355602329364e-12
19438420.0,4.000355602329364e-12
19441620.0,4.000355602329364e-12
19444820.0,4.000355602329364e-12
19448020.0,4.000355602329364e-12
19451220.0,4.000355602329364e-12
19454420.0,4.000355602329364e-12
19457620.0,4.000355602329364e-12
19460820.0,4.000355602329364e-12
19464020.0,4.000355602329364e-12
19467220.0,4.000355602329364e-12
19470420.0,4.000355602329364e-12
19473620.0,4.000355602329364e-12
19476820.0,4.000355602329364e-12
19480020.0,4.000355602329364e-12
19483220.0,4.000355602329364e-12
19486420.0,4.000355602329364e-12
19489620.0,4.000355602329364e-12
19492820.0,4.000355602329364e-12
19496020.0,4.000355602329364e-12
19499220.0,4.000355602329364e-12
19502420.0,4.000355602329364e-12
19505620.0,4.000355602329364e-12
19508820.0,4.000355602329364e-12
19512020.0,4.000355602329364e-12
19515220.0,4.000355602329364e-12
19518420.0,4.000355602329364e-12
19521620.0,4.000355602329364e-12
19524820.0,4.000355602329364e-12
19528020.0,4.000355602329364e-12
19531220.0,4.000355602329364e-12
19534420.0,4.000355602329364e-12
19537620.0,4.000355602329364e-12
19540820.0,4.000355602329364e-12
19544020.0,4.000355602329364e-12
19547220.0,4.000355602329364e-12
19550420.0,4.000355602329364e-12
19553620.0,4.000355602329364e-12
19556820.0,4.000355602329364e-12
19560020.0,4.000355602329364e-12
19563220.0,4.000355602329364e-12
19566420.0,4.000355602329364e-12
19569620.0,4.000355602329364e-12
19572820.0,4.000355602329364e-12
19576020.0,4.000355602329364e-12
19579220.0,4.000355602329364e-12
19582420.0,4.000355602329364e-12
19585620.0,4.000355602329364e-12
19588820.0,4.000355602329364e-12
19592020.0,4.000355602329364e-12
19595220.0,4.000355602329364e-12
19598420.0,4.000355602329364e-12
19601620.0,4.000355602329364e-12
19604820.0,4.000355602329364e-12
19608020.0,4.000355602329364e-12
19611220.0,4.000355602329364e-12
19614420.0,4.000355602329364e-12
19617620.0,4.000355602329364e-12
19620820.0,4.000355602329364e-12
19624020.0,4.000355602329364e-12
19627220.0,4.000355602329364e-12
19630420.0,4.000355602329364e-12
19633620.0,4.000355602329364e-12
19636820.0,4.000355602329364e-12
19640020.0,4.000355602329364e-12
19643220.0,4.000355602329364e-12
19646420.0,4.000355602329364e-12
19649620.0,4.000355602329364e-12
19652820.0,4.000355602329364e-12
19656020.0,4.000355602329364e-12
19659220.0,4.000355602329364e-12
19662420.0,4.000355602329364e-12
19665620.0,4.000355602329364e-12
19668820.0,4.000355602329364e-12
19672020.0,4.000355602329364e-12
19675220.0,4.000355602329364e-12
19678420.0,4.000355602329364e-12
19681620.0,4.000355602329364e-12
19684820.0,4.000355602329364e-12
19688020.0,4.000355602329364e-12
19691220.0,4.000355602329364e-12
19694420.0,4.000355602329364e-12
19697620.0,4.000355602329364e-12
19700820.0,4.000355602329364e-12
19704020.0,4.000355602329364e-12
19707220.0,4.000355602329364e-12
19710420.0,4.000355602329364e-12
19713620.0,4.000355602329364e-12
19716820.0,4.000355602329364e-12
19720020.0,4.000355602329364e-12
19723220.0,4.000355602329364e-12
19726420.0,4.000355602329364e-12
19729620.0,4.000355602329364e-12
19732820.0,4.000355602329364e-12
19736020.0,4.000355602329364e-12
19739220.0,4.000355602329364e-12
19742420.0,4.000355602329364e-12
19745620.0,4.000355602329364e-12
19748820.0,4.000355602329364e-12
19752020.0,4.000355602329364e-12
19755220.0,4.000355602329364e-12
19758420.0,4.000355602329364e-12
19761620.0,4.000355602329364e-12
19764820.0,4.000355602329364e-12
19768020.0,4.000355602329364e-12
19771220.0,4.000355602329364e-12
19774420.0,4.000355602329364e-12
19777620.0,4.000355602329364e-12
19780820.0,4.000355602329364e-12
19784020.0,4.000355602329364e-12
19787220.0,4.000355602329364e-12
19790420.0,4.000355602329364e-12
19793620.0,4.000355602329364e-12
19796820.0,4.000355602329364e-12
19800020.0,4.000355602329364e-12
19803220.0,4.000355602329364e-12
19806420.0,4.000355602329364e-12
19809620.0,4.000355602329364e-12
19812820.0,4.000355602329364e-12
19816020.0,4.000355602329364e-12
19819220.0,4.000355602329364e-12
19822420.0,4.000355602329364e-12
19825620.0,4.000355602329364e-12
19828820.0,4.000355602329364e-12
19832020.0,4.000355602329364e-12
19835220.0,4.000355602329364e-12
19838420.0,4.000355602329364e-12
19841620.0,4.000355602329364e-12
19844820.0,4.000355602329364e-12
19848020.0,4.000355602329364e-12
19851220.0,4.000355602329364e-12
19854420.0,4.000355602329364e-12
19857620.0,4.000355602329364e-12
19860820.0,4.000355602329364e-12
19864020.0,4.000355602329364e-12
19867220.0,4.000355602329364e-12
19870420.0,4.000355602329364e-12
19873620.0,4.000355602329364e-12
19876820.0,4.000355602329364e-12
19880020.0,4.000355602329364e-12
19883220.0,4.000355602329364e-12
19886420.0,4.000355602329364e-12
19889620.0,4.000355602329364e-12
19892820.0,4.000355602329364e-12
19896020.0,4.000355602329364e-12
19899220.0,4.000355602329364e-12
19902420.0,4.000355602329364e-12
19905620.0,4.000355602329364e-12
19908820.0,4.000355602329364e-12
19912020.0,4.000355602329364e-12
19915220.0,4.000355602329364e-12
19918420.0,4.000355602329364e-12
19921620.0,4.000355602329364e-12
19924820.0,4.000355602329364e-12
19928020.0,4.000355602329364e-12
19931220.0,4.000355602329364e-12
19934420.0,4.000355602329364e-12
19937620.0,4.000355602329364e-12
19940820.0,4.000355602329364e-12
19944020.0,4.000355602329364e-12
19947220.0,4.000355602329364e-12
19950420.0,4.000355602329364e-12
19953620.0,4.000355602329364e-12
19956820.0,4.000355602329364e-12
19960020.0,4.000355602329364e-12
19963220.0,4.000355602329364e-12
19966420.0,4.000355602329364e-12
19969620.0,4.000355602329364e-12
19972820.0,4.000355602329364e-12
19976020.0,4.000355602329364e-12
19979220.0,4.000355602329364e-12
19982420.0,4.000355602329364e-12
19985620.0,4.000355602329364e-12
19988820.0,4.000355602329364e-12
19992020.0,4.000355602329364e-12
19995220.0,4.000355602329364e-12
19998420.0,4.000355602329364e-12
20001620.0,4.000355602329364e-12
20004820.0,4.000355602329364e-12
20008020.0,4.000355602329364e-12
20011220.0,4.000355602329364e-12
20014420.0,4.000355602329364e-12
20017620.0,4.000355602329364e-12
20020820.0,4.000355602329364e-12
20024020.0,4.000355602329364e-12
20027220.0,4.000355602329364e-12
20030420.0,4.000355602329364e-12
20033620.0,4.000355602329364e-12
20036820.0,4.000355602329364e-12
20040020.0,4.000355602329364e-12
20043220.0,4.000355602329364e-12
20046420.0,4.000355602329364e-12
20049620.0,4.000355602329364e-12
20052820.0,4.000355602329364e-12
20056020.0,4.000355602329364e-12
20059220.0,4.000355602329364e-12
20062420.0,4.000355602329364e-12
20065620.0,4.000355602329364e-12
20068820.0,4.000355602329364e-12
20072020.0,4.000355602329364e-12
20075220.0,4.000355602329364e-12
20078420.0,4.000355602329364e-12
20081620.0,4.000355602329364e-12
20084820.0,4.000355602329364e-12
20088020.0,4.000355602329364e-12
20091220.0,4.000355602329364e-12
20094420.0,4.000355602329364e-12
20097620.0,4.000355602329364e-12
20100820.0,4.000355602329364e-12
20104020.0,4.000355602329364e-12
20107220.0,4.000355602329364e-12
20110420.0,4.000355602329364e-12
20113620.0,4.000355602329364e-12
20116820.0,4.000355602329364e-12
20120020.0,4.000355602329364e-12
20123220.0,4.000355602329364e-12
20126420.0,4.000355602329364e-12
20129620.0,4.000355602329364e-12
20132820.0,4.000355602329364e-12
20136020.0,4.000355602329364e-12
20139220.0,4.000355602329364e-12
20142420.0,4.000355602329364e-12
20145620.0,4.000355602329364e-12
20148820.0,4.000355602329364e-12
20152020.0,4.000355602329364e-12
20155220.0,4.000355602329364e-12
20158420.0,4.000355602329364e-12
20161620.0,4.000355602329364e-12
20164820.0,4.000355602329364e-12
20168020.0,4.000355602329364e-12
20171220.0,4.000355602329364e-12
20174420.0,4.000355602329364e-12
20177620.0,4.000355602329364e-12
20180820.0,4.000355602329364e-12
20184020.0,4.000355602329364e-12
20187220.0,4.000355602329364e-12
20190420.0,4.000355602329364e-12
20193620.0,4.000355602329364e-12
20196820.0,4.000355602329364e-12
20200020.0,4.000355602329364e-12
20203220.0,4.000355602329364e-12
20206420.0,4.000355602329364e-12
20209620.0,4.000355602329364e-12
20212820.0,4.000355602329364e-12
20216020.0,4.000355602329364e-12
20219220.0,4.000355602329364e-12
20222420.0,4.000355602329364e-12
20225620.0,4.000355602329364e-12
20228820.0,4.000355602329364e-12
20232020.0,4.000355602329364e-12
20235220.0,4.000355602329364e-12
20238420.0,4.000355602329364e-12
20241620.0,4.000355602329364e-12
20244820.0,4.000355602329364e-12
20248020.0,4.000355602329364e-12
20251220.0,4.000355602329364e-12
20254420.0,4.000355602329364e-12
20257620.0,4.000355602329364e-12
20260820.0,4.000355602329364e-12
20264020.0,4.000355602329364e-12
20267220.0,4.000355602329364e-12
20270420.0,4.000355602329364e-12
20273620.0,4.000355602329364e-12
20276820.0,4.000355602329364e-12
20280020.0,4.000355602329364e-12
20283220.0,4.000355602329364e-12
20286420.0,4.000355602329364e-12
20289620.0,4.000355602329364e-12
20292820.0,4.000355602329364e-12
20296020.0,4.000355602329364e-12
20299220.0,4.000355602329364e-12
20302420.0,4.000355602329364e-12
20305620.0,4.000355602329364e-12
20308820.0,4.000355602329364e-12
20312020.0,4.000355602329364e-12
20315220.0,4.000355602329364e-12
20318420.0,4.000355602329364e-12
20321620.0,4.000355602329364e-12
20324820.0,4.000355602329364e-12
20328020.0,4.000355602329364e-12
20331220.0,4.000355602329364e-12
20334420.0,4.000355602329364e-12
20337620.0,4.000355602329364e-12
20340820.0,4.000355602329364e-12
20344020.0,4.000355602329364e-12
20347220.0,4.000355602329364e-12
20350420.0,4.000355602329364e-12
20353620.0,4.000355602329364e-12
20356820.0,4.000355602329364e-12
20360020.0,4.000355602329364e-12
20363220.0,4.000355602329364e-12
20366420.0,4.000355602329364e-12
20369620.0,4.000355602329364e-12
20372820.0,4.000355602329364e-12
20376020.0,4.000355602329364e-12
20379220.0,4.000355602329364e-12
20382420.0,4.000355602329364e-12
20385620.0,4.000355602329364e-12
20388820.0,4.000355602329364e-12
20392020.0,4.000355602329364e-12
20395220.0,4.000355602329364e-12
20398420.0,4.000355602329364e-12
20401620.0,4.000355602329364e-12
20404820.0,4.000355602329364e-12
20408020.0,4.000355602329364e-12
20411220.0,4.000355602329364e-12
20414420.0,4.000355602329364e-12
20417620.0,4.000355602329364e-12
20420820.0,4.000355602329364e-12
20424020.0,4.000355602329364e-12
20427220.0,4.000355602329364e-12
20430420.0,4.000355602329364e-12
20433620.0,4.000355602329364e-12
20436820.0,4.000355602329364e-12
20440020.0,4.000355602329364e-12
20443220.0,4.000355602329364e-12
20446420.0,4.000355602329364e-12
20449620.0,4.000355602329364e-12
20452820.0,4.000355602329364e-12
20456020.0,4.000355602329364e-12
20459220.0,4.000355602329364e-12
20462420.0,4.000355602329364e-12
20465620.0,4.000355602329364e-12
20468820.0,4.000355602329364e-12
20472020.0,4.000355602329364e-12
20475220.0,4.000355602329364e-12
20478420.0,4.000355602329364e-12
20481620.0,4.000355602329364e-12
20484820.0,4.000355602329364e-12
20488020.0,4.000355602329364e-12
20491220.0,4.000355602329364e-12
20494420.0,4.000355602329364e-12
20497620.0,4.000355602329364e-12
20500820.0,4.000355602329364e-12
20504020.0,4.000355602329364e-12
20507220.0,4.000355602329364e-12
20510420.0,4.000355602329364e-12
20513620.0,4.000355602329364e-12
20516820.0,4.000355602329364e-12
20520020.0,4.000355602329364e-12
20523220.0,4.000355602329364e-12
20526420.0,4.000355602329364e-12
20529620.0,4.000355602329364e-12
20532820.0,4.000355602329364e-12
20536020.0,4.000355602329364e-12
20539220.0,4.000355602329364e-12
20542420.0,4.000355602329364e-12
20545620.0,4.000355602329364e-12
20548820.0,4.000355602329364e-12
20552020.0,4.000355602329364e-12
20555220.0,4.000355602329364e-12
20558420.0,4.000355602329364e-12
20561620.0,4.000355602329364e-12
20564820.0,4.000355602329364e-12
20568020.0,4.000355602329364e-12
20571220.0,4.000355602329364e-12
20574420.0,4.000355602329364e-12
20577620.0,4.000355602329364e-12
20580820.0,4.000355602329364e-12
20584020.0,4.000355602329364e-12
20587220.0,4.000355602329364e-12
20590420.0,4.000355602329364e-12
20593620.0,4.000355602329364e-12
20596820.0,4.000355602329364e-12
20600020.0,4.000355602329364e-12
20603220.0,4.000355602329364e-12
20606420.0,4.000355602329364e-12
20609620.0,4.000355602329364e-12
20612820.0,4.000355602329364e-12
20616020.0,4.000355602329364e-12
20619220.0,4.000355602329364e-12
20622420.0,4.000355602329364e-12
20625620.0,4.000355602329364e-12
20628820.0,4.000355602329364e-12
20632020.0,4.000355602329364e-12
20635220.0,4.000355602329364e-12
20638420.0,4.000355602329364e-12
20641620.0,4.000355602329364e-12
20644820.0,4.000355602329364e-12
20648020.0,4.000355602329364e-12
20651220.0,4.000355602329364e-12
20654420.0,4.000355602329364e-12
20657620.0,4.000355602329364e-12
20660820.0,4.000355602329364e-12
20664020.0,4.000355602329364e-12
20667220.0,4.000355602329364e-12
20670420.0,4.000355602329364e-12
20673620.0,4.000355602329364e-12
20676820.0,4.000355602329364e-12
20680020.0,4.000355602329364e-12
20683220.0,4.000355602329364e-12
20686420.0,4.000355602329364e-12
20689620.0,4.000355602329364e-12
20692820.0,4.000355602329364e-12
20696020.0,4.000355602329364e-12
20699220.0,4.000355602329364e-12
20702420.0,4.000355602329364e-12
20705620.0,4.000355602329364e-12
20708820.0,4.000355602329364e-12
20712020.0,4.000355602329364e-12
20715220.0,4.000355602329364e-12
20718420.0,4.000355602329364e-12
20721620.0,4.000355602329364e-12
20724820.0,4.000355602329364e-12
20728020.0,4.000355602329364e-12
20731220.0,4.000355602329364e-12
20734420.0,4.000355602329364e-12
20737620.0,4.000355602329364e-12
20740820.0,4.000355602329364e-12
20744020.0,4.000355602329364e-12
20747220.0,4.000355602329364e-12
20750420.0,4.000355602329364e-12
20753620.0,4.000355602329364e-12
20756820.0,4.000355602329364e-12
20760020.0,4.000355602329364e-12
20763220.0,4.000355602329364e-12
20766420.0,4.000355602329364e-12
20769620.0,4.000355602329364e-12
20772820.0,4.000355602329364e-12
20776020.0,4.000355602329364e-12
20779220.0,4.000355602329364e-12
20782420.0,4.000355602329364e-12
20785620.0,4.000355602329364e-12
20788820.0,4.000355602329364e-12
20792020.0,4.000355602329364e-12
20795220.0,4.000355602329364e-12
20798420.0,4.000355602329364e-12
20801620.0,4.000355602329364e-12
20804820.0,4.000355602329364e-12
20808020.0,4.000355602329364e-12
20811220.0,4.000355602329364e-12
20814420.0,4.000355602329364e-12
20817620.0,4.000355602329364e-12
20820820.0,4.000355602329364e-12
20824020.0,4.000355602329364e-12
20827220.0,4.000355602329364e-12
20830420.0,4.000355602329364e-12
20833620.0,4.000355602329364e-12
20836820.0,4.000355602329364e-12
20840020.0,4.000355602329364e-12
20843220.0,4.000355602329364e-12
20846420.0,4.000355602329364e-12
20849620.0,4.000355602329364e-12
20852820.0,4.000355602329364e-12
20856020.0,4.000355602329364e-12
20859220.0,4.000355602329364e-12
20862420.0,4.000355602329364e-12
20865620.0,4.000355602329364e-12
20868820.0,4.000355602329364e-12
20872020.0,4.000355602329364e-12
20875220.0,4.000355602329364e-12
20878420.0,4.000355602329364e-12
20881620.0,4.000355602329364e-12
20884820.0,4.000355602329364e-12
20888020.0,4.000355602329364e-12
20891220.0,4.000355602329364e-12
20894420.0,4.000355602329364e-12
20897620.0,4.000355602329364e-12
20900820.0,4.000355602329364e-12
20904020.0,4.000355602329364e-12
20907220.0,4.000355602329364e-12
20910420.0,4.000355602329364e-12
20913620.0,4.000355602329364e-12
20916820.0,4.000355602329364e-12
20920020.0,4.000355602329364e-12
20923220.0,4.000355602329364e-12
20926420.0,4.000355602329364e-12
20929620.0,4.000355602329364e-12
20932820.0,4.000355602329364e-12
20936020.0,4.000355602329364e-12
20939220.0,4.000355602329364e-12
20942420.0,4.000355602329364e-12
20945620.0,4.000355602329364e-12
20948820.0,4.000355602329364e-12
20952020.0,4.000355602329364e-12
20955220.0,4.000355602329364e-12
20958420.0,4.000355602329364e-12
20961620.0,4.000355602329364e-12
20964820.0,4.000355602329364e-12
20968020.0,4.000355602329364e-12
20971220.0,4.000355602329364e-12
20974420.0,4.000355602329364e-12
20977620.0,4.000355602329364e-12
20980820.0,4.000355602329364e-12
20984020.0,4.000355602329364e-12
20987220.0,4.000355602329364e-12
20990420.0,4.000355602329364e-12
20993620.0,4.000355602329364e-12
20996820.0,4.000355602329364e-12
21000020.0,4.000355602329364e-12
21003220.0,4.000355602329364e-12
21006420.0,4.000355602329364e-12
21009620.0,4.000355602329364e-12
21012820.0,4.000355602329364e-12
21016020.0,4.000355602329364e-12
21019220.0,4.000355602329364e-12
21022420.0,4.000355602329364e-12
21025620.0,4.000355602329364e-12
21028820.0,4.000355602329364e-12
21032020.0,4.000355602329364e-12
21035220.0,4.000355602329364e-12
21038420.0,4.000355602329364e-12
21041620.0,4.000355602329364e-12
21044820.0,4.000355602329364e-12
21048020.0,4.000355602329364e-12
21051220.0,4.000355602329364e-12
21054420.0,4.000355602329364e-12
21057620.0,4.000355602329364e-12
21060820.0,4.000355602329364e-12
21064020.0,4.000355602329364e-12
21067220.0,4.000355602329364e-12
21070420.0,4.000355602329364e-12
21073620.0,4.000355602329364e-12
21076820.0,4.000355602329364e-12
21080020.0,4.000355602329364e-12
21083220.0,4.000355602329364e-12
21086420.0,4.000355602329364e-12
21089620.0,4.000355602329364e-12
21092820.0,4.000355602329364e-12
21096020.0,4.000355602329364e-12
21099220.0,4.000355602329364e-12
21102420.0,4.000355602329364e-12
21105620.0,4.000355602329364e-12
21108820.0,4.000355602329364e-12
21112020.0,4.000355602329364e-12
21115220.0,4.000355602329364e-12
21118420.0,4.000355602329364e-12
21121620.0,4.000355602329364e-12
21124820.0,4.000355602329364e-12
21128020.0,4.000355602329364e-12
21131220.0,4.000355602329364e-12
21134420.0,4.000355602329364e-12
21137620.0,4.000355602329364e-12
21140820.0,4.000355602329364e-12
21144020.0,4.000355602329364e-12
21147220.0,4.000355602329364e-12
21150420.0,4.000355602329364e-12
21153620.0,4.000355602329364e-12
21156820.0,4.000355602329364e-12
21160020.0,4.000355602329364e-12
21163220.0,4.000355602329364e-12
21166420.0,4.000355602329364e-12
21169620.0,4.000355602329364e-12
21172820.0,4.000355602329364e-12
21176020.0,4.000355602329364e-12
21179220.0,4.000355602329364e-12
21182420.0,4.000355602329364e-12
21185620.0,4.000355602329364e-12
21188820.0,4.000355602329364e-12
21192020.0,4.000355602329364e-12
21195220.0,4.000355602329364e-12
21198420.0,4.000355602329364e-12
21201620.0,4.000355602329364e-12
21204820.0,4.000355602329364e-12
21208020.0,4.000355602329364e-12
21211220.0,4.000355602329364e-12
21214420.0,4.000355602329364e-12
21217620.0,4.000355602329364e-12
21220820.0,4.000355602329364e-12
21224020.0,4.000355602329364e-12
21227220.0,4.000355602329364e-12
21230420.0,4.000355602329364e-12
21233620.0,4.000355602329364e-12
21236820.0,4.000355602329364e-12
21240020.0,4.000355602329364e-12
21243220.0,4.000355602329364e-12
21246420.0,4.000355602329364e-12
21249620.0,4.000355602329364e-12
21252820.0,4.000355602329364e-12
21256020.0,4.000355602329364e-12
21259220.0,4.000355602329364e-12
21262420.0,4.000355602329364e-12
21265620.0,4.000355602329364e-12
21268820.0,4.000355602329364e-12
21272020.0,4.000355602329364e-12
21275220.0,4.000355602329364e-12
21278420.0,4.000355602329364e-12
21281620.0,4.000355602329364e-12
21284820.0,4.000355602329364e-12
21288020.0,4.000355602329364e-12
21291220.0,4.000355602329364e-12
21294420.0,4.000355602329364e-12
21297620.0,4.000355602329364e-12
21300820.0,4.000355602329364e-12
21304020.0,4.000355602329364e-12
21307220.0,4.000355602329364e-12
21310420.0,4.000355602329364e-12
21313620.0,4.000355602329364e-12
21316820.0,4.000355602329364e-12
21320020.0,4.000355602329364e-12
21323220.0,4.000355602329364e-12
21326420.0,4.000355602329364e-12
21329620.0,4.000355602329364e-12
21332820.0,4.000355602329364e-12
21336020.0,4.000355602329364e-12
21339220.0,4.000355602329364e-12
21342420.0,4.000355602329364e-12
21345620.0,4.000355602329364e-12
21348820.0,4.000355602329364e-12
21352020.0,4.000355602329364e-12
21355220.0,4.000355602329364e-12
21358420.0,4.000355602329364e-12
21361620.0,4.000355602329364e-12
21364820.0,4.000355602329364e-12
21368020.0,4.000355602329364e-12
21371220.0,4.000355602329364e-12
21374420.0,4.000355602329364e-12
21377620.0,4.000355602329364e-12
21380820.0,4.000355602329364e-12
21384020.0,4.000355602329364e-12
21387220.0,4.000355602329364e-12
21390420.0,4.000355602329364e-12
21393620.0,4.000355602329364e-12
21396820.0,4.000355602329364e-12
21400020.0,4.000355602329364e-12
21403220.0,4.000355602329364e-12
21406420.0,4.000355602329364e-12
21409620.0,4.000355602329364e-12
21412820.0,4.000355602329364e-12
21416020.0,4.000355602329364e-12
21419220.0,4.000355602329364e-12
21422420.0,4.000355602329364e-12
21425620.0,4.000355602329364e-12
21428820.0,4.000355602329364e-12
21432020.0,4.000355602329364e-12
21435220.0,4.000355602329364e-12
21438420.0,4.000355602329364e-12
21441620.0,4.000355602329364e-12
21444820.0,4.000355602329364e-12
21448020.0,4.000355602329364e-12
21451220.0,4.000355602329364e-12
21454420.0,4.000355602329364e-12
21457620.0,4.000355602329364e-12
21460820.0,4.000355602329364e-12
21464020.0,4.000355602329364e-12
21467220.0,4.000355602329364e-12
21470420.0,4.000355602329364e-12
21473620.0,4.000355602329364e-12
21476820.0,4.000355602329364e-12
21480020.0,4.000355602329364e-12
21483220.0,4.000355602329364e-12
21486420.0,4.000355602329364e-12
21489620.0,4.000355602329364e-12
21492820.0,4.000355602329364e-12
21496020.0,4.000355602329364e-12
21499220.0,4.000355602329364e-12
21502420.0,4.000355602329364e-12
21505620.0,4.000355602329364e-12
21508820.0,4.000355602329364e-12
21512020.0,4.000355602329364e-12
21515220.0,4.000355602329364e-12
21518420.0,4.000355602329364e-12
21521620.0,4.000355602329364e-12
21524820.0,4.000355602329364e-12
21528020.0,4.000355602329364e-12
21531220.0,4.000355602329364e-12
21534420.0,4.000355602329364e-12
21537620.0,4.000355602329364e-12
21540820.0,4.000355602329364e-12
21544020.0,4.000355602329364e-12
21547220.0,4.000355602329364e-12
21550420.0,4.000355602329364e-12
21553620.0,4.000355602329364e-12
21556820.0,4.000355602329364e-12
21560020.0,4.000355602329364e-12
21563220.0,4.000355602329364e-12
21566420.0,4.000355602329364e-12
21569620.0,4.000355602329364e-12
21572820.0,4.000355602329364e-12
21576020.0,4.000355602329364e-12
21579220.0,4.000355602329364e-12
21582420.0,4.000355602329364e-12
21585620.0,4.000355602329364e-12
21588820.0,4.000355602329364e-12
21592020.0,4.000355602329364e-12
21595220.0,4.000355602329364e-12
21598420.0,4.000355602329364e-12
21601620.0,4.000355602329364e-12
21604820.0,4.000355602329364e-12
21608020.0,4.000355602329364e-12
21611220.0,4.000355602329364e-12
21614420.0,4.000355602329364e-12
21617620.0,4.000355602329364e-12
21620820.0,4.000355602329364e-12
21624020.0,4.000355602329364e-12
21627220.0,4.000355602329364e-12
21630420.0,4.000355602329364e-12
21633620.0,4.000355602329364e-12
21636820.0,4.000355602329364e-12
21640020.0,4.000355602329364e-12
21643220.0,4.000355602329364e-12
21646420.0,4.000355602329364e-12
21649620.0,4.000355602329364e-12
21652820.0,4.000355602329364e-12
21656020.0,4.000355602329364e-12
21659220.0,4.000355602329364e-12
21662420.0,4.000355602329364e-12
21665620.0,4.000355602329364e-12
21668820.0,4.000355602329364e-12
21672020.0,4.000355602329364e-12
21675220.0,4.000355602329364e-12
21678420.0,4.000355602329364e-12
21681620.0,4.000355602329364e-12
21684820.0,4.000355602329364e-12
21688020.0,4.000355602329364e-12
21691220.0,4.000355602329364e-12
21694420.0,4.000355602329364e-12
21697620.0,4.000355602329364e-12
21700820.0,4.000355602329364e-12
21704020.0,4.000355602329364e-12
21707220.0,4.000355602329364e-12
21710420.0,4.000355602329364e-12
21713620.0,4.000355602329364e-12
21716820.0,4.000355602329364e-12
21720020.0,4.000355602329364e-12
21723220.0,4.000355602329364e-12
21726420.0,4.000355602329364e-12
21729620.0,4.000355602329364e-12
21732820.0,4.000355602329364e-12
21736020.0,4.000355602329364e-12
21739220.0,4.000355602329364e-12
21742420.0,4.000355602329364e-12
21745620.0,4.000355602329364e-12
21748820.0,4.000355602329364e-12
21752020.0,4.000355602329364e-12
21755220.0,4.000355602329364e-12
21758420.0,4.000355602329364e-12
21761620.0,4.000355602329364e-12
21764820.0,4.000355602329364e-12
21768020.0,4.000355602329364e-12
21771220.0,4.000355602329364e-12
21774420.0,4.000355602329364e-12
21777620.0,4.000355602329364e-12
21780820.0,4.000355602329364e-12
21784020.0,4.000355602329364e-12
21787220.0,4.000355602329364e-12
21790420.0,4.000355602329364e-12
21793620.0,4.000355602329364e-12
21796820.0,4.000355602329364e-12
21800020.0,4.000355602329364e-12
21803220.0,4.000355602329364e-12
21806420.0,4.000355602329364e-12
21809620.0,4.000355602329364e-12
21812820.0,4.000355602329364e-12
21816020.0,4.000355602329364e-12
21819220.0,4.000355602329364e-12
21822420.0,4.000355602329364e-12
21825620.0,4.000355602329364e-12
21828820.0,4.000355602329364e-12
21832020.0,4.000355602329364e-12
21835220.0,4.000355602329364e-12
21838420.0,4.000355602329364e-12
21841620.0,4.000355602329364e-12
21844820.0,4.000355602329364e-12
21848020.0,4.000355602329364e-12
21851220.0,4.000355602329364e-12
21854420.0,4.000355602329364e-12
21857620.0,4.000355602329364e-12
21860820.0,4.000355602329364e-12
21864020.0,4.000355602329364e-12
21867220.0,4.000355602329364e-12
21870420.0,4.000355602329364e-12
21873620.0,4.000355602329364e-12
21876820.0,4.000355602329364e-12
21880020.0,4.000355602329364e-12
21883220.0,4.000355602329364e-12
21886420.0,4.000355602329364e-12
21889620.0,4.000355602329364e-12
21892820.0,4.000355602329364e-12
21896020.0,4.000355602329364e-12
21899220.0,4.000355602329364e-12
21902420.0,4.000355602329364e-12
21905620.0,4.000355602329364e-12
21908820.0,4.000355602329364e-12
21912020.0,4.000355602329364e-12
21915220.0,4.000355602329364e-12
21918420.0,4.000355602329364e-12
21921620.0,4.000355602329364e-12
21924820.0,4.000355602329364e-12
21928020.0,4.000355602329364e-12
21931220.0,4.000355602329364e-12
21934420.0,4.000355602329364e-12
21937620.0,4.000355602329364e-12
21940820.0,4.000355602329364e-12
21944020.0,4.000355602329364e-12
21947220.0,4.000355602329364e-12
21950420.0,4.000355602329364e-12
21953620.0,4.000355602329364e-12
21956820.0,4.000355602329364e-12
21960020.0,4.000355602329364e-12
21963220.0,4.000355602329364e-12
21966420.0,4.000355602329364e-12
21969620.0,4.000355602329364e-12
21972820.0,4.000355602329364e-12
21976020.0,4.000355602329364e-12
21979220.0,4.000355602329364e-12
21982420.0,4.000355602329364e-12
21985620.0,4.000355602329364e-12
21988820.0,4.000355602329364e-12
21992020.0,4.000355602329364e-12
21995220.0,4.000355602329364e-12
21998420.0,4.000355602329364e-12
22001620.0,4.000355602329364e-12
22004820.0,4.000355602329364e-12
22008020.0,4.000355602329364e-12
22011220.0,4.000355602329364e-12
22014420.0,4.000355602329364e-12
22017620.0,4.000355602329364e-12
22020820.0,4.000355602329364e-12
22024020.0,4.000355602329364e-12
22027220.0,4.000355602329364e-12
22030420.0,4.000355602329364e-12
22033620.0,4.000355602329364e-12
22036820.0,4.000355602329364e-12
22040020.0,4.000355602329364e-12
22043220.0,4.000355602329364e-12
22046420.0,4.000355602329364e-12
22049620.0,4.000355602329364e-12
22052820.0,4.000355602329364e-12
22056020.0,4.000355602329364e-12
22059220.0,4.000355602329364e-12
22062420.0,4.000355602329364e-12
22065620.0,4.000355602329364e-12
22068820.0,4.000355602329364e-12
22072020.0,4.000355602329364e-12
22075220.0,4.000355602329364e-12
22078420.0,4.000355602329364e-12
22081620.0,4.000355602329364e-12
22084820.0,4.000355602329364e-12
22088020.0,4.000355602329364e-12
22091220.0,4.000355602329364e-12
22094420.0,4.000355602329364e-12
22097620.0,4.000355602329364e-12
22100820.0,4.000355602329364e-12
22104020.0,4.000355602329364e-12
22107220.0,4.000355602329364e-12
22110420.0,4.000355602329364e-12
22113620.0,4.000355602329364e-12
22116820.0,4.000355602329364e-12
22120020.0,4.000355602329364e-12
22123220.0,4.000355602329364e-12
22126420.0,4.000355602329364e-12
22129620.0,4.000355602329364e-12
22132820.0,4.000355602329364e-12
22136020.0,4.000355602329364e-12
22139220.0,4.000355602329364e-12
22142420.0,4.000355602329364e-12
22145620.0,4.000355602329364e-12
22148820.0,4.000355602329364e-12
22152020.0,4.000355602329364e-12
22155220.0,4.000355602329364e-12
22158420.0,4.000355602329364e-12
22161620.0,4.000355602329364e-12
22164820.0,4.000355602329364e-12
22168020.0,4.000355602329364e-12
22171220.0,4.000355602329364e-12
22174420.0,4.000355602329364e-12
22177620.0,4.000355602329364e-12
22180820.0,4.000355602329364e-12
22184020.0,4.000355602329364e-12
22187220.0,4.000355602329364e-12
22190420.0,4.000355602329364e-12
22193620.0,4.000355602329364e-12
22196820.0,4.000355602329364e-12
22200020.0,4.000355602329364e-12
22203220.0,4.000355602329364e-12
22206420.0,4.000355602329364e-12
22209620.0,4.000355602329364e-12
22212820.0,4.000355602329364e-12
22216020.0,4.000355602329364e-12
22219220.0,4.000355602329364e-12
22222420.0,4.000355602329364e-12
22225620.0,4.000355602329364e-12
22228820.0,4.000355602329364e-12
22232020.0,4.000355602329364e-12
22235220.0,4.000355602329364e-12
22238420.0,4.000355602329364e-12
22241620.0,4.000355602329364e-12
22244820.0,4.000355602329364e-12
22248020.0,4.000355602329364e-12
22251220.0,4.000355602329364e-12
22254420.0,4.000355602329364e-12
22257620.0,4.000355602329364e-12
22260820.0,4.000355602329364e-12
22264020.0,4.000355602329364e-12
22267220.0,4.000355602329364e-12
22270420.0,4.000355602329364e-12
22273620.0,4.000355602329364e-12
22276820.0,4.000355602329364e-12
22280020.0,4.000355602329364e-12
22283220.0,4.000355602329364e-12
22286420.0,4.000355602329364e-12
22289620.0,4.000355602329364e-12
22292820.0,4.000355602329364e-12
22296020.0,4.000355602329364e-12
22299220.0,4.000355602329364e-12
22302420.0,4.000355602329364e-12
22305620.0,4.000355602329364e-12
22308820.0,4.000355602329364e-12
22312020.0,4.000355602329364e-12
22315220.0,4.000355602329364e-12
22318420.0,4.000355602329364e-12
22321620.0,4.000355602329364e-12
22324820.0,4.000355602329364e-12
22328020.0,4.000355602329364e-12
22331220.0,4.000355602329364e-12
22334420.0,4.000355602329364e-12
22337620.0,4.000355602329364e-12
22340820.0,4.000355602329364e-12
22344020.0,4.000355602329364e-12
22347220.0,4.000355602329364e-12
22350420.0,4.000355602329364e-12
22353620.0,4.000355602329364e-12
22356820.0,4.000355602329364e-12
22360020.0,4.000355602329364e-12
22363220.0,4.000355602329364e-12
22366420.0,4.000355602329364e-12
22369620.0,4.000355602329364e-12
22372820.0,4.000355602329364e-12
22376020.0,4.000355602329364e-12
22379220.0,4.000355602329364e-12
22382420.0,4.000355602329364e-12
22385620.0,4.000355602329364e-12
22388820.0,4.000355602329364e-12
22392020.0,4.000355602329364e-12
22395220.0,4.000355602329364e-12
22398420.0,4.000355602329364e-12
22401620.0,4.000355602329364e-12
22404820.0,4.000355602329364e-12
22408020.0,4.000355602329364e-12
22411220.0,4.000355602329364e-12
22414420.0,4.000355602329364e-12
22417620.0,4.000355602329364e-12
22420820.0,4.000355602329364e-12
22424020.0,4.000355602329364e-12
22427220.0,4.000355602329364e-12
22430420.0,4.000355602329364e-12
22433620.0,4.000355602329364e-12
22436820.0,4.000355602329364e-12
22440020.0,4.000355602329364e-12
22443220.0,4.000355602329364e-12
22446420.0,4.000355602329364e-12
22449620.0,4.000355602329364e-12
22452820.0,4.000355602329364e-12
22456020.0,4.000355602329364e-12
22459220.0,4.000355602329364e-12
22462420.0,4.000355602329364e-12
22465620.0,4.000355602329364e-12
22468820.0,4.000355602329364e-12
22472020.0,4.000355602329364e-12
22475220.0,4.000355602329364e-12
22478420.0,4.000355602329364e-12
22481620.0,4.000355602329364e-12
22484820.0,4.000355602329364e-12
22488020.0,4.000355602329364e-12
22491220.0,4.000355602329364e-12
22494420.0,4.000355602329364e-12
22497620.0,4.000355602329364e-12
22500820.0,4.000355602329364e-12
22504020.0,4.000355602329364e-12
22507220.0,4.000355602329364e-12
22510420.0,4.000355602329364e-12
22513620.0,4.000355602329364e-12
22516820.0,4.000355602329364e-12
22520020.0,4.000355602329364e-12
22523220.0,4.000355602329364e-12
22526420.0,4.000355602329364e-12
22529620.0,4.000355602329364e-12
22532820.0,4.000355602329364e-12
22536020.0,4.000355602329364e-12
22539220.0,4.000355602329364e-12
22542420.0,4.000355602329364e-12
22545620.0,4.000355602329364e-12
22548820.0,4.000355602329364e-12
22552020.0,4.000355602329364e-12
22555220.0,4.000355602329364e-12
22558420.0,4.000355602329364e-12
22561620.0,4.000355602329364e-12
22564820.0,4.000355602329364e-12
22568020.0,4.000355602329364e-12
22571220.0,4.000355602329364e-12
22574420.0,4.000355602329364e-12
22577620.0,4.000355602329364e-12
22580820.0,4.000355602329364e-12
22584020.0,4.000355602329364e-12
22587220.0,4.000355602329364e-12
22590420.0,4.000355602329364e-12
22593620.0,4.000355602329364e-12
22596820.0,4.000355602329364e-12
22600020.0,4.000355602329364e-12
22603220.0,4.000355602329364e-12
22606420.0,4.000355602329364e-12
22609620.0,4.000355602329364e-12
22612820.0,4.000355602329364e-12
22616020.0,4.000355602329364e-12
22619220.0,4.000355602329364e-12
22622420.0,4.000355602329364e-12
22625620.0,4.000355602329364e-12
22628820.0,4.000355602329364e-12
22632020.0,4.000355602329364e-12
22635220.0,4.000355602329364e-12
22638420.0,4.000355602329364e-12
22641620.0,4.000355602329364e-12
22644820.0,4.000355602329364e-12
22648020.0,4.000355602329364e-12
22651220.0,4.000355602329364e-12
22654420.0,4.000355602329364e-12
22657620.0,4.000355602329364e-12
22660820.0,4.000355602329364e-12
22664020.0,4.000355602329364e-12
22667220.0,4.000355602329364e-12
22670420.0,4.000355602329364e-12
22673620.0,4.000355602329364e-12
22676820.0,4.000355602329364e-12
22680020.0,4.000355602329364e-12
22683220.0,4.000355602329364e-12
22686420.0,4.000355602329364e-12
22689620.0,4.000355602329364e-12
22692820.0,4.000355602329364e-12
22696020.0,4.000355602329364e-12
22699220.0,4.000355602329364e-12
22702420.0,4.000355602329364e-12
22705620.0,4.000355602329364e-12
22708820.0,4.000355602329364e-12
22712020.0,4.000355602329364e-12
22715220.0,4.000355602329364e-12
22718420.0,4.000355602329364e-12
22721620.0,4.000355602329364e-12
22724820.0,4.000355602329364e-12
22728020.0,4.000355602329364e-12
22731220.0,4.000355602329364e-12
22734420.0,4.000355602329364e-12
22737620.0,4.000355602329364e-12
22740820.0,4.000355602329364e-12
22744020.0,4.000355602329364e-12
22747220.0,4.000355602329364e-12
22750420.0,4.000355602329364e-12
22753620.0,4.000355602329364e-12
22756820.0,4.000355602329364e-12
22760020.0,4.000355602329364e-12
22763220.0,4.000355602329364e-12
22766420.0,4.000355602329364e-12
22769620.0,4.000355602329364e-12
22772820.0,4.000355602329364e-12
22776020.0,4.000355602329364e-12
22779220.0,4.000355602329364e-12
22782420.0,4.000355602329364e-12
22785620.0,4.000355602329364e-12
22788820.0,4.000355602329364e-12
22792020.0,4.000355602329364e-12
22795220.0,4.000355602329364e-12
22798420.0,4.000355602329364e-12
22801620.0,4.000355602329364e-12
22804820.0,4.000355602329364e-12
22808020.0,4.000355602329364e-12
22811220.0,4.000355602329364e-12
22814420.0,4.000355602329364e-12
22817620.0,4.000355602329364e-12
22820820.0,4.000355602329364e-12
22824020.0,4.000355602329364e-12
22827220.0,4.000355602329364e-12
22830420.0,4.000355602329364e-12
22833620.0,4.000355602329364e-12
22836820.0,4.000355602329364e-12
22840020.0,4.000355602329364e-12
22843220.0,4.000355602329364e-12
22846420.0,4.000355602329364e-12
22849620.0,4.000355602329364e-12
22852820.0,4.000355602329364e-12
22856020.0,4.000355602329364e-12
22859220.0,4.000355602329364e-12
22862420.0,4.000355602329364e-12
22865620.0,4.000355602329364e-12
22868820.0,4.000355602329364e-12
22872020.0,4.000355602329364e-12
22875220.0,4.000355602329364e-12
22878420.0,4.000355602329364e-12
22881620.0,4.000355602329364e-12
22884820.0,4.000355602329364e-12
22888020.0,4.000355602329364e-12
22891220.0,4.000355602329364e-12
22894420.0,4.000355602329364e-12
22897620.0,4.000355602329364e-12
22900820.0,4.000355602329364e-12
22904020.0,4.000355602329364e-12
22907220.0,4.000355602329364e-12
22910420.0,4.000355602329364e-12
22913620.0,4.000355602329364e-12
22916820.0,4.000355602329364e-12
22920020.0,4.000355602329364e-12
22923220.0,4.000355602329364e-12
22926420.0,4.000355602329364e-12
22929620.0,4.000355602329364e-12
22932820.0,4.000355602329364e-12
22936020.0,4.000355602329364e-12
22939220.0,4.000355602329364e-12
22942420.0,4.000355602329364e-12
22945620.0,4.000355602329364e-12
22948820.0,4.000355602329364e-12
22952020.0,4.000355602329364e-12
22955220.0,4.000355602329364e-12
22958420.0,4.000355602329364e-12
22961620.0,4.000355602329364e-12
22964820.0,4.000355602329364e-12
22968020.0,4.000355602329364e-12
22971220.0,4.000355602329364e-12
22974420.0,4.000355602329364e-12
22977620.0,4.000355602329364e-12
22980820.0,4.000355602329364e-12
22984020.0,4.000355602329364e-12
22987220.0,4.000355602329364e-12
22990420.0,4.000355602329364e-12
22993620.0,4.000355602329364e-12
22996820.0,4.000355602329364e-12
23000020.0,4.000355602329364e-12
23003220.0,4.000355602329364e-12
23006420.0,4.000355602329364e-12
23009620.0,4.000355602329364e-12
23012820.0,4.000355602329364e-12
23016020.0,4.000355602329364e-12
23019220.0,4.000355602329364e-12
23022420.0,4.000355602329364e-12
23025620.0,4.000355602329364e-12
23028820.0,4.000355602329364e-12
23032020.0,4.000355602329364e-12
23035220.0,4.000355602329364e-12
23038420.0,4.000355602329364e-12
23041620.0,4.000355602329364e-12
23044820.0,4.000355602329364e-12
23048020.0,4.000355602329364e-12
23051220.0,4.000355602329364e-12
23054420.0,4.000355602329364e-12
23057620.0,4.000355602329364e-12
23060820.0,4.000355602329364e-12
23064020.0,4.000355602329364e-12
23067220.0,4.000355602329364e-12
23070420.0,4.000355602329364e-12
23073620.0,4.000355602329364e-12
23076820.0,4.000355602329364e-12
23080020.0,4.000355602329364e-12
23083220.0,4.000355602329364e-12
23086420.0,4.000355602329364e-12
23089620.0,4.000355602329364e-12
23092820.0,4.000355602329364e-12
23096020.0,4.000355602329364e-12
23099220.0,4.000355602329364e-12
23102420.0,4.000355602329364e-12
23105620.0,4.000355602329364e-12
23108820.0,4.000355602329364e-12
23112020.0,4.000355602329364e-12
23115220.0,4.000355602329364e-12
23118420.0,4.000355602329364e-12
23121620.0,4.000355602329364e-12
23124820.0,4.000355602329364e-12
23128020.0,4.000355602329364e-12
23131220.0,4.000355602329364e-12
23134420.0,4.000355602329364e-12
23137620.0,4.000355602329364e-12
23140820.0,4.000355602329364e-12
23144020.0,4.000355602329364e-12
23147220.0,4.000355602329364e-12
23150420.0,4.000355602329364e-12
23153620.0,4.000355602329364e-12
23156820.0,4.000355602329364e-12
23160020.0,4.000355602329364e-12
23163220.0,4.000355602329364e-12
23166420.0,4.000355602329364e-12
23169620.0,4.000355602329364e-12
23172820.0,4.000355602329364e-12
23176020.0,4.000355602329364e-12
23179220.0,4.000355602329364e-12
23182420.0,4.000355602329364e-12
23185620.0,4.000355602329364e-12
23188820.0,4.000355602329364e-12
23192020.0,4.000355602329364e-12
23195220.0,4.000355602329364e-12
23198420.0,4.000355602329364e-12
23201620.0,4.000355602329364e-12
23204820.0,4.000355602329364e-12
23208020.0,4.000355602329364e-12
23211220.0,4.000355602329364e-12
23214420.0,4.000355602329364e-12
23217620.0,4.000355602329364e-12
23220820.0,4.000355602329364e-12
23224020.0,4.000355602329364e-12
23227220.0,4.000355602329364e-12
23230420.0,4.000355602329364e-12
23233620.0,4.000355602329364e-12
23236820.0,4.000355602329364e-12
23240020.0,4.000355602329364e-12
23243220.0,4.000355602329364e-12
23246420.0,4.000355602329364e-12
23249620.0,4.000355602329364e-12
23252820.0,4.000355602329364e-12
23256020.0,4.000355602329364e-12
23259220.0,4.000355602329364e-12
23262420.0,4.000355602329364e-12
23265620.0,4.000355602329364e-12
23268820.0,4.000355602329364e-12
23272020.0,4.000355602329364e-12
23275220.0,4.000355602329364e-12
23278420.0,4.000355602329364e-12
23281620.0,4.000355602329364e-12
23284820.0,4.000355602329364e-12
23288020.0,4.000355602329364e-12
23291220.0,4.000355602329364e-12
23294420.0,4.000355602329364e-12
23297620.0,4.000355602329364e-12
23300820.0,4.000355602329364e-12
23304020.0,4.000355602329364e-12
23307220.0,4.000355602329364e-12
23310420.0,4.000355602329364e-12
23313620.0,4.000355602329364e-12
23316820.0,4.000355602329364e-12
23320020.0,4.000355602329364e-12
23323220.0,4.000355602329364e-12
23326420.0,4.000355602329364e-12
23329620.0,4.000355602329364e-12
23332820.0,4.000355602329364e-12
23336020.0,4.000355602329364e-12
23339220.0,4.000355602329364e-12
23342420.0,4.000355602329364e-12
23345620.0,4.000355602329364e-12
23348820.0,4.000355602329364e-12
23352020.0,4.000355602329364e-12
23355220.0,4.000355602329364e-12
23358420.0,4.000355602329364e-12
23361620.0,4.000355602329364e-12
23364820.0,4.000355602329364e-12
23368020.0,4.000355602329364e-12
23371220.0,4.000355602329364e-12
23374420.0,4.000355602329364e-12
23377620.0,4.000355602329364e-12
23380820.0,4.000355602329364e-12
23384020.0,4.000355602329364e-12
23387220.0,4.000355602329364e-12
23390420.0,4.000355602329364e-12
23393620.0,4.000355602329364e-12
23396820.0,4.000355602329364e-12
23400020.0,4.000355602329364e-12
23403220.0,4.000355602329364e-12
23406420.0,4.000355602329364e-12
23409620.0,4.000355602329364e-12
23412820.0,4.000355602329364e-12
23416020.0,4.000355602329364e-12
23419220.0,4.000355602329364e-12
23422420.0,4.000355602329364e-12
23425620.0,4.000355602329364e-12
23428820.0,4.000355602329364e-12
23432020.0,4.000355602329364e-12
23435220.0,4.000355602329364e-12
23438420.0,4.000355602329364e-12
23441620.0,4.000355602329364e-12
23444820.0,4.000355602329364e-12
23448020.0,4.000355602329364e-12
23451220.0,4.000355602329364e-12
23454420.0,4.000355602329364e-12
23457620.0,4.000355602329364e-12
23460820.0,4.000355602329364e-12
23464020.0,4.000355602329364e-12
23467220.0,4.000355602329364e-12
23470420.0,4.000355602329364e-12
23473620.0,4.000355602329364e-12
23476820.0,4.000355602329364e-12
23480020.0,4.000355602329364e-12
23483220.0,4.000355602329364e-12
23486420.0,4.000355602329364e-12
23489620.0,4.000355602329364e-12
23492820.0,4.000355602329364e-12
23496020.0,4.000355602329364e-12
23499220.0,4.000355602329364e-12
23502420.0,4.000355602329364e-12
23505620.0,4.000355602329364e-12
23508820.0,4.000355602329364e-12
23512020.0,4.000355602329364e-12
23515220.0,4.000355602329364e-12
23518420.0,4.000355602329364e-12
23521620.0,4.000355602329364e-12
23524820.0,4.000355602329364e-12
23528020.0,4.000355602329364e-12
23531220.0,4.000355602329364e-12
23534420.0,4.000355602329364e-12
23537620.0,4.000355602329364e-12
23540820.0,4.000355602329364e-12
23544020.0,4.000355602329364e-12
23547220.0,4.000355602329364e-12
23550420.0,4.000355602329364e-12
23553620.0,4.000355602329364e-12
23556820.0,4.000355602329364e-12
23560020.0,4.000355602329364e-12
23563220.0,4.000355602329364e-12
23566420.0,4.000355602329364e-12
23569620.0,4.000355602329364e-12
23572820.0,4.000355602329364e-12
23576020.0,4.000355602329364e-12
23579220.0,4.000355602329364e-12
23582420.0,4.000355602329364e-12
23585620.0,4.000355602329364e-12
23588820.0,4.000355602329364e-12
23592020.0,4.000355602329364e-12
23595220.0,4.000355602329364e-12
23598420.0,4.000355602329364e-12
23601620.0,4.000355602329364e-12
23604820.0,4.000355602329364e-12
23608020.0,4.000355602329364e-12
23611220.0,4.000355602329364e-12
23614420.0,4.000355602329364e-12
23617620.0,4.000355602329364e-12
23620820.0,4.000355602329364e-12
23624020.0,4.000355602329364e-12
23627220.0,4.000355602329364e-12
23630420.0,4.000355602329364e-12
23633620.0,4.000355602329364e-12
23636820.0,4.000355602329364e-12
23640020.0,4.000355602329364e-12
23643220.0,4.000355602329364e-12
23646420.0,4.000355602329364e-12
23649620.0,4.000355602329364e-12
23652820.0,4.000355602329364e-12
23656020.0,4.000355602329364e-12
23659220.0,4.000355602329364e-12
23662420.0,4.000355602329364e-12
23665620.0,4.000355602329364e-12
23668820.0,4.000355602329364e-12
23672020.0,4.000355602329364e-12
23675220.0,4.000355602329364e-12
23678420.0,4.000355602329364e-12
23681620.0,4.000355602329364e-12
23684820.0,4.000355602329364e-12
23688020.0,4.000355602329364e-12
23691220.0,4.000355602329364e-12
23694420.0,4.000355602329364e-12
23697620.0,4.000355602329364e-12
23700820.0,4.000355602329364e-12
23704020.0,4.000355602329364e-12
23707220.0,4.000355602329364e-12
23710420.0,4.000355602329364e-12
23713620.0,4.000355602329364e-12
23716820.0,4.000355602329364e-12
23720020.0,4.000355602329364e-12
23723220.0,4.000355602329364e-12
23726420.0,4.000355602329364e-12
23729620.0,4.000355602329364e-12
23732820.0,4.000355602329364e-12
23736020.0,4.000355602329364e-12
23739220.0,4.000355602329364e-12
23742420.0,4.000355602329364e-12
23745620.0,4.000355602329364e-12
23748820.0,4.000355602329364e-12
23752020.0,4.000355602329364e-12
23755220.0,4.000355602329364e-12
23758420.0,4.000355602329364e-12
23761620.0,4.000355602329364e-12
23764820.0,4.000355602329364e-12
23768020.0,4.000355602329364e-12
23771220.0,4.000355602329364e-12
23774420.0,4.000355602329364e-12
23777620.0,4.000355602329364e-12
23780820.0,4.000355602329364e-12
23784020.0,4.000355602329364e-12
23787220.0,4.000355602329364e-12
23790420.0,4.000355602329364e-12
23793620.0,4.000355602329364e-12
23796820.0,4.000355602329364e-12
23800020.0,4.000355602329364e-12
23803220.0,4.000355602329364e-12
23806420.0,4.000355602329364e-12
23809620.0,4.000355602329364e-12
23812820.0,4.000355602329364e-12
23816020.0,4.000355602329364e-12
23819220.0,4.000355602329364e-12
23822420.0,4.000355602329364e-12
23825620.0,4.000355602329364e-12
23828820.0,4.000355602329364e-12
23832020.0,4.000355602329364e-12
23835220.0,4.000355602329364e-12
23838420.0,4.000355602329364e-12
23841620.0,4.000355602329364e-12
23844820.0,4.000355602329364e-12
23848020.0,4.000355602329364e-12
23851220.0,4.000355602329364e-12
23854420.0,4.000355602329364e-12
23857620.0,4.000355602329364e-12
23860820.0,4.000355602329364e-12
23864020.0,4.000355602329364e-12
23867220.0,4.000355602329364e-12
23870420.0,4.000355602329364e-12
23873620.0,4.000355602329364e-12
23876820.0,4.000355602329364e-12
23880020.0,4.000355602329364e-12
23883220.0,4.000355602329364e-12
23886420.0,4.000355602329364e-12
23889620.0,4.000355602329364e-12
23892820.0,4.000355602329364e-12
23896020.0,4.000355602329364e-12
23899220.0,4.000355602329364e-12
23902420.0,4.000355602329364e-12
23905620.0,4.000355602329364e-12
23908820.0,4.000355602329364e-12
23912020.0,4.000355602329364e-12
23915220.0,4.000355602329364e-12
23918420.0,4.000355602329364e-12
23921620.0,4.000355602329364e-12
23924820.0,4.000355602329364e-12
23928020.0,4.000355602329364e-12
23931220.0,4.000355602329364e-12
23934420.0,4.000355602329364e-12
23937620.0,4.000355602329364e-12
23940820.0,4.000355602329364e-12
23944020.0,4.000355602329364e-12
23947220.0,4.000355602329364e-12
23950420.0,4.000355602329364e-12
23953620.0,4.000355602329364e-12
23956820.0,4.000355602329364e-12
23960020.0,4.000355602329364e-12
23963220.0,4.000355602329364e-12
23966420.0,4.000355602329364e-12
23969620.0,4.000355602329364e-12
23972820.0,4.000355602329364e-12
23976020.0,4.000355602329364e-12
23979220.0,4.000355602329364e-12
23982420.0,4.000355602329364e-12
23985620.0,4.000355602329364e-12
23988820.0,4.000355602329364e-12
23992020.0,4.000355602329364e-12
23995220.0,4.000355602329364e-12
23998420.0,4.000355602329364e-12
24001620.0,4.000355602329364e-12
24004820.0,4.000355602329364e-12
24008020.0,4.000355602329364e-12
24011220.0,4.000355602329364e-12
24014420.0,4.000355602329364e-12
24017620.0,4.000355602329364e-12
24020820.0,4.000355602329364e-12
24024020.0,4.000355602329364e-12
24027220.0,4.000355602329364e-12
24030420.0,4.000355602329364e-12
24033620.0,4.000355602329364e-12
24036820.0,4.000355602329364e-12
24040020.0,4.000355602329364e-12
24043220.0,4.000355602329364e-12
24046420.0,4.000355602329364e-12
24049620.0,4.000355602329364e-12
24052820.0,4.000355602329364e-12
24056020.0,4.000355602329364e-12
24059220.0,4.000355602329364e-12
24062420.0,4.000355602329364e-12
24065620.0,4.000355602329364e-12
24068820.0,4.000355602329364e-12
24072020.0,4.000355602329364e-12
24075220.0,4.000355602329364e-12
24078420.0,4.000355602329364e-12
24081620.0,4.000355602329364e-12
24084820.0,4.000355602329364e-12
24088020.0,4.000355602329364e-12
24091220.0,4.000355602329364e-12
24094420.0,4.000355602329364e-12
24097620.0,4.000355602329364e-12
24100820.0,4.000355602329364e-12
24104020.0,4.000355602329364e-12
24107220.0,4.000355602329364e-12
24110420.0,4.000355602329364e-12
24113620.0,4.000355602329364e-12
24116820.0,4.000355602329364e-12
24120020.0,4.000355602329364e-12
24123220.0,4.000355602329364e-12
24126420.0,4.000355602329364e-12
24129620.0,4.000355602329364e-12
24132820.0,4.000355602329364e-12
24136020.0,4.000355602329364e-12
24139220.0,4.000355602329364e-12
24142420.0,4.000355602329364e-12
24145620.0,4.000355602329364e-12
24148820.0,4.000355602329364e-12
24152020.0,4.000355602329364e-12
24155220.0,4.000355602329364e-12
24158420.0,4.000355602329364e-12
24161620.0,4.000355602329364e-12
24164820.0,4.000355602329364e-12
24168020.0,4.000355602329364e-12
24171220.0,4.000355602329364e-12
24174420.0,4.000355602329364e-12
24177620.0,4.000355602329364e-12
24180820.0,4.000355602329364e-12
24184020.0,4.000355602329364e-12
24187220.0,4.000355602329364e-12
24190420.0,4.000355602329364e-12
24193620.0,4.000355602329364e-12
24196820.0,4.000355602329364e-12
24200020.0,4.000355602329364e-12
24203220.0,4.000355602329364e-12
24206420.0,4.000355602329364e-12
24209620.0,4.000355602329364e-12
24212820.0,4.000355602329364e-12
24216020.0,4.000355602329364e-12
24219220.0,4.000355602329364e-12
24222420.0,4.000355602329364e-12
24225620.0,4.000355602329364e-12
24228820.0,4.000355602329364e-12
24232020.0,4.000355602329364e-12
24235220.0,4.000355602329364e-12
24238420.0,4.000355602329364e-12
24241620.0,4.000355602329364e-12
24244820.0,4.000355602329364e-12
24248020.0,4.000355602329364e-12
24251220.0,4.000355602329364e-12
24254420.0,4.000355602329364e-12
24257620.0,4.000355602329364e-12
24260820.0,4.000355602329364e-12
24264020.0,4.000355602329364e-12
24267220.0,4.000355602329364e-12
24270420.0,4.000355602329364e-12
24273620.0,4.000355602329364e-12
24276820.0,4.000355602329364e-12
24280020.0,4.000355602329364e-12
24283220.0,4.000355602329364e-12
24286420.0,4.000355602329364e-12
24289620.0,4.000355602329364e-12
24292820.0,4.000355602329364e-12
24296020.0,4.000355602329364e-12
24299220.0,4.000355602329364e-12
24302420.0,4.000355602329364e-12
24305620.0,4.000355602329364e-12
24308820.0,4.000355602329364e-12
24312020.0,4.000355602329364e-12
24315220.0,4.000355602329364e-12
24318420.0,4.000355602329364e-12
24321620.0,4.000355602329364e-12
24324820.0,4.000355602329364e-12
24328020.0,4.000355602329364e-12
24331220.0,4.000355602329364e-12
24334420.0,4.000355602329364e-12
24337620.0,4.000355602329364e-12
24340820.0,4.000355602329364e-12
24344020.0,4.000355602329364e-12
24347220.0,4.000355602329364e-12
24350420.0,4.000355602329364e-12
24353620.0,4.000355602329364e-12
24356820.0,4.000355602329364e-12
24360020.0,4.000355602329364e-12
24363220.0,4.000355602329364e-12
24366420.0,4.000355602329364e-12
24369620.0,4.000355602329364e-12
24372820.0,4.000355602329364e-12
24376020.0,4.000355602329364e-12
24379220.0,4.000355602329364e-12
24382420.0,4.000355602329364e-12
24385620.0,4.000355602329364e-12
24388820.0,4.000355602329364e-12
24392020.0,4.000355602329364e-12
24395220.0,4.000355602329364e-12
24398420.0,4.000355602329364e-12
24401620.0,4.000355602329364e-12
24404820.0,4.000355602329364e-12
24408020.0,4.000355602329364e-12
24411220.0,4.000355602329364e-12
24414420.0,4.000355602329364e-12
24417620.0,4.000355602329364e-12
24420820.0,4.000355602329364e-12
24424020.0,4.000355602329364e-12
24427220.0,4.000355602329364e-12
24430420.0,4.000355602329364e-12
24433620.0,4.000355602329364e-12
24436820.0,4.000355602329364e-12
24440020.0,4.000355602329364e-12
24443220.0,4.000355602329364e-12
24446420.0,4.000355602329364e-12
24449620.0,4.000355602329364e-12
24452820.0,4.000355602329364e-12
24456020.0,4.000355602329364e-12
24459220.0,4.000355602329364e-12
24462420.0,4.000355602329364e-12
24465620.0,4.000355602329364e-12
24468820.0,4.000355602329364e-12
24472020.0,4.000355602329364e-12
24475220.0,4.000355602329364e-12
24478420.0,4.000355602329364e-12
24481620.0,4.000355602329364e-12
24484820.0,4.000355602329364e-12
24488020.0,4.000355602329364e-12
24491220.0,4.000355602329364e-12
24494420.0,4.000355602329364e-12
24497620.0,4.000355602329364e-12
24500820.0,4.000355602329364e-12
24504020.0,4.000355602329364e-12
24507220.0,4.000355602329364e-12
24510420.0,4.000355602329364e-12
24513620.0,4.000355602329364e-12
24516820.0,4.000355602329364e-12
24520020.0,4.000355602329364e-12
24523220.0,4.000355602329364e-12
24526420.0,4.000355602329364e-12
24529620.0,4.000355602329364e-12
24532820.0,4.000355602329364e-12
24536020.0,4.000355602329364e-12
24539220.0,4.000355602329364e-12
24542420.0,4.000355602329364e-12
24545620.0,4.000355602329364e-12
24548820.0,4.000355602329364e-12
24552020.0,4.000355602329364e-12
24555220.0,4.000355602329364e-12
24558420.0,4.000355602329364e-12
24561620.0,4.000355602329364e-12
24564820.0,4.000355602329364e-12
24568020.0,4.000355602329364e-12
24571220.0,4.000355602329364e-12
24574420.0,4.000355602329364e-12
24577620.0,4.000355602329364e-12
24580820.0,4.000355602329364e-12
24584020.0,4.000355602329364e-12
24587220.0,4.000355602329364e-12
24590420.0,4.000355602329364e-12
24593620.0,4.000355602329364e-12
24596820.0,4.000355602329364e-12
24600020.0,4.000355602329364e-12
24603220.0,4.000355602329364e-12
24606420.0,4.000355602329364e-12
24609620.0,4.000355602329364e-12
24612820.0,4.000355602329364e-12
24616020.0,4.000355602329364e-12
24619220.0,4.000355602329364e-12
24622420.0,4.000355602329364e-12
24625620.0,4.000355602329364e-12
24628820.0,4.000355602329364e-12
24632020.0,4.000355602329364e-12
24635220.0,4.000355602329364e-12
24638420.0,4.000355602329364e-12
24641620.0,4.000355602329364e-12
24644820.0,4.000355602329364e-12
24648020.0,4.000355602329364e-12
24651220.0,4.000355602329364e-12
24654420.0,4.000355602329364e-12
24657620.0,4.000355602329364e-12
24660820.0,4.000355602329364e-12
24664020.0,4.000355602329364e-12
24667220.0,4.000355602329364e-12
24670420.0,4.000355602329364e-12
24673620.0,4.000355602329364e-12
24676820.0,4.000355602329364e-12
24680020.0,4.000355602329364e-12
24683220.0,4.000355602329364e-12
24686420.0,4.000355602329364e-12
24689620.0,4.000355602329364e-12
24692820.0,4.000355602329364e-12
24696020.0,4.000355602329364e-12
24699220.0,4.000355602329364e-12
24702420.0,4.000355602329364e-12
24705620.0,4.000355602329364e-12
24708820.0,4.000355602329364e-12
24712020.0,4.000355602329364e-12
24715220.0,4.000355602329364e-12
24718420.0,4.000355602329364e-12
24721620.0,4.000355602329364e-12
24724820.0,4.000355602329364e-12
24728020.0,4.000355602329364e-12
24731220.0,4.000355602329364e-12
24734420.0,4.000355602329364e-12
24737620.0,4.000355602329364e-12
24740820.0,4.000355602329364e-12
24744020.0,4.000355602329364e-12
24747220.0,4.000355602329364e-12
24750420.0,4.000355602329364e-12
24753620.0,4.000355602329364e-12
24756820.0,4.000355602329364e-12
24760020.0,4.000355602329364e-12
24763220.0,4.000355602329364e-12
24766420.0,4.000355602329364e-12
24769620.0,4.000355602329364e-12
24772820.0,4.000355602329364e-12
24776020.0,4.000355602329364e-12
24779220.0,4.000355602329364e-12
24782420.0,4.000355602329364e-12
24785620.0,4.000355602329364e-12
24788820.0,4.000355602329364e-12
24792020.0,4.000355602329364e-12
24795220.0,4.000355602329364e-12
24798420.0,4.000355602329364e-12
24801620.0,4.000355602329364e-12
24804820.0,4.000355602329364e-12
24808020.0,4.000355602329364e-12
24811220.0,4.000355602329364e-12
24814420.0,4.000355602329364e-12
24817620.0,4.000355602329364e-12
24820820.0,4.000355602329364e-12
24824020.0,4.000355602329364e-12
24827220.0,4.000355602329364e-12
24830420.0,4.000355602329364e-12
24833620.0,4.000355602329364e-12
24836820.0,4.000355602329364e-12
24840020.0,4.000355602329364e-12
24843220.0,4.000355602329364e-12
24846420.0,4.000355602329364e-12
24849620.0,4.000355602329364e-12
24852820.0,4.000355602329364e-12
24856020.0,4.000355602329364e-12
24859220.0,4.000355602329364e-12
24862420.0,4.000355602329364e-12
24865620.0,4.000355602329364e-12
24868820.0,4.000355602329364e-12
24872020.0,4.000355602329364e-12
24875220.0,4.000355602329364e-12
24878420.0,4.000355602329364e-12
24881620.0,4.000355602329364e-12
24884820.0,4.000355602329364e-12
24888020.0,4.000355602329364e-12
24891220.0,4.000355602329364e-12
24894420.0,4.000355602329364e-12
24897620.0,4.000355602329364e-12
24900820.0,4.000355602329364e-12
24904020.0,4.000355602329364e-12
24907220.0,4.000355602329364e-12
24910420.0,4.000355602329364e-12
24913620.0,4.000355602329364e-12
24916820.0,4.000355602329364e-12
24920020.0,4.000355602329364e-12
24923220.0,4.000355602329364e-12
24926420.0,4.000355602329364e-12
24929620.0,4.000355602329364e-12
24932820.0,4.000355602329364e-12
24936020.0,4.000355602329364e-12
24939220.0,4.000355602329364e-12
24942420.0,4.000355602329364e-12
24945620.0,4.000355602329364e-12
24948820.0,4.000355602329364e-12
24952020.0,4.000355602329364e-12
24955220.0,4.000355602329364e-12
24958420.0,4.000355602329364e-12
24961620.0,4.000355602329364e-12
24964820.0,4.000355602329364e-12
24968020.0,4.000355602329364e-12
24971220.0,4.000355602329364e-12
24974420.0,4.000355602329364e-12
24977620.0,4.000355602329364e-12
24980820.0,4.000355602329364e-12
24984020.0,4.000355602329364e-12
24987220.0,4.000355602329364e-12
24990420.0,4.000355602329364e-12
24993620.0,4.000355602329364e-12
24996820.0,4.000355602329364e-12
25000020.0,4.000355602329364e-12
25003220.0,4.000355602329364e-12
25006420.0,4.000355602329364e-12
25009620.0,4.000355602329364e-12
25012820.0,4.000355602329364e-12
25016020.0,4.000355602329364e-12
25019220.0,4.000355602329364e-12
25022420.0,4.000355602329364e-12
25025620.0,4.000355602329364e-12
25028820.0,4.000355602329364e-12
25032020.0,4.000355602329364e-12
25035220.0,4.000355602329364e-12
25038420.0,4.000355602329364e-12
25041620.0,4.000355602329364e-12
25044820.0,4.000355602329364e-12
25048020.0,4.000355602329364e-12
25051220.0,4.000355602329364e-12
25054420.0,4.000355602329364e-12
25057620.0,4.000355602329364e-12
25060820.0,4.000355602329364e-12
25064020.0,4.000355602329364e-12
25067220.0,4.000355602329364e-12
25070420.0,4.000355602329364e-12
25073620.0,4.000355602329364e-12
25076820.0,4.000355602329364e-12
25080020.0,4.000355602329364e-12
25083220.0,4.000355602329364e-12
25086420.0,4.000355602329364e-12
25089620.0,4.000355602329364e-12
25092820.0,4.000355602329364e-12
25096020.0,4.000355602329364e-12
25099220.0,4.000355602329364e-12
25102420.0,4.000355602329364e-12
25105620.0,4.000355602329364e-12
25108820.0,4.000355602329364e-12
25112020.0,4.000355602329364e-12
25115220.0,4.000355602329364e-12
25118420.0,4.000355602329364e-12
25121620.0,4.000355602329364e-12
25124820.0,4.000355602329364e-12
25128020.0,4.000355602329364e-12
25131220.0,4.000355602329364e-12
25134420.0,4.000355602329364e-12
25137620.0,4.000355602329364e-12
25140820.0,4.000355602329364e-12
25144020.0,4.000355602329364e-12
25147220.0,4.000355602329364e-12
25150420.0,4.000355602329364e-12
25153620.0,4.000355602329364e-12
25156820.0,4.000355602329364e-12
25160020.0,4.000355602329364e-12
25163220.0,4.000355602329364e-12
25166420.0,4.000355602329364e-12
25169620.0,4.000355602329364e-12
25172820.0,4.000355602329364e-12
25176020.0,4.000355602329364e-12
25179220.0,4.000355602329364e-12
25182420.0,4.000355602329364e-12
25185620.0,4.000355602329364e-12
25188820.0,4.000355602329364e-12
25192020.0,4.000355602329364e-12
25195220.0,4.000355602329364e-12
25198420.0,4.000355602329364e-12
25201620.0,4.000355602329364e-12
25204820.0,4.000355602329364e-12
25208020.0,4.000355602329364e-12
25211220.0,4.000355602329364e-12
25214420.0,4.000355602329364e-12
25217620.0,4.000355602329364e-12
25220820.0,4.000355602329364e-12
25224020.0,4.000355602329364e-12
25227220.0,4.000355602329364e-12
25230420.0,4.000355602329364e-12
25233620.0,4.000355602329364e-12
25236820.0,4.000355602329364e-12
25240020.0,4.000355602329364e-12
25243220.0,4.000355602329364e-12
25246420.0,4.000355602329364e-12
25249620.0,4.000355602329364e-12
25252820.0,4.000355602329364e-12
25256020.0,4.000355602329364e-12
25259220.0,4.000355602329364e-12
25262420.0,4.000355602329364e-12
25265620.0,4.000355602329364e-12
25268820.0,4.000355602329364e-12
25272020.0,4.000355602329364e-12
25275220.0,4.000355602329364e-12
25278420.0,4.000355602329364e-12
25281620.0,4.000355602329364e-12
25284820.0,4.000355602329364e-12
25288020.0,4.000355602329364e-12
25291220.0,4.000355602329364e-12
25294420.0,4.000355602329364e-12
25297620.0,4.000355602329364e-12
25300820.0,4.000355602329364e-12
25304020.0,4.000355602329364e-12
25307220.0,4.000355602329364e-12
25310420.0,4.000355602329364e-12
25313620.0,4.000355602329364e-12
25316820.0,4.000355602329364e-12
25320020.0,4.000355602329364e-12
25323220.0,4.000355602329364e-12
25326420.0,4.000355602329364e-12
25329620.0,4.000355602329364e-12
25332820.0,4.000355602329364e-12
25336020.0,4.000355602329364e-12
25339220.0,4.000355602329364e-12
25342420.0,4.000355602329364e-12
25345620.0,4.000355602329364e-12
25348820.0,4.000355602329364e-12
25352020.0,4.000355602329364e-12
25355220.0,4.000355602329364e-12
25358420.0,4.000355602329364e-12
25361620.0,4.000355602329364e-12
25364820.0,4.000355602329364e-12
25368020.0,4.000355602329364e-12
25371220.0,4.000355602329364e-12
25374420.0,4.000355602329364e-12
25377620.0,4.000355602329364e-12
25380820.0,4.000355602329364e-12
25384020.0,4.000355602329364e-12
25387220.0,4.000355602329364e-12
25390420.0,4.000355602329364e-12
25393620.0,4.000355602329364e-12
25396820.0,4.000355602329364e-12
25400020.0,4.000355602329364e-12
25403220.0,4.000355602329364e-12
25406420.0,4.000355602329364e-12
25409620.0,4.000355602329364e-12
25412820.0,4.000355602329364e-12
25416020.0,4.000355602329364e-12
25419220.0,4.000355602329364e-12
25422420.0,4.000355602329364e-12
25425620.0,4.000355602329364e-12
25428820.0,4.000355602329364e-12
25432020.0,4.000355602329364e-12
25435220.0,4.000355602329364e-12
25438420.0,4.000355602329364e-12
25441620.0,4.000355602329364e-12
25444820.0,4.000355602329364e-12
25448020.0,4.000355602329364e-12
25451220.0,4.000355602329364e-12
25454420.0,4.000355602329364e-12
25457620.0,4.000355602329364e-12
25460820.0,4.000355602329364e-12
25464020.0,4.000355602329364e-12
25467220.0,4.000355602329364e-12
25470420.0,4.000355602329364e-12
25473620.0,4.000355602329364e-12
25476820.0,4.000355602329364e-12
25480020.0,4.000355602329364e-12
25483220.0,4.000355602329364e-12
25486420.0,4.000355602329364e-12
25489620.0,4.000355602329364e-12
25492820.0,4.000355602329364e-12
25496020.0,4.000355602329364e-12
25499220.0,4.000355602329364e-12
25502420.0,4.000355602329364e-12
25505620.0,4.000355602329364e-12
25508820.0,4.000355602329364e-12
25512020.0,4.000355602329364e-12
25515220.0,4.000355602329364e-12
25518420.0,4.000355602329364e-12
25521620.0,4.000355602329364e-12
25524820.0,4.000355602329364e-12
25528020.0,4.000355602329364e-12
25531220.0,4.000355602329364e-12
25534420.0,4.000355602329364e-12
25537620.0,4.000355602329364e-12
25540820.0,4.000355602329364e-12
25544020.0,4.000355602329364e-12
25547220.0,4.000355602329364e-12
25550420.0,4.000355602329364e-12
25553620.0,4.000355602329364e-12
25556820.0,4.000355602329364e-12
25560020.0,4.000355602329364e-12
25563220.0,4.000355602329364e-12
25566420.0,4.000355602329364e-12
25569620.0,4.000355602329364e-12
25572820.0,4.000355602329364e-12
25576020.0,4.000355602329364e-12
25579220.0,4.000355602329364e-12
25582420.0,4.000355602329364e-12
25585620.0,4.000355602329364e-12
25588820.0,4.000355602329364e-12
25592020.0,4.000355602329364e-12
25595220.0,4.000355602329364e-12
25598420.0,4.000355602329364e-12
25601620.0,4.000355602329364e-12
25604820.0,4.000355602329364e-12
25608020.0,4.000355602329364e-12
25611220.0,4.000355602329364e-12
25614420.0,4.000355602329364e-12
25617620.0,4.000355602329364e-12
25620820.0,4.000355602329364e-12
25624020.0,4.000355602329364e-12
25627220.0,4.000355602329364e-12
25630420.0,4.000355602329364e-12
25633620.0,4.000355602329364e-12
25636820.0,4.000355602329364e-12
25640020.0,4.000355602329364e-12
25643220.0,4.000355602329364e-12
25646420.0,4.000355602329364e-12
25649620.0,4.000355602329364e-12
25652820.0,4.000355602329364e-12
25656020.0,4.000355602329364e-12
25659220.0,4.000355602329364e-12
25662420.0,4.000355602329364e-12
25665620.0,4.000355602329364e-12
25668820.0,4.000355602329364e-12
25672020.0,4.000355602329364e-12
25675220.0,4.000355602329364e-12
25678420.0,4.000355602329364e-12
25681620.0,4.000355602329364e-12
25684820.0,4.000355602329364e-12
25688020.0,4.000355602329364e-12
25691220.0,4.000355602329364e-12
25694420.0,4.000355602329364e-12
25697620.0,4.000355602329364e-12
25700820.0,4.000355602329364e-12
25704020.0,4.000355602329364e-12
25707220.0,4.000355602329364e-12
25710420.0,4.000355602329364e-12
25713620.0,4.000355602329364e-12
25716820.0,4.000355602329364e-12
25720020.0,4.000355602329364e-12
25723220.0,4.000355602329364e-12
25726420.0,4.000355602329364e-12
25729620.0,4.000355602329364e-12
25732820.0,4.000355602329364e-12
25736020.0,4.000355602329364e-12
25739220.0,4.000355602329364e-12
25742420.0,4.000355602329364e-12
25745620.0,4.000355602329364e-12
25748820.0,4.000355602329364e-12
25752020.0,4.000355602329364e-12
25755220.0,4.000355602329364e-12
25758420.0,4.000355602329364e-12
25761620.0,4.000355602329364e-12
25764820.0,4.000355602329364e-12
25768020.0,4.000355602329364e-12
25771220.0,4.000355602329364e-12
25774420.0,4.000355602329364e-12
25777620.0,4.000355602329364e-12
25780820.0,4.000355602329364e-12
25784020.0,4.000355602329364e-12
25787220.0,4.000355602329364e-12
25790420.0,4.000355602329364e-12
25793620.0,4.000355602329364e-12
25796820.0,4.000355602329364e-12
25800020.0,4.000355602329364e-12
25803220.0,4.000355602329364e-12
25806420.0,4.000355602329364e-12
25809620.0,4.000355602329364e-12
25812820.0,4.000355602329364e-12
25816020.0,4.000355602329364e-12
25819220.0,4.000355602329364e-12
25822420.0,4.000355602329364e-12
25825620.0,4.000355602329364e-12
25828820.0,4.000355602329364e-12
25832020.0,4.000355602329364e-12
25835220.0,4.000355602329364e-12
25838420.0,4.000355602329364e-12
25841620.0,4.000355602329364e-12
25844820.0,4.000355602329364e-12
25848020.0,4.000355602329364e-12
25851220.0,4.000355602329364e-12
25854420.0,4.000355602329364e-12
25857620.0,4.000355602329364e-12
25860820.0,4.000355602329364e-12
25864020.0,4.000355602329364e-12
25867220.0,4.000355602329364e-12
25870420.0,4.000355602329364e-12
25873620.0,4.000355602329364e-12
25876820.0,4.000355602329364e-12
25880020.0,4.000355602329364e-12
25883220.0,4.000355602329364e-12
25886420.0,4.000355602329364e-12
25889620.0,4.000355602329364e-12
25892820.0,4.000355602329364e-12
25896020.0,4.000355602329364e-12
25899220.0,4.000355602329364e-12
25902420.0,4.000355602329364e-12
25905620.0,4.000355602329364e-12
25908820.0,4.000355602329364e-12
25912020.0,4.000355602329364e-12
25915220.0,4.000355602329364e-12
25918420.0,4.000355602329364e-12
25921620.0,4.000355602329364e-12
25924820.0,4.000355602329364e-12
25928020.0,4.000355602329364e-12
25931220.0,4.000355602329364e-12
25934420.0,4.000355602329364e-12
25937620.0,4.000355602329364e-12
25940820.0,4.000355602329364e-12
25944020.0,4.000355602329364e-12
25947220.0,4.000355602329364e-12
25950420.0,4.000355602329364e-12
25953620.0,4.000355602329364e-12
25956820.0,4.000355602329364e-12
25960020.0,4.000355602329364e-12
25963220.0,4.000355602329364e-12
25966420.0,4.000355602329364e-12
25969620.0,4.000355602329364e-12
25972820.0,4.000355602329364e-12
25976020.0,4.000355602329364e-12
25979220.0,4.000355602329364e-12
25982420.0,4.000355602329364e-12
25985620.0,4.000355602329364e-12
25988820.0,4.000355602329364e-12
25992020.0,4.000355602329364e-12
25995220.0,4.000355602329364e-12
25998420.0,4.000355602329364e-12
26001620.0,4.000355602329364e-12
26004820.0,4.000355602329364e-12
26008020.0,4.000355602329364e-12
26011220.0,4.000355602329364e-12
26014420.0,4.000355602329364e-12
26017620.0,4.000355602329364e-12
26020820.0,4.000355602329364e-12
26024020.0,4.000355602329364e-12
26027220.0,4.000355602329364e-12
26030420.0,4.000355602329364e-12
26033620.0,4.000355602329364e-12
26036820.0,4.000355602329364e-12
26040020.0,4.000355602329364e-12
26043220.0,4.000355602329364e-12
26046420.0,4.000355602329364e-12
26049620.0,4.000355602329364e-12
26052820.0,4.000355602329364e-12
26056020.0,4.000355602329364e-12
26059220.0,4.000355602329364e-12
26062420.0,4.000355602329364e-12
26065620.0,4.000355602329364e-12
26068820.0,4.000355602329364e-12
26072020.0,4.000355602329364e-12
26075220.0,4.000355602329364e-12
26078420.0,4.000355602329364e-12
26081620.0,4.000355602329364e-12
26084820.0,4.000355602329364e-12
26088020.0,4.000355602329364e-12
26091220.0,4.000355602329364e-12
26094420.0,4.000355602329364e-12
26097620.0,4.000355602329364e-12
26100820.0,4.000355602329364e-12
26104020.0,4.000355602329364e-12
26107220.0,4.000355602329364e-12
26110420.0,4.000355602329364e-12
26113620.0,4.000355602329364e-12
26116820.0,4.000355602329364e-12
26120020.0,4.000355602329364e-12
26123220.0,4.000355602329364e-12
26126420.0,4.000355602329364e-12
26129620.0,4.000355602329364e-12
26132820.0,4.000355602329364e-12
26136020.0,4.000355602329364e-12
26139220.0,4.000355602329364e-12
26142420.0,4.000355602329364e-12
26145620.0,4.000355602329364e-12
26148820.0,4.000355602329364e-12
26152020.0,4.000355602329364e-12
26155220.0,4.000355602329364e-12
26158420.0,4.000355602329364e-12
26161620.0,4.000355602329364e-12
26164820.0,4.000355602329364e-12
26168020.0,4.000355602329364e-12
26171220.0,4.000355602329364e-12
26174420.0,4.000355602329364e-12
26177620.0,4.000355602329364e-12
26180820.0,4.000355602329364e-12
26184020.0,4.000355602329364e-12
26187220.0,4.000355602329364e-12
26190420.0,4.000355602329364e-12
26193620.0,4.000355602329364e-12
26196820.0,4.000355602329364e-12
26200020.0,4.000355602329364e-12
26203220.0,4.000355602329364e-12
26206420.0,4.000355602329364e-12
26209620.0,4.000355602329364e-12
26212820.0,4.000355602329364e-12
26216020.0,4.000355602329364e-12
26219220.0,4.000355602329364e-12
26222420.0,4.000355602329364e-12
26225620.0,4.000355602329364e-12
26228820.0,4.000355602329364e-12
26232020.0,4.000355602329364e-12
26235220.0,4.000355602329364e-12
26238420.0,4.000355602329364e-12
26241620.0,4.000355602329364e-12
26244820.0,4.000355602329364e-12
26248020.0,4.000355602329364e-12
26251220.0,4.000355602329364e-12
26254420.0,4.000355602329364e-12
26257620.0,4.000355602329364e-12
26260820.0,4.000355602329364e-12
26264020.0,4.000355602329364e-12
26267220.0,4.000355602329364e-12
26270420.0,4.000355602329364e-12
26273620.0,4.000355602329364e-12
26276820.0,4.000355602329364e-12
26280020.0,4.000355602329364e-12
26283220.0,4.000355602329364e-12
26286420.0,4.000355602329364e-12
26289620.0,4.000355602329364e-12
26292820.0,4.000355602329364e-12
26296020.0,4.000355602329364e-12
26299220.0,4.000355602329364e-12
26302420.0,4.000355602329364e-12
26305620.0,4.000355602329364e-12
26308820.0,4.000355602329364e-12
26312020.0,4.000355602329364e-12
26315220.0,4.000355602329364e-12
26318420.0,4.000355602329364e-12
26321620.0,4.000355602329364e-12
26324820.0,4.000355602329364e-12
26328020.0,4.000355602329364e-12
26331220.0,4.000355602329364e-12
26334420.0,4.000355602329364e-12
26337620.0,4.000355602329364e-12
26340820.0,4.000355602329364e-12
26344020.0,4.000355602329364e-12
26347220.0,4.000355602329364e-12
26350420.0,4.000355602329364e-12
26353620.0,4.000355602329364e-12
26356820.0,4.000355602329364e-12
26360020.0,4.000355602329364e-12
26363220.0,4.000355602329364e-12
26366420.0,4.000355602329364e-12
26369620.0,4.000355602329364e-12
26372820.0,4.000355602329364e-12
26376020.0,4.000355602329364e-12
26379220.0,4.000355602329364e-12
26382420.0,4.000355602329364e-12
26385620.0,4.000355602329364e-12
26388820.0,4.000355602329364e-12
26392020.0,4.000355602329364e-12
26395220.0,4.000355602329364e-12
26398420.0,4.000355602329364e-12
26401620.0,4.000355602329364e-12
26404820.0,4.000355602329364e-12
26408020.0,4.000355602329364e-12
26411220.0,4.000355602329364e-12
26414420.0,4.000355602329364e-12
26417620.0,4.000355602329364e-12
26420820.0,4.000355602329364e-12
26424020.0,4.000355602329364e-12
26427220.0,4.000355602329364e-12
26430420.0,4.000355602329364e-12
26433620.0,4.000355602329364e-12
26436820.0,4.000355602329364e-12
26440020.0,4.000355602329364e-12
26443220.0,4.000355602329364e-12
26446420.0,4.000355602329364e-12
26449620.0,4.000355602329364e-12
26452820.0,4.000355602329364e-12
26456020.0,4.000355602329364e-12
26459220.0,4.000355602329364e-12
26462420.0,4.000355602329364e-12
26465620.0,4.000355602329364e-12
26468820.0,4.000355602329364e-12
26472020.0,4.000355602329364e-12
26475220.0,4.000355602329364e-12
26478420.0,4.000355602329364e-12
26481620.0,4.000355602329364e-12
26484820.0,4.000355602329364e-12
26488020.0,4.000355602329364e-12
26491220.0,4.000355602329364e-12
26494420.0,4.000355602329364e-12
26497620.0,4.000355602329364e-12
26500820.0,4.000355602329364e-12
26504020.0,4.000355602329364e-12
26507220.0,4.000355602329364e-12
26510420.0,4.000355602329364e-12
26513620.0,4.000355602329364e-12
26516820.0,4.000355602329364e-12
26520020.0,4.000355602329364e-12
26523220.0,4.000355602329364e-12
26526420.0,4.000355602329364e-12
26529620.0,4.000355602329364e-12
26532820.0,4.000355602329364e-12
26536020.0,4.000355602329364e-12
26539220.0,4.000355602329364e-12
26542420.0,4.000355602329364e-12
26545620.0,4.000355602329364e-12
26548820.0,4.000355602329364e-12
26552020.0,4.000355602329364e-12
26555220.0,4.000355602329364e-12
26558420.0,4.000355602329364e-12
26561620.0,4.000355602329364e-12
26564820.0,4.000355602329364e-12
26568020.0,4.000355602329364e-12
26571220.0,4.000355602329364e-12
26574420.0,4.000355602329364e-12
26577620.0,4.000355602329364e-12
26580820.0,4.000355602329364e-12
26584020.0,4.000355602329364e-12
26587220.0,4.000355602329364e-12
26590420.0,4.000355602329364e-12
26593620.0,4.000355602329364e-12
26596820.0,4.000355602329364e-12
26600020.0,4.000355602329364e-12
26603220.0,4.000355602329364e-12
26606420.0,4.000355602329364e-12
26609620.0,4.000355602329364e-12
26612820.0,4.000355602329364e-12
26616020.0,4.000355602329364e-12
26619220.0,4.000355602329364e-12
26622420.0,4.000355602329364e-12
26625620.0,4.000355602329364e-12
26628820.0,4.000355602329364e-12
26632020.0,4.000355602329364e-12
26635220.0,4.000355602329364e-12
26638420.0,4.000355602329364e-12
26641620.0,4.000355602329364e-12
26644820.0,4.000355602329364e-12
26648020.0,4.000355602329364e-12
26651220.0,4.000355602329364e-12
26654420.0,4.000355602329364e-12
26657620.0,4.000355602329364e-12
26660820.0,4.000355602329364e-12
26664020.0,4.000355602329364e-12
26667220.0,4.000355602329364e-12
26670420.0,4.000355602329364e-12
26673620.0,4.000355602329364e-12
26676820.0,4.000355602329364e-12
26680020.0,4.000355602329364e-12
26683220.0,4.000355602329364e-12
26686420.0,4.000355602329364e-12
26689620.0,4.000355602329364e-12
26692820.0,4.000355602329364e-12
26696020.0,4.000355602329364e-12
26699220.0,4.000355602329364e-12
26702420.0,4.000355602329364e-12
26705620.0,4.000355602329364e-12
26708820.0,4.000355602329364e-12
26712020.0,4.000355602329364e-12
26715220.0,4.000355602329364e-12
26718420.0,4.000355602329364e-12
26721620.0,4.000355602329364e-12
26724820.0,4.000355602329364e-12
26728020.0,4.000355602329364e-12
26731220.0,4.000355602329364e-12
26734420.0,4.000355602329364e-12
26737620.0,4.000355602329364e-12
26740820.0,4.000355602329364e-12
26744020.0,4.000355602329364e-12
26747220.0,4.000355602329364e-12
26750420.0,4.000355602329364e-12
26753620.0,4.000355602329364e-12
26756820.0,4.000355602329364e-12
26760020.0,4.000355602329364e-12
26763220.0,4.000355602329364e-12
26766420.0,4.000355602329364e-12
26769620.0,4.000355602329364e-12
26772820.0,4.000355602329364e-12
26776020.0,4.000355602329364e-12
26779220.0,4.000355602329364e-12
26782420.0,4.000355602329364e-12
26785620.0,4.000355602329364e-12
26788820.0,4.000355602329364e-12
26792020.0,4.000355602329364e-12
26795220.0,4.000355602329364e-12
26798420.0,4.000355602329364e-12
26801620.0,4.000355602329364e-12
26804820.0,4.000355602329364e-12
26808020.0,4.000355602329364e-12
26811220.0,4.000355602329364e-12
26814420.0,4.000355602329364e-12
26817620.0,4.000355602329364e-12
26820820.0,4.000355602329364e-12
26824020.0,4.000355602329364e-12
26827220.0,4.000355602329364e-12
26830420.0,4.000355602329364e-12
26833620.0,4.000355602329364e-12
26836820.0,4.000355602329364e-12
26840020.0,4.000355602329364e-12
26843220.0,4.000355602329364e-12
26846420.0,4.000355602329364e-12
26849620.0,4.000355602329364e-12
26852820.0,4.000355602329364e-12
26856020.0,4.000355602329364e-12
26859220.0,4.000355602329364e-12
26862420.0,4.000355602329364e-12
26865620.0,4.000355602329364e-12
26868820.0,4.000355602329364e-12
26872020.0,4.000355602329364e-12
26875220.0,4.000355602329364e-12
26878420.0,4.000355602329364e-12
26881620.0,4.000355602329364e-12
26884820.0,4.000355602329364e-12
26888020.0,4.000355602329364e-12
26891220.0,4.000355602329364e-12
26894420.0,4.000355602329364e-12
26897620.0,4.000355602329364e-12
26900820.0,4.000355602329364e-12
26904020.0,4.000355602329364e-12
26907220.0,4.000355602329364e-12
26910420.0,4.000355602329364e-12
26913620.0,4.000355602329364e-12
26916820.0,4.000355602329364e-12
26920020.0,4.000355602329364e-12
26923220.0,4.000355602329364e-12
26926420.0,4.000355602329364e-12
26929620.0,4.000355602329364e-12
26932820.0,4.000355602329364e-12
26936020.0,4.000355602329364e-12
26939220.0,4.000355602329364e-12
26942420.0,4.000355602329364e-12
26945620.0,4.000355602329364e-12
26948820.0,4.000355602329364e-12
26952020.0,4.000355602329364e-12
26955220.0,4.000355602329364e-12
26958420.0,4.000355602329364e-12
26961620.0,4.000355602329364e-12
26964820.0,4.000355602329364e-12
26968020.0,4.000355602329364e-12
26971220.0,4.000355602329364e-12
26974420.0,4.000355602329364e-12
26977620.0,4.000355602329364e-12
26980820.0,4.000355602329364e-12
26984020.0,4.000355602329364e-12
26987220.0,4.000355602329364e-12
26990420.0,4.000355602329364e-12
26993620.0,4.000355602329364e-12
26996820.0,4.000355602329364e-12
27000020.0,4.000355602329364e-12
27003220.0,4.000355602329364e-12
27006420.0,4.000355602329364e-12
27009620.0,4.000355602329364e-12
27012820.0,4.000355602329364e-12
27016020.0,4.000355602329364e-12
27019220.0,4.000355602329364e-12
27022420.0,4.000355602329364e-12
27025620.0,4.000355602329364e-12
27028820.0,4.000355602329364e-12
27032020.0,4.000355602329364e-12
27035220.0,4.000355602329364e-12
27038420.0,4.000355602329364e-12
27041620.0,4.000355602329364e-12
27044820.0,4.000355602329364e-12
27048020.0,4.000355602329364e-12
27051220.0,4.000355602329364e-12
27054420.0,4.000355602329364e-12
27057620.0,4.000355602329364e-12
27060820.0,4.000355602329364e-12
27064020.0,4.000355602329364e-12
27067220.0,4.000355602329364e-12
27070420.0,4.000355602329364e-12
27073620.0,4.000355602329364e-12
27076820.0,4.000355602329364e-12
27080020.0,4.000355602329364e-12
27083220.0,4.000355602329364e-12
27086420.0,4.000355602329364e-12
27089620.0,4.000355602329364e-12
27092820.0,4.000355602329364e-12
27096020.0,4.000355602329364e-12
27099220.0,4.000355602329364e-12
27102420.0,4.000355602329364e-12
27105620.0,4.000355602329364e-12
27108820.0,4.000355602329364e-12
27112020.0,4.000355602329364e-12
27115220.0,4.000355602329364e-12
27118420.0,4.000355602329364e-12
27121620.0,4.000355602329364e-12
27124820.0,4.000355602329364e-12
27128020.0,4.000355602329364e-12
27131220.0,4.000355602329364e-12
27134420.0,4.000355602329364e-12
27137620.0,4.000355602329364e-12
27140820.0,4.000355602329364e-12
27144020.0,4.000355602329364e-12
27147220.0,4.000355602329364e-12
27150420.0,4.000355602329364e-12
27153620.0,4.000355602329364e-12
27156820.0,4.000355602329364e-12
27160020.0,4.000355602329364e-12
27163220.0,4.000355602329364e-12
27166420.0,4.000355602329364e-12
27169620.0,4.000355602329364e-12
27172820.0,4.000355602329364e-12
27176020.0,4.000355602329364e-12
27179220.0,4.000355602329364e-12
27182420.0,4.000355602329364e-12
27185620.0,4.000355602329364e-12
27188820.0,4.000355602329364e-12
27192020.0,4.000355602329364e-12
27195220.0,4.000355602329364e-12
27198420.0,4.000355602329364e-12
27201620.0,4.000355602329364e-12
27204820.0,4.000355602329364e-12
27208020.0,4.000355602329364e-12
27211220.0,4.000355602329364e-12
27214420.0,4.000355602329364e-12
27217620.0,4.000355602329364e-12
27220820.0,4.000355602329364e-12
27224020.0,4.000355602329364e-12
27227220.0,4.000355602329364e-12
27230420.0,4.000355602329364e-12
27233620.0,4.000355602329364e-12
27236820.0,4.000355602329364e-12
27240020.0,4.000355602329364e-12
27243220.0,4.000355602329364e-12
27246420.0,4.000355602329364e-12
27249620.0,4.000355602329364e-12
27252820.0,4.000355602329364e-12
27256020.0,4.000355602329364e-12
27259220.0,4.000355602329364e-12
27262420.0,4.000355602329364e-12
27265620.0,4.000355602329364e-12
27268820.0,4.000355602329364e-12
27272020.0,4.000355602329364e-12
27275220.0,4.000355602329364e-12
27278420.0,4.000355602329364e-12
27281620.0,4.000355602329364e-12
27284820.0,4.000355602329364e-12
27288020.0,4.000355602329364e-12
27291220.0,4.000355602329364e-12
27294420.0,4.000355602329364e-12
27297620.0,4.000355602329364e-12
27300820.0,4.000355602329364e-12
27304020.0,4.000355602329364e-12
27307220.0,4.000355602329364e-12
27310420.0,4.000355602329364e-12
27313620.0,4.000355602329364e-12
27316820.0,4.000355602329364e-12
27320020.0,4.000355602329364e-12
27323220.0,4.000355602329364e-12
27326420.0,4.000355602329364e-12
27329620.0,4.000355602329364e-12
27332820.0,4.000355602329364e-12
27336020.0,4.000355602329364e-12
27339220.0,4.000355602329364e-12
27342420.0,4.000355602329364e-12
27345620.0,4.000355602329364e-12
27348820.0,4.000355602329364e-12
27352020.0,4.000355602329364e-12
27355220.0,4.000355602329364e-12
27358420.0,4.000355602329364e-12
27361620.0,4.000355602329364e-12
27364820.0,4.000355602329364e-12
27368020.0,4.000355602329364e-12
27371220.0,4.000355602329364e-12
27374420.0,4.000355602329364e-12
27377620.0,4.000355602329364e-12
27380820.0,4.000355602329364e-12
27384020.0,4.000355602329364e-12
27387220.0,4.000355602329364e-12
27390420.0,4.000355602329364e-12
27393620.0,4.000355602329364e-12
27396820.0,4.000355602329364e-12
27400020.0,4.000355602329364e-12
27403220.0,4.000355602329364e-12
27406420.0,4.000355602329364e-12
27409620.0,4.000355602329364e-12
27412820.0,4.000355602329364e-12
27416020.0,4.000355602329364e-12
27419220.0,4.000355602329364e-12
27422420.0,4.000355602329364e-12
27425620.0,4.000355602329364e-12
27428820.0,4.000355602329364e-12
27432020.0,4.000355602329364e-12
27435220.0,4.000355602329364e-12
27438420.0,4.000355602329364e-12
27441620.0,4.000355602329364e-12
27444820.0,4.000355602329364e-12
27448020.0,4.000355602329364e-12
27451220.0,4.000355602329364e-12
27454420.0,4.000355602329364e-12
27457620.0,4.000355602329364e-12
27460820.0,4.000355602329364e-12
27464020.0,4.000355602329364e-12
27467220.0,4.000355602329364e-12
27470420.0,4.000355602329364e-12
27473620.0,4.000355602329364e-12
27476820.0,4.000355602329364e-12
27480020.0,4.000355602329364e-12
27483220.0,4.000355602329364e-12
27486420.0,4.000355602329364e-12
27489620.0,4.000355602329364e-12
27492820.0,4.000355602329364e-12
27496020.0,4.000355602329364e-12
27499220.0,4.000355602329364e-12
27502420.0,4.000355602329364e-12
27505620.0,4.000355602329364e-12
27508820.0,4.000355602329364e-12
27512020.0,4.000355602329364e-12
27515220.0,4.000355602329364e-12
27518420.0,4.000355602329364e-12
27521620.0,4.000355602329364e-12
27524820.0,4.000355602329364e-12
27528020.0,4.000355602329364e-12
27531220.0,4.000355602329364e-12
27534420.0,4.000355602329364e-12
27537620.0,4.000355602329364e-12
27540820.0,4.000355602329364e-12
27544020.0,4.000355602329364e-12
27547220.0,4.000355602329364e-12
27550420.0,4.000355602329364e-12
27553620.0,4.000355602329364e-12
27556820.0,4.000355602329364e-12
27560020.0,4.000355602329364e-12
27563220.0,4.000355602329364e-12
27566420.0,4.000355602329364e-12
27569620.0,4.000355602329364e-12
27572820.0,4.000355602329364e-12
27576020.0,4.000355602329364e-12
27579220.0,4.000355602329364e-12
27582420.0,4.000355602329364e-12
27585620.0,4.000355602329364e-12
27588820.0,4.000355602329364e-12
27592020.0,4.000355602329364e-12
27595220.0,4.000355602329364e-12
27598420.0,4.000355602329364e-12
27601620.0,4.000355602329364e-12
27604820.0,4.000355602329364e-12
27608020.0,4.000355602329364e-12
27611220.0,4.000355602329364e-12
27614420.0,4.000355602329364e-12
27617620.0,4.000355602329364e-12
27620820.0,4.000355602329364e-12
27624020.0,4.000355602329364e-12
27627220.0,4.000355602329364e-12
27630420.0,4.000355602329364e-12
27633620.0,4.000355602329364e-12
27636820.0,4.000355602329364e-12
27640020.0,4.000355602329364e-12
27643220.0,4.000355602329364e-12
27646420.0,4.000355602329364e-12
27649620.0,4.000355602329364e-12
27652820.0,4.000355602329364e-12
27656020.0,4.000355602329364e-12
27659220.0,4.000355602329364e-12
27662420.0,4.000355602329364e-12
27665620.0,4.000355602329364e-12
27668820.0,4.000355602329364e-12
27672020.0,4.000355602329364e-12
27675220.0,4.000355602329364e-12
27678420.0,4.000355602329364e-12
27681620.0,4.000355602329364e-12
27684820.0,4.000355602329364e-12
27688020.0,4.000355602329364e-12
27691220.0,4.000355602329364e-12
27694420.0,4.000355602329364e-12
27697620.0,4.000355602329364e-12
27700820.0,4.000355602329364e-12
27704020.0,4.000355602329364e-12
27707220.0,4.000355602329364e-12
27710420.0,4.000355602329364e-12
27713620.0,4.000355602329364e-12
27716820.0,4.000355602329364e-12
27720020.0,4.000355602329364e-12
27723220.0,4.000355602329364e-12
27726420.0,4.000355602329364e-12
27729620.0,4.000355602329364e-12
27732820.0,4.000355602329364e-12
27736020.0,4.000355602329364e-12
27739220.0,4.000355602329364e-12
27742420.0,4.000355602329364e-12
27745620.0,4.000355602329364e-12
27748820.0,4.000355602329364e-12
27752020.0,4.000355602329364e-12
27755220.0,4.000355602329364e-12
27758420.0,4.000355602329364e-12
27761620.0,4.000355602329364e-12
27764820.0,4.000355602329364e-12
27768020.0,4.000355602329364e-12
27771220.0,4.000355602329364e-12
27774420.0,4.000355602329364e-12
27777620.0,4.000355602329364e-12
27780820.0,4.000355602329364e-12
27784020.0,4.000355602329364e-12
27787220.0,4.000355602329364e-12
27790420.0,4.000355602329364e-12
27793620.0,4.000355602329364e-12
27796820.0,4.000355602329364e-12
27800020.0,4.000355602329364e-12
27803220.0,4.000355602329364e-12
27806420.0,4.000355602329364e-12
27809620.0,4.000355602329364e-12
27812820.0,4.000355602329364e-12
27816020.0,4.000355602329364e-12
27819220.0,4.000355602329364e-12
27822420.0,4.000355602329364e-12
27825620.0,4.000355602329364e-12
27828820.0,4.000355602329364e-12
27832020.0,4.000355602329364e-12
27835220.0,4.000355602329364e-12
27838420.0,4.000355602329364e-12
27841620.0,4.000355602329364e-12
27844820.0,4.000355602329364e-12
27848020.0,4.000355602329364e-12
27851220.0,4.000355602329364e-12
27854420.0,4.000355602329364e-12
27857620.0,4.000355602329364e-12
27860820.0,4.000355602329364e-12
27864020.0,4.000355602329364e-12
27867220.0,4.000355602329364e-12
27870420.0,4.000355602329364e-12
27873620.0,4.000355602329364e-12
27876820.0,4.000355602329364e-12
27880020.0,4.000355602329364e-12
27883220.0,4.000355602329364e-12
27886420.0,4.000355602329364e-12
27889620.0,4.000355602329364e-12
27892820.0,4.000355602329364e-12
27896020.0,4.000355602329364e-12
27899220.0,4.000355602329364e-12
27902420.0,4.000355602329364e-12
27905620.0,4.000355602329364e-12
27908820.0,4.000355602329364e-12
27912020.0,4.000355602329364e-12
27915220.0,4.000355602329364e-12
27918420.0,4.000355602329364e-12
27921620.0,4.000355602329364e-12
27924820.0,4.000355602329364e-12
27928020.0,4.000355602329364e-12
27931220.0,4.000355602329364e-12
27934420.0,4.000355602329364e-12
27937620.0,4.000355602329364e-12
27940820.0,4.000355602329364e-12
27944020.0,4.000355602329364e-12
27947220.0,4.000355602329364e-12
27950420.0,4.000355602329364e-12
27953620.0,4.000355602329364e-12
27956820.0,4.000355602329364e-12
27960020.0,4.000355602329364e-12
27963220.0,4.000355602329364e-12
27966420.0,4.000355602329364e-12
27969620.0,4.000355602329364e-12
27972820.0,4.000355602329364e-12
27976020.0,4.000355602329364e-12
27979220.0,4.000355602329364e-12
27982420.0,4.000355602329364e-12
27985620.0,4.000355602329364e-12
27988820.0,4.000355602329364e-12
27992020.0,4.000355602329364e-12
27995220.0,4.000355602329364e-12
27998420.0,4.000355602329364e-12
28001620.0,4.000355602329364e-12
28004820.0,4.000355602329364e-12
28008020.0,4.000355602329364e-12
28011220.0,4.000355602329364e-12
28014420.0,4.000355602329364e-12
28017620.0,4.000355602329364e-12
28020820.0,4.000355602329364e-12
28024020.0,4.000355602329364e-12
28027220.0,4.000355602329364e-12
28030420.0,4.000355602329364e-12
28033620.0,4.000355602329364e-12
28036820.0,4.000355602329364e-12
28040020.0,4.000355602329364e-12
28043220.0,4.000355602329364e-12
28046420.0,4.000355602329364e-12
28049620.0,4.000355602329364e-12
28052820.0,4.000355602329364e-12
28056020.0,4.000355602329364e-12
28059220.0,4.000355602329364e-12
28062420.0,4.000355602329364e-12
28065620.0,4.000355602329364e-12
28068820.0,4.000355602329364e-12
28072020.0,4.000355602329364e-12
28075220.0,4.000355602329364e-12
28078420.0,4.000355602329364e-12
28081620.0,4.000355602329364e-12
28084820.0,4.000355602329364e-12
28088020.0,4.000355602329364e-12
28091220.0,4.000355602329364e-12
28094420.0,4.000355602329364e-12
28097620.0,4.000355602329364e-12
28100820.0,4.000355602329364e-12
28104020.0,4.000355602329364e-12
28107220.0,4.000355602329364e-12
28110420.0,4.000355602329364e-12
28113620.0,4.000355602329364e-12
28116820.0,4.000355602329364e-12
28120020.0,4.000355602329364e-12
28123220.0,4.000355602329364e-12
28126420.0,4.000355602329364e-12
28129620.0,4.000355602329364e-12
28132820.0,4.000355602329364e-12
28136020.0,4.000355602329364e-12
28139220.0,4.000355602329364e-12
28142420.0,4.000355602329364e-12
28145620.0,4.000355602329364e-12
28148820.0,4.000355602329364e-12
28152020.0,4.000355602329364e-12
28155220.0,4.000355602329364e-12
28158420.0,4.000355602329364e-12
28161620.0,4.000355602329364e-12
28164820.0,4.000355602329364e-12
28168020.0,4.000355602329364e-12
28171220.0,4.000355602329364e-12
28174420.0,4.000355602329364e-12
28177620.0,4.000355602329364e-12
28180820.0,4.000355602329364e-12
28184020.0,4.000355602329364e-12
28187220.0,4.000355602329364e-12
28190420.0,4.000355602329364e-12
28193620.0,4.000355602329364e-12
28196820.0,4.000355602329364e-12
28200020.0,4.000355602329364e-12
28203220.0,4.000355602329364e-12
28206420.0,4.000355602329364e-12
28209620.0,4.000355602329364e-12
28212820.0,4.000355602329364e-12
28216020.0,4.000355602329364e-12
28219220.0,4.000355602329364e-12
28222420.0,4.000355602329364e-12
28225620.0,4.000355602329364e-12
28228820.0,4.000355602329364e-12
28232020.0,4.000355602329364e-12
28235220.0,4.000355602329364e-12
28238420.0,4.000355602329364e-12
28241620.0,4.000355602329364e-12
28244820.0,4.000355602329364e-12
28248020.0,4.000355602329364e-12
28251220.0,4.000355602329364e-12
28254420.0,4.000355602329364e-12
28257620.0,4.000355602329364e-12
28260820.0,4.000355602329364e-12
28264020.0,4.000355602329364e-12
28267220.0,4.000355602329364e-12
28270420.0,4.000355602329364e-12
28273620.0,4.000355602329364e-12
28276820.0,4.000355602329364e-12
28280020.0,4.000355602329364e-12
28283220.0,4.000355602329364e-12
28286420.0,4.000355602329364e-12
28289620.0,4.000355602329364e-12
28292820.0,4.000355602329364e-12
28296020.0,4.000355602329364e-12
28299220.0,4.000355602329364e-12
28302420.0,4.000355602329364e-12
28305620.0,4.000355602329364e-12
28308820.0,4.000355602329364e-12
28312020.0,4.000355602329364e-12
28315220.0,4.000355602329364e-12
28318420.0,4.000355602329364e-12
28321620.0,4.000355602329364e-12
28324820.0,4.000355602329364e-12
28328020.0,4.000355602329364e-12
28331220.0,4.000355602329364e-12
28334420.0,4.000355602329364e-12
28337620.0,4.000355602329364e-12
28340820.0,4.000355602329364e-12
28344020.0,4.000355602329364e-12
28347220.0,4.000355602329364e-12
28350420.0,4.000355602329364e-12
28353620.0,4.000355602329364e-12
28356820.0,4.000355602329364e-12
28360020.0,4.000355602329364e-12
28363220.0,4.000355602329364e-12
28366420.0,4.000355602329364e-12
28369620.0,4.000355602329364e-12
28372820.0,4.000355602329364e-12
28376020.0,4.000355602329364e-12
28379220.0,4.000355602329364e-12
28382420.0,4.000355602329364e-12
28385620.0,4.000355602329364e-12
28388820.0,4.000355602329364e-12
28392020.0,4.000355602329364e-12
28395220.0,4.000355602329364e-12
28398420.0,4.000355602329364e-12
28401620.0,4.000355602329364e-12
28404820.0,4.000355602329364e-12
28408020.0,4.000355602329364e-12
28411220.0,4.000355602329364e-12
28414420.0,4.000355602329364e-12
28417620.0,4.000355602329364e-12
28420820.0,4.000355602329364e-12
28424020.0,4.000355602329364e-12
28427220.0,4.000355602329364e-12
28430420.0,4.000355602329364e-12
28433620.0,4.000355602329364e-12
28436820.0,4.000355602329364e-12
28440020.0,4.000355602329364e-12
28443220.0,4.000355602329364e-12
28446420.0,4.000355602329364e-12
28449620.0,4.000355602329364e-12
28452820.0,4.000355602329364e-12
28456020.0,4.000355602329364e-12
28459220.0,4.000355602329364e-12
28462420.0,4.000355602329364e-12
28465620.0,4.000355602329364e-12
28468820.0,4.000355602329364e-12
28472020.0,4.000355602329364e-12
28475220.0,4.000355602329364e-12
28478420.0,4.000355602329364e-12
28481620.0,4.000355602329364e-12
28484820.0,4.000355602329364e-12
28488020.0,4.000355602329364e-12
28491220.0,4.000355602329364e-12
28494420.0,4.000355602329364e-12
28497620.0,4.000355602329364e-12
28500820.0,4.000355602329364e-12
28504020.0,4.000355602329364e-12
28507220.0,4.000355602329364e-12
28510420.0,4.000355602329364e-12
28513620.0,4.000355602329364e-12
28516820.0,4.000355602329364e-12
28520020.0,4.000355602329364e-12
28523220.0,4.000355602329364e-12
28526420.0,4.000355602329364e-12
28529620.0,4.000355602329364e-12
28532820.0,4.000355602329364e-12
28536020.0,4.000355602329364e-12
28539220.0,4.000355602329364e-12
28542420.0,4.000355602329364e-12
28545620.0,4.000355602329364e-12
28548820.0,4.000355602329364e-12
28552020.0,4.000355602329364e-12
28555220.0,4.000355602329364e-12
28558420.0,4.000355602329364e-12
28561620.0,4.000355602329364e-12
28564820.0,4.000355602329364e-12
28568020.0,4.000355602329364e-12
28571220.0,4.000355602329364e-12
28574420.0,4.000355602329364e-12
28577620.0,4.000355602329364e-12
28580820.0,4.000355602329364e-12
28584020.0,4.000355602329364e-12
28587220.0,4.000355602329364e-12
28590420.0,4.000355602329364e-12
28593620.0,4.000355602329364e-12
28596820.0,4.000355602329364e-12
28600020.0,4.000355602329364e-12
28603220.0,4.000355602329364e-12
28606420.0,4.000355602329364e-12
28609620.0,4.000355602329364e-12
28612820.0,4.000355602329364e-12
28616020.0,4.000355602329364e-12
28619220.0,4.000355602329364e-12
28622420.0,4.000355602329364e-12
28625620.0,4.000355602329364e-12
28628820.0,4.000355602329364e-12
28632020.0,4.000355602329364e-12
28635220.0,4.000355602329364e-12
28638420.0,4.000355602329364e-12
28641620.0,4.000355602329364e-12
28644820.0,4.000355602329364e-12
28648020.0,4.000355602329364e-12
28651220.0,4.000355602329364e-12
28654420.0,4.000355602329364e-12
28657620.0,4.000355602329364e-12
28660820.0,4.000355602329364e-12
28664020.0,4.000355602329364e-12
28667220.0,4.000355602329364e-12
28670420.0,4.000355602329364e-12
28673620.0,4.000355602329364e-12
28676820.0,4.000355602329364e-12
28680020.0,4.000355602329364e-12
28683220.0,4.000355602329364e-12
28686420.0,4.000355602329364e-12
28689620.0,4.000355602329364e-12
28692820.0,4.000355602329364e-12
28696020.0,4.000355602329364e-12
28699220.0,4.000355602329364e-12
28702420.0,4.000355602329364e-12
28705620.0,4.000355602329364e-12
28708820.0,4.000355602329364e-12
28712020.0,4.000355602329364e-12
28715220.0,4.000355602329364e-12
28718420.0,4.000355602329364e-12
28721620.0,4.000355602329364e-12
28724820.0,4.000355602329364e-12
28728020.0,4.000355602329364e-12
28731220.0,4.000355602329364e-12
28734420.0,4.000355602329364e-12
28737620.0,4.000355602329364e-12
28740820.0,4.000355602329364e-12
28744020.0,4.000355602329364e-12
28747220.0,4.000355602329364e-12
28750420.0,4.000355602329364e-12
28753620.0,4.000355602329364e-12
28756820.0,4.000355602329364e-12
28760020.0,4.000355602329364e-12
28763220.0,4.000355602329364e-12
28766420.0,4.000355602329364e-12
28769620.0,4.000355602329364e-12
28772820.0,4.000355602329364e-12
28776020.0,4.000355602329364e-12
28779220.0,4.000355602329364e-12
28782420.0,4.000355602329364e-12
28785620.0,4.000355602329364e-12
28788820.0,4.000355602329364e-12
28792020.0,4.000355602329364e-12
28795220.0,4.000355602329364e-12
28798420.0,4.000355602329364e-12
28801620.0,4.000355602329364e-12
28804820.0,4.000355602329364e-12
28808020.0,4.000355602329364e-12
28811220.0,4.000355602329364e-12
28814420.0,4.000355602329364e-12
28817620.0,4.000355602329364e-12
28820820.0,4.000355602329364e-12
28824020.0,4.000355602329364e-12
28827220.0,4.000355602329364e-12
28830420.0,4.000355602329364e-12
28833620.0,4.000355602329364e-12
28836820.0,4.000355602329364e-12
28840020.0,4.000355602329364e-12
28843220.0,4.000355602329364e-12
28846420.0,4.000355602329364e-12
28849620.0,4.000355602329364e-12
28852820.0,4.000355602329364e-12
28856020.0,4.000355602329364e-12
28859220.0,4.000355602329364e-12
28862420.0,4.000355602329364e-12
28865620.0,4.000355602329364e-12
28868820.0,4.000355602329364e-12
28872020.0,4.000355602329364e-12
28875220.0,4.000355602329364e-12
28878420.0,4.000355602329364e-12
28881620.0,4.000355602329364e-12
28884820.0,4.000355602329364e-12
28888020.0,4.000355602329364e-12
28891220.0,4.000355602329364e-12
28894420.0,4.000355602329364e-12
28897620.0,4.000355602329364e-12
28900820.0,4.000355602329364e-12
28904020.0,4.000355602329364e-12
28907220.0,4.000355602329364e-12
28910420.0,4.000355602329364e-12
28913620.0,4.000355602329364e-12
28916820.0,4.000355602329364e-12
28920020.0,4.000355602329364e-12
28923220.0,4.000355602329364e-12
28926420.0,4.000355602329364e-12
28929620.0,4.000355602329364e-12
28932820.0,4.000355602329364e-12
28936020.0,4.000355602329364e-12
28939220.0,4.000355602329364e-12
28942420.0,4.000355602329364e-12
28945620.0,4.000355602329364e-12
28948820.0,4.000355602329364e-12
28952020.0,4.000355602329364e-12
28955220.0,4.000355602329364e-12
28958420.0,4.000355602329364e-12
28961620.0,4.000355602329364e-12
28964820.0,4.000355602329364e-12
28968020.0,4.000355602329364e-12
28971220.0,4.000355602329364e-12
28974420.0,4.000355602329364e-12
28977620.0,4.000355602329364e-12
28980820.0,4.000355602329364e-12
28984020.0,4.000355602329364e-12
28987220.0,4.000355602329364e-12
28990420.0,4.000355602329364e-12
28993620.0,4.000355602329364e-12
28996820.0,4.000355602329364e-12
29000020.0,4.000355602329364e-12
29003220.0,4.000355602329364e-12
29006420.0,4.000355602329364e-12
29009620.0,4.000355602329364e-12
29012820.0,4.000355602329364e-12
29016020.0,4.000355602329364e-12
29019220.0,4.000355602329364e-12
29022420.0,4.000355602329364e-12
29025620.0,4.000355602329364e-12
29028820.0,4.000355602329364e-12
29032020.0,4.000355602329364e-12
29035220.0,4.000355602329364e-12
29038420.0,4.000355602329364e-12
29041620.0,4.000355602329364e-12
29044820.0,4.000355602329364e-12
29048020.0,4.000355602329364e-12
29051220.0,4.000355602329364e-12
29054420.0,4.000355602329364e-12
29057620.0,4.000355602329364e-12
29060820.0,4.000355602329364e-12
29064020.0,4.000355602329364e-12
29067220.0,4.000355602329364e-12
29070420.0,4.000355602329364e-12
29073620.0,4.000355602329364e-12
29076820.0,4.000355602329364e-12
29080020.0,4.000355602329364e-12
29083220.0,4.000355602329364e-12
29086420.0,4.000355602329364e-12
29089620.0,4.000355602329364e-12
29092820.0,4.000355602329364e-12
29096020.0,4.000355602329364e-12
29099220.0,4.000355602329364e-12
29102420.0,4.000355602329364e-12
29105620.0,4.000355602329364e-12
29108820.0,4.000355602329364e-12
29112020.0,4.000355602329364e-12
29115220.0,4.000355602329364e-12
29118420.0,4.000355602329364e-12
29121620.0,4.000355602329364e-12
29124820.0,4.000355602329364e-12
29128020.0,4.000355602329364e-12
29131220.0,4.000355602329364e-12
29134420.0,4.000355602329364e-12
29137620.0,4.000355602329364e-12
29140820.0,4.000355602329364e-12
29144020.0,4.000355602329364e-12
29147220.0,4.000355602329364e-12
29150420.0,4.000355602329364e-12
29153620.0,4.000355602329364e-12
29156820.0,4.000355602329364e-12
29160020.0,4.000355602329364e-12
29163220.0,4.000355602329364e-12
29166420.0,4.000355602329364e-12
29169620.0,4.000355602329364e-12
29172820.0,4.000355602329364e-12
29176020.0,4.000355602329364e-12
29179220.0,4.000355602329364e-12
29182420.0,4.000355602329364e-12
29185620.0,4.000355602329364e-12
29188820.0,4.000355602329364e-12
29192020.0,4.000355602329364e-12
29195220.0,4.000355602329364e-12
29198420.0,4.000355602329364e-12
29201620.0,4.000355602329364e-12
29204820.0,4.000355602329364e-12
29208020.0,4.000355602329364e-12
29211220.0,4.000355602329364e-12
29214420.0,4.000355602329364e-12
29217620.0,4.000355602329364e-12
29220820.0,4.000355602329364e-12
29224020.0,4.000355602329364e-12
29227220.0,4.000355602329364e-12
29230420.0,4.000355602329364e-12
29233620.0,4.000355602329364e-12
29236820.0,4.000355602329364e-12
29240020.0,4.000355602329364e-12
29243220.0,4.000355602329364e-12
29246420.0,4.000355602329364e-12
29249620.0,4.000355602329364e-12
29252820.0,4.000355602329364e-12
29256020.0,4.000355602329364e-12
29259220.0,4.000355602329364e-12
29262420.0,4.000355602329364e-12
29265620.0,4.000355602329364e-12
29268820.0,4.000355602329364e-12
29272020.0,4.000355602329364e-12
29275220.0,4.000355602329364e-12
29278420.0,4.000355602329364e-12
29281620.0,4.000355602329364e-12
29284820.0,4.000355602329364e-12
29288020.0,4.000355602329364e-12
29291220.0,4.000355602329364e-12
29294420.0,4.000355602329364e-12
29297620.0,4.000355602329364e-12
29300820.0,4.000355602329364e-12
29304020.0,4.000355602329364e-12
29307220.0,4.000355602329364e-12
29310420.0,4.000355602329364e-12
29313620.0,4.000355602329364e-12
29316820.0,4.000355602329364e-12
29320020.0,4.000355602329364e-12
29323220.0,4.000355602329364e-12
29326420.0,4.000355602329364e-12
29329620.0,4.000355602329364e-12
29332820.0,4.000355602329364e-12
29336020.0,4.000355602329364e-12
29339220.0,4.000355602329364e-12
29342420.0,4.000355602329364e-12
29345620.0,4.000355602329364e-12
29348820.0,4.000355602329364e-12
29352020.0,4.000355602329364e-12
29355220.0,4.000355602329364e-12
29358420.0,4.000355602329364e-12
29361620.0,4.000355602329364e-12
29364820.0,4.000355602329364e-12
29368020.0,4.000355602329364e-12
29371220.0,4.000355602329364e-12
29374420.0,4.000355602329364e-12
29377620.0,4.000355602329364e-12
29380820.0,4.000355602329364e-12
29384020.0,4.000355602329364e-12
29387220.0,4.000355602329364e-12
29390420.0,4.000355602329364e-12
29393620.0,4.000355602329364e-12
29396820.0,4.000355602329364e-12
29400020.0,4.000355602329364e-12
29403220.0,4.000355602329364e-12
29406420.0,4.000355602329364e-12
29409620.0,4.000355602329364e-12
29412820.0,4.000355602329364e-12
29416020.0,4.000355602329364e-12
29419220.0,4.000355602329364e-12
29422420.0,4.000355602329364e-12
29425620.0,4.000355602329364e-12
29428820.0,4.000355602329364e-12
29432020.0,4.000355602329364e-12
29435220.0,4.000355602329364e-12
29438420.0,4.000355602329364e-12
29441620.0,4.000355602329364e-12
29444820.0,4.000355602329364e-12
29448020.0,4.000355602329364e-12
29451220.0,4.000355602329364e-12
29454420.0,4.000355602329364e-12
29457620.0,4.000355602329364e-12
29460820.0,4.000355602329364e-12
29464020.0,4.000355602329364e-12
29467220.0,4.000355602329364e-12
29470420.0,4.000355602329364e-12
29473620.0,4.000355602329364e-12
29476820.0,4.000355602329364e-12
29480020.0,4.000355602329364e-12
29483220.0,4.000355602329364e-12
29486420.0,4.000355602329364e-12
29489620.0,4.000355602329364e-12
29492820.0,4.000355602329364e-12
29496020.0,4.000355602329364e-12
29499220.0,4.000355602329364e-12
29502420.0,4.000355602329364e-12
29505620.0,4.000355602329364e-12
29508820.0,4.000355602329364e-12
29512020.0,4.000355602329364e-12
29515220.0,4.000355602329364e-12
29518420.0,4.000355602329364e-12
29521620.0,4.000355602329364e-12
29524820.0,4.000355602329364e-12
29528020.0,4.000355602329364e-12
29531220.0,4.000355602329364e-12
29534420.0,4.000355602329364e-12
29537620.0,4.000355602329364e-12
29540820.0,4.000355602329364e-12
29544020.0,4.000355602329364e-12
29547220.0,4.000355602329364e-12
29550420.0,4.000355602329364e-12
29553620.0,4.000355602329364e-12
29556820.0,4.000355602329364e-12
29560020.0,4.000355602329364e-12
29563220.0,4.000355602329364e-12
29566420.0,4.000355602329364e-12
29569620.0,4.000355602329364e-12
29572820.0,4.000355602329364e-12
29576020.0,4.000355602329364e-12
29579220.0,4.000355602329364e-12
29582420.0,4.000355602329364e-12
29585620.0,4.000355602329364e-12
29588820.0,4.000355602329364e-12
29592020.0,4.000355602329364e-12
29595220.0,4.000355602329364e-12
29598420.0,4.000355602329364e-12
29601620.0,4.000355602329364e-12
29604820.0,4.000355602329364e-12
29608020.0,4.000355602329364e-12
29611220.0,4.000355602329364e-12
29614420.0,4.000355602329364e-12
29617620.0,4.000355602329364e-12
29620820.0,4.000355602329364e-12
29624020.0,4.000355602329364e-12
29627220.0,4.000355602329364e-12
29630420.0,4.000355602329364e-12
29633620.0,4.000355602329364e-12
29636820.0,4.000355602329364e-12
29640020.0,4.000355602329364e-12
29643220.0,4.000355602329364e-12
29646420.0,4.000355602329364e-12
29649620.0,4.000355602329364e-12
29652820.0,4.000355602329364e-12
29656020.0,4.000355602329364e-12
29659220.0,4.000355602329364e-12
29662420.0,4.000355602329364e-12
29665620.0,4.000355602329364e-12
29668820.0,4.000355602329364e-12
29672020.0,4.000355602329364e-12
29675220.0,4.000355602329364e-12
29678420.0,4.000355602329364e-12
29681620.0,4.000355602329364e-12
29684820.0,4.000355602329364e-12
29688020.0,4.000355602329364e-12
29691220.0,4.000355602329364e-12
29694420.0,4.000355602329364e-12
29697620.0,4.000355602329364e-12
29700820.0,4.000355602329364e-12
29704020.0,4.000355602329364e-12
29707220.0,4.000355602329364e-12
29710420.0,4.000355602329364e-12
29713620.0,4.000355602329364e-12
29716820.0,4.000355602329364e-12
29720020.0,4.000355602329364e-12
29723220.0,4.000355602329364e-12
29726420.0,4.000355602329364e-12
29729620.0,4.000355602329364e-12
29732820.0,4.000355602329364e-12
29736020.0,4.000355602329364e-12
29739220.0,4.000355602329364e-12
29742420.0,4.000355602329364e-12
29745620.0,4.000355602329364e-12
29748820.0,4.000355602329364e-12
29752020.0,4.000355602329364e-12
29755220.0,4.000355602329364e-12
29758420.0,4.000355602329364e-12
29761620.0,4.000355602329364e-12
29764820.0,4.000355602329364e-12
29768020.0,4.000355602329364e-12
29771220.0,4.000355602329364e-12
29774420.0,4.000355602329364e-12
29777620.0,4.000355602329364e-12
29780820.0,4.000355602329364e-12
29784020.0,4.000355602329364e-12
29787220.0,4.000355602329364e-12
29790420.0,4.000355602329364e-12
29793620.0,4.000355602329364e-12
29796820.0,4.000355602329364e-12
29800020.0,4.000355602329364e-12
29803220.0,4.000355602329364e-12
29806420.0,4.000355602329364e-12
29809620.0,4.000355602329364e-12
29812820.0,4.000355602329364e-12
29816020.0,4.000355602329364e-12
29819220.0,4.000355602329364e-12
29822420.0,4.000355602329364e-12
29825620.0,4.000355602329364e-12
29828820.0,4.000355602329364e-12
29832020.0,4.000355602329364e-12
29835220.0,4.000355602329364e-12
29838420.0,4.000355602329364e-12
29841620.0,4.000355602329364e-12
29844820.0,4.000355602329364e-12
29848020.0,4.000355602329364e-12
29851220.0,4.000355602329364e-12
29854420.0,4.000355602329364e-12
29857620.0,4.000355602329364e-12
29860820.0,4.000355602329364e-12
29864020.0,4.000355602329364e-12
29867220.0,4.000355602329364e-12
29870420.0,4.000355602329364e-12
29873620.0,4.000355602329364e-12
29876820.0,4.000355602329364e-12
29880020.0,4.000355602329364e-12
29883220.0,4.000355602329364e-12
29886420.0,4.000355602329364e-12
29889620.0,4.000355602329364e-12
29892820.0,4.000355602329364e-12
29896020.0,4.000355602329364e-12
29899220.0,4.000355602329364e-12
29902420.0,4.000355602329364e-12
29905620.0,4.000355602329364e-12
29908820.0,4.000355602329364e-12
29912020.0,4.000355602329364e-12
29915220.0,4.000355602329364e-12
29918420.0,4.000355602329364e-12
29921620.0,4.000355602329364e-12
29924820.0,4.000355602329364e-12
29928020.0,4.000355602329364e-12
29931220.0,4.000355602329364e-12
29934420.0,4.000355602329364e-12
29937620.0,4.000355602329364e-12
29940820.0,4.000355602329364e-12
29944020.0,4.000355602329364e-12
29947220.0,4.000355602329364e-12
29950420.0,4.000355602329364e-12
29953620.0,4.000355602329364e-12
29956820.0,4.000355602329364e-12
29960020.0,4.000355602329364e-12
29963220.0,4.000355602329364e-12
29966420.0,4.000355602329364e-12
29969620.0,4.000355602329364e-12
29972820.0,4.000355602329364e-12
29976020.0,4.000355602329364e-12
29979220.0,4.000355602329364e-12
29982420.0,4.000355602329364e-12
29985620.0,4.000355602329364e-12
29988820.0,4.000355602329364e-12
29992020.0,4.000355602329364e-12
29995220.0,4.000355602329364e-12
29998420.0,4.000355602329364e-12
30001620.0,4.000355602329364e-12
30004820.0,4.000355602329364e-12
30008020.0,4.000355602329364e-12
30011220.0,4.000355602329364e-12
30014420.0,4.000355602329364e-12
30017620.0,4.000355602329364e-12
30020820.0,4.000355602329364e-12
30024020.0,4.000355602329364e-12
30027220.0,4.000355602329364e-12
30030420.0,4.000355602329364e-12
30033620.0,4.000355602329364e-12
30036820.0,4.000355602329364e-12
30040020.0,4.000355602329364e-12
30043220.0,4.000355602329364e-12
30046420.0,4.000355602329364e-12
30049620.0,4.000355602329364e-12
30052820.0,4.000355602329364e-12
30056020.0,4.000355602329364e-12
30059220.0,4.000355602329364e-12
30062420.0,4.000355602329364e-12
30065620.0,4.000355602329364e-12
30068820.0,4.000355602329364e-12
30072020.0,4.000355602329364e-12
30075220.0,4.000355602329364e-12
30078420.0,4.000355602329364e-12
30081620.0,4.000355602329364e-12
30084820.0,4.000355602329364e-12
30088020.0,4.000355602329364e-12
30091220.0,4.000355602329364e-12
30094420.0,4.000355602329364e-12
30097620.0,4.000355602329364e-12
30100820.0,4.000355602329364e-12
30104020.0,4.000355602329364e-12
30107220.0,4.000355602329364e-12
30110420.0,4.000355602329364e-12
30113620.0,4.000355602329364e-12
30116820.0,4.000355602329364e-12
30120020.0,4.000355602329364e-12
30123220.0,4.000355602329364e-12
30126420.0,4.000355602329364e-12
30129620.0,4.000355602329364e-12
30132820.0,4.000355602329364e-12
30136020.0,4.000355602329364e-12
30139220.0,4.000355602329364e-12
30142420.0,4.000355602329364e-12
30145620.0,4.000355602329364e-12
30148820.0,4.000355602329364e-12
30152020.0,4.000355602329364e-12
30155220.0,4.000355602329364e-12
30158420.0,4.000355602329364e-12
30161620.0,4.000355602329364e-12
30164820.0,4.000355602329364e-12
30168020.0,4.000355602329364e-12
30171220.0,4.000355602329364e-12
30174420.0,4.000355602329364e-12
30177620.0,4.000355602329364e-12
30180820.0,4.000355602329364e-12
30184020.0,4.000355602329364e-12
30187220.0,4.000355602329364e-12
30190420.0,4.000355602329364e-12
30193620.0,4.000355602329364e-12
30196820.0,4.000355602329364e-12
30200020.0,4.000355602329364e-12
30203220.0,4.000355602329364e-12
30206420.0,4.000355602329364e-12
30209620.0,4.000355602329364e-12
30212820.0,4.000355602329364e-12
30216020.0,4.000355602329364e-12
30219220.0,4.000355602329364e-12
30222420.0,4.000355602329364e-12
30225620.0,4.000355602329364e-12
30228820.0,4.000355602329364e-12
30232020.0,4.000355602329364e-12
30235220.0,4.000355602329364e-12
30238420.0,4.000355602329364e-12
30241620.0,4.000355602329364e-12
30244820.0,4.000355602329364e-12
30248020.0,4.000355602329364e-12
30251220.0,4.000355602329364e-12
30254420.0,4.000355602329364e-12
30257620.0,4.000355602329364e-12
30260820.0,4.000355602329364e-12
30264020.0,4.000355602329364e-12
30267220.0,4.000355602329364e-12
30270420.0,4.000355602329364e-12
30273620.0,4.000355602329364e-12
30276820.0,4.000355602329364e-12
30280020.0,4.000355602329364e-12
30283220.0,4.000355602329364e-12
30286420.0,4.000355602329364e-12
30289620.0,4.000355602329364e-12
30292820.0,4.000355602329364e-12
30296020.0,4.000355602329364e-12
30299220.0,4.000355602329364e-12
30302420.0,4.000355602329364e-12
30305620.0,4.000355602329364e-12
30308820.0,4.000355602329364e-12
30312020.0,4.000355602329364e-12
30315220.0,4.000355602329364e-12
30318420.0,4.000355602329364e-12
30321620.0,4.000355602329364e-12
30324820.0,4.000355602329364e-12
30328020.0,4.000355602329364e-12
30331220.0,4.000355602329364e-12
30334420.0,4.000355602329364e-12
30337620.0,4.000355602329364e-12
30340820.0,4.000355602329364e-12
30344020.0,4.000355602329364e-12
30347220.0,4.000355602329364e-12
30350420.0,4.000355602329364e-12
30353620.0,4.000355602329364e-12
30356820.0,4.000355602329364e-12
30360020.0,4.000355602329364e-12
30363220.0,4.000355602329364e-12
30366420.0,4.000355602329364e-12
30369620.0,4.000355602329364e-12
30372820.0,4.000355602329364e-12
30376020.0,4.000355602329364e-12
30379220.0,4.000355602329364e-12
30382420.0,4.000355602329364e-12
30385620.0,4.000355602329364e-12
30388820.0,4.000355602329364e-12
30392020.0,4.000355602329364e-12
30395220.0,4.000355602329364e-12
30398420.0,4.000355602329364e-12
30401620.0,4.000355602329364e-12
30404820.0,4.000355602329364e-12
30408020.0,4.000355602329364e-12
30411220.0,4.000355602329364e-12
30414420.0,4.000355602329364e-12
30417620.0,4.000355602329364e-12
30420820.0,4.000355602329364e-12
30424020.0,4.000355602329364e-12
30427220.0,4.000355602329364e-12
30430420.0,4.000355602329364e-12
30433620.0,4.000355602329364e-12
30436820.0,4.000355602329364e-12
30440020.0,4.000355602329364e-12
30443220.0,4.000355602329364e-12
30446420.0,4.000355602329364e-12
30449620.0,4.000355602329364e-12
30452820.0,4.000355602329364e-12
30456020.0,4.000355602329364e-12
30459220.0,4.000355602329364e-12
30462420.0,4.000355602329364e-12
30465620.0,4.000355602329364e-12
30468820.0,4.000355602329364e-12
30472020.0,4.000355602329364e-12
30475220.0,4.000355602329364e-12
30478420.0,4.000355602329364e-12
30481620.0,4.000355602329364e-12
30484820.0,4.000355602329364e-12
30488020.0,4.000355602329364e-12
30491220.0,4.000355602329364e-12
30494420.0,4.000355602329364e-12
30497620.0,4.000355602329364e-12
30500820.0,4.000355602329364e-12
30504020.0,4.000355602329364e-12
30507220.0,4.000355602329364e-12
30510420.0,4.000355602329364e-12
30513620.0,4.000355602329364e-12
30516820.0,4.000355602329364e-12
30520020.0,4.000355602329364e-12
30523220.0,4.000355602329364e-12
30526420.0,4.000355602329364e-12
30529620.0,4.000355602329364e-12
30532820.0,4.000355602329364e-12
30536020.0,4.000355602329364e-12
30539220.0,4.000355602329364e-12
30542420.0,4.000355602329364e-12
30545620.0,4.000355602329364e-12
30548820.0,4.000355602329364e-12
30552020.0,4.000355602329364e-12
30555220.0,4.000355602329364e-12
30558420.0,4.000355602329364e-12
30561620.0,4.000355602329364e-12
30564820.0,4.000355602329364e-12
30568020.0,4.000355602329364e-12
30571220.0,4.000355602329364e-12
30574420.0,4.000355602329364e-12
30577620.0,4.000355602329364e-12
30580820.0,4.000355602329364e-12
30584020.0,4.000355602329364e-12
30587220.0,4.000355602329364e-12
30590420.0,4.000355602329364e-12
30593620.0,4.000355602329364e-12
30596820.0,4.000355602329364e-12
30600020.0,4.000355602329364e-12
30603220.0,4.000355602329364e-12
30606420.0,4.000355602329364e-12
30609620.0,4.000355602329364e-12
30612820.0,4.000355602329364e-12
30616020.0,4.000355602329364e-12
30619220.0,4.000355602329364e-12
30622420.0,4.000355602329364e-12
30625620.0,4.000355602329364e-12
30628820.0,4.000355602329364e-12
30632020.0,4.000355602329364e-12
30635220.0,4.000355602329364e-12
30638420.0,4.000355602329364e-12
30641620.0,4.000355602329364e-12
30644820.0,4.000355602329364e-12
30648020.0,4.000355602329364e-12
30651220.0,4.000355602329364e-12
30654420.0,4.000355602329364e-12
30657620.0,4.000355602329364e-12
30660820.0,4.000355602329364e-12
30664020.0,4.000355602329364e-12
30667220.0,4.000355602329364e-12
30670420.0,4.000355602329364e-12
30673620.0,4.000355602329364e-12
30676820.0,4.000355602329364e-12
30680020.0,4.000355602329364e-12
30683220.0,4.000355602329364e-12
30686420.0,4.000355602329364e-12
30689620.0,4.000355602329364e-12
30692820.0,4.000355602329364e-12
30696020.0,4.000355602329364e-12
30699220.0,4.000355602329364e-12
30702420.0,4.000355602329364e-12
30705620.0,4.000355602329364e-12
30708820.0,4.000355602329364e-12
30712020.0,4.000355602329364e-12
30715220.0,4.000355602329364e-12
30718420.0,4.000355602329364e-12
30721620.0,4.000355602329364e-12
30724820.0,4.000355602329364e-12
30728020.0,4.000355602329364e-12
30731220.0,4.000355602329364e-12
30734420.0,4.000355602329364e-12
30737620.0,4.000355602329364e-12
30740820.0,4.000355602329364e-12
30744020.0,4.000355602329364e-12
30747220.0,4.000355602329364e-12
30750420.0,4.000355602329364e-12
30753620.0,4.000355602329364e-12
30756820.0,4.000355602329364e-12
30760020.0,4.000355602329364e-12
30763220.0,4.000355602329364e-12
30766420.0,4.000355602329364e-12
30769620.0,4.000355602329364e-12
30772820.0,4.000355602329364e-12
30776020.0,4.000355602329364e-12
30779220.0,4.000355602329364e-12
30782420.0,4.000355602329364e-12
30785620.0,4.000355602329364e-12
30788820.0,4.000355602329364e-12
30792020.0,4.000355602329364e-12
30795220.0,4.000355602329364e-12
30798420.0,4.000355602329364e-12
30801620.0,4.000355602329364e-12
30804820.0,4.000355602329364e-12
30808020.0,4.000355602329364e-12
30811220.0,4.000355602329364e-12
30814420.0,4.000355602329364e-12
30817620.0,4.000355602329364e-12
30820820.0,4.000355602329364e-12
30824020.0,4.000355602329364e-12
30827220.0,4.000355602329364e-12
30830420.0,4.000355602329364e-12
30833620.0,4.000355602329364e-12
30836820.0,4.000355602329364e-12
30840020.0,4.000355602329364e-12
30843220.0,4.000355602329364e-12
30846420.0,4.000355602329364e-12
30849620.0,4.000355602329364e-12
30852820.0,4.000355602329364e-12
30856020.0,4.000355602329364e-12
30859220.0,4.000355602329364e-12
30862420.0,4.000355602329364e-12
30865620.0,4.000355602329364e-12
30868820.0,4.000355602329364e-12
30872020.0,4.000355602329364e-12
30875220.0,4.000355602329364e-12
30878420.0,4.000355602329364e-12
30881620.0,4.000355602329364e-12
30884820.0,4.000355602329364e-12
30888020.0,4.000355602329364e-12
30891220.0,4.000355602329364e-12
30894420.0,4.000355602329364e-12
30897620.0,4.000355602329364e-12
30900820.0,4.000355602329364e-12
30904020.0,4.000355602329364e-12
30907220.0,4.000355602329364e-12
30910420.0,4.000355602329364e-12
30913620.0,4.000355602329364e-12
30916820.0,4.000355602329364e-12
30920020.0,4.000355602329364e-12
30923220.0,4.000355602329364e-12
30926420.0,4.000355602329364e-12
30929620.0,4.000355602329364e-12
30932820.0,4.000355602329364e-12
30936020.0,4.000355602329364e-12
30939220.0,4.000355602329364e-12
30942420.0,4.000355602329364e-12
30945620.0,4.000355602329364e-12
30948820.0,4.000355602329364e-12
30952020.0,4.000355602329364e-12
30955220.0,4.000355602329364e-12
30958420.0,4.000355602329364e-12
30961620.0,4.000355602329364e-12
30964820.0,4.000355602329364e-12
30968020.0,4.000355602329364e-12
30971220.0,4.000355602329364e-12
30974420.0,4.000355602329364e-12
30977620.0,4.000355602329364e-12
30980820.0,4.000355602329364e-12
30984020.0,4.000355602329364e-12
30987220.0,4.000355602329364e-12
30990420.0,4.000355602329364e-12
30993620.0,4.000355602329364e-12
30996820.0,4.000355602329364e-12
31000020.0,4.000355602329364e-12
31003220.0,4.000355602329364e-12
31006420.0,4.000355602329364e-12
31009620.0,4.000355602329364e-12
31012820.0,4.000355602329364e-12
31016020.0,4.000355602329364e-12
31019220.0,4.000355602329364e-12
31022420.0,4.000355602329364e-12
31025620.0,4.000355602329364e-12
31028820.0,4.000355602329364e-12
31032020.0,4.000355602329364e-12
31035220.0,4.000355602329364e-12
31038420.0,4.000355602329364e-12
31041620.0,4.000355602329364e-12
31044820.0,4.000355602329364e-12
31048020.0,4.000355602329364e-12
31051220.0,4.000355602329364e-12
31054420.0,4.000355602329364e-12
31057620.0,4.000355602329364e-12
31060820.0,4.000355602329364e-12
31064020.0,4.000355602329364e-12
31067220.0,4.000355602329364e-12
31070420.0,4.000355602329364e-12
31073620.0,4.000355602329364e-12
31076820.0,4.000355602329364e-12
31080020.0,4.000355602329364e-12
31083220.0,4.000355602329364e-12
31086420.0,4.000355602329364e-12
31089620.0,4.000355602329364e-12
31092820.0,4.000355602329364e-12
31096020.0,4.000355602329364e-12
31099220.0,4.000355602329364e-12
31102420.0,4.000355602329364e-12
31105620.0,4.000355602329364e-12
31108820.0,4.000355602329364e-12
31112020.0,4.000355602329364e-12
31115220.0,4.000355602329364e-12
31118420.0,4.000355602329364e-12
31121620.0,4.000355602329364e-12
31124820.0,4.000355602329364e-12
31128020.0,4.000355602329364e-12
31131220.0,4.000355602329364e-12
31134420.0,4.000355602329364e-12
31137620.0,4.000355602329364e-12
31140820.0,4.000355602329364e-12
31144020.0,4.000355602329364e-12
31147220.0,4.000355602329364e-12
31150420.0,4.000355602329364e-12
31153620.0,4.000355602329364e-12
31156820.0,4.000355602329364e-12
31160020.0,4.000355602329364e-12
31163220.0,4.000355602329364e-12
31166420.0,4.000355602329364e-12
31169620.0,4.000355602329364e-12
31172820.0,4.000355602329364e-12
31176020.0,4.000355602329364e-12
31179220.0,4.000355602329364e-12
31182420.0,4.000355602329364e-12
31185620.0,4.000355602329364e-12
31188820.0,4.000355602329364e-12
31192020.0,4.000355602329364e-12
31195220.0,4.000355602329364e-12
31198420.0,4.000355602329364e-12
31201620.0,4.000355602329364e-12
31204820.0,4.000355602329364e-12
31208020.0,4.000355602329364e-12
31211220.0,4.000355602329364e-12
31214420.0,4.000355602329364e-12
31217620.0,4.000355602329364e-12
31220820.0,4.000355602329364e-12
31224020.0,4.000355602329364e-12
31227220.0,4.000355602329364e-12
31230420.0,4.000355602329364e-12
31233620.0,4.000355602329364e-12
31236820.0,4.000355602329364e-12
31240020.0,4.000355602329364e-12
31243220.0,4.000355602329364e-12
31246420.0,4.000355602329364e-12
31249620.0,4.000355602329364e-12
31252820.0,4.000355602329364e-12
31256020.0,4.000355602329364e-12
31259220.0,4.000355602329364e-12
31262420.0,4.000355602329364e-12
31265620.0,4.000355602329364e-12
31268820.0,4.000355602329364e-12
31272020.0,4.000355602329364e-12
31275220.0,4.000355602329364e-12
31278420.0,4.000355602329364e-12
31281620.0,4.000355602329364e-12
31284820.0,4.000355602329364e-12
31288020.0,4.000355602329364e-12
31291220.0,4.000355602329364e-12
31294420.0,4.000355602329364e-12
31297620.0,4.000355602329364e-12
31300820.0,4.000355602329364e-12
31304020.0,4.000355602329364e-12
31307220.0,4.000355602329364e-12
31310420.0,4.000355602329364e-12
31313620.0,4.000355602329364e-12
31316820.0,4.000355602329364e-12
31320020.0,4.000355602329364e-12
31323220.0,4.000355602329364e-12
31326420.0,4.000355602329364e-12
31329620.0,4.000355602329364e-12
31332820.0,4.000355602329364e-12
31336020.0,4.000355602329364e-12
31339220.0,4.000355602329364e-12
31342420.0,4.000355602329364e-12
31345620.0,4.000355602329364e-12
31348820.0,4.000355602329364e-12
31352020.0,4.000355602329364e-12
31355220.0,4.000355602329364e-12
31358420.0,4.000355602329364e-12
31361620.0,4.000355602329364e-12
31364820.0,4.000355602329364e-12
31368020.0,4.000355602329364e-12
31371220.0,4.000355602329364e-12
31374420.0,4.000355602329364e-12
31377620.0,4.000355602329364e-12
31380820.0,4.000355602329364e-12
31384020.0,4.000355602329364e-12
31387220.0,4.000355602329364e-12
31390420.0,4.000355602329364e-12
31393620.0,4.000355602329364e-12
31396820.0,4.000355602329364e-12
31400020.0,4.000355602329364e-12
31403220.0,4.000355602329364e-12
31406420.0,4.000355602329364e-12
31409620.0,4.000355602329364e-12
31412820.0,4.000355602329364e-12
31416020.0,4.000355602329364e-12
31419220.0,4.000355602329364e-12
31422420.0,4.000355602329364e-12
31425620.0,4.000355602329364e-12
31428820.0,4.000355602329364e-12
31432020.0,4.000355602329364e-12
31435220.0,4.000355602329364e-12
31438420.0,4.000355602329364e-12
31441620.0,4.000355602329364e-12
31444820.0,4.000355602329364e-12
31448020.0,4.000355602329364e-12
31451220.0,4.000355602329364e-12
31454420.0,4.000355602329364e-12
31457620.0,4.000355602329364e-12
31460820.0,4.000355602329364e-12
31464020.0,4.000355602329364e-12
31467220.0,4.000355602329364e-12
31470420.0,4.000355602329364e-12
31473620.0,4.000355602329364e-12
31476820.0,4.000355602329364e-12
31480020.0,4.000355602329364e-12
31483220.0,4.000355602329364e-12
31486420.0,4.000355602329364e-12
31489620.0,4.000355602329364e-12
31492820.0,4.000355602329364e-12
31496020.0,4.000355602329364e-12
31499220.0,4.000355602329364e-12
31502420.0,4.000355602329364e-12
31505620.0,4.000355602329364e-12
31508820.0,4.000355602329364e-12
31512020.0,4.000355602329364e-12
31515220.0,4.000355602329364e-12
31518420.0,4.000355602329364e-12
31521620.0,4.000355602329364e-12
31524820.0,4.000355602329364e-12
31528020.0,4.000355602329364e-12
31531220.0,4.000355602329364e-12
31534420.0,4.000355602329364e-12
31537620.0,4.000355602329364e-12
31540820.0,4.000355602329364e-12
31544020.0,4.000355602329364e-12
31547220.0,4.000355602329364e-12
31550420.0,4.000355602329364e-12
31553620.0,4.000355602329364e-12
31556820.0,4.000355602329364e-12
31560020.0,4.000355602329364e-12
31563220.0,4.000355602329364e-12
31566420.0,4.000355602329364e-12
31569620.0,4.000355602329364e-12
31572820.0,4.000355602329364e-12
31576020.0,4.000355602329364e-12
31579220.0,4.000355602329364e-12
31582420.0,4.000355602329364e-12
31585620.0,4.000355602329364e-12
31588820.0,4.000355602329364e-12
31592020.0,4.000355602329364e-12
31595220.0,4.000355602329364e-12
31598420.0,4.000355602329364e-12
31601620.0,4.000355602329364e-12
31604820.0,4.000355602329364e-12
31608020.0,4.000355602329364e-12
31611220.0,4.000355602329364e-12
31614420.0,4.000355602329364e-12
31617620.0,4.000355602329364e-12
31620820.0,4.000355602329364e-12
31624020.0,4.000355602329364e-12
31627220.0,4.000355602329364e-12
31630420.0,4.000355602329364e-12
31633620.0,4.000355602329364e-12
31636820.0,4.000355602329364e-12
31640020.0,4.000355602329364e-12
31643220.0,4.000355602329364e-12
31646420.0,4.000355602329364e-12
31649620.0,4.000355602329364e-12
31652820.0,4.000355602329364e-12
31656020.0,4.000355602329364e-12
31659220.0,4.000355602329364e-12
31662420.0,4.000355602329364e-12
31665620.0,4.000355602329364e-12
31668820.0,4.000355602329364e-12
31672020.0,4.000355602329364e-12
31675220.0,4.000355602329364e-12
31678420.0,4.000355602329364e-12
31681620.0,4.000355602329364e-12
31684820.0,4.000355602329364e-12
31688020.0,4.000355602329364e-12
31691220.0,4.000355602329364e-12
31694420.0,4.000355602329364e-12
31697620.0,4.000355602329364e-12
31700820.0,4.000355602329364e-12
31704020.0,4.000355602329364e-12
31707220.0,4.000355602329364e-12
31710420.0,4.000355602329364e-12
31713620.0,4.000355602329364e-12
31716820.0,4.000355602329364e-12
31720020.0,4.000355602329364e-12
31723220.0,4.000355602329364e-12
31726420.0,4.000355602329364e-12
31729620.0,4.000355602329364e-12
31732820.0,4.000355602329364e-12
31736020.0,4.000355602329364e-12
31739220.0,4.000355602329364e-12
31742420.0,4.000355602329364e-12
31745620.0,4.000355602329364e-12
31748820.0,4.000355602329364e-12
31752020.0,4.000355602329364e-12
31755220.0,4.000355602329364e-12
31758420.0,4.000355602329364e-12
31761620.0,4.000355602329364e-12
31764820.0,4.000355602329364e-12
31768020.0,4.000355602329364e-12
31771220.0,4.000355602329364e-12
31774420.0,4.000355602329364e-12
31777620.0,4.000355602329364e-12
31780820.0,4.000355602329364e-12
31784020.0,4.000355602329364e-12
31787220.0,4.000355602329364e-12
31790420.0,4.000355602329364e-12
31793620.0,4.000355602329364e-12
31796820.0,4.000355602329364e-12
31800020.0,4.000355602329364e-12
31803220.0,4.000355602329364e-12
31806420.0,4.000355602329364e-12
31809620.0,4.000355602329364e-12
31812820.0,4.000355602329364e-12
31816020.0,4.000355602329364e-12
31819220.0,4.000355602329364e-12
31822420.0,4.000355602329364e-12
31825620.0,4.000355602329364e-12
31828820.0,4.000355602329364e-12
31832020.0,4.000355602329364e-12
31835220.0,4.000355602329364e-12
31838420.0,4.000355602329364e-12
31841620.0,4.000355602329364e-12
31844820.0,4.000355602329364e-12
31848020.0,4.000355602329364e-12
31851220.0,4.000355602329364e-12
31854420.0,4.000355602329364e-12
31857620.0,4.000355602329364e-12
31860820.0,4.000355602329364e-12
31864020.0,4.000355602329364e-12
31867220.0,4.000355602329364e-12
31870420.0,4.000355602329364e-12
31873620.0,4.000355602329364e-12
31876820.0,4.000355602329364e-12
31880020.0,4.000355602329364e-12
31883220.0,4.000355602329364e-12
31886420.0,4.000355602329364e-12
31889620.0,4.000355602329364e-12
31892820.0,4.000355602329364e-12
31896020.0,4.000355602329364e-12
31899220.0,4.000355602329364e-12
31902420.0,4.000355602329364e-12
31905620.0,4.000355602329364e-12
31908820.0,4.000355602329364e-12
31912020.0,4.000355602329364e-12
31915220.0,4.000355602329364e-12
31918420.0,4.000355602329364e-12
31921620.0,4.000355602329364e-12
31924820.0,4.000355602329364e-12
31928020.0,4.000355602329364e-12
31931220.0,4.000355602329364e-12
31934420.0,4.000355602329364e-12
31937620.0,4.000355602329364e-12
31940820.0,4.000355602329364e-12
31944020.0,4.000355602329364e-12
31947220.0,4.000355602329364e-12
31950420.0,4.000355602329364e-12
31953620.0,4.000355602329364e-12
31956820.0,4.000355602329364e-12
31960020.0,4.000355602329364e-12
31963220.0,4.000355602329364e-12
31966420.0,4.000355602329364e-12
31969620.0,4.000355602329364e-12
31972820.0,4.000355602329364e-12
31976020.0,4.000355602329364e-12
31979220.0,4.000355602329364e-12
31982420.0,4.000355602329364e-12
31985620.0,4.000355602329364e-12
31988820.0,4.000355602329364e-12
31992020.0,4.000355602329364e-12
31995220.0,4.000355602329364e-12
31998420.0,4.000355602329364e-12
32001620.0,4.000355602329364e-12
32004820.0,4.000355602329364e-12
32008020.0,4.000355602329364e-12
32011220.0,4.000355602329364e-12
32014420.0,4.000355602329364e-12
32017620.0,4.000355602329364e-12
32020820.0,4.000355602329364e-12
32024020.0,4.000355602329364e-12
32027220.0,4.000355602329364e-12
32030420.0,4.000355602329364e-12
32033620.0,4.000355602329364e-12
32036820.0,4.000355602329364e-12
32040020.0,4.000355602329364e-12
32043220.0,4.000355602329364e-12
32046420.0,4.000355602329364e-12
32049620.0,4.000355602329364e-12
32052820.0,4.000355602329364e-12
32056020.0,4.000355602329364e-12
32059220.0,4.000355602329364e-12
32062420.0,4.000355602329364e-12
32065620.0,4.000355602329364e-12
32068820.0,4.000355602329364e-12
32072020.0,4.000355602329364e-12
32075220.0,4.000355602329364e-12
32078420.0,4.000355602329364e-12
32081620.0,4.000355602329364e-12
32084820.0,4.000355602329364e-12
32088020.0,4.000355602329364e-12
32091220.0,4.000355602329364e-12
32094420.0,4.000355602329364e-12
32097620.0,4.000355602329364e-12
32100820.0,4.000355602329364e-12
32104020.0,4.000355602329364e-12
32107220.0,4.000355602329364e-12
32110420.0,4.000355602329364e-12
32113620.0,4.000355602329364e-12
32116820.0,4.000355602329364e-12
32120020.0,4.000355602329364e-12
32123220.0,4.000355602329364e-12
32126420.0,4.000355602329364e-12
32129620.0,4.000355602329364e-12
32132820.0,4.000355602329364e-12
32136020.0,4.000355602329364e-12
32139220.0,4.000355602329364e-12
32142420.0,4.000355602329364e-12
32145620.0,4.000355602329364e-12
32148820.0,4.000355602329364e-12
32152020.0,4.000355602329364e-12
32155220.0,4.000355602329364e-12
32158420.0,4.000355602329364e-12
32161620.0,4.000355602329364e-12
32164820.0,4.000355602329364e-12
32168020.0,4.000355602329364e-12
32171220.0,4.000355602329364e-12
32174420.0,4.000355602329364e-12
32177620.0,4.000355602329364e-12
32180820.0,4.000355602329364e-12
32184020.0,4.000355602329364e-12
32187220.0,4.000355602329364e-12
32190420.0,4.000355602329364e-12
32193620.0,4.000355602329364e-12
32196820.0,4.000355602329364e-12
32200020.0,4.000355602329364e-12
32203220.0,4.000355602329364e-12
32206420.0,4.000355602329364e-12
32209620.0,4.000355602329364e-12
32212820.0,4.000355602329364e-12
32216020.0,4.000355602329364e-12
32219220.0,4.000355602329364e-12
32222420.0,4.000355602329364e-12
32225620.0,4.000355602329364e-12
32228820.0,4.000355602329364e-12
32232020.0,4.000355602329364e-12
32235220.0,4.000355602329364e-12
32238420.0,4.000355602329364e-12
32241620.0,4.000355602329364e-12
32244820.0,4.000355602329364e-12
32248020.0,4.000355602329364e-12
32251220.0,4.000355602329364e-12
32254420.0,4.000355602329364e-12
32257620.0,4.000355602329364e-12
32260820.0,4.000355602329364e-12
32264020.0,4.000355602329364e-12
32267220.0,4.000355602329364e-12
32270420.0,4.000355602329364e-12
32273620.0,4.000355602329364e-12
32276820.0,4.000355602329364e-12
32280020.0,4.000355602329364e-12
32283220.0,4.000355602329364e-12
32286420.0,4.000355602329364e-12
32289620.0,4.000355602329364e-12
32292820.0,4.000355602329364e-12
32296020.0,4.000355602329364e-12
32299220.0,4.000355602329364e-12
32302420.0,4.000355602329364e-12
32305620.0,4.000355602329364e-12
32308820.0,4.000355602329364e-12
32312020.0,4.000355602329364e-12
32315220.0,4.000355602329364e-12
32318420.0,4.000355602329364e-12
32321620.0,4.000355602329364e-12
32324820.0,4.000355602329364e-12
32328020.0,4.000355602329364e-12
32331220.0,4.000355602329364e-12
32334420.0,4.000355602329364e-12
32337620.0,4.000355602329364e-12
32340820.0,4.000355602329364e-12
32344020.0,4.000355602329364e-12
32347220.0,4.000355602329364e-12
32350420.0,4.000355602329364e-12
32353620.0,4.000355602329364e-12
32356820.0,4.000355602329364e-12
32360020.0,4.000355602329364e-12
32363220.0,4.000355602329364e-12
32366420.0,4.000355602329364e-12
32369620.0,4.000355602329364e-12
32372820.0,4.000355602329364e-12
32376020.0,4.000355602329364e-12
32379220.0,4.000355602329364e-12
32382420.0,4.000355602329364e-12
32385620.0,4.000355602329364e-12
32388820.0,4.000355602329364e-12
32392020.0,4.000355602329364e-12
32395220.0,4.000355602329364e-12
32398420.0,4.000355602329364e-12
32401620.0,4.000355602329364e-12
32404820.0,4.000355602329364e-12
32408020.0,4.000355602329364e-12
32411220.0,4.000355602329364e-12
32414420.0,4.000355602329364e-12
32417620.0,4.000355602329364e-12
32420820.0,4.000355602329364e-12
32424020.0,4.000355602329364e-12
32427220.0,4.000355602329364e-12
32430420.0,4.000355602329364e-12
32433620.0,4.000355602329364e-12
32436820.0,4.000355602329364e-12
32440020.0,4.000355602329364e-12
32443220.0,4.000355602329364e-12
32446420.0,4.000355602329364e-12
32449620.0,4.000355602329364e-12
32452820.0,4.000355602329364e-12
32456020.0,4.000355602329364e-12
32459220.0,4.000355602329364e-12
32462420.0,4.000355602329364e-12
32465620.0,4.000355602329364e-12
32468820.0,4.000355602329364e-12
32472020.0,4.000355602329364e-12
32475220.0,4.000355602329364e-12
32478420.0,4.000355602329364e-12
32481620.0,4.000355602329364e-12
32484820.0,4.000355602329364e-12
32488020.0,4.000355602329364e-12
32491220.0,4.000355602329364e-12
32494420.0,4.000355602329364e-12
32497620.0,4.000355602329364e-12
32500820.0,4.000355602329364e-12
32504020.0,4.000355602329364e-12
32507220.0,4.000355602329364e-12
32510420.0,4.000355602329364e-12
32513620.0,4.000355602329364e-12
32516820.0,4.000355602329364e-12
32520020.0,4.000355602329364e-12
32523220.0,4.000355602329364e-12
32526420.0,4.000355602329364e-12
32529620.0,4.000355602329364e-12
32532820.0,4.000355602329364e-12
32536020.0,4.000355602329364e-12
32539220.0,4.000355602329364e-12
32542420.0,4.000355602329364e-12
32545620.0,4.000355602329364e-12
32548820.0,4.000355602329364e-12
32552020.0,4.000355602329364e-12
32555220.0,4.000355602329364e-12
32558420.0,4.000355602329364e-12
32561620.0,4.000355602329364e-12
32564820.0,4.000355602329364e-12
32568020.0,4.000355602329364e-12
32571220.0,4.000355602329364e-12
32574420.0,4.000355602329364e-12
32577620.0,4.000355602329364e-12
32580820.0,4.000355602329364e-12
32584020.0,4.000355602329364e-12
32587220.0,4.000355602329364e-12
32590420.0,4.000355602329364e-12
32593620.0,4.000355602329364e-12
32596820.0,4.000355602329364e-12
32600020.0,4.000355602329364e-12
32603220.0,4.000355602329364e-12
32606420.0,4.000355602329364e-12
32609620.0,4.000355602329364e-12
32612820.0,4.000355602329364e-12
32616020.0,4.000355602329364e-12
32619220.0,4.000355602329364e-12
32622420.0,4.000355602329364e-12
32625620.0,4.000355602329364e-12
32628820.0,4.000355602329364e-12
32632020.0,4.000355602329364e-12
32635220.0,4.000355602329364e-12
32638420.0,4.000355602329364e-12
32641620.0,4.000355602329364e-12
32644820.0,4.000355602329364e-12
32648020.0,4.000355602329364e-12
32651220.0,4.000355602329364e-12
32654420.0,4.000355602329364e-12
32657620.0,4.000355602329364e-12
32660820.0,4.000355602329364e-12
32664020.0,4.000355602329364e-12
32667220.0,4.000355602329364e-12
32670420.0,4.000355602329364e-12
32673620.0,4.000355602329364e-12
32676820.0,4.000355602329364e-12
32680020.0,4.000355602329364e-12
32683220.0,4.000355602329364e-12
32686420.0,4.000355602329364e-12
32689620.0,4.000355602329364e-12
32692820.0,4.000355602329364e-12
32696020.0,4.000355602329364e-12
32699220.0,4.000355602329364e-12
32702420.0,4.000355602329364e-12
32705620.0,4.000355602329364e-12
32708820.0,4.000355602329364e-12
32712020.0,4.000355602329364e-12
32715220.0,4.000355602329364e-12
32718420.0,4.000355602329364e-12
32721620.0,4.000355602329364e-12
32724820.0,4.000355602329364e-12
32728020.0,4.000355602329364e-12
32731220.0,4.000355602329364e-12
32734420.0,4.000355602329364e-12
32737620.0,4.000355602329364e-12
32740820.0,4.000355602329364e-12
32744020.0,4.000355602329364e-12
32747220.0,4.000355602329364e-12
32750420.0,4.000355602329364e-12
32753620.0,4.000355602329364e-12
32756820.0,4.000355602329364e-12
32760020.0,4.000355602329364e-12
32763220.0,4.000355602329364e-12
32766420.0,4.000355602329364e-12
32769620.0,4.000355602329364e-12
32772820.0,4.000355602329364e-12
32776020.0,4.000355602329364e-12
32779220.0,4.000355602329364e-12
32782420.0,4.000355602329364e-12
32785620.0,4.000355602329364e-12
32788820.0,4.000355602329364e-12
32792020.0,4.000355602329364e-12
32795220.0,4.000355602329364e-12
32798420.0,4.000355602329364e-12
32801620.0,4.000355602329364e-12
32804820.0,4.000355602329364e-12
32808020.0,4.000355602329364e-12
32811220.0,4.000355602329364e-12
32814420.0,4.000355602329364e-12
32817620.0,4.000355602329364e-12
32820820.0,4.000355602329364e-12
32824020.0,4.000355602329364e-12
32827220.0,4.000355602329364e-12
32830420.0,4.000355602329364e-12
32833620.0,4.000355602329364e-12
32836820.0,4.000355602329364e-12
32840020.0,4.000355602329364e-12
32843220.0,4.000355602329364e-12
32846420.0,4.000355602329364e-12
32849620.0,4.000355602329364e-12
32852820.0,4.000355602329364e-12
32856020.0,4.000355602329364e-12
32859220.0,4.000355602329364e-12
32862420.0,4.000355602329364e-12
32865620.0,4.000355602329364e-12
32868820.0,4.000355602329364e-12
32872020.0,4.000355602329364e-12
32875220.0,4.000355602329364e-12
32878420.0,4.000355602329364e-12
32881620.0,4.000355602329364e-12
32884820.0,4.000355602329364e-12
32888020.0,4.000355602329364e-12
32891220.0,4.000355602329364e-12
32894420.0,4.000355602329364e-12
32897620.0,4.000355602329364e-12
32900820.0,4.000355602329364e-12
32904020.0,4.000355602329364e-12
32907220.0,4.000355602329364e-12
32910420.0,4.000355602329364e-12
32913620.0,4.000355602329364e-12
32916820.0,4.000355602329364e-12
32920020.0,4.000355602329364e-12
32923220.0,4.000355602329364e-12
32926420.0,4.000355602329364e-12
32929620.0,4.000355602329364e-12
32932820.0,4.000355602329364e-12
32936020.0,4.000355602329364e-12
32939220.0,4.000355602329364e-12
32942420.0,4.000355602329364e-12
32945620.0,4.000355602329364e-12
32948820.0,4.000355602329364e-12
32952020.0,4.000355602329364e-12
32955220.0,4.000355602329364e-12
32958420.0,4.000355602329364e-12
32961620.0,4.000355602329364e-12
32964820.0,4.000355602329364e-12
32968020.0,4.000355602329364e-12
32971220.0,4.000355602329364e-12
32974420.0,4.000355602329364e-12
32977620.0,4.000355602329364e-12
32980820.0,4.000355602329364e-12
32984020.0,4.000355602329364e-12
32987220.0,4.000355602329364e-12
32990420.0,4.000355602329364e-12
32993620.0,4.000355602329364e-12
32996820.0,4.000355602329364e-12
33000020.0,4.000355602329364e-12
33003220.0,4.000355602329364e-12
33006420.0,4.000355602329364e-12
33009620.0,4.000355602329364e-12
33012820.0,4.000355602329364e-12
33016020.0,4.000355602329364e-12
33019220.0,4.000355602329364e-12
33022420.0,4.000355602329364e-12
33025620.0,4.000355602329364e-12
33028820.0,4.000355602329364e-12
33032020.0,4.000355602329364e-12
33035220.0,4.000355602329364e-12
33038420.0,4.000355602329364e-12
33041620.0,4.000355602329364e-12
33044820.0,4.000355602329364e-12
33048020.0,4.000355602329364e-12
33051220.0,4.000355602329364e-12
33054420.0,4.000355602329364e-12
33057620.0,4.000355602329364e-12
33060820.0,4.000355602329364e-12
33064020.0,4.000355602329364e-12
33067220.0,4.000355602329364e-12
33070420.0,4.000355602329364e-12
33073620.0,4.000355602329364e-12
33076820.0,4.000355602329364e-12
33080020.0,4.000355602329364e-12
33083220.0,4.000355602329364e-12
33086420.0,4.000355602329364e-12
33089620.0,4.000355602329364e-12
33092820.0,4.000355602329364e-12
33096020.0,4.000355602329364e-12
33099220.0,4.000355602329364e-12
33102420.0,4.000355602329364e-12
33105620.0,4.000355602329364e-12
33108820.0,4.000355602329364e-12
33112020.0,4.000355602329364e-12
33115220.0,4.000355602329364e-12
33118420.0,4.000355602329364e-12
33121620.0,4.000355602329364e-12
33124820.0,4.000355602329364e-12
33128020.0,4.000355602329364e-12
33131220.0,4.000355602329364e-12
33134420.0,4.000355602329364e-12
33137620.0,4.000355602329364e-12
33140820.0,4.000355602329364e-12
33144020.0,4.000355602329364e-12
33147220.0,4.000355602329364e-12
33150420.0,4.000355602329364e-12
33153620.0,4.000355602329364e-12
33156820.0,4.000355602329364e-12
33160020.0,4.000355602329364e-12
33163220.0,4.000355602329364e-12
33166420.0,4.000355602329364e-12
33169620.0,4.000355602329364e-12
33172820.0,4.000355602329364e-12
33176020.0,4.000355602329364e-12
33179220.0,4.000355602329364e-12
33182420.0,4.000355602329364e-12
33185620.0,4.000355602329364e-12
33188820.0,4.000355602329364e-12
33192020.0,4.000355602329364e-12
33195220.0,4.000355602329364e-12
33198420.0,4.000355602329364e-12
33201620.0,4.000355602329364e-12
33204820.0,4.000355602329364e-12
33208020.0,4.000355602329364e-12
33211220.0,4.000355602329364e-12
33214420.0,4.000355602329364e-12
33217620.0,4.000355602329364e-12
33220820.0,4.000355602329364e-12
33224020.0,4.000355602329364e-12
33227220.0,4.000355602329364e-12
33230420.0,4.000355602329364e-12
33233620.0,4.000355602329364e-12
33236820.0,4.000355602329364e-12
33240020.0,4.000355602329364e-12
33243220.0,4.000355602329364e-12
33246420.0,4.000355602329364e-12
33249620.0,4.000355602329364e-12
33252820.0,4.000355602329364e-12
33256020.0,4.000355602329364e-12
33259220.0,4.000355602329364e-12
33262420.0,4.000355602329364e-12
33265620.0,4.000355602329364e-12
33268820.0,4.000355602329364e-12
33272020.0,4.000355602329364e-12
33275220.0,4.000355602329364e-12
33278420.0,4.000355602329364e-12
33281620.0,4.000355602329364e-12
33284820.0,4.000355602329364e-12
33288020.0,4.000355602329364e-12
33291220.0,4.000355602329364e-12
33294420.0,4.000355602329364e-12
33297620.0,4.000355602329364e-12
33300820.0,4.000355602329364e-12
33304020.0,4.000355602329364e-12
33307220.0,4.000355602329364e-12
33310420.0,4.000355602329364e-12
33313620.0,4.000355602329364e-12
33316820.0,4.000355602329364e-12
33320020.0,4.000355602329364e-12
33323220.0,4.000355602329364e-12
33326420.0,4.000355602329364e-12
33329620.0,4.000355602329364e-12
33332820.0,4.000355602329364e-12
33336020.0,4.000355602329364e-12
33339220.0,4.000355602329364e-12
33342420.0,4.000355602329364e-12
33345620.0,4.000355602329364e-12
33348820.0,4.000355602329364e-12
33352020.0,4.000355602329364e-12
33355220.0,4.000355602329364e-12
33358420.0,4.000355602329364e-12
33361620.0,4.000355602329364e-12
33364820.0,4.000355602329364e-12
33368020.0,4.000355602329364e-12
33371220.0,4.000355602329364e-12
33374420.0,4.000355602329364e-12
33377620.0,4.000355602329364e-12
33380820.0,4.000355602329364e-12
33384020.0,4.000355602329364e-12
33387220.0,4.000355602329364e-12
33390420.0,4.000355602329364e-12
33393620.0,4.000355602329364e-12
33396820.0,4.000355602329364e-12
33400020.0,4.000355602329364e-12
33403220.0,4.000355602329364e-12
33406420.0,4.000355602329364e-12
33409620.0,4.000355602329364e-12
33412820.0,4.000355602329364e-12
33416020.0,4.000355602329364e-12
33419220.0,4.000355602329364e-12
33422420.0,4.000355602329364e-12
33425620.0,4.000355602329364e-12
33428820.0,4.000355602329364e-12
33432020.0,4.000355602329364e-12
33435220.0,4.000355602329364e-12
33438420.0,4.000355602329364e-12
33441620.0,4.000355602329364e-12
33444820.0,4.000355602329364e-12
33448020.0,4.000355602329364e-12
33451220.0,4.000355602329364e-12
33454420.0,4.000355602329364e-12
33457620.0,4.000355602329364e-12
33460820.0,4.000355602329364e-12
33464020.0,4.000355602329364e-12
33467220.0,4.000355602329364e-12
33470420.0,4.000355602329364e-12
33473620.0,4.000355602329364e-12
33476820.0,4.000355602329364e-12
33480020.0,4.000355602329364e-12
33483220.0,4.000355602329364e-12
33486420.0,4.000355602329364e-12
33489620.0,4.000355602329364e-12
33492820.0,4.000355602329364e-12
33496020.0,4.000355602329364e-12
33499220.0,4.000355602329364e-12
33502420.0,4.000355602329364e-12
33505620.0,4.000355602329364e-12
33508820.0,4.000355602329364e-12
33512020.0,4.000355602329364e-12
33515220.0,4.000355602329364e-12
33518420.0,4.000355602329364e-12
33521620.0,4.000355602329364e-12
33524820.0,4.000355602329364e-12
33528020.0,4.000355602329364e-12
33531220.0,4.000355602329364e-12
33534420.0,4.000355602329364e-12
33537620.0,4.000355602329364e-12
33540820.0,4.000355602329364e-12
33544020.0,4.000355602329364e-12
33547220.0,4.000355602329364e-12
33550420.0,4.000355602329364e-12
33553620.0,4.000355602329364e-12
33556820.0,4.000355602329364e-12
33560020.0,4.000355602329364e-12
33563220.0,4.000355602329364e-12
33566420.0,4.000355602329364e-12
33569620.0,4.000355602329364e-12
33572820.0,4.000355602329364e-12
33576020.0,4.000355602329364e-12
33579220.0,4.000355602329364e-12
33582420.0,4.000355602329364e-12
33585620.0,4.000355602329364e-12
33588820.0,4.000355602329364e-12
33592020.0,4.000355602329364e-12
33595220.0,4.000355602329364e-12
33598420.0,4.000355602329364e-12
33601620.0,4.000355602329364e-12
33604820.0,4.000355602329364e-12
33608020.0,4.000355602329364e-12
33611220.0,4.000355602329364e-12
33614420.0,4.000355602329364e-12
33617620.0,4.000355602329364e-12
33620820.0,4.000355602329364e-12
33624020.0,4.000355602329364e-12
33627220.0,4.000355602329364e-12
33630420.0,4.000355602329364e-12
33633620.0,4.000355602329364e-12
33636820.0,4.000355602329364e-12
33640020.0,4.000355602329364e-12
33643220.0,4.000355602329364e-12
33646420.0,4.000355602329364e-12
33649620.0,4.000355602329364e-12
33652820.0,4.000355602329364e-12
33656020.0,4.000355602329364e-12
33659220.0,4.000355602329364e-12
33662420.0,4.000355602329364e-12
33665620.0,4.000355602329364e-12
33668820.0,4.000355602329364e-12
33672020.0,4.000355602329364e-12
33675220.0,4.000355602329364e-12
33678420.0,4.000355602329364e-12
33681620.0,4.000355602329364e-12
33684820.0,4.000355602329364e-12
33688020.0,4.000355602329364e-12
33691220.0,4.000355602329364e-12
33694420.0,4.000355602329364e-12
33697620.0,4.000355602329364e-12
33700820.0,4.000355602329364e-12
33704020.0,4.000355602329364e-12
33707220.0,4.000355602329364e-12
33710420.0,4.000355602329364e-12
33713620.0,4.000355602329364e-12
33716820.0,4.000355602329364e-12
33720020.0,4.000355602329364e-12
33723220.0,4.000355602329364e-12
33726420.0,4.000355602329364e-12
33729620.0,4.000355602329364e-12
33732820.0,4.000355602329364e-12
33736020.0,4.000355602329364e-12
33739220.0,4.000355602329364e-12
33742420.0,4.000355602329364e-12
33745620.0,4.000355602329364e-12
33748820.0,4.000355602329364e-12
33752020.0,4.000355602329364e-12
33755220.0,4.000355602329364e-12
33758420.0,4.000355602329364e-12
33761620.0,4.000355602329364e-12
33764820.0,4.000355602329364e-12
33768020.0,4.000355602329364e-12
33771220.0,4.000355602329364e-12
33774420.0,4.000355602329364e-12
33777620.0,4.000355602329364e-12
33780820.0,4.000355602329364e-12
33784020.0,4.000355602329364e-12
33787220.0,4.000355602329364e-12
33790420.0,4.000355602329364e-12
33793620.0,4.000355602329364e-12
33796820.0,4.000355602329364e-12
33800020.0,4.000355602329364e-12
33803220.0,4.000355602329364e-12
33806420.0,4.000355602329364e-12
33809620.0,4.000355602329364e-12
33812820.0,4.000355602329364e-12
33816020.0,4.000355602329364e-12
33819220.0,4.000355602329364e-12
33822420.0,4.000355602329364e-12
33825620.0,4.000355602329364e-12
33828820.0,4.000355602329364e-12
33832020.0,4.000355602329364e-12
33835220.0,4.000355602329364e-12
33838420.0,4.000355602329364e-12
33841620.0,4.000355602329364e-12
33844820.0,4.000355602329364e-12
33848020.0,4.000355602329364e-12
33851220.0,4.000355602329364e-12
33854420.0,4.000355602329364e-12
33857620.0,4.000355602329364e-12
33860820.0,4.000355602329364e-12
33864020.0,4.000355602329364e-12
33867220.0,4.000355602329364e-12
33870420.0,4.000355602329364e-12
33873620.0,4.000355602329364e-12
33876820.0,4.000355602329364e-12
33880020.0,4.000355602329364e-12
33883220.0,4.000355602329364e-12
33886420.0,4.000355602329364e-12
33889620.0,4.000355602329364e-12
33892820.0,4.000355602329364e-12
33896020.0,4.000355602329364e-12
33899220.0,4.000355602329364e-12
33902420.0,4.000355602329364e-12
33905620.0,4.000355602329364e-12
33908820.0,4.000355602329364e-12
33912020.0,4.000355602329364e-12
33915220.0,4.000355602329364e-12
33918420.0,4.000355602329364e-12
33921620.0,4.000355602329364e-12
33924820.0,4.000355602329364e-12
33928020.0,4.000355602329364e-12
33931220.0,4.000355602329364e-12
33934420.0,4.000355602329364e-12
33937620.0,4.000355602329364e-12
33940820.0,4.000355602329364e-12
33944020.0,4.000355602329364e-12
33947220.0,4.000355602329364e-12
33950420.0,4.000355602329364e-12
33953620.0,4.000355602329364e-12
33956820.0,4.000355602329364e-12
33960020.0,4.000355602329364e-12
33963220.0,4.000355602329364e-12
33966420.0,4.000355602329364e-12
33969620.0,4.000355602329364e-12
33972820.0,4.000355602329364e-12
33976020.0,4.000355602329364e-12
33979220.0,4.000355602329364e-12
33982420.0,4.000355602329364e-12
33985620.0,4.000355602329364e-12
33988820.0,4.000355602329364e-12
33992020.0,4.000355602329364e-12
33995220.0,4.000355602329364e-12
33998420.0,4.000355602329364e-12
34001620.0,4.000355602329364e-12
34004820.0,4.000355602329364e-12
34008020.0,4.000355602329364e-12
34011220.0,4.000355602329364e-12
34014420.0,4.000355602329364e-12
34017620.0,4.000355602329364e-12
34020820.0,4.000355602329364e-12
34024020.0,4.000355602329364e-12
34027220.0,4.000355602329364e-12
34030420.0,4.000355602329364e-12
34033620.0,4.000355602329364e-12
34036820.0,4.000355602329364e-12
34040020.0,4.000355602329364e-12
34043220.0,4.000355602329364e-12
34046420.0,4.000355602329364e-12
34049620.0,4.000355602329364e-12
34052820.0,4.000355602329364e-12
34056020.0,4.000355602329364e-12
34059220.0,4.000355602329364e-12
34062420.0,4.000355602329364e-12
34065620.0,4.000355602329364e-12
34068820.0,4.000355602329364e-12
34072020.0,4.000355602329364e-12
34075220.0,4.000355602329364e-12
34078420.0,4.000355602329364e-12
34081620.0,4.000355602329364e-12
34084820.0,4.000355602329364e-12
34088020.0,4.000355602329364e-12
34091220.0,4.000355602329364e-12
34094420.0,4.000355602329364e-12
34097620.0,4.000355602329364e-12
34100820.0,4.000355602329364e-12
34104020.0,4.000355602329364e-12
34107220.0,4.000355602329364e-12
34110420.0,4.000355602329364e-12
34113620.0,4.000355602329364e-12
34116820.0,4.000355602329364e-12
34120020.0,4.000355602329364e-12
34123220.0,4.000355602329364e-12
34126420.0,4.000355602329364e-12
34129620.0,4.000355602329364e-12
34132820.0,4.000355602329364e-12
34136020.0,4.000355602329364e-12
34139220.0,4.000355602329364e-12
34142420.0,4.000355602329364e-12
34145620.0,4.000355602329364e-12
34148820.0,4.000355602329364e-12
34152020.0,4.000355602329364e-12
34155220.0,4.000355602329364e-12
34158420.0,4.000355602329364e-12
34161620.0,4.000355602329364e-12
34164820.0,4.000355602329364e-12
34168020.0,4.000355602329364e-12
34171220.0,4.000355602329364e-12
34174420.0,4.000355602329364e-12
34177620.0,4.000355602329364e-12
34180820.0,4.000355602329364e-12
34184020.0,4.000355602329364e-12
34187220.0,4.000355602329364e-12
34190420.0,4.000355602329364e-12
34193620.0,4.000355602329364e-12
34196820.0,4.000355602329364e-12
34200020.0,4.000355602329364e-12
34203220.0,4.000355602329364e-12
34206420.0,4.000355602329364e-12
34209620.0,4.000355602329364e-12
34212820.0,4.000355602329364e-12
34216020.0,4.000355602329364e-12
34219220.0,4.000355602329364e-12
34222420.0,4.000355602329364e-12
34225620.0,4.000355602329364e-12
34228820.0,4.000355602329364e-12
34232020.0,4.000355602329364e-12
34235220.0,4.000355602329364e-12
34238420.0,4.000355602329364e-12
34241620.0,4.000355602329364e-12
34244820.0,4.000355602329364e-12
34248020.0,4.000355602329364e-12
34251220.0,4.000355602329364e-12
34254420.0,4.000355602329364e-12
34257620.0,4.000355602329364e-12
34260820.0,4.000355602329364e-12
34264020.0,4.000355602329364e-12
34267220.0,4.000355602329364e-12
34270420.0,4.000355602329364e-12
34273620.0,4.000355602329364e-12
34276820.0,4.000355602329364e-12
34280020.0,4.000355602329364e-12
34283220.0,4.000355602329364e-12
34286420.0,4.000355602329364e-12
34289620.0,4.000355602329364e-12
34292820.0,4.000355602329364e-12
34296020.0,4.000355602329364e-12
34299220.0,4.000355602329364e-12
34302420.0,4.000355602329364e-12
34305620.0,4.000355602329364e-12
34308820.0,4.000355602329364e-12
34312020.0,4.000355602329364e-12
34315220.0,4.000355602329364e-12
34318420.0,4.000355602329364e-12
34321620.0,4.000355602329364e-12
34324820.0,4.000355602329364e-12
34328020.0,4.000355602329364e-12
34331220.0,4.000355602329364e-12
34334420.0,4.000355602329364e-12
34337620.0,4.000355602329364e-12
34340820.0,4.000355602329364e-12
34344020.0,4.000355602329364e-12
34347220.0,4.000355602329364e-12
34350420.0,4.000355602329364e-12
34353620.0,4.000355602329364e-12
34356820.0,4.000355602329364e-12
34360020.0,4.000355602329364e-12
34363220.0,4.000355602329364e-12
34366420.0,4.000355602329364e-12
34369620.0,4.000355602329364e-12
34372820.0,4.000355602329364e-12
34376020.0,4.000355602329364e-12
34379220.0,4.000355602329364e-12
34382420.0,4.000355602329364e-12
34385620.0,4.000355602329364e-12
34388820.0,4.000355602329364e-12
34392020.0,4.000355602329364e-12
34395220.0,4.000355602329364e-12
34398420.0,4.000355602329364e-12
34401620.0,4.000355602329364e-12
34404820.0,4.000355602329364e-12
34408020.0,4.000355602329364e-12
34411220.0,4.000355602329364e-12
34414420.0,4.000355602329364e-12
34417620.0,4.000355602329364e-12
34420820.0,4.000355602329364e-12
34424020.0,4.000355602329364e-12
34427220.0,4.000355602329364e-12
34430420.0,4.000355602329364e-12
34433620.0,4.000355602329364e-12
34436820.0,4.000355602329364e-12
34440020.0,4.000355602329364e-12
34443220.0,4.000355602329364e-12
34446420.0,4.000355602329364e-12
34449620.0,4.000355602329364e-12
34452820.0,4.000355602329364e-12
34456020.0,4.000355602329364e-12
34459220.0,4.000355602329364e-12
34462420.0,4.000355602329364e-12
34465620.0,4.000355602329364e-12
34468820.0,4.000355602329364e-12
34472020.0,4.000355602329364e-12
34475220.0,4.000355602329364e-12
34478420.0,4.000355602329364e-12
34481620.0,4.000355602329364e-12
34484820.0,4.000355602329364e-12
34488020.0,4.000355602329364e-12
34491220.0,4.000355602329364e-12
34494420.0,4.000355602329364e-12
34497620.0,4.000355602329364e-12
34500820.0,4.000355602329364e-12
34504020.0,4.000355602329364e-12
34507220.0,4.000355602329364e-12
34510420.0,4.000355602329364e-12
34513620.0,4.000355602329364e-12
34516820.0,4.000355602329364e-12
34520020.0,4.000355602329364e-12
34523220.0,4.000355602329364e-12
34526420.0,4.000355602329364e-12
34529620.0,4.000355602329364e-12
34532820.0,4.000355602329364e-12
34536020.0,4.000355602329364e-12
34539220.0,4.000355602329364e-12
34542420.0,4.000355602329364e-12
34545620.0,4.000355602329364e-12
34548820.0,4.000355602329364e-12
34552020.0,4.000355602329364e-12
34555220.0,4.000355602329364e-12
34558420.0,4.000355602329364e-12
34561620.0,4.000355602329364e-12
34564820.0,4.000355602329364e-12
34568020.0,4.000355602329364e-12
34571220.0,4.000355602329364e-12
34574420.0,4.000355602329364e-12
34577620.0,4.000355602329364e-12
34580820.0,4.000355602329364e-12
34584020.0,4.000355602329364e-12
34587220.0,4.000355602329364e-12
34590420.0,4.000355602329364e-12
34593620.0,4.000355602329364e-12
34596820.0,4.000355602329364e-12
34600020.0,4.000355602329364e-12
34603220.0,4.000355602329364e-12
34606420.0,4.000355602329364e-12
34609620.0,4.000355602329364e-12
34612820.0,4.000355602329364e-12
34616020.0,4.000355602329364e-12
34619220.0,4.000355602329364e-12
34622420.0,4.000355602329364e-12
34625620.0,4.000355602329364e-12
34628820.0,4.000355602329364e-12
34632020.0,4.000355602329364e-12
34635220.0,4.000355602329364e-12
34638420.0,4.000355602329364e-12
34641620.0,4.000355602329364e-12
34644820.0,4.000355602329364e-12
34648020.0,4.000355602329364e-12
34651220.0,4.000355602329364e-12
34654420.0,4.000355602329364e-12
34657620.0,4.000355602329364e-12
34660820.0,4.000355602329364e-12
34664020.0,4.000355602329364e-12
34667220.0,4.000355602329364e-12
34670420.0,4.000355602329364e-12
34673620.0,4.000355602329364e-12
34676820.0,4.000355602329364e-12
34680020.0,4.000355602329364e-12
34683220.0,4.000355602329364e-12
34686420.0,4.000355602329364e-12
34689620.0,4.000355602329364e-12
34692820.0,4.000355602329364e-12
34696020.0,4.000355602329364e-12
34699220.0,4.000355602329364e-12
34702420.0,4.000355602329364e-12
34705620.0,4.000355602329364e-12
34708820.0,4.000355602329364e-12
34712020.0,4.000355602329364e-12
34715220.0,4.000355602329364e-12
34718420.0,4.000355602329364e-12
34721620.0,4.000355602329364e-12
34724820.0,4.000355602329364e-12
34728020.0,4.000355602329364e-12
34731220.0,4.000355602329364e-12
34734420.0,4.000355602329364e-12
34737620.0,4.000355602329364e-12
34740820.0,4.000355602329364e-12
34744020.0,4.000355602329364e-12
34747220.0,4.000355602329364e-12
34750420.0,4.000355602329364e-12
34753620.0,4.000355602329364e-12
34756820.0,4.000355602329364e-12
34760020.0,4.000355602329364e-12
34763220.0,4.000355602329364e-12
34766420.0,4.000355602329364e-12
34769620.0,4.000355602329364e-12
34772820.0,4.000355602329364e-12
34776020.0,4.000355602329364e-12
34779220.0,4.000355602329364e-12
34782420.0,4.000355602329364e-12
34785620.0,4.000355602329364e-12
34788820.0,4.000355602329364e-12
34792020.0,4.000355602329364e-12
34795220.0,4.000355602329364e-12
34798420.0,4.000355602329364e-12
34801620.0,4.000355602329364e-12
34804820.0,4.000355602329364e-12
34808020.0,4.000355602329364e-12
34811220.0,4.000355602329364e-12
34814420.0,4.000355602329364e-12
34817620.0,4.000355602329364e-12
34820820.0,4.000355602329364e-12
34824020.0,4.000355602329364e-12
34827220.0,4.000355602329364e-12
34830420.0,4.000355602329364e-12
34833620.0,4.000355602329364e-12
34836820.0,4.000355602329364e-12
34840020.0,4.000355602329364e-12
34843220.0,4.000355602329364e-12
34846420.0,4.000355602329364e-12
34849620.0,4.000355602329364e-12
34852820.0,4.000355602329364e-12
34856020.0,4.000355602329364e-12
34859220.0,4.000355602329364e-12
34862420.0,4.000355602329364e-12
34865620.0,4.000355602329364e-12
34868820.0,4.000355602329364e-12
34872020.0,4.000355602329364e-12
34875220.0,4.000355602329364e-12
34878420.0,4.000355602329364e-12
34881620.0,4.000355602329364e-12
34884820.0,4.000355602329364e-12
34888020.0,4.000355602329364e-12
34891220.0,4.000355602329364e-12
34894420.0,4.000355602329364e-12
34897620.0,4.000355602329364e-12
34900820.0,4.000355602329364e-12
34904020.0,4.000355602329364e-12
34907220.0,4.000355602329364e-12
34910420.0,4.000355602329364e-12
34913620.0,4.000355602329364e-12
34916820.0,4.000355602329364e-12
34920020.0,4.000355602329364e-12
34923220.0,4.000355602329364e-12
34926420.0,4.000355602329364e-12
34929620.0,4.000355602329364e-12
34932820.0,4.000355602329364e-12
34936020.0,4.000355602329364e-12
34939220.0,4.000355602329364e-12
34942420.0,4.000355602329364e-12
34945620.0,4.000355602329364e-12
34948820.0,4.000355602329364e-12
34952020.0,4.000355602329364e-12
34955220.0,4.000355602329364e-12
34958420.0,4.000355602329364e-12
34961620.0,4.000355602329364e-12
34964820.0,4.000355602329364e-12
34968020.0,4.000355602329364e-12
34971220.0,4.000355602329364e-12
34974420.0,4.000355602329364e-12
34977620.0,4.000355602329364e-12
34980820.0,4.000355602329364e-12
34984020.0,4.000355602329364e-12
34987220.0,4.000355602329364e-12
34990420.0,4.000355602329364e-12
34993620.0,4.000355602329364e-12
34996820.0,4.000355602329364e-12
35000020.0,4.000355602329364e-12
35003220.0,4.000355602329364e-12
35006420.0,4.000355602329364e-12
35009620.0,4.000355602329364e-12
35012820.0,4.000355602329364e-12
35016020.0,4.000355602329364e-12
35019220.0,4.000355602329364e-12
35022420.0,4.000355602329364e-12
35025620.0,4.000355602329364e-12
35028820.0,4.000355602329364e-12
35032020.0,4.000355602329364e-12
35035220.0,4.000355602329364e-12
35038420.0,4.000355602329364e-12
35041620.0,4.000355602329364e-12
35044820.0,4.000355602329364e-12
35048020.0,4.000355602329364e-12
35051220.0,4.000355602329364e-12
35054420.0,4.000355602329364e-12
35057620.0,4.000355602329364e-12
35060820.0,4.000355602329364e-12
35064020.0,4.000355602329364e-12
35067220.0,4.000355602329364e-12
35070420.0,4.000355602329364e-12
35073620.0,4.000355602329364e-12
35076820.0,4.000355602329364e-12
35080020.0,4.000355602329364e-12
35083220.0,4.000355602329364e-12
35086420.0,4.000355602329364e-12
35089620.0,4.000355602329364e-12
35092820.0,4.000355602329364e-12
35096020.0,4.000355602329364e-12
35099220.0,4.000355602329364e-12
35102420.0,4.000355602329364e-12
35105620.0,4.000355602329364e-12
35108820.0,4.000355602329364e-12
35112020.0,4.000355602329364e-12
35115220.0,4.000355602329364e-12
35118420.0,4.000355602329364e-12
35121620.0,4.000355602329364e-12
35124820.0,4.000355602329364e-12
35128020.0,4.000355602329364e-12
35131220.0,4.000355602329364e-12
35134420.0,4.000355602329364e-12
35137620.0,4.000355602329364e-12
35140820.0,4.000355602329364e-12
35144020.0,4.000355602329364e-12
35147220.0,4.000355602329364e-12
35150420.0,4.000355602329364e-12
35153620.0,4.000355602329364e-12
35156820.0,4.000355602329364e-12
35160020.0,4.000355602329364e-12
35163220.0,4.000355602329364e-12
35166420.0,4.000355602329364e-12
35169620.0,4.000355602329364e-12
35172820.0,4.000355602329364e-12
35176020.0,4.000355602329364e-12
35179220.0,4.000355602329364e-12
35182420.0,4.000355602329364e-12
35185620.0,4.000355602329364e-12
35188820.0,4.000355602329364e-12
35192020.0,4.000355602329364e-12
35195220.0,4.000355602329364e-12
35198420.0,4.000355602329364e-12
35201620.0,4.000355602329364e-12
35204820.0,4.000355602329364e-12
35208020.0,4.000355602329364e-12
35211220.0,4.000355602329364e-12
35214420.0,4.000355602329364e-12
35217620.0,4.000355602329364e-12
35220820.0,4.000355602329364e-12
35224020.0,4.000355602329364e-12
35227220.0,4.000355602329364e-12
35230420.0,4.000355602329364e-12
35233620.0,4.000355602329364e-12
35236820.0,4.000355602329364e-12
35240020.0,1.083813104581
35243220.0,0.9120129905369998
35246420.0,0.2123371017600002
35249620.0,0.0021763692260003964
35252820.0,0.016104598535000125
35256020.0,0.008798352320000369
35259220.0,0.02513405489600018
35262420.0,4.000355602329364e-12
35265620.0,0.025390724475000237
35268820.0,1.0731518421870003
35272020.0,0.04065400861699997
35275220.0,0.02515097163000002
35278420.0,0.02566018194200037
35281620.0,0.8563412272970004
35284820.0,0.2727195493529999
35288020.0,0.025895806304000235
35291220.0,0.02539485190800006
35294420.0,0.349882303457
35297620.0,0.7471874484370002
35300820.0,0.02415575828000005
35304020.0,0.02010065946000017
35307220.0,0.025432814076000287
35310420.0,4.000355602329364e-12
35313620.0,0.399513913107
35316820.0,0.6957749776600002
35320020.0,0.02507091938699979
35323220.0,4.000355602329364e-12
35326420.0,0.02473419829899992
35329620.0,0.017680665822999764
35332820.0,0.13996806054900013
35336020.0,0.9653472016400002
35339220.0,0.02487483047300021
35342420.0,0.027367292854999725
35345620.0,0.021847126594999988
35348820.0,1.0854275349659996
35352020.0,0.03420263758200015
35355220.0,0.0246331001579998
35358420.0,0.024721408395000033
35361620.0,1.0660803581170004
35364820.0,0.04797191483699992
35368020.0,0.02500778393899994
35371220.0,0.024885641435999695
35374420.0,4.000355602329364e-12
35377620.0,0.21726384660900022
35380820.0,0.8971473728969999
35384020.0,0.02557801729899989
35387220.0,0.004484660699000109
35390420.0,0.02496569427500006
35393620.0,0.005946958094000365
35396820.0,0.019528338253000044
35400020.0,1.0879054845439997
35403220.0,0.03590717664200005
35406420.0,0.02487738578300025
35409620.0,0.025197190264000024
35412820.0,1.0760528069670001
35416020.0,0.0413123264430002
35419220.0,0.025432814005999838
35422420.0,0.024994995619000093
35425620.0,1.0123045375370001
35428820.0,0.10183207486300017
35432020.0,0.025113009547999887
35435220.0,0.025243407961999864
35438420.0,4.000355602329364e-12
35441620.0,4.000355602329364e-12
35444820.0,1.082093492497
35448020.0,0.02062447138100021
35451220.0,4.000355602329364e-12
35454420.0,0.024355386628000186
35457620.0,4.000355602329364e-12
35460820.0,0.019572384486999717
35464020.0,0.005035937064000073
35467220.0,4.000355602329364e-12
35470420.0,0.02459101016800025
35473620.0,0.039148062812000006
35476820.0,0.0534502950969995
35480020.0,0.6049662832519997
35483220.0,0.5101175789639996
35486420.0,0.02421674667099971
35489620.0,0.024515505924999736
35492820.0,0.010751267445000323
35496020.0,0.7524673741450001
35499220.0,0.398144570216
35502420.0,0.02405662998899949
35505620.0,0.01977004820699957
35508820.0,0.011506479221000454
35512020.0,0.318336422292
35515220.0,0.810190313164
35518420.0,0.01886544836199988
35521620.0,0.015612390632999684
35524820.0,0.027002612474999577
35528020.0,0.009151193100000121
35531220.0,2.0119999000201005e-09
35534420.0,2.0119999000201005e-09
35537620.0,2.0119999000201005e-09
35540820.0,0.41598047717699993
35544020.0,1.6282511152679993
35547220.0,0.1185767272539997
35550420.0,0.015444051900999956
35553620.0,0.02488604862100008
35556820.0,2.0119999000201005e-09
35560020.0,0.024805996757999882
35563220.0,1.061844043153
35566420.0,0.050425834902000144
35569620.0,0.02469251505499992
35572820.0,0.024465146704999885
35576020.0,0.5634480825630002
35579220.0,0.5405078911640002
35582420.0,0.024461018659999834
35585620.0,0.0244441017139998
35588820.0,0.008680542126999757
35592020.0,1.086381230921
35595220.0,0.026649347903999754
35598420.0,0.023951825610999844
35601620.0,0.024797757407999832
35604820.0,2.1961999774333663e-08
35608020.0,0.3663712962129999
35611220.0,0.7233185300780001
35614420.0,0.024208090205999788
35617620.0,2.1961999774333663e-08
35620820.0,0.024431330195999745
35624020.0,0.02222791183699968
35627220.0,0.2356579621489998
35630420.0,0.8556269954879996
35633620.0,0.024330232279999642
35636820.0,0.02449033692999958
35640020.0,0.024052518557999836
35643220.0,1.074728647063
35646420.0,0.03925865632100001
35649620.0,0.02451138212699977
35652820.0,0.024431329699999615
35656020.0,0.8135985701430002
35659220.0,0.29987853757700034
35662420.0,0.024128442518999815
35665620.0,0.022853047871000065
35668820.0,0.0013009788719999804
35672020.0,2.1961999774333663e-08
35675220.0,1.0806596172109995
35678420.0,0.02563910629700006
35681620.0,0.006959471749999668
35684820.0,0.02490711034899995
35688020.0,0.0059407867990000085
35691220.0,0.019307587307999974
35694420.0,1.0823349428509994
35697620.0,0.032635589129999865
35700820.0,0.02446103559800017
35704020.0,0.024886064825
35707220.0,1.0734019498029999
35710420.0,0.03960637520799981
35713620.0,0.024881937144000332
35716820.0,0.02494920040799986
35720020.0,0.9973438756029998
35723220.0,0.1175143331070001
35726420.0,0.024772583791000002
35729620.0,0.024902982382999816
35732820.0,2.1961999774333663e-08
35736020.0,0.11618498648199971
35739220.0,0.97457587726
35742420.0,0.017941457335999722
35745620.0,0.005930326772999983
35748820.0,0.024094608468999912
35752020.0,0.00589023804199984
35755220.0,0.01854563335199977
35758420.0,1.081572323813
35761620.0,0.030049171495999616
35764820.0,0.024069435203999845
35768020.0,0.023673706231999603
35771220.0,1.073731592323
35774420.0,0.03815819075399984
35777620.0,0.023943164537999717
35780820.0,0.024031472961000055
35784020.0,0.997456215743
35787220.0,0.11557532086199984
35790420.0,0.024254712874999917
35793620.0,0.024216750546000032
35796820.0,2.1961999774333663e-08
35800020.0,1.2291902465530002
35803220.0,0.9210478919230001
35806420.0,0.023105489036999938
35809620.0,0.016422535733999766
35812820.0,0.007243329130999676
35816020.0,0.023227632153000055
35819220.0,0.8134402136330001
35822420.0,0.29609530476799995
35825620.0,0.02290369947899995
35828820.0,0.023518135218000058
35832020.0,0.6477612797129999
35835220.0,0.4621581256109999
35838420.0,0.023198330869000028
35841620.0,0.023265593969000076
35844820.0,0.30003551245299986
35848020.0,0.7929893793230001
35851220.0,0.024452528969999943
35854420.0,0.018164823597
35857620.0,0.023459619122999875
35860820.0,0.3167863081729996
35864020.0,0.774453497294
35867220.0,0.026312598775999785
35870420.0,2.1961999774333663e-08
35873620.0,0.026493748388999983
35876820.0,0.01871599742699992
35880020.0,0.15665433165499998
35883220.0,0.9403289694039998
35886420.0,0.026434740923999556
35889620.0,0.02648962002599964
35892820.0,0.026178071550999604
35896020.0,1.0762734179929998
35899220.0,0.041239303046999964
35902420.0,0.025500500967999606
35905620.0,0.02607284623299977
35908820.0,0.7471985473029998
35912020.0,0.3665837926100002
35915220.0,0.027245130962999742
35918420.0,0.023023973855999635
35921620.0,0.0048488436399996004
35924820.0,0.8137139471529999
35928020.0,0.2747701446819999
35931220.0,0.024936411657999535
35934420.0,0.01656781151900022
35937620.0,0.008360758052999628
35940820.0,0.024595562598999976
35944020.0,0.7805595774429999
35947220.0,0.334845817313
35950420.0,0.024545216208999854
35953620.0,0.024780840161999773
35956820.0,0.6147675331829996
35960020.0,0.49660516908600005
35963220.0,0.025986702605999668
35966420.0,0.02488606587199982
35969620.0,0.26694617232499995
35972820.0,0.8230507408579997
35976020.0,0.02499129083799989
35979220.0,0.024814674348999866
35982420.0,0.0251134337029999
35985620.0,0.18245161257099962
35988820.0,0.9094779270819999
35992020.0,0.002430907097999757
35995220.0,0.02295611681899956
35998420.0,0.024473420312999927
36001620.0,2.1961999774333663e-08
36004820.0,0.024414413064999696
36008020.0,1.068811240433
36011220.0,0.04958281788800001
36014420.0,0.02520587051199996
36017620.0,0.025294178804999845
36020820.0,0.5504385860829997
36024020.0,0.5494987798319997
36027220.0,0.026745943007999706
36030420.0,0.0278812403069999
36033620.0,0.013104153011999742
36036820.0,1.08392886754
36040020.0,0.02955089043100001
36043220.0,0.024907110940999733
36046420.0,0.025058554789999743
36049620.0,0.13268416784399983
36052820.0,1.4742511491479995
36056020.0,0.5570229974259999
36059220.0,0.024178788778999927
36062420.0,2.1961999774333663e-08
36065620.0,0.024149487802999747
36068820.0,0.021887062058000062
36072020.0,0.2673356964889999
36075220.0,0.8234121688359997
36078420.0,0.023816894358000162
36081620.0,0.024208494800999958
36084820.0,0.02406530737399981
36088020.0,1.0752334099329999
36091220.0,0.03769127362000013
36094420.0,0.02357714219199991
36097620.0,0.02398112713499989
36100820.0,0.680937499993
36104020.0,0.42729149307000025
36107220.0,0.02477666393399991
36110420.0,0.02181614856699987
36113620.0,0.004638369013999721
36116820.0,0.715985449723
36120020.0,0.37327363082100007
36123220.0,0.023681962447999805
36126420.0,2.1961999774333663e-08
36129620.0,0.023694751224999866
36132820.0,0.01636561645799972
36136020.0,0.09257105178199998
36139220.0,1.0112898374169998
36142420.0,0.025586439687999896
36145620.0,0.023964209844999917
36148820.0,0.024052517884999958
36152020.0,0.6182280549329997
36155220.0,0.477536500921
36158420.0,0.024246051900000065
36161620.0,0.023875409413999904
36164820.0,0.023320559259000007
36168020.0,1.0710869477029998
36171220.0,0.039826733896999755
36174420.0,0.02353917992300003
36177620.0,0.0234591275189997
36180820.0,2.1961999774333663e-08
36184020.0,1.073841750583
36187220.0,0.02012855923600032
36190420.0,0.019999785082000177
36193620.0,0.025012336696000226
36196820.0,2.1961999774333663e-08
36200020.0,0.025205870345000214
36203220.0,1.066021221353
36206420.0,0.04896547623899972
36209620.0,0.024966118375000068
36212820.0,0.025180696971999872
36216020.0,0.966081044813
36219220.0,0.1509347781949999
36222420.0,0.024945073665000095
36225620.0,0.025285922496999902
36228820.0,0.38272566597300006
36232020.0,0.7157888571860003
36235220.0,0.02555739623800024
36238420.0,0.019543627048999923
36241620.0,0.01861743008200012
36244820.0,0.3922479157729999
36248020.0,0.7255933055300003
36251220.0,0.00980409787399994
36254420.0,0.0159406949530001
36257620.0,0.025525674525999964
36260820.0,2.1961999774333663e-08
36264020.0,0.025087855250000235
36267220.0,1.0646064767130001
36270420.0,0.057539761566999914
36273620.0,0.02564983205599969
36276820.0,0.028359971658999505
36280020.0,0.17497694459899993
36283220.0,0.9379034949519998
36286420.0,0.029996964444999996
36289620.0,0.02571095247800015
36292820.0,0.025441493963000106
36296020.0,0.8467495143330002
36299220.0,0.2673726966519996
36302420.0,0.025138606497000282
36305620.0,0.025479456324999816
36308820.0,2.1961999774333663e-08
36312020.0,0.9127419399069998
36315220.0,1.2296698638240002
36318420.0,0.015671427632000245
36321620.0,0.024431341819000085
36324820.0,0.02442308596000009
36328020.0,3.595999986671927e-08
36331220.0,0.02415362758299988
36334420.0,1.0487723400210003
36337620.0,0.05020751698100012
36340820.0,0.027110068498999773
36344020.0,0.027461533455999998
36347220.0,0.12609601165799988
36350420.0,0.9751016409009998
36353620.0,0.026480999746000045
36356820.0,0.02448209324399997
36360020.0,0.024843987477999985
36363220.0,0.41424173154099986
36366420.0,0.67499380798
36369620.0,0.025441660081999995
36372820.0,0.02202621932899973
36376020.0,0.02462940859500007
36379220.0,0.10146098019799998
36382420.0,0.7218783474209998
36385620.0,0.29494424214400006
36388820.0,0.007775611677999894
36392020.0,0.024123921320000186
36395220.0,3.595999986671927e-08
36398420.0,0.023884169456000137
36401620.0,0.024330244054000083
36404820.0,0.382978567261
36408020.0,0.7147371087280003
36411220.0,0.02376202668500005
36414420.0,0.023648545457000125
36417620.0,0.023757899111000125
36420820.0,0.7145258647309998
36424020.0,0.3782361881480001
36427220.0,0.023930387932000308
36430420.0,0.023353914454999902
36433620.0,0.02388416946500005
36436820.0,0.6809821925410002
36440020.0,0.42924384210300026
36443220.0,0.023623673255999567
36446420.0,0.02046270410099993
36449620.0,0.0033967219780000057
36452820.0,0.39357420661099995
36456020.0,0.469770927431
36459220.0,0.2645989854199997
36462420.0,0.003011742245999649
36465620.0,0.023610583158999887
36468820.0,0.007022307959999807
36472020.0,0.015864913818000037
36475220.0,0.023059282701000328
36478420.0,0.568686390151
36481620.0,0.5250850069149999
36484820.0,0.02289092179699992
36488020.0,0.02296684677500016
36491220.0,0.022718433589000053
36494420.0,0.883365713401
36497620.0,0.20892753563100008
36500820.0,0.025126441043000103
36504020.0,0.02539081334100013
36507220.0,0.018922344381000045
36510420.0,1.076269796514
36513620.0,0.03306853538699972
36516820.0,0.022920628145000066
36520020.0,0.022945801327000304
36523220.0,3.595999986671927e-08
36526420.0,0.691798885841
36529620.0,0.34936121619100025
36532820.0,0.09381701378800011
36536020.0,3.595999986671927e-08
36539220.0,0.024481687670999897
36542420.0,3.595999986671927e-08
36545620.0,0.0023551994149997313
36548820.0,0.022413287131000104
36552020.0,3.595999986671927e-08
36555220.0,0.024456514840999866
36558420.0,0.05501252877000029
36561620.0,0.11354547052699981
36564820.0,0.3907772318670002
36568020.0,0.674062869204
36571220.0,0.028063019504000142
36574420.0,0.024793223459000036
36577620.0,0.03871316994000029
36580820.0,0.156971559524
36584020.0,0.9217763386469997
36587220.0,0.12986885967100026
36590420.0,0.02140520257300027
36593620.0,0.024119784835000324
36596820.0,0.031866073582
36600020.0,0.08716747270100011
36603220.0,0.9650392064959998
36606420.0,0.1817132305060003
36609620.0,0.024494476932000353
36612820.0,0.024688011105000296
36616020.0,0.07060823087899948
36619220.0,0.030730713816000232
36622420.0,3.595999986671927e-08
36625620.0,3.595999986671927e-08
36628820.0,3.595999986671927e-08
36632020.0,1.118662883921
36635220.0,0.25171101061300005
36638420.0,3.595999986671927e-08
36641620.0,0.10509240462600022
36644820.0,0.2014965904110002
36648020.0,3.595999986671927e-08
36651220.0,0.08671421435299997
36654420.0,0.21854971545299984
36657620.0,3.595999986671927e-08
36660820.0,0.1071213610770001
36664020.0,0.20087456806299997
36667220.0,0.16584121698599974
36670420.0,1.1869089696110002
36673620.0,0.015372465998999996
36676820.0,0.28631461770199973
36680020.0,0.016632630526999925
36683220.0,0.17439848679399983
36686420.0,0.1295703496459999
36689620.0,0.03495282902200003
36692820.0,0.2720425015460002
36696020.0,3.595999986671927e-08
36699220.0,1.2159555707290002
36702420.0,0.14293461514400008
36705620.0,0.2778782841140002
36708820.0,0.025052460462999804
36712020.0,0.1231604592490001
36715220.0,0.18146281208799975
36718420.0,3.595999986671927e-08
36721620.0,0.305875283782
36724820.0,3.595999986671927e-08
36728020.0,0.9789128405169998
36731220.0,0.3901604248270001
36734420.0,3.4210999810824205e-08
36737620.0,0.30728937337999973
36740820.0,3.4210999810824205e-08
36744020.0,0.2917644131049997
36747220.0,0.011353292493000211
36750420.0,0.12308134597599985
36753620.0,0.19204612429699974
36756820.0,0.017144807103000037
36760020.0,2.2210999706118173e-08
36763220.0,2.2210999706118173e-08
36766420.0,2.2210999706118173e-08
36769620.0,2.2210999706118173e-08
36772820.0,2.2210999706118173e-08
36776020.0,2.2210999706118173e-08
36779220.0,2.2210999706118173e-08
36782420.0,2.2210999706118173e-08
36785620.0,2.2210999706118173e-08
36788820.0,2.2210999706118173e-08
36792020.0,2.2210999706118173e-08
36795220.0,2.2210999706118173e-08
36798420.0,2.2210999706118173e-08
36801620.0,2.2210999706118173e-08
36804820.0,2.2210999706118173e-08
36808020.0,2.2210999706118173e-08
36811220.0,2.2210999706118173e-08
36814420.0,2.2210999706118173e-08
36817620.0,2.2210999706118173e-08
36820820.0,2.2210999706118173e-08
36824020.0,2.2210999706118173e-08
36827220.0,2.2210999706118173e-08
36830420.0,2.2210999706118173e-08
36833620.0,2.2210999706118173e-08
36836820.0,2.2210999706118173e-08
36840020.0,2.2210999706118173e-08
36843220.0,2.2210999706118173e-08
36846420.0,2.2210999706118173e-08
36849620.0,2.2210999706118173e-08
36852820.0,2.2210999706118173e-08
36856020.0,2.2210999706118173e-08
36859220.0,2.2210999706118173e-08
36862420.0,2.2210999706118173e-08
36865620.0,2.2210999706118173e-08
36868820.0,2.2210999706118173e-08
36872020.0,2.2210999706118173e-08
36875220.0,2.2210999706118173e-08
36878420.0,2.2210999706118173e-08
36881620.0,2.2210999706118173e-08
36884820.0,2.2210999706118173e-08
36886669.75,0.0
