Running with RISCV=/scratch/jfwang/power-prediction/power-mappings-chipyard/.conda-env/riscv-tools
mkdir -p /scratch/jfwang/power-prediction/power-mappings-chipyard/vlsi/build/chipyard.harness.TestHarness.CustomGemminiSoCConfig-ChipTop/
mkdir -p /scratch/jfwang/power-prediction/power-mappings-chipyard/vlsi/output/chipyard.harness.TestHarness.CustomGemminiSoCConfig
echo "sim.inputs:" > /scratch/jfwang/power-prediction/power-mappings-chipyard/vlsi/build/chipyard.harness.TestHarness.CustomGemminiSoCConfig-ChipTop/sim-debug-inputs.yml
echo "  defines:" >> /scratch/jfwang/power-prediction/power-mappings-chipyard/vlsi/build/chipyard.harness.TestHarness.CustomGemminiSoCConfig-ChipTop/sim-debug-inputs.yml
echo "    - 'DEBUG'" >> /scratch/jfwang/power-prediction/power-mappings-chipyard/vlsi/build/chipyard.harness.TestHarness.CustomGemminiSoCConfig-ChipTop/sim-debug-inputs.yml;
echo "    - 'FSDB=1'" >> /scratch/jfwang/power-prediction/power-mappings-chipyard/vlsi/build/chipyard.harness.TestHarness.CustomGemminiSoCConfig-ChipTop/sim-debug-inputs.yml;
echo "  defines_meta: 'append'" >> /scratch/jfwang/power-prediction/power-mappings-chipyard/vlsi/build/chipyard.harness.TestHarness.CustomGemminiSoCConfig-ChipTop/sim-debug-inputs.yml
echo "  execution_flags:" >> /scratch/jfwang/power-prediction/power-mappings-chipyard/vlsi/build/chipyard.harness.TestHarness.CustomGemminiSoCConfig-ChipTop/sim-debug-inputs.yml
for x in +verbose +fsdbfile=/scratch/jfwang/power-prediction/power-mappings-chipyard/vlsi/output/chipyard.harness.TestHarness.CustomGemminiSoCConfig/inactive_mesh_acc-baremetal.fsdb +loadmem=/scratch/jfwang/power-prediction/scripts/../power-mappings-chipyard/generators/gemmini/software/gemmini-rocc-tests/build/bareMetalC/inactive_mesh_acc-baremetal; do \
  echo '    - "'$x'"' >> /scratch/jfwang/power-prediction/power-mappings-chipyard/vlsi/build/chipyard.harness.TestHarness.CustomGemminiSoCConfig-ChipTop/sim-debug-inputs.yml; \
done
echo "  execution_flags_meta: 'append'" >> /scratch/jfwang/power-prediction/power-mappings-chipyard/vlsi/build/chipyard.harness.TestHarness.CustomGemminiSoCConfig-ChipTop/sim-debug-inputs.yml
echo "  options:" >> /scratch/jfwang/power-prediction/power-mappings-chipyard/vlsi/build/chipyard.harness.TestHarness.CustomGemminiSoCConfig-ChipTop/sim-debug-inputs.yml
echo '    - "-kdb"' >> /scratch/jfwang/power-prediction/power-mappings-chipyard/vlsi/build/chipyard.harness.TestHarness.CustomGemminiSoCConfig-ChipTop/sim-debug-inputs.yml
echo "  options_meta: 'append'" >> /scratch/jfwang/power-prediction/power-mappings-chipyard/vlsi/build/chipyard.harness.TestHarness.CustomGemminiSoCConfig-ChipTop/sim-debug-inputs.yml
echo "sim.outputs.waveforms: ['/scratch/jfwang/power-prediction/power-mappings-chipyard/vlsi/output/chipyard.harness.TestHarness.CustomGemminiSoCConfig/inactive_mesh_acc-baremetal.fsdb']" >> /scratch/jfwang/power-prediction/power-mappings-chipyard/vlsi/build/chipyard.harness.TestHarness.CustomGemminiSoCConfig-ChipTop/sim-debug-inputs.yml
mkdir -p /scratch/jfwang/power-prediction/power-mappings-chipyard/vlsi/build/chipyard.harness.TestHarness.CustomGemminiSoCConfig-ChipTop/
echo "sim.inputs:" > /scratch/jfwang/power-prediction/power-mappings-chipyard/vlsi/build/chipyard.harness.TestHarness.CustomGemminiSoCConfig-ChipTop/sim-inputs.yml
echo "  top_module: ChipTop" >> /scratch/jfwang/power-prediction/power-mappings-chipyard/vlsi/build/chipyard.harness.TestHarness.CustomGemminiSoCConfig-ChipTop/sim-inputs.yml
echo "  tb_name: ''" >> /scratch/jfwang/power-prediction/power-mappings-chipyard/vlsi/build/chipyard.harness.TestHarness.CustomGemminiSoCConfig-ChipTop/sim-inputs.yml  # don't specify -top
echo "  input_files:" >> /scratch/jfwang/power-prediction/power-mappings-chipyard/vlsi/build/chipyard.harness.TestHarness.CustomGemminiSoCConfig-ChipTop/sim-inputs.yml
for x in $(cat /scratch/jfwang/power-prediction/power-mappings-chipyard/vlsi/generated-src/chipyard.harness.TestHarness.CustomGemminiSoCConfig/chipyard.harness.TestHarness.CustomGemminiSoCConfig.model.f | sort -u) /scratch/jfwang/power-prediction/power-mappings-chipyard/vlsi/generated-src/chipyard.harness.TestHarness.CustomGemminiSoCConfig/gen-collateral/chipyard.harness.TestHarness.CustomGemminiSoCConfig.model.mems.v /scratch/jfwang/power-prediction/power-mappings-chipyard/generators/rocket-chip/src/main/resources/vsrc/TestDriver.v; do \
	echo '    - "'$x'"' >> /scratch/jfwang/power-prediction/power-mappings-chipyard/vlsi/build/chipyard.harness.TestHarness.CustomGemminiSoCConfig-ChipTop/sim-inputs.yml; \
done
echo "  input_files_meta: 'append'" >> /scratch/jfwang/power-prediction/power-mappings-chipyard/vlsi/build/chipyard.harness.TestHarness.CustomGemminiSoCConfig-ChipTop/sim-inputs.yml
echo "  timescale: '1ns/10ps'" >> /scratch/jfwang/power-prediction/power-mappings-chipyard/vlsi/build/chipyard.harness.TestHarness.CustomGemminiSoCConfig-ChipTop/sim-inputs.yml
echo "  options:" >> /scratch/jfwang/power-prediction/power-mappings-chipyard/vlsi/build/chipyard.harness.TestHarness.CustomGemminiSoCConfig-ChipTop/sim-inputs.yml
for x in -notice -line +lint=all,noVCDE,noONGS,noUI -error=PCWM-L -error=noZMMCM -timescale=1ns/10ps -quiet -q +rad +vcs+lic+wait +vc+list -sverilog +systemverilogext+.sv+.svi+.svh+.svt -assert svaext +libext+.sv +v2k +verilog2001ext+.v95+.vt+.vp +libext+.v -debug_pp +incdir+/scratch/jfwang/power-prediction/power-mappings-chipyard/vlsi/generated-src/chipyard.harness.TestHarness.CustomGemminiSoCConfig/gen-collateral; do \
	echo '    - "'$x'"' >> /scratch/jfwang/power-prediction/power-mappings-chipyard/vlsi/build/chipyard.harness.TestHarness.CustomGemminiSoCConfig-ChipTop/sim-inputs.yml; \
done
echo "  options_meta: 'append'" >> /scratch/jfwang/power-prediction/power-mappings-chipyard/vlsi/build/chipyard.harness.TestHarness.CustomGemminiSoCConfig-ChipTop/sim-inputs.yml
echo "  defines:" >> /scratch/jfwang/power-prediction/power-mappings-chipyard/vlsi/build/chipyard.harness.TestHarness.CustomGemminiSoCConfig-ChipTop/sim-inputs.yml
for x in CLOCK_PERIOD=1.0 RESET_DELAY=777.7 PRINTF_COND=TestDriver.printf_cond STOP_COND=!TestDriver.reset MODEL=TestHarness RANDOMIZE_MEM_INIT RANDOMIZE_REG_INIT RANDOMIZE_GARBAGE_ASSIGN RANDOMIZE_INVALID_ASSIGN; do \
	echo '    - "'$x'"' >> /scratch/jfwang/power-prediction/power-mappings-chipyard/vlsi/build/chipyard.harness.TestHarness.CustomGemminiSoCConfig-ChipTop/sim-inputs.yml; \
done
echo "  defines_meta: 'append'" >> /scratch/jfwang/power-prediction/power-mappings-chipyard/vlsi/build/chipyard.harness.TestHarness.CustomGemminiSoCConfig-ChipTop/sim-inputs.yml
echo "  compiler_cc_opts:" >> /scratch/jfwang/power-prediction/power-mappings-chipyard/vlsi/build/chipyard.harness.TestHarness.CustomGemminiSoCConfig-ChipTop/sim-inputs.yml
for x in -O3 -std=c++17 -I/scratch/jfwang/power-prediction/power-mappings-chipyard/.conda-env/riscv-tools/include -I/scratch/jfwang/power-prediction/power-mappings-chipyard/tools/DRAMSim2 -I/scratch/jfwang/power-prediction/power-mappings-chipyard/vlsi/generated-src/chipyard.harness.TestHarness.CustomGemminiSoCConfig/gen-collateral; do \
	echo '    - "'$x'"' >> /scratch/jfwang/power-prediction/power-mappings-chipyard/vlsi/build/chipyard.harness.TestHarness.CustomGemminiSoCConfig-ChipTop/sim-inputs.yml; \
done
echo "  compiler_cc_opts_meta: 'append'" >> /scratch/jfwang/power-prediction/power-mappings-chipyard/vlsi/build/chipyard.harness.TestHarness.CustomGemminiSoCConfig-ChipTop/sim-inputs.yml
echo "  compiler_ld_opts:" >> /scratch/jfwang/power-prediction/power-mappings-chipyard/vlsi/build/chipyard.harness.TestHarness.CustomGemminiSoCConfig-ChipTop/sim-inputs.yml
for x in -L/scratch/jfwang/power-prediction/power-mappings-chipyard/.conda-env/riscv-tools/lib -Wl,-rpath,/scratch/jfwang/power-prediction/power-mappings-chipyard/.conda-env/riscv-tools/lib -L/scratch/jfwang/power-prediction/power-mappings-chipyard/vlsi -L/scratch/jfwang/power-prediction/power-mappings-chipyard/tools/DRAMSim2 -lriscv -lfesvr -ldramsim; do \
	echo '    - "'$x'"' >> /scratch/jfwang/power-prediction/power-mappings-chipyard/vlsi/build/chipyard.harness.TestHarness.CustomGemminiSoCConfig-ChipTop/sim-inputs.yml; \
done
echo "  compiler_ld_opts_meta: 'append'" >> /scratch/jfwang/power-prediction/power-mappings-chipyard/vlsi/build/chipyard.harness.TestHarness.CustomGemminiSoCConfig-ChipTop/sim-inputs.yml
echo "  execution_flags_prepend: ['+permissive']" >> /scratch/jfwang/power-prediction/power-mappings-chipyard/vlsi/build/chipyard.harness.TestHarness.CustomGemminiSoCConfig-ChipTop/sim-inputs.yml
echo "  execution_flags_append: ['+permissive-off']" >> /scratch/jfwang/power-prediction/power-mappings-chipyard/vlsi/build/chipyard.harness.TestHarness.CustomGemminiSoCConfig-ChipTop/sim-inputs.yml
echo "  execution_flags:" >> /scratch/jfwang/power-prediction/power-mappings-chipyard/vlsi/build/chipyard.harness.TestHarness.CustomGemminiSoCConfig-ChipTop/sim-inputs.yml
for x in +dramsim +dramsim_ini_dir=/scratch/jfwang/power-prediction/power-mappings-chipyard/generators/testchipip/src/main/resources/dramsim2_ini +max-cycles=100000000; do \
  echo '    - "'$x'"' >> /scratch/jfwang/power-prediction/power-mappings-chipyard/vlsi/build/chipyard.harness.TestHarness.CustomGemminiSoCConfig-ChipTop/sim-inputs.yml; \
done
echo "  execution_flags_meta: 'append'" >> /scratch/jfwang/power-prediction/power-mappings-chipyard/vlsi/build/chipyard.harness.TestHarness.CustomGemminiSoCConfig-ChipTop/sim-inputs.yml
echo "  benchmarks: ['/scratch/jfwang/power-prediction/scripts/../power-mappings-chipyard/generators/gemmini/software/gemmini-rocc-tests/build/bareMetalC/inactive_mesh_acc-baremetal']" >> /scratch/jfwang/power-prediction/power-mappings-chipyard/vlsi/build/chipyard.harness.TestHarness.CustomGemminiSoCConfig-ChipTop/sim-inputs.yml
echo "  tb_dut: 'TestDriver.testHarness.chiptop0'" >> /scratch/jfwang/power-prediction/power-mappings-chipyard/vlsi/build/chipyard.harness.TestHarness.CustomGemminiSoCConfig-ChipTop/sim-inputs.yml
./example-vlsi-sky130 -e /scratch/jfwang/power-prediction/power-mappings-chipyard/vlsi/custom-env.yml -p /scratch/jfwang/power-prediction/power-mappings-chipyard/vlsi/custom.yml -p /scratch/jfwang/power-prediction/power-mappings-chipyard/vlsi/build/chipyard.harness.TestHarness.CustomGemminiSoCConfig-ChipTop/inputs.yml -p /scratch/jfwang/power-prediction/power-mappings-chipyard/vlsi/build/chipyard.harness.TestHarness.CustomGemminiSoCConfig-ChipTop/sram_generator-output.json  -p /scratch/jfwang/power-prediction/power-mappings-chipyard/vlsi/custom.yml --only_step run_simulation -p /scratch/jfwang/power-prediction/power-mappings-chipyard/vlsi/build/chipyard.harness.TestHarness.CustomGemminiSoCConfig-ChipTop/sim-debug-inputs.yml -p /scratch/jfwang/power-prediction/power-mappings-chipyard/vlsi/build/chipyard.harness.TestHarness.CustomGemminiSoCConfig-ChipTop/sim-inputs.yml --sim_rundir /scratch/jfwang/power-prediction/power-mappings-chipyard/vlsi/build/chipyard.harness.TestHarness.CustomGemminiSoCConfig-ChipTop/sim-rtl-rundir --obj_dir /scratch/jfwang/power-prediction/power-mappings-chipyard/vlsi/build/chipyard.harness.TestHarness.CustomGemminiSoCConfig-ChipTop sim
[96m[<global>] Loading hammer-vlsi libraries and reading settings[0m
[96m[<global>] Loading technology 'hammer.technology.sky130'[0m
[33m[<global>] Key technology.sky130.sky130_nda has a type str is not yet implemented[0m
[33m[<global>] Key technology.sky130.sky130_cds has a type str is not yet implemented[0m
[33m[<global>] Key technology.sky130.openram_lib has a type str is not yet implemented[0m
[33m[<global>] Key technology.sky130.dffram_lib has a type Optional[str] is not yet implemented[0m
[33m[<global>] Key technology.sky130.pdk_home has a type Optional[str] is not yet implemented[0m
[33m[<global>] Key technology.sky130.lvs_deck_sources has a type Optional[list[str]] is not yet implemented[0m
[33m[<global>] Key technology.sky130.io_file has a type str is not yet implemented[0m
[33m[tech] The install path: /path/to/skywater-src-nda does not exist, looked at key technology.sky130.sky130_nda[0m
[96m[tech] Modifying Verilog netlist: /nscratch/sky130/conda-sky130/share/pdk/sky130A/libs.ref/sky130_fd_sc_hd/verilog/sky130_fd_sc_hd.v -> /scratch/jfwang/power-prediction/power-mappings-chipyard/vlsi/build/chipyard.harness.TestHarness.CustomGemminiSoCConfig-ChipTop/tech-sky130-cache/sky130_fd_sc_hd.v[0m
[96m[tech] Removing incorrectly formed specify block.[0m
[96m[tech] Fixing broken net references with select specify blocks.[0m
[96m[tech] Modifying Verilog netlist: /nscratch/sky130/conda-sky130/share/pdk/sky130A/libs.ref/sky130_fd_sc_hd/verilog/primitives.v -> /scratch/jfwang/power-prediction/power-mappings-chipyard/vlsi/build/chipyard.harness.TestHarness.CustomGemminiSoCConfig-ChipTop/tech-sky130-cache/primitives.v[0m
[96m[tech] Modifying Technology LEF: /nscratch/sky130/conda-sky130/share/pdk/sky130A/libs.ref/sky130_fd_sc_hd/techlef/sky130_fd_sc_hd__nom.tlef -> /scratch/jfwang/power-prediction/power-mappings-chipyard/vlsi/build/chipyard.harness.TestHarness.CustomGemminiSoCConfig-ChipTop/tech-sky130-cache/sky130_fd_sc_hd__nom.tlef[0m
[96m[tech] Modifying IO LEF: /nscratch/sky130/conda-sky130/share/pdk/sky130A/libs.ref/sky130_fd_io/lef/sky130_ef_io.lef -> /scratch/jfwang/power-prediction/power-mappings-chipyard/vlsi/build/chipyard.harness.TestHarness.CustomGemminiSoCConfig-ChipTop/tech-sky130-cache/sky130_ef_io.lef[0m
[96m[tech] Fixing broken sky130_ef_io__analog_esd_pad LEF definition.[0m
[96m[tech] Loaded Sky130 Tech[0m
[96m[<global>] Starting simulation with tool 'vcs'[0m
[37m[sim] Sub-step 'write_gl_files' skipped due to resume hook[0m
[37m[sim] Sub-step 'run_vcs' skipped due to resume hook[0m
[96m[sim] Resuming before 'run_simulation' due to resume hook[0m
[37m[sim] Running sub-step 'run_simulation'[0m
Executing subprocess: /scratch/jfwang/power-prediction/power-mappings-chipyard/vlsi/build/chipyard.harness.TestHarness.CustomGemminiSoCConfig-ChipTop/sim-rtl-rundir/simv +permissive +verbose +fsdbfile=/scratch/jfwang/power-prediction/power-mappings-chipyard/vlsi/output/chipyard.harness.TestHarness.CustomGemminiSoCConfig/inactive_mesh_acc-baremetal.fsdb +loadmem=/scratch/jfwang/power-prediction/scripts/../power-mappings-chipyard/generators/gemmini/software/gemmini-rocc-tests/build/bareMetalC/inactive_mesh_acc-baremetal +dramsim +dramsim_ini_dir=/scratch/jfwang/power-prediction/power-mappings-chipyard/generators/testchipip/src/main/resources/dramsim2_ini +max-cycles=100000000 +permissive-off /scratch/jfwang/power-prediction/scripts/../power-mappings-chipyard/generators/gemmini/software/gemmini-rocc-tests/build/bareMetalC/inactive_mesh_acc-baremetal
Notice: timing checks disabled with +notimingcheck at compile-time
Chronologic VCS simulator copyright 1991-2019
Contains Synopsys proprietary information.
Compiler version P-2019.06-SP1_Full64; Runtime version P-2019.06-SP1_Full64;  Apr 18 22:26 2024
[UART] UART0 is here (stdin/stdout).
testing $random 86561c0c seed          1
*Verdi* Loading libsscore_vcs201906.so
FSDB Dumper for VCS, Release Verdi_P-2019.06-SP2-2, Linux x86_64/64bit, 02/23/2020
(C) 1996 - 2020 by Synopsys, Inc.
*Verdi* FSDB WARNING: The FSDB file already exists. Overwriting the FSDB file may crash the programs that are using this file.
*Verdi* : Create FSDB file '/scratch/jfwang/power-prediction/power-mappings-chipyard/vlsi/output/chipyard.harness.TestHarness.CustomGemminiSoCConfig/inactive_mesh_acc-baremetal.fsdb'
*Verdi* : Begin traversing the scopes, layer (0).
*Verdi* : Enable +all dumping.
*Verdi* : End of traversing.
*Verdi* : fsdbDumpon - All FSDB files at 0 ps.
== Loading device model file '/scratch/jfwang/power-prediction/power-mappings-chipyard/generators/testchipip/src/main/resources/dramsim2_ini/DDR3_micron_64M_8B_x4_sg15.ini' ==
== Loading system model file '/scratch/jfwang/power-prediction/power-mappings-chipyard/generators/testchipip/src/main/resources/dramsim2_ini/system.ini' ==
===== MemorySystem 0 =====
CH. 0 TOTAL_STORAGE : 4096MB | 1 Ranks | 16 Devices per rank
DRAMSim2 Clock Frequency =666666666Hz, CPU Clock Frequency=31250000Hz
C0:         19 [1] pc=[0000000000010040] W[r10=0000000000010040][1] R[r 0=0000000000000000] R[r 0=0000000000000000] inst=[00000517] DASM(00000517)
C0:         20 [1] pc=[0000000000010044] W[r10=0000000000010000][1] R[r10=0000000000010040] R[r 0=0000000000000000] inst=[fc050513] DASM(fc050513)
C0:         21 [1] pc=[0000000000010048] W[r 0=0000000000000000][1] R[r10=0000000000010000] R[r 0=0000000000000000] inst=[30551073] DASM(30551073)
C0:         26 [1] pc=[000000000001004c] W[r 5=800000000094112d][1] R[r 0=0000000000000000] R[r 0=0000000000000000] inst=[301022f3] DASM(301022f3)
C0:         29 [1] pc=[0000000000010050] W[r 5=ffffe00000000025][1] R[r 5=800000000094112d] R[r 0=0000000000000000] inst=[4122d293] DASM(4122d293)
C0:         30 [1] pc=[0000000000010054] W[r 5=0000000000000001][1] R[r 5=ffffe00000000025] R[r 0=0000000000000000] inst=[0012f293] DASM(0012f293)
C0:         31 [1] pc=[0000000000010058] W[r 0=0000000000000000][0] R[r 5=0000000000000001] R[r 0=0000000000000000] inst=[00028463] DASM(00028463)
C0:         32 [1] pc=[000000000001005c] W[r 0=0000000000002020][1] R[r 0=0000000000000000] R[r 0=0000000000000000] inst=[30301073] DASM(30301073)
C0:         37 [1] pc=[0000000000010060] W[r10=0000000000000008][1] R[r 0=0000000000000000] R[r 0=0000000000000000] inst=[00800513] DASM(00800513)
C0:         38 [1] pc=[0000000000010064] W[r 0=f7c622448c26c054][1] R[r10=0000000000000008] R[r 0=0000000000000000] inst=[30451073] DASM(30451073)
C0:         43 [1] pc=[0000000000010068] W[r 0=8000000a00019800][1] R[r10=0000000000000008] R[r 0=0000000000000000] inst=[30052073] DASM(30052073)
C0:         48 [0] pc=[000000000001006c] W[r 0=0000000000000000][0] R[r 0=0000000000000000] R[r 0=0000000000000000] inst=[10500073] DASM(10500073)
C0:         67 [1] pc=[0000000000010000] W[r11=0000000002000000][1] R[r 0=0000000000000000] R[r 0=0000000000000000] inst=[020005b7] DASM(020005b7)
C0:         68 [1] pc=[0000000000010004] W[r10=0000000000000000][1] R[r 0=0000000000000000] R[r 0=0000000000000000] inst=[f1402573] DASM(f1402573)
C0:         71 [1] pc=[0000000000010008] W[r 0=0000000000000000][0] R[r10=0000000000000000] R[r 0=0000000000000000] inst=[00050463] DASM(00050463)
C0:         75 [1] pc=[0000000000010010] W[r12=0000000002000004][1] R[r11=0000000002000000] R[r 0=0000000000000000] inst=[00458613] DASM(00458613)
C0:         76 [1] pc=[0000000000010014] W[r13=0000000000000001][1] R[r 0=0000000000000000] R[r 0=0000000000000000] inst=[00100693] DASM(00100693)
C0:         77 [1] pc=[0000000000010018] W[r 0=0000000000000000][0] R[r12=0000000002000004] R[r13=0000000000000001] inst=[00d62023] DASM(00d62023)
C0:         78 [1] pc=[000000000001001c] W[r12=0000000002000008][1] R[r12=0000000002000004] R[r 0=0000000000000000] inst=[00460613] DASM(00460613)
C0:         84 [1] pc=[0000000000010020] W[r13=0000000000000000][0] R[r12=0000000002000008] R[r 0=0000000000000000] inst=[ffc62683] DASM(ffc62683)
C0:         92 [1] pc=[0000000000010024] W[r 0=0000000000000000][0] R[r13=0000000000000000] R[r 0=0000000000000000] inst=[fe069ae3] DASM(fe069ae3)
C0:         93 [1] pc=[0000000000010028] W[r 0=000000000001002c][1] R[r 0=0000000000000000] R[r 0=0000000000000000] inst=[06c0006f] DASM(06c0006f)
C0:        113 [1] pc=[0000000000010094] W[r 0=0000000000000000][0] R[r11=0000000002000000] R[r 0=0000000000000000] inst=[0005a023] DASM(0005a023)
C0:        114 [1] pc=[0000000000010098] W[r10=0000000000004000][1] R[r 0=0000000000000000] R[r 0=0000000000000000] inst=[00004537] DASM(00004537)
C0:        120 [1] pc=[000000000001009c] W[r10=0000000000000000][0] R[r10=0000000000004000] R[r 0=0000000000000000] inst=[00053503] DASM(00053503)
C0:        132 [1] pc=[00000000000100a0] W[r 0=000000000001006c][1] R[r10=0000000080000000] R[r 0=0000000000000000] inst=[34151073] DASM(34151073)
C0:        133 [1] pc=[00000000000100a4] W[r10=0000000000000000][1] R[r 0=0000000000000000] R[r 0=0000000000000000] inst=[f1402573] DASM(f1402573)
C0:        134 [1] pc=[00000000000100a8] W[r11=00000000000100a8][1] R[r 0=0000000000000000] R[r 0=0000000000000000] inst=[00000597] DASM(00000597)
C0:        135 [1] pc=[00000000000100ac] W[r11=00000000000100c0][1] R[r11=00000000000100a8] R[r 0=0000000000000000] inst=[01858593] DASM(01858593)
C0:        136 [1] pc=[00000000000100b0] W[r12=0000000000000080][1] R[r 0=0000000000000000] R[r 0=0000000000000000] inst=[08000613] DASM(08000613)
C0:        137 [1] pc=[00000000000100b4] W[r 0=8000000a00019880][1] R[r12=0000000000000080] R[r 0=0000000000000000] inst=[30063073] DASM(30063073)
C0:        142 [1] pc=[00000000000100b8] W[r 0=0000000000000000][0] R[r 0=0000000000000000] R[r 0=0000000000000000] inst=[30200073] DASM(30200073)
C0:       1059 [1] pc=[0000000080000000] W[r 1=0000000000000000][1] R[r 0=0000000000000000] R[r 0=0000000000000000] inst=[00004081] DASM(00004081)
C0:       1060 [1] pc=[0000000080000002] W[r 2=0000000000000000][1] R[r 0=0000000000000000] R[r 0=0000000000000000] inst=[00004101] DASM(00004101)
C0:       1061 [1] pc=[0000000080000004] W[r 3=0000000000000000][1] R[r 0=0000000000000000] R[r 0=0000000000000000] inst=[00004181] DASM(00004181)
C0:       1062 [1] pc=[0000000080000006] W[r 4=0000000000000000][1] R[r 0=0000000000000000] R[r 0=0000000000000000] inst=[00004201] DASM(00004201)
C0:       1063 [1] pc=[0000000080000008] W[r 5=0000000000000000][1] R[r 0=0000000000000000] R[r 0=0000000000000000] inst=[00004281] DASM(00004281)
C0:       1064 [1] pc=[000000008000000a] W[r 6=0000000000000000][1] R[r 0=0000000000000000] R[r 0=0000000000000000] inst=[00004301] DASM(00004301)
C0:       1065 [1] pc=[000000008000000c] W[r 7=0000000000000000][1] R[r 0=0000000000000000] R[r 0=0000000000000000] inst=[00004381] DASM(00004381)
C0:       1066 [1] pc=[000000008000000e] W[r 8=0000000000000000][1] R[r 0=0000000000000000] R[r 0=0000000000000000] inst=[00004401] DASM(00004401)
C0:       1067 [1] pc=[0000000080000010] W[r 9=0000000000000000][1] R[r 0=0000000000000000] R[r 0=0000000000000000] inst=[00004481] DASM(00004481)
C0:       1068 [1] pc=[0000000080000012] W[r10=0000000000000000][1] R[r 0=0000000000000000] R[r 0=0000000000000000] inst=[00004501] DASM(00004501)
C0:       1069 [1] pc=[0000000080000014] W[r11=0000000000000000][1] R[r 0=0000000000000000] R[r 0=0000000000000000] inst=[00004581] DASM(00004581)
C0:       1070 [1] pc=[0000000080000016] W[r12=0000000000000000][1] R[r 0=0000000000000000] R[r 0=0000000000000000] inst=[00004601] DASM(00004601)
C0:       1071 [1] pc=[0000000080000018] W[r13=0000000000000000][1] R[r 0=0000000000000000] R[r 0=0000000000000000] inst=[00004681] DASM(00004681)
C0:       1072 [1] pc=[000000008000001a] W[r14=0000000000000000][1] R[r 0=0000000000000000] R[r 0=0000000000000000] inst=[00004701] DASM(00004701)
C0:       1073 [1] pc=[000000008000001c] W[r15=0000000000000000][1] R[r 0=0000000000000000] R[r 0=0000000000000000] inst=[00004781] DASM(00004781)
C0:       1074 [1] pc=[000000008000001e] W[r16=0000000000000000][1] R[r 0=0000000000000000] R[r 0=0000000000000000] inst=[00004801] DASM(00004801)
C0:       1075 [1] pc=[0000000080000020] W[r17=0000000000000000][1] R[r 0=0000000000000000] R[r 0=0000000000000000] inst=[00004881] DASM(00004881)
C0:       1076 [1] pc=[0000000080000022] W[r18=0000000000000000][1] R[r 0=0000000000000000] R[r 0=0000000000000000] inst=[00004901] DASM(00004901)
C0:       1077 [1] pc=[0000000080000024] W[r19=0000000000000000][1] R[r 0=0000000000000000] R[r 0=0000000000000000] inst=[00004981] DASM(00004981)
C0:       1078 [1] pc=[0000000080000026] W[r20=0000000000000000][1] R[r 0=0000000000000000] R[r 0=0000000000000000] inst=[00004a01] DASM(00004a01)
C0:       1079 [1] pc=[0000000080000028] W[r21=0000000000000000][1] R[r 0=0000000000000000] R[r 0=0000000000000000] inst=[00004a81] DASM(00004a81)
C0:       1080 [1] pc=[000000008000002a] W[r22=0000000000000000][1] R[r 0=0000000000000000] R[r 0=0000000000000000] inst=[00004b01] DASM(00004b01)
C0:       1081 [1] pc=[000000008000002c] W[r23=0000000000000000][1] R[r 0=0000000000000000] R[r 0=0000000000000000] inst=[00004b81] DASM(00004b81)
C0:       1082 [1] pc=[000000008000002e] W[r24=0000000000000000][1] R[r 0=0000000000000000] R[r 0=0000000000000000] inst=[00004c01] DASM(00004c01)
C0:       1083 [1] pc=[0000000080000030] W[r25=0000000000000000][1] R[r 0=0000000000000000] R[r 0=0000000000000000] inst=[00004c81] DASM(00004c81)
C0:       1084 [1] pc=[0000000080000032] W[r26=0000000000000000][1] R[r 0=0000000000000000] R[r 0=0000000000000000] inst=[00004d01] DASM(00004d01)
C0:       1085 [1] pc=[0000000080000034] W[r27=0000000000000000][1] R[r 0=0000000000000000] R[r 0=0000000000000000] inst=[00004d81] DASM(00004d81)
C0:       1086 [1] pc=[0000000080000036] W[r28=0000000000000000][1] R[r 0=0000000000000000] R[r 0=0000000000000000] inst=[00004e01] DASM(00004e01)
C0:       1087 [1] pc=[0000000080000038] W[r29=0000000000000000][1] R[r 0=0000000000000000] R[r 0=0000000000000000] inst=[00004e81] DASM(00004e81)
C0:       1088 [1] pc=[000000008000003a] W[r30=0000000000000000][1] R[r 0=0000000000000000] R[r 0=0000000000000000] inst=[00004f01] DASM(00004f01)
C0:       1089 [1] pc=[000000008000003c] W[r31=0000000000000000][1] R[r 0=0000000000000000] R[r 0=0000000000000000] inst=[00004f81] DASM(00004f81)
C0:       1090 [1] pc=[000000008000003e] W[r 5=000000000001e000][1] R[r 0=0000000000000000] R[r 0=0000000000000000] inst=[000062f9] DASM(000062f9)
C0:       1120 [1] pc=[0000000080000040] W[r 0=8000000a00018080][1] R[r 5=000000000001e000] R[r 0=0000000000000000] inst=[3002a073] DASM(3002a073)
C0:       1125 [1] pc=[0000000080000044] W[r 5=0000000000000001][1] R[r 0=0000000000000000] R[r 0=0000000000000000] inst=[00004285] DASM(00004285)
C0:       1126 [1] pc=[0000000080000046] W[r 5=0000000080000000][1] R[r 5=0000000000000001] R[r 0=0000000000000000] inst=[000002fe] DASM(000002fe)
C0:       1127 [1] pc=[0000000080000048] W[r 0=0000000000000000][0] R[r 5=0000000080000000] R[r 0=0000000000000000] inst=[0002d863] DASM(0002d863)
C0:       1131 [1] pc=[0000000080000058] W[r 5=0000000080000058][1] R[r 0=0000000000000000] R[r 0=0000000000000000] inst=[00000297] DASM(00000297)
C0:       1132 [1] pc=[000000008000005c] W[r 5=00000000800000e8][1] R[r 5=0000000080000058] R[r 0=0000000000000000] inst=[09028293] DASM(09028293)
C0:       1133 [1] pc=[0000000080000060] W[r 0=0000000000010000][1] R[r 5=00000000800000e8] R[r 0=0000000000000000] inst=[30529073] DASM(30529073)
C0:       1138 [1] pc=[0000000080000064] W[r 0=00000000000000ce][1] R[r 0=0000000000000000] R[r 0=0000000000000000] inst=[00301073] DASM(00301073)
C0:       1143 [1] pc=[0000000080000068] W[r 0=0000000000000000][0] R[r 0=0000000000000000] R[r 0=0000000000000000] inst=[f0000053] DASM(f0000053)
C0:       1144 [1] pc=[000000008000006c] W[r 1=0000000000000000][0] R[r 0=0000000000000000] R[r 0=0000000000000000] inst=[f00000d3] DASM(f00000d3)
C0:       1145 [1] pc=[0000000080000070] W[r 2=0000000000000000][0] R[r 0=0000000000000000] R[r 0=0000000000000000] inst=[f0000153] DASM(f0000153)
C0:       1146 [1] pc=[0000000080000074] W[r 3=0000000000000000][0] R[r 0=0000000000000000] R[r 0=0000000000000000] inst=[f00001d3] DASM(f00001d3)
C0:       1147 [1] pc=[0000000080000078] W[r 4=0000000000000000][0] R[r 0=0000000000000000] R[r 0=0000000000000000] inst=[f0000253] DASM(f0000253)
C0:       1148 [1] pc=[000000008000007c] W[r 5=0000000000000000][0] R[r 0=0000000000000000] R[r 0=0000000000000000] inst=[f00002d3] DASM(f00002d3)
C0:       1178 [1] pc=[0000000080000080] W[r 6=0000000000000000][0] R[r 0=0000000000000000] R[r 0=0000000000000000] inst=[f0000353] DASM(f0000353)
C0:       1179 [1] pc=[0000000080000084] W[r 7=0000000000000000][0] R[r 0=0000000000000000] R[r 0=0000000000000000] inst=[f00003d3] DASM(f00003d3)
C0:       1180 [1] pc=[0000000080000088] W[r 8=0000000000000000][0] R[r 0=0000000000000000] R[r 0=0000000000000000] inst=[f0000453] DASM(f0000453)
C0:       1181 [1] pc=[000000008000008c] W[r 9=0000000000000000][0] R[r 0=0000000000000000] R[r 0=0000000000000000] inst=[f00004d3] DASM(f00004d3)
C0:       1182 [1] pc=[0000000080000090] W[r10=0000000000000000][0] R[r 0=0000000000000000] R[r 0=0000000000000000] inst=[f0000553] DASM(f0000553)
C0:       1183 [1] pc=[0000000080000094] W[r11=0000000000000000][0] R[r 0=0000000000000000] R[r 0=0000000000000000] inst=[f00005d3] DASM(f00005d3)
C0:       1184 [1] pc=[0000000080000098] W[r12=0000000000000000][0] R[r 0=0000000000000000] R[r 0=0000000000000000] inst=[f0000653] DASM(f0000653)
C0:       1185 [1] pc=[000000008000009c] W[r13=0000000000000000][0] R[r 0=0000000000000000] R[r 0=0000000000000000] inst=[f00006d3] DASM(f00006d3)
C0:       1186 [1] pc=[00000000800000a0] W[r14=0000000000000000][0] R[r 0=0000000000000000] R[r 0=0000000000000000] inst=[f0000753] DASM(f0000753)
C0:       1187 [1] pc=[00000000800000a4] W[r15=0000000000000000][0] R[r 0=0000000000000000] R[r 0=0000000000000000] inst=[f00007d3] DASM(f00007d3)
C0:       1188 [1] pc=[00000000800000a8] W[r16=0000000000000000][0] R[r 0=0000000000000000] R[r 0=0000000000000000] inst=[f0000853] DASM(f0000853)
C0:       1189 [1] pc=[00000000800000ac] W[r17=0000000000000000][0] R[r 0=0000000000000000] R[r 0=0000000000000000] inst=[f00008d3] DASM(f00008d3)
C0:       1190 [1] pc=[00000000800000b0] W[r18=0000000000000000][0] R[r 0=0000000000000000] R[r 0=0000000000000000] inst=[f0000953] DASM(f0000953)
C0:       1191 [1] pc=[00000000800000b4] W[r19=0000000000000000][0] R[r 0=0000000000000000] R[r 0=0000000000000000] inst=[f00009d3] DASM(f00009d3)
C0:       1192 [1] pc=[00000000800000b8] W[r20=0000000000000000][0] R[r 0=0000000000000000] R[r 0=0000000000000000] inst=[f0000a53] DASM(f0000a53)
C0:       1193 [1] pc=[00000000800000bc] W[r21=0000000000000000][0] R[r 0=0000000000000000] R[r 0=0000000000000000] inst=[f0000ad3] DASM(f0000ad3)
C0:       1223 [1] pc=[00000000800000c0] W[r22=0000000000000000][0] R[r 0=0000000000000000] R[r 0=0000000000000000] inst=[f0000b53] DASM(f0000b53)
C0:       1224 [1] pc=[00000000800000c4] W[r23=0000000000000000][0] R[r 0=0000000000000000] R[r 0=0000000000000000] inst=[f0000bd3] DASM(f0000bd3)
C0:       1225 [1] pc=[00000000800000c8] W[r24=0000000000000000][0] R[r 0=0000000000000000] R[r 0=0000000000000000] inst=[f0000c53] DASM(f0000c53)
C0:       1226 [1] pc=[00000000800000cc] W[r25=0000000000000000][0] R[r 0=0000000000000000] R[r 0=0000000000000000] inst=[f0000cd3] DASM(f0000cd3)
C0:       1227 [1] pc=[00000000800000d0] W[r26=0000000000000000][0] R[r 0=0000000000000000] R[r 0=0000000000000000] inst=[f0000d53] DASM(f0000d53)
C0:       1228 [1] pc=[00000000800000d4] W[r27=0000000000000000][0] R[r 0=0000000000000000] R[r 0=0000000000000000] inst=[f0000dd3] DASM(f0000dd3)
C0:       1229 [1] pc=[00000000800000d8] W[r28=0000000000000000][0] R[r 0=0000000000000000] R[r 0=0000000000000000] inst=[f0000e53] DASM(f0000e53)
C0:       1230 [1] pc=[00000000800000dc] W[r29=0000000000000000][0] R[r 0=0000000000000000] R[r 0=0000000000000000] inst=[f0000ed3] DASM(f0000ed3)
C0:       1231 [1] pc=[00000000800000e0] W[r30=0000000000000000][0] R[r 0=0000000000000000] R[r 0=0000000000000000] inst=[f0000f53] DASM(f0000f53)
C0:       1232 [1] pc=[00000000800000e4] W[r31=0000000000000000][0] R[r 0=0000000000000000] R[r 0=0000000000000000] inst=[f0000fd3] DASM(f0000fd3)
C0:       1233 [1] pc=[00000000800000e8] W[r 5=00000000800000e8][1] R[r 0=0000000000000000] R[r 0=0000000000000000] inst=[00000297] DASM(00000297)
C0:       1234 [1] pc=[00000000800000ec] W[r 5=0000000080000120][1] R[r 5=00000000800000e8] R[r 0=0000000000000000] inst=[03828293] DASM(03828293)
C0:       1235 [1] pc=[00000000800000f0] W[r 0=00000000800000e8][1] R[r 5=0000000080000120] R[r 0=0000000000000000] inst=[30529073] DASM(30529073)
C0:       1240 [1] pc=[00000000800000f4] W[r 3=00000000800030f4][1] R[r 0=0000000000000000] R[r 0=0000000000000000] inst=[00003197] DASM(00003197)
C0:       1241 [1] pc=[00000000800000f8] W[r 3=0000000080003188][1] R[r 3=00000000800030f4] R[r 0=0000000000000000] inst=[09418193] DASM(09418193)
C0:       1242 [1] pc=[00000000800000fc] W[r 4=00000000800029ff][1] R[r 3=0000000080003188] R[r 0=0000000000000000] inst=[87718213] DASM(87718213)
C0:       1272 [1] pc=[0000000080000100] W[r 4=00000000800029c0][1] R[r 4=00000000800029ff] R[r 0=0000000000000000] inst=[fc027213] DASM(fc027213)
C0:       1273 [1] pc=[0000000080000104] W[r10=0000000000000000][1] R[r 0=0000000000000000] R[r 0=0000000000000000] inst=[f1402573] DASM(f1402573)
C0:       1274 [1] pc=[0000000080000108] W[r11=0000000000000001][1] R[r 0=0000000000000000] R[r 0=0000000000000000] inst=[00004585] DASM(00004585)
C0:       1276 [1] pc=[000000008000010a] W[r 0=0000000000000000][0] R[r10=0000000000000000] R[r11=0000000000000001] inst=[00b57063] DASM(00b57063)
C0:       1277 [1] pc=[000000008000010e] W[r 2=0000000000000001][1] R[r10=0000000000000000] R[r 0=0000000000000000] inst=[00150113] DASM(00150113)
C0:       1278 [1] pc=[0000000080000112] W[r 2=0000000000020000][1] R[r 2=0000000000000001] R[r 0=0000000000000000] inst=[00000146] DASM(00000146)
C0:       1279 [1] pc=[0000000080000114] W[r 2=00000000800229c0][1] R[r 2=0000000000020000] R[r 4=00000000800029c0] inst=[00009112] DASM(00009112)
C0:       1280 [1] pc=[0000000080000116] W[r12=0000000000000000][1] R[r10=0000000000000000] R[r 0=0000000000000000] inst=[01151613] DASM(01151613)
C0:       1281 [1] pc=[000000008000011a] W[r 4=00000000800029c0][1] R[r 4=00000000800029c0] R[r12=0000000000000000] inst=[00009232] DASM(00009232)
C0:       1282 [1] pc=[000000008000011c] W[r 0=0000000080000120][1] R[r 0=0000000000000000] R[r 0=0000000000000000] inst=[4700206f] DASM(4700206f)
C0:       1312 [1] pc=[000000008000258c] W[r 2=0000000080022910][1] R[r 2=00000000800229c0] R[r 0=0000000000000000] inst=[00007171] DASM(00007171)
C0:       1313 [1] pc=[000000008000258e] W[r15=000000008000258e][1] R[r 0=0000000000000000] R[r 0=0000000000000000] inst=[00000797] DASM(00000797)
C0:       1314 [1] pc=[0000000080002592] W[r15=00000000800029c0][1] R[r15=000000008000258e] R[r 0=0000000000000000] inst=[43278793] DASM(43278793)
C0:       1338 [1] pc=[0000000080002596] W[r 0=0000000000000000][0] R[r 2=0000000080022910] R[r20=0000000000000000] inst=[0000e152] DASM(0000e152)
C0:       1339 [1] pc=[0000000080002598] W[r20=0000000080002598][1] R[r 0=0000000000000000] R[r 0=0000000000000000] inst=[00000a17] DASM(00000a17)
C0:       1340 [1] pc=[000000008000259c] W[r20=00000000800029c0][1] R[r20=0000000080002598] R[r 0=0000000000000000] inst=[428a0a13] DASM(428a0a13)
C0:       1341 [1] pc=[00000000800025a0] W[r 0=0000000000000000][0] R[r 2=0000000080022910] R[r19=0000000000000000] inst=[0000e54e] DASM(0000e54e)
C0:       1342 [1] pc=[00000000800025a2] W[r19=0000000000000000][1] R[r20=00000000800029c0] R[r15=00000000800029c0] inst=[40fa09b3] DASM(40fa09b3)
C0:       1343 [1] pc=[00000000800025a6] W[r 0=0000000000000000][0] R[r 2=0000000080022910] R[r 9=0000000000000000] inst=[0000ed26] DASM(0000ed26)
C0:       1344 [1] pc=[00000000800025a8] W[r 0=0000000000000000][0] R[r 2=0000000080022910] R[r18=0000000000000000] inst=[0000e94a] DASM(0000e94a)
C0:       1345 [1] pc=[00000000800025aa] W[r 9=0000000000000000][1] R[r 0=0000000000000000] R[r10=0000000000000000] inst=[000084aa] DASM(000084aa)
C0:       1346 [1] pc=[00000000800025ac] W[r18=0000000000000001][1] R[r 0=0000000000000000] R[r11=0000000000000001] inst=[0000892e] DASM(0000892e)
C0:       1347 [1] pc=[00000000800025ae] W[r10=00000000800029c0][1] R[r 0=0000000000000000] R[r 4=00000000800029c0] inst=[00008512] DASM(00008512)
C0:       1348 [1] pc=[00000000800025b0] W[r11=00000000800029c0][1] R[r 0=0000000000000000] R[r15=00000000800029c0] inst=[000085be] DASM(000085be)
C0:       1349 [1] pc=[00000000800025b2] W[r12=0000000000000000][1] R[r 0=0000000000000000] R[r19=0000000000000000] inst=[0000864e] DASM(0000864e)
C0:       1350 [1] pc=[00000000800025b4] W[r 0=0000000000000000][0] R[r 2=0000000080022910] R[r 1=0000000000000000] inst=[0000f506] DASM(0000f506)
C0:       1351 [1] pc=[00000000800025b6] W[r 0=0000000000000000][0] R[r 2=0000000080022910] R[r 8=0000000000000000] inst=[0000f122] DASM(0000f122)
C0:       1352 [1] pc=[00000000800025b8] W[r 0=0000000000000000][0] R[r 2=0000000080022910] R[r21=0000000000000000] inst=[0000fcd6] DASM(0000fcd6)
C0:       1353 [1] pc=[00000000800025ba] W[r21=00000000800029c0][1] R[r 0=0000000000000000] R[r 4=00000000800029c0] inst=[00008a92] DASM(00008a92)
C0:       1354 [1] pc=[00000000800025bc] W[r 1=00000000800025c0][1] R[r 0=0000000000000000] R[r 0=0000000000000000] inst=[f51ff0ef] DASM(f51ff0ef)
C0:       1384 [1] pc=[000000008000250c] W[r15=00000000800029c0][1] R[r10=00000000800029c0] R[r11=00000000800029c0] inst=[00b567b3] DASM(00b567b3)
C0:       1385 [1] pc=[0000000080002510] W[r15=00000000800029c0][1] R[r15=00000000800029c0] R[r12=0000000000000000] inst=[00008fd1] DASM(00008fd1)
C0:       1386 [1] pc=[0000000080002512] W[r15=0000000000000000][1] R[r15=00000000800029c0] R[r 0=0000000000000000] inst=[00008b9d] DASM(00008b9d)
C0:       1387 [1] pc=[0000000080002514] W[r13=00000000800029c0][1] R[r10=00000000800029c0] R[r12=0000000000000000] inst=[00c506b3] DASM(00c506b3)
C0:       1388 [1] pc=[0000000080002518] W[r 0=0000000000000000][0] R[r15=0000000000000000] R[r 0=0000000000000000] inst=[0000cf91] DASM(0000cf91)
C0:       1392 [1] pc=[0000000080002534] W[r 0=0000000000000000][0] R[r10=00000000800029c0] R[r13=00000000800029c0] inst=[fed57fe3] DASM(fed57fe3)
C0:       1396 [1] pc=[0000000080002532] W[r 0=0000000080002534][1] R[r 1=00000000800025c0] R[r 0=0000000000000000] inst=[00008082] DASM(00008082)
C0:       1427 [1] pc=[00000000800025c0] W[r12=0000000080002a04][1] R[r 3=0000000080003188] R[r 0=0000000000000000] inst=[87c18613] DASM(87c18613)
C0:       1428 [1] pc=[00000000800025c4] W[r12=0000000000000044][1] R[r12=0000000080002a04] R[r20=00000000800029c0] inst=[41460633] DASM(41460633)
C0:       1429 [1] pc=[00000000800025c8] W[r11=0000000000000000][1] R[r 0=0000000000000000] R[r 0=0000000000000000] inst=[00004581] DASM(00004581)
C0:       1430 [1] pc=[00000000800025ca] W[r10=00000000800029c0][1] R[r21=00000000800029c0] R[r19=0000000000000000] inst=[013a8533] DASM(013a8533)
C0:       1431 [1] pc=[00000000800025ce] W[r 1=00000000800025d2][1] R[r 0=0000000000000000] R[r 0=0000000000000000] inst=[f7fff0ef] DASM(f7fff0ef)
C0:       1462 [1] pc=[000000008000254c] W[r15=00000000800029c4][1] R[r10=00000000800029c0] R[r12=0000000000000044] inst=[00c567b3] DASM(00c567b3)
C0:       1463 [1] pc=[0000000080002550] W[r15=0000000000000004][1] R[r15=00000000800029c4] R[r 0=0000000000000000] inst=[00008b9d] DASM(00008b9d)
C0:       1464 [1] pc=[0000000080002552] W[r12=0000000080002a04][1] R[r12=0000000000000044] R[r10=00000000800029c0] inst=[0000962a] DASM(0000962a)
C0:       1465 [1] pc=[0000000080002554] W[r14=0000000000000000][1] R[r11=0000000000000000] R[r 0=0000000000000000] inst=[0ff5f713] DASM(0ff5f713)
C0:       1466 [1] pc=[0000000080002558] W[r 0=0000000000000000][0] R[r15=0000000000000004] R[r 0=0000000000000000] inst=[0000cb91] DASM(0000cb91)
C0:       1467 [1] pc=[000000008000255a] W[r15=00000000800029c0][1] R[r 0=0000000000000000] R[r10=00000000800029c0] inst=[000087aa] DASM(000087aa)
C0:       1468 [1] pc=[000000008000255c] W[r 0=0000000000000000][0] R[r10=00000000800029c0] R[r12=0000000080002a04] inst=[02c57763] DASM(02c57763)
C0:       1469 [1] pc=[0000000080002560] W[r15=00000000800029c1][1] R[r15=00000000800029c0] R[r 0=0000000000000000] inst=[00000785] DASM(00000785)
C0:       1494 [1] pc=[0000000080002562] W[r 0=0000000000000000][0] R[r15=00000000800029c1] R[r14=0000000000000000] inst=[fee78fa3] DASM(fee78fa3)
C0:       1495 [1] pc=[0000000080002566] W[r 0=0000000000000000][0] R[r15=00000000800029c1] R[r12=0000000080002a04] inst=[fec79de3] DASM(fec79de3)
C0:       1499 [1] pc=[0000000080002560] W[r15=00000000800029c2][1] R[r15=00000000800029c1] R[r 0=0000000000000000] inst=[00000785] DASM(00000785)
C0:       1500 [1] pc=[0000000080002562] W[r 0=0000000000000000][0] R[r15=00000000800029c2] R[r14=0000000000000000] inst=[fee78fa3] DASM(fee78fa3)
C0:       1501 [1] pc=[0000000080002566] W[r 0=0000000000000000][0] R[r15=00000000800029c2] R[r12=0000000080002a04] inst=[fec79de3] DASM(fec79de3)
C0:       1505 [1] pc=[0000000080002560] W[r15=00000000800029c3][1] R[r15=00000000800029c2] R[r 0=0000000000000000] inst=[00000785] DASM(00000785)
C0:       1506 [1] pc=[0000000080002562] W[r 0=0000000000000000][0] R[r15=00000000800029c3] R[r14=0000000000000000] inst=[fee78fa3] DASM(fee78fa3)
C0:       1507 [1] pc=[0000000080002566] W[r 0=0000000000000000][0] R[r15=00000000800029c3] R[r12=0000000080002a04] inst=[fec79de3] DASM(fec79de3)
C0:       1511 [1] pc=[0000000080002560] W[r15=00000000800029c4][1] R[r15=00000000800029c3] R[r 0=0000000000000000] inst=[00000785] DASM(00000785)
C0:       1512 [1] pc=[0000000080002562] W[r 0=0000000000000000][0] R[r15=00000000800029c4] R[r14=0000000000000000] inst=[fee78fa3] DASM(fee78fa3)
C0:       1513 [1] pc=[0000000080002566] W[r 0=0000000000000000][0] R[r15=00000000800029c4] R[r12=0000000080002a04] inst=[fec79de3] DASM(fec79de3)
C0:       1514 [1] pc=[0000000080002560] W[r15=00000000800029c5][1] R[r15=00000000800029c4] R[r 0=0000000000000000] inst=[00000785] DASM(00000785)
C0:       1515 [1] pc=[0000000080002562] W[r 0=0000000000000000][0] R[r15=00000000800029c5] R[r14=0000000000000000] inst=[fee78fa3] DASM(fee78fa3)
C0:       1516 [1] pc=[0000000080002566] W[r 0=0000000000000000][0] R[r15=00000000800029c5] R[r12=0000000080002a04] inst=[fec79de3] DASM(fec79de3)
C0:       1520 [1] pc=[0000000080002560] W[r15=00000000800029c6][1] R[r15=00000000800029c5] R[r 0=0000000000000000] inst=[00000785] DASM(00000785)
C0:       1521 [1] pc=[0000000080002562] W[r 0=0000000000000000][0] R[r15=00000000800029c6] R[r14=0000000000000000] inst=[fee78fa3] DASM(fee78fa3)
C0:       1522 [1] pc=[0000000080002566] W[r 0=0000000000000000][0] R[r15=00000000800029c6] R[r12=0000000080002a04] inst=[fec79de3] DASM(fec79de3)
C0:       1523 [1] pc=[0000000080002560] W[r15=00000000800029c7][1] R[r15=00000000800029c6] R[r 0=0000000000000000] inst=[00000785] DASM(00000785)
C0:       1524 [1] pc=[0000000080002562] W[r 0=0000000000000000][0] R[r15=00000000800029c7] R[r14=0000000000000000] inst=[fee78fa3] DASM(fee78fa3)
C0:       1525 [1] pc=[0000000080002566] W[r 0=0000000000000000][0] R[r15=00000000800029c7] R[r12=0000000080002a04] inst=[fec79de3] DASM(fec79de3)
C0:       1529 [1] pc=[0000000080002560] W[r15=00000000800029c8][1] R[r15=00000000800029c7] R[r 0=0000000000000000] inst=[00000785] DASM(00000785)
C0:       1530 [1] pc=[0000000080002562] W[r 0=0000000000000000][0] R[r15=00000000800029c8] R[r14=0000000000000000] inst=[fee78fa3] DASM(fee78fa3)
C0:       1531 [1] pc=[0000000080002566] W[r 0=0000000000000000][0] R[r15=00000000800029c8] R[r12=0000000080002a04] inst=[fec79de3] DASM(fec79de3)
C0:       1535 [1] pc=[0000000080002560] W[r15=00000000800029c9][1] R[r15=00000000800029c8] R[r 0=0000000000000000] inst=[00000785] DASM(00000785)
C0:       1536 [1] pc=[0000000080002562] W[r 0=0000000000000000][0] R[r15=00000000800029c9] R[r14=0000000000000000] inst=[fee78fa3] DASM(fee78fa3)
C0:       1537 [1] pc=[0000000080002566] W[r 0=0000000000000000][0] R[r15=00000000800029c9] R[r12=0000000080002a04] inst=[fec79de3] DASM(fec79de3)
C0:       1541 [1] pc=[0000000080002560] W[r15=00000000800029ca][1] R[r15=00000000800029c9] R[r 0=0000000000000000] inst=[00000785] DASM(00000785)
C0:       1542 [1] pc=[0000000080002562] W[r 0=0000000000000000][0] R[r15=00000000800029ca] R[r14=0000000000000000] inst=[fee78fa3] DASM(fee78fa3)
C0:       1543 [1] pc=[0000000080002566] W[r 0=0000000000000000][0] R[r15=00000000800029ca] R[r12=0000000080002a04] inst=[fec79de3] DASM(fec79de3)
C0:       1544 [1] pc=[0000000080002560] W[r15=00000000800029cb][1] R[r15=00000000800029ca] R[r 0=0000000000000000] inst=[00000785] DASM(00000785)
C0:       1545 [1] pc=[0000000080002562] W[r 0=0000000000000000][0] R[r15=00000000800029cb] R[r14=0000000000000000] inst=[fee78fa3] DASM(fee78fa3)
C0:       1546 [1] pc=[0000000080002566] W[r 0=0000000000000000][0] R[r15=00000000800029cb] R[r12=0000000080002a04] inst=[fec79de3] DASM(fec79de3)
C0:       1547 [1] pc=[0000000080002560] W[r15=00000000800029cc][1] R[r15=00000000800029cb] R[r 0=0000000000000000] inst=[00000785] DASM(00000785)
C0:       1548 [1] pc=[0000000080002562] W[r 0=0000000000000000][0] R[r15=00000000800029cc] R[r14=0000000000000000] inst=[fee78fa3] DASM(fee78fa3)
C0:       1549 [1] pc=[0000000080002566] W[r 0=0000000000000000][0] R[r15=00000000800029cc] R[r12=0000000080002a04] inst=[fec79de3] DASM(fec79de3)
C0:       1550 [1] pc=[0000000080002560] W[r15=00000000800029cd][1] R[r15=00000000800029cc] R[r 0=0000000000000000] inst=[00000785] DASM(00000785)
C0:       1551 [1] pc=[0000000080002562] W[r 0=0000000000000000][0] R[r15=00000000800029cd] R[r14=0000000000000000] inst=[fee78fa3] DASM(fee78fa3)
C0:       1552 [1] pc=[0000000080002566] W[r 0=0000000000000000][0] R[r15=00000000800029cd] R[r12=0000000080002a04] inst=[fec79de3] DASM(fec79de3)
C0:       1553 [1] pc=[0000000080002560] W[r15=00000000800029ce][1] R[r15=00000000800029cd] R[r 0=0000000000000000] inst=[00000785] DASM(00000785)
C0:       1554 [1] pc=[0000000080002562] W[r 0=0000000000000000][0] R[r15=00000000800029ce] R[r14=0000000000000000] inst=[fee78fa3] DASM(fee78fa3)
C0:       1555 [1] pc=[0000000080002566] W[r 0=0000000000000000][0] R[r15=00000000800029ce] R[r12=0000000080002a04] inst=[fec79de3] DASM(fec79de3)
C0:       1556 [1] pc=[0000000080002560] W[r15=00000000800029cf][1] R[r15=00000000800029ce] R[r 0=0000000000000000] inst=[00000785] DASM(00000785)
C0:       1557 [1] pc=[0000000080002562] W[r 0=0000000000000000][0] R[r15=00000000800029cf] R[r14=0000000000000000] inst=[fee78fa3] DASM(fee78fa3)
C0:       1558 [1] pc=[0000000080002566] W[r 0=0000000000000000][0] R[r15=00000000800029cf] R[r12=0000000080002a04] inst=[fec79de3] DASM(fec79de3)
C0:       1559 [1] pc=[0000000080002560] W[r15=00000000800029d0][1] R[r15=00000000800029cf] R[r 0=0000000000000000] inst=[00000785] DASM(00000785)
C0:       1560 [1] pc=[0000000080002562] W[r 0=0000000000000000][0] R[r15=00000000800029d0] R[r14=0000000000000000] inst=[fee78fa3] DASM(fee78fa3)
C0:       1561 [1] pc=[0000000080002566] W[r 0=0000000000000000][0] R[r15=00000000800029d0] R[r12=0000000080002a04] inst=[fec79de3] DASM(fec79de3)
C0:       1562 [1] pc=[0000000080002560] W[r15=00000000800029d1][1] R[r15=00000000800029d0] R[r 0=0000000000000000] inst=[00000785] DASM(00000785)
C0:       1563 [1] pc=[0000000080002562] W[r 0=0000000000000000][0] R[r15=00000000800029d1] R[r14=0000000000000000] inst=[fee78fa3] DASM(fee78fa3)
C0:       1564 [1] pc=[0000000080002566] W[r 0=0000000000000000][0] R[r15=00000000800029d1] R[r12=0000000080002a04] inst=[fec79de3] DASM(fec79de3)
C0:       1565 [1] pc=[0000000080002560] W[r15=00000000800029d2][1] R[r15=00000000800029d1] R[r 0=0000000000000000] inst=[00000785] DASM(00000785)
C0:       1566 [1] pc=[0000000080002562] W[r 0=0000000000000000][0] R[r15=00000000800029d2] R[r14=0000000000000000] inst=[fee78fa3] DASM(fee78fa3)
C0:       1567 [1] pc=[0000000080002566] W[r 0=0000000000000000][0] R[r15=00000000800029d2] R[r12=0000000080002a04] inst=[fec79de3] DASM(fec79de3)
C0:       1568 [1] pc=[0000000080002560] W[r15=00000000800029d3][1] R[r15=00000000800029d2] R[r 0=0000000000000000] inst=[00000785] DASM(00000785)
C0:       1569 [1] pc=[0000000080002562] W[r 0=0000000000000000][0] R[r15=00000000800029d3] R[r14=0000000000000000] inst=[fee78fa3] DASM(fee78fa3)
C0:       1570 [1] pc=[0000000080002566] W[r 0=0000000000000000][0] R[r15=00000000800029d3] R[r12=0000000080002a04] inst=[fec79de3] DASM(fec79de3)
C0:       1571 [1] pc=[0000000080002560] W[r15=00000000800029d4][1] R[r15=00000000800029d3] R[r 0=0000000000000000] inst=[00000785] DASM(00000785)
C0:       1572 [1] pc=[0000000080002562] W[r 0=0000000000000000][0] R[r15=00000000800029d4] R[r14=0000000000000000] inst=[fee78fa3] DASM(fee78fa3)
C0:       1573 [1] pc=[0000000080002566] W[r 0=0000000000000000][0] R[r15=00000000800029d4] R[r12=0000000080002a04] inst=[fec79de3] DASM(fec79de3)
C0:       1574 [1] pc=[0000000080002560] W[r15=00000000800029d5][1] R[r15=00000000800029d4] R[r 0=0000000000000000] inst=[00000785] DASM(00000785)
C0:       1575 [1] pc=[0000000080002562] W[r 0=0000000000000000][0] R[r15=00000000800029d5] R[r14=0000000000000000] inst=[fee78fa3] DASM(fee78fa3)
C0:       1576 [1] pc=[0000000080002566] W[r 0=0000000000000000][0] R[r15=00000000800029d5] R[r12=0000000080002a04] inst=[fec79de3] DASM(fec79de3)
C0:       1577 [1] pc=[0000000080002560] W[r15=00000000800029d6][1] R[r15=00000000800029d5] R[r 0=0000000000000000] inst=[00000785] DASM(00000785)
C0:       1578 [1] pc=[0000000080002562] W[r 0=0000000000000000][0] R[r15=00000000800029d6] R[r14=0000000000000000] inst=[fee78fa3] DASM(fee78fa3)
C0:       1579 [1] pc=[0000000080002566] W[r 0=0000000000000000][0] R[r15=00000000800029d6] R[r12=0000000080002a04] inst=[fec79de3] DASM(fec79de3)
C0:       1580 [1] pc=[0000000080002560] W[r15=00000000800029d7][1] R[r15=00000000800029d6] R[r 0=0000000000000000] inst=[00000785] DASM(00000785)
C0:       1581 [1] pc=[0000000080002562] W[r 0=0000000000000000][0] R[r15=00000000800029d7] R[r14=0000000000000000] inst=[fee78fa3] DASM(fee78fa3)
C0:       1582 [1] pc=[0000000080002566] W[r 0=0000000000000000][0] R[r15=00000000800029d7] R[r12=0000000080002a04] inst=[fec79de3] DASM(fec79de3)
C0:       1583 [1] pc=[0000000080002560] W[r15=00000000800029d8][1] R[r15=00000000800029d7] R[r 0=0000000000000000] inst=[00000785] DASM(00000785)
C0:       1584 [1] pc=[0000000080002562] W[r 0=0000000000000000][0] R[r15=00000000800029d8] R[r14=0000000000000000] inst=[fee78fa3] DASM(fee78fa3)
C0:       1585 [1] pc=[0000000080002566] W[r 0=0000000000000000][0] R[r15=00000000800029d8] R[r12=0000000080002a04] inst=[fec79de3] DASM(fec79de3)
C0:       1586 [1] pc=[0000000080002560] W[r15=00000000800029d9][1] R[r15=00000000800029d8] R[r 0=0000000000000000] inst=[00000785] DASM(00000785)
C0:       1587 [1] pc=[0000000080002562] W[r 0=0000000000000000][0] R[r15=00000000800029d9] R[r14=0000000000000000] inst=[fee78fa3] DASM(fee78fa3)
C0:       1588 [1] pc=[0000000080002566] W[r 0=0000000000000000][0] R[r15=00000000800029d9] R[r12=0000000080002a04] inst=[fec79de3] DASM(fec79de3)
C0:       1589 [1] pc=[0000000080002560] W[r15=00000000800029da][1] R[r15=00000000800029d9] R[r 0=0000000000000000] inst=[00000785] DASM(00000785)
C0:       1590 [1] pc=[0000000080002562] W[r 0=0000000000000000][0] R[r15=00000000800029da] R[r14=0000000000000000] inst=[fee78fa3] DASM(fee78fa3)
C0:       1591 [1] pc=[0000000080002566] W[r 0=0000000000000000][0] R[r15=00000000800029da] R[r12=0000000080002a04] inst=[fec79de3] DASM(fec79de3)
C0:       1592 [1] pc=[0000000080002560] W[r15=00000000800029db][1] R[r15=00000000800029da] R[r 0=0000000000000000] inst=[00000785] DASM(00000785)
C0:       1593 [1] pc=[0000000080002562] W[r 0=0000000000000000][0] R[r15=00000000800029db] R[r14=0000000000000000] inst=[fee78fa3] DASM(fee78fa3)
C0:       1594 [1] pc=[0000000080002566] W[r 0=0000000000000000][0] R[r15=00000000800029db] R[r12=0000000080002a04] inst=[fec79de3] DASM(fec79de3)
C0:       1595 [1] pc=[0000000080002560] W[r15=00000000800029dc][1] R[r15=00000000800029db] R[r 0=0000000000000000] inst=[00000785] DASM(00000785)
C0:       1596 [1] pc=[0000000080002562] W[r 0=0000000000000000][0] R[r15=00000000800029dc] R[r14=0000000000000000] inst=[fee78fa3] DASM(fee78fa3)
C0:       1597 [1] pc=[0000000080002566] W[r 0=0000000000000000][0] R[r15=00000000800029dc] R[r12=0000000080002a04] inst=[fec79de3] DASM(fec79de3)
C0:       1598 [1] pc=[0000000080002560] W[r15=00000000800029dd][1] R[r15=00000000800029dc] R[r 0=0000000000000000] inst=[00000785] DASM(00000785)
C0:       1599 [1] pc=[0000000080002562] W[r 0=0000000000000000][0] R[r15=00000000800029dd] R[r14=0000000000000000] inst=[fee78fa3] DASM(fee78fa3)
C0:       1600 [1] pc=[0000000080002566] W[r 0=0000000000000000][0] R[r15=00000000800029dd] R[r12=0000000080002a04] inst=[fec79de3] DASM(fec79de3)
C0:       1601 [1] pc=[0000000080002560] W[r15=00000000800029de][1] R[r15=00000000800029dd] R[r 0=0000000000000000] inst=[00000785] DASM(00000785)
C0:       1602 [1] pc=[0000000080002562] W[r 0=0000000000000000][0] R[r15=00000000800029de] R[r14=0000000000000000] inst=[fee78fa3] DASM(fee78fa3)
C0:       1603 [1] pc=[0000000080002566] W[r 0=0000000000000000][0] R[r15=00000000800029de] R[r12=0000000080002a04] inst=[fec79de3] DASM(fec79de3)
C0:       1604 [1] pc=[0000000080002560] W[r15=00000000800029df][1] R[r15=00000000800029de] R[r 0=0000000000000000] inst=[00000785] DASM(00000785)
C0:       1605 [1] pc=[0000000080002562] W[r 0=0000000000000000][0] R[r15=00000000800029df] R[r14=0000000000000000] inst=[fee78fa3] DASM(fee78fa3)
C0:       1606 [1] pc=[0000000080002566] W[r 0=0000000000000000][0] R[r15=00000000800029df] R[r12=0000000080002a04] inst=[fec79de3] DASM(fec79de3)
C0:       1607 [1] pc=[0000000080002560] W[r15=00000000800029e0][1] R[r15=00000000800029df] R[r 0=0000000000000000] inst=[00000785] DASM(00000785)
C0:       1608 [1] pc=[0000000080002562] W[r 0=0000000000000000][0] R[r15=00000000800029e0] R[r14=0000000000000000] inst=[fee78fa3] DASM(fee78fa3)
C0:       1609 [1] pc=[0000000080002566] W[r 0=0000000000000000][0] R[r15=00000000800029e0] R[r12=0000000080002a04] inst=[fec79de3] DASM(fec79de3)
C0:       1610 [1] pc=[0000000080002560] W[r15=00000000800029e1][1] R[r15=00000000800029e0] R[r 0=0000000000000000] inst=[00000785] DASM(00000785)
C0:       1611 [1] pc=[0000000080002562] W[r 0=0000000000000000][0] R[r15=00000000800029e1] R[r14=0000000000000000] inst=[fee78fa3] DASM(fee78fa3)
C0:       1612 [1] pc=[0000000080002566] W[r 0=0000000000000000][0] R[r15=00000000800029e1] R[r12=0000000080002a04] inst=[fec79de3] DASM(fec79de3)
C0:       1613 [1] pc=[0000000080002560] W[r15=00000000800029e2][1] R[r15=00000000800029e1] R[r 0=0000000000000000] inst=[00000785] DASM(00000785)
C0:       1614 [1] pc=[0000000080002562] W[r 0=0000000000000000][0] R[r15=00000000800029e2] R[r14=0000000000000000] inst=[fee78fa3] DASM(fee78fa3)
C0:       1615 [1] pc=[0000000080002566] W[r 0=0000000000000000][0] R[r15=00000000800029e2] R[r12=0000000080002a04] inst=[fec79de3] DASM(fec79de3)
C0:       1616 [1] pc=[0000000080002560] W[r15=00000000800029e3][1] R[r15=00000000800029e2] R[r 0=0000000000000000] inst=[00000785] DASM(00000785)
C0:       1617 [1] pc=[0000000080002562] W[r 0=0000000000000000][0] R[r15=00000000800029e3] R[r14=0000000000000000] inst=[fee78fa3] DASM(fee78fa3)
C0:       1618 [1] pc=[0000000080002566] W[r 0=0000000000000000][0] R[r15=00000000800029e3] R[r12=0000000080002a04] inst=[fec79de3] DASM(fec79de3)
C0:       1619 [1] pc=[0000000080002560] W[r15=00000000800029e4][1] R[r15=00000000800029e3] R[r 0=0000000000000000] inst=[00000785] DASM(00000785)
C0:       1620 [1] pc=[0000000080002562] W[r 0=0000000000000000][0] R[r15=00000000800029e4] R[r14=0000000000000000] inst=[fee78fa3] DASM(fee78fa3)
C0:       1621 [1] pc=[0000000080002566] W[r 0=0000000000000000][0] R[r15=00000000800029e4] R[r12=0000000080002a04] inst=[fec79de3] DASM(fec79de3)
C0:       1622 [1] pc=[0000000080002560] W[r15=00000000800029e5][1] R[r15=00000000800029e4] R[r 0=0000000000000000] inst=[00000785] DASM(00000785)
C0:       1623 [1] pc=[0000000080002562] W[r 0=0000000000000000][0] R[r15=00000000800029e5] R[r14=0000000000000000] inst=[fee78fa3] DASM(fee78fa3)
C0:       1624 [1] pc=[0000000080002566] W[r 0=0000000000000000][0] R[r15=00000000800029e5] R[r12=0000000080002a04] inst=[fec79de3] DASM(fec79de3)
C0:       1625 [1] pc=[0000000080002560] W[r15=00000000800029e6][1] R[r15=00000000800029e5] R[r 0=0000000000000000] inst=[00000785] DASM(00000785)
C0:       1626 [1] pc=[0000000080002562] W[r 0=0000000000000000][0] R[r15=00000000800029e6] R[r14=0000000000000000] inst=[fee78fa3] DASM(fee78fa3)
C0:       1627 [1] pc=[0000000080002566] W[r 0=0000000000000000][0] R[r15=00000000800029e6] R[r12=0000000080002a04] inst=[fec79de3] DASM(fec79de3)
C0:       1628 [1] pc=[0000000080002560] W[r15=00000000800029e7][1] R[r15=00000000800029e6] R[r 0=0000000000000000] inst=[00000785] DASM(00000785)
C0:       1629 [1] pc=[0000000080002562] W[r 0=0000000000000000][0] R[r15=00000000800029e7] R[r14=0000000000000000] inst=[fee78fa3] DASM(fee78fa3)
C0:       1630 [1] pc=[0000000080002566] W[r 0=0000000000000000][0] R[r15=00000000800029e7] R[r12=0000000080002a04] inst=[fec79de3] DASM(fec79de3)
C0:       1631 [1] pc=[0000000080002560] W[r15=00000000800029e8][1] R[r15=00000000800029e7] R[r 0=0000000000000000] inst=[00000785] DASM(00000785)
C0:       1632 [1] pc=[0000000080002562] W[r 0=0000000000000000][0] R[r15=00000000800029e8] R[r14=0000000000000000] inst=[fee78fa3] DASM(fee78fa3)
C0:       1633 [1] pc=[0000000080002566] W[r 0=0000000000000000][0] R[r15=00000000800029e8] R[r12=0000000080002a04] inst=[fec79de3] DASM(fec79de3)
C0:       1634 [1] pc=[0000000080002560] W[r15=00000000800029e9][1] R[r15=00000000800029e8] R[r 0=0000000000000000] inst=[00000785] DASM(00000785)
C0:       1635 [1] pc=[0000000080002562] W[r 0=0000000000000000][0] R[r15=00000000800029e9] R[r14=0000000000000000] inst=[fee78fa3] DASM(fee78fa3)
C0:       1636 [1] pc=[0000000080002566] W[r 0=0000000000000000][0] R[r15=00000000800029e9] R[r12=0000000080002a04] inst=[fec79de3] DASM(fec79de3)
C0:       1637 [1] pc=[0000000080002560] W[r15=00000000800029ea][1] R[r15=00000000800029e9] R[r 0=0000000000000000] inst=[00000785] DASM(00000785)
C0:       1638 [1] pc=[0000000080002562] W[r 0=0000000000000000][0] R[r15=00000000800029ea] R[r14=0000000000000000] inst=[fee78fa3] DASM(fee78fa3)
C0:       1639 [1] pc=[0000000080002566] W[r 0=0000000000000000][0] R[r15=00000000800029ea] R[r12=0000000080002a04] inst=[fec79de3] DASM(fec79de3)
C0:       1640 [1] pc=[0000000080002560] W[r15=00000000800029eb][1] R[r15=00000000800029ea] R[r 0=0000000000000000] inst=[00000785] DASM(00000785)
C0:       1641 [1] pc=[0000000080002562] W[r 0=0000000000000000][0] R[r15=00000000800029eb] R[r14=0000000000000000] inst=[fee78fa3] DASM(fee78fa3)
C0:       1642 [1] pc=[0000000080002566] W[r 0=0000000000000000][0] R[r15=00000000800029eb] R[r12=0000000080002a04] inst=[fec79de3] DASM(fec79de3)
C0:       1643 [1] pc=[0000000080002560] W[r15=00000000800029ec][1] R[r15=00000000800029eb] R[r 0=0000000000000000] inst=[00000785] DASM(00000785)
C0:       1644 [1] pc=[0000000080002562] W[r 0=0000000000000000][0] R[r15=00000000800029ec] R[r14=0000000000000000] inst=[fee78fa3] DASM(fee78fa3)
C0:       1645 [1] pc=[0000000080002566] W[r 0=0000000000000000][0] R[r15=00000000800029ec] R[r12=0000000080002a04] inst=[fec79de3] DASM(fec79de3)
C0:       1646 [1] pc=[0000000080002560] W[r15=00000000800029ed][1] R[r15=00000000800029ec] R[r 0=0000000000000000] inst=[00000785] DASM(00000785)
C0:       1647 [1] pc=[0000000080002562] W[r 0=0000000000000000][0] R[r15=00000000800029ed] R[r14=0000000000000000] inst=[fee78fa3] DASM(fee78fa3)
C0:       1648 [1] pc=[0000000080002566] W[r 0=0000000000000000][0] R[r15=00000000800029ed] R[r12=0000000080002a04] inst=[fec79de3] DASM(fec79de3)
C0:       1649 [1] pc=[0000000080002560] W[r15=00000000800029ee][1] R[r15=00000000800029ed] R[r 0=0000000000000000] inst=[00000785] DASM(00000785)
C0:       1650 [1] pc=[0000000080002562] W[r 0=0000000000000000][0] R[r15=00000000800029ee] R[r14=0000000000000000] inst=[fee78fa3] DASM(fee78fa3)
C0:       1651 [1] pc=[0000000080002566] W[r 0=0000000000000000][0] R[r15=00000000800029ee] R[r12=0000000080002a04] inst=[fec79de3] DASM(fec79de3)
C0:       1652 [1] pc=[0000000080002560] W[r15=00000000800029ef][1] R[r15=00000000800029ee] R[r 0=0000000000000000] inst=[00000785] DASM(00000785)
C0:       1653 [1] pc=[0000000080002562] W[r 0=0000000000000000][0] R[r15=00000000800029ef] R[r14=0000000000000000] inst=[fee78fa3] DASM(fee78fa3)
C0:       1654 [1] pc=[0000000080002566] W[r 0=0000000000000000][0] R[r15=00000000800029ef] R[r12=0000000080002a04] inst=[fec79de3] DASM(fec79de3)
C0:       1655 [1] pc=[0000000080002560] W[r15=00000000800029f0][1] R[r15=00000000800029ef] R[r 0=0000000000000000] inst=[00000785] DASM(00000785)
C0:       1656 [1] pc=[0000000080002562] W[r 0=0000000000000000][0] R[r15=00000000800029f0] R[r14=0000000000000000] inst=[fee78fa3] DASM(fee78fa3)
C0:       1657 [1] pc=[0000000080002566] W[r 0=0000000000000000][0] R[r15=00000000800029f0] R[r12=0000000080002a04] inst=[fec79de3] DASM(fec79de3)
C0:       1658 [1] pc=[0000000080002560] W[r15=00000000800029f1][1] R[r15=00000000800029f0] R[r 0=0000000000000000] inst=[00000785] DASM(00000785)
C0:       1659 [1] pc=[0000000080002562] W[r 0=0000000000000000][0] R[r15=00000000800029f1] R[r14=0000000000000000] inst=[fee78fa3] DASM(fee78fa3)
C0:       1660 [1] pc=[0000000080002566] W[r 0=0000000000000000][0] R[r15=00000000800029f1] R[r12=0000000080002a04] inst=[fec79de3] DASM(fec79de3)
C0:       1661 [1] pc=[0000000080002560] W[r15=00000000800029f2][1] R[r15=00000000800029f1] R[r 0=0000000000000000] inst=[00000785] DASM(00000785)
C0:       1662 [1] pc=[0000000080002562] W[r 0=0000000000000000][0] R[r15=00000000800029f2] R[r14=0000000000000000] inst=[fee78fa3] DASM(fee78fa3)
C0:       1663 [1] pc=[0000000080002566] W[r 0=0000000000000000][0] R[r15=00000000800029f2] R[r12=0000000080002a04] inst=[fec79de3] DASM(fec79de3)
C0:       1664 [1] pc=[0000000080002560] W[r15=00000000800029f3][1] R[r15=00000000800029f2] R[r 0=0000000000000000] inst=[00000785] DASM(00000785)
C0:       1665 [1] pc=[0000000080002562] W[r 0=0000000000000000][0] R[r15=00000000800029f3] R[r14=0000000000000000] inst=[fee78fa3] DASM(fee78fa3)
C0:       1666 [1] pc=[0000000080002566] W[r 0=0000000000000000][0] R[r15=00000000800029f3] R[r12=0000000080002a04] inst=[fec79de3] DASM(fec79de3)
C0:       1667 [1] pc=[0000000080002560] W[r15=00000000800029f4][1] R[r15=00000000800029f3] R[r 0=0000000000000000] inst=[00000785] DASM(00000785)
C0:       1668 [1] pc=[0000000080002562] W[r 0=0000000000000000][0] R[r15=00000000800029f4] R[r14=0000000000000000] inst=[fee78fa3] DASM(fee78fa3)
C0:       1669 [1] pc=[0000000080002566] W[r 0=0000000000000000][0] R[r15=00000000800029f4] R[r12=0000000080002a04] inst=[fec79de3] DASM(fec79de3)
C0:       1670 [1] pc=[0000000080002560] W[r15=00000000800029f5][1] R[r15=00000000800029f4] R[r 0=0000000000000000] inst=[00000785] DASM(00000785)
C0:       1671 [1] pc=[0000000080002562] W[r 0=0000000000000000][0] R[r15=00000000800029f5] R[r14=0000000000000000] inst=[fee78fa3] DASM(fee78fa3)
C0:       1672 [1] pc=[0000000080002566] W[r 0=0000000000000000][0] R[r15=00000000800029f5] R[r12=0000000080002a04] inst=[fec79de3] DASM(fec79de3)
C0:       1673 [1] pc=[0000000080002560] W[r15=00000000800029f6][1] R[r15=00000000800029f5] R[r 0=0000000000000000] inst=[00000785] DASM(00000785)
C0:       1674 [1] pc=[0000000080002562] W[r 0=0000000000000000][0] R[r15=00000000800029f6] R[r14=0000000000000000] inst=[fee78fa3] DASM(fee78fa3)
C0:       1675 [1] pc=[0000000080002566] W[r 0=0000000000000000][0] R[r15=00000000800029f6] R[r12=0000000080002a04] inst=[fec79de3] DASM(fec79de3)
C0:       1676 [1] pc=[0000000080002560] W[r15=00000000800029f7][1] R[r15=00000000800029f6] R[r 0=0000000000000000] inst=[00000785] DASM(00000785)
C0:       1677 [1] pc=[0000000080002562] W[r 0=0000000000000000][0] R[r15=00000000800029f7] R[r14=0000000000000000] inst=[fee78fa3] DASM(fee78fa3)
C0:       1678 [1] pc=[0000000080002566] W[r 0=0000000000000000][0] R[r15=00000000800029f7] R[r12=0000000080002a04] inst=[fec79de3] DASM(fec79de3)
C0:       1679 [1] pc=[0000000080002560] W[r15=00000000800029f8][1] R[r15=00000000800029f7] R[r 0=0000000000000000] inst=[00000785] DASM(00000785)
C0:       1680 [1] pc=[0000000080002562] W[r 0=0000000000000000][0] R[r15=00000000800029f8] R[r14=0000000000000000] inst=[fee78fa3] DASM(fee78fa3)
C0:       1681 [1] pc=[0000000080002566] W[r 0=0000000000000000][0] R[r15=00000000800029f8] R[r12=0000000080002a04] inst=[fec79de3] DASM(fec79de3)
C0:       1682 [1] pc=[0000000080002560] W[r15=00000000800029f9][1] R[r15=00000000800029f8] R[r 0=0000000000000000] inst=[00000785] DASM(00000785)
C0:       1683 [1] pc=[0000000080002562] W[r 0=0000000000000000][0] R[r15=00000000800029f9] R[r14=0000000000000000] inst=[fee78fa3] DASM(fee78fa3)
C0:       1684 [1] pc=[0000000080002566] W[r 0=0000000000000000][0] R[r15=00000000800029f9] R[r12=0000000080002a04] inst=[fec79de3] DASM(fec79de3)
C0:       1685 [1] pc=[0000000080002560] W[r15=00000000800029fa][1] R[r15=00000000800029f9] R[r 0=0000000000000000] inst=[00000785] DASM(00000785)
C0:       1686 [1] pc=[0000000080002562] W[r 0=0000000000000000][0] R[r15=00000000800029fa] R[r14=0000000000000000] inst=[fee78fa3] DASM(fee78fa3)
C0:       1687 [1] pc=[0000000080002566] W[r 0=0000000000000000][0] R[r15=00000000800029fa] R[r12=0000000080002a04] inst=[fec79de3] DASM(fec79de3)
C0:       1688 [1] pc=[0000000080002560] W[r15=00000000800029fb][1] R[r15=00000000800029fa] R[r 0=0000000000000000] inst=[00000785] DASM(00000785)
C0:       1689 [1] pc=[0000000080002562] W[r 0=0000000000000000][0] R[r15=00000000800029fb] R[r14=0000000000000000] inst=[fee78fa3] DASM(fee78fa3)
C0:       1690 [1] pc=[0000000080002566] W[r 0=0000000000000000][0] R[r15=00000000800029fb] R[r12=0000000080002a04] inst=[fec79de3] DASM(fec79de3)
C0:       1691 [1] pc=[0000000080002560] W[r15=00000000800029fc][1] R[r15=00000000800029fb] R[r 0=0000000000000000] inst=[00000785] DASM(00000785)
C0:       1692 [1] pc=[0000000080002562] W[r 0=0000000000000000][0] R[r15=00000000800029fc] R[r14=0000000000000000] inst=[fee78fa3] DASM(fee78fa3)
C0:       1693 [1] pc=[0000000080002566] W[r 0=0000000000000000][0] R[r15=00000000800029fc] R[r12=0000000080002a04] inst=[fec79de3] DASM(fec79de3)
C0:       1694 [1] pc=[0000000080002560] W[r15=00000000800029fd][1] R[r15=00000000800029fc] R[r 0=0000000000000000] inst=[00000785] DASM(00000785)
C0:       1695 [1] pc=[0000000080002562] W[r 0=0000000000000000][0] R[r15=00000000800029fd] R[r14=0000000000000000] inst=[fee78fa3] DASM(fee78fa3)
C0:       1696 [1] pc=[0000000080002566] W[r 0=0000000000000000][0] R[r15=00000000800029fd] R[r12=0000000080002a04] inst=[fec79de3] DASM(fec79de3)
C0:       1697 [1] pc=[0000000080002560] W[r15=00000000800029fe][1] R[r15=00000000800029fd] R[r 0=0000000000000000] inst=[00000785] DASM(00000785)
C0:       1698 [1] pc=[0000000080002562] W[r 0=0000000000000000][0] R[r15=00000000800029fe] R[r14=0000000000000000] inst=[fee78fa3] DASM(fee78fa3)
C0:       1699 [1] pc=[0000000080002566] W[r 0=0000000000000000][0] R[r15=00000000800029fe] R[r12=0000000080002a04] inst=[fec79de3] DASM(fec79de3)
C0:       1700 [1] pc=[0000000080002560] W[r15=00000000800029ff][1] R[r15=00000000800029fe] R[r 0=0000000000000000] inst=[00000785] DASM(00000785)
C0:       1701 [1] pc=[0000000080002562] W[r 0=0000000000000000][0] R[r15=00000000800029ff] R[r14=0000000000000000] inst=[fee78fa3] DASM(fee78fa3)
C0:       1702 [1] pc=[0000000080002566] W[r 0=0000000000000000][0] R[r15=00000000800029ff] R[r12=0000000080002a04] inst=[fec79de3] DASM(fec79de3)
C0:       1703 [1] pc=[0000000080002560] W[r15=0000000080002a00][1] R[r15=00000000800029ff] R[r 0=0000000000000000] inst=[00000785] DASM(00000785)
C0:       1704 [1] pc=[0000000080002562] W[r 0=0000000000000000][0] R[r15=0000000080002a00] R[r14=0000000000000000] inst=[fee78fa3] DASM(fee78fa3)
C0:       1705 [1] pc=[0000000080002566] W[r 0=0000000000000000][0] R[r15=0000000080002a00] R[r12=0000000080002a04] inst=[fec79de3] DASM(fec79de3)
C0:       1706 [1] pc=[0000000080002560] W[r15=0000000080002a01][1] R[r15=0000000080002a00] R[r 0=0000000000000000] inst=[00000785] DASM(00000785)
C0:       1731 [1] pc=[0000000080002562] W[r 0=0000000000000000][0] R[r15=0000000080002a01] R[r14=0000000000000000] inst=[fee78fa3] DASM(fee78fa3)
C0:       1732 [1] pc=[0000000080002566] W[r 0=0000000000000000][0] R[r15=0000000080002a01] R[r12=0000000080002a04] inst=[fec79de3] DASM(fec79de3)
C0:       1733 [1] pc=[0000000080002560] W[r15=0000000080002a02][1] R[r15=0000000080002a01] R[r 0=0000000000000000] inst=[00000785] DASM(00000785)
C0:       1734 [1] pc=[0000000080002562] W[r 0=0000000000000000][0] R[r15=0000000080002a02] R[r14=0000000000000000] inst=[fee78fa3] DASM(fee78fa3)
C0:       1735 [1] pc=[0000000080002566] W[r 0=0000000000000000][0] R[r15=0000000080002a02] R[r12=0000000080002a04] inst=[fec79de3] DASM(fec79de3)
C0:       1736 [1] pc=[0000000080002560] W[r15=0000000080002a03][1] R[r15=0000000080002a02] R[r 0=0000000000000000] inst=[00000785] DASM(00000785)
C0:       1737 [1] pc=[0000000080002562] W[r 0=0000000000000000][0] R[r15=0000000080002a03] R[r14=0000000000000000] inst=[fee78fa3] DASM(fee78fa3)
C0:       1738 [1] pc=[0000000080002566] W[r 0=0000000000000000][0] R[r15=0000000080002a03] R[r12=0000000080002a04] inst=[fec79de3] DASM(fec79de3)
C0:       1739 [1] pc=[0000000080002560] W[r15=0000000080002a04][1] R[r15=0000000080002a03] R[r 0=0000000000000000] inst=[00000785] DASM(00000785)
C0:       1740 [1] pc=[0000000080002562] W[r 0=0000000000000000][0] R[r15=0000000080002a04] R[r14=0000000000000000] inst=[fee78fa3] DASM(fee78fa3)
C0:       1741 [1] pc=[0000000080002566] W[r 0=0000000000000000][0] R[r15=0000000080002a04] R[r12=0000000080002a04] inst=[fec79de3] DASM(fec79de3)
C0:       1745 [1] pc=[000000008000256a] W[r 0=000000008000256c][1] R[r 1=00000000800025d2] R[r 0=0000000000000000] inst=[00008082] DASM(00008082)
C0:       1749 [1] pc=[00000000800025d2] W[r11=0000000000000001][1] R[r 0=0000000000000000] R[r18=0000000000000001] inst=[000085ca] DASM(000085ca)
C0:       1750 [1] pc=[00000000800025d4] W[r10=0000000000000000][1] R[r 0=0000000000000000] R[r 9=0000000000000000] inst=[00008526] DASM(00008526)
C0:       1751 [1] pc=[00000000800025d6] W[r 1=00000000800025da][1] R[r 0=0000000000000000] R[r 0=0000000000000000] inst=[e7dff0ef] DASM(e7dff0ef)
C0:       1784 [1] pc=[0000000080002452] W[r 0=0000000000000000][0] R[r10=0000000000000000] R[r 0=0000000000000000] inst=[0000e101] DASM(0000e101)
C0:       1785 [1] pc=[0000000080002454] W[r 0=0000000080002456][1] R[r 1=00000000800025da] R[r 0=0000000000000000] inst=[00008082] DASM(00008082)
C0:       1787 [1] pc=[00000000800025da] W[r11=0000000000000000][1] R[r 0=0000000000000000] R[r 0=0000000000000000] inst=[00004581] DASM(00004581)
C0:       1788 [1] pc=[00000000800025dc] W[r10=0000000000000000][1] R[r 0=0000000000000000] R[r 0=0000000000000000] inst=[00004501] DASM(00004501)
C0:       1789 [1] pc=[00000000800025de] W[r 1=00000000800025e2][1] R[r 0=0000000000000000] R[r 0=0000000000000000] inst=[146000ef] DASM(146000ef)
C0:       1820 [1] pc=[0000000080002724] W[r 2=0000000080022800][1] R[r 2=0000000080022910] R[r 0=0000000000000000] inst=[0000716d] DASM(0000716d)
C0:       1844 [1] pc=[0000000080002726] W[r 0=0000000000000000][0] R[r 2=0000000080022800] R[r 1=00000000800025e2] inst=[0000e606] DASM(0000e606)
C0:       1845 [1] pc=[0000000080002728] W[r 0=0000000000000000][0] R[r 2=0000000080022800] R[r 8=0000000000000000] inst=[0000e222] DASM(0000e222)
C0:       1846 [1] pc=[000000008000272a] W[r11=0000000000000736][1] R[r 0=0000000000000000] R[r 0=0000000000000000] inst=[c00025f3] DASM(c00025f3)
C0:       1847 [1] pc=[000000008000272e] W[r13=0000000080022800][1] R[r 0=0000000000000000] R[r 2=0000000080022800] inst=[0000868a] DASM(0000868a)
C0:       1848 [1] pc=[0000000080002730] W[r15=0000000080022800][1] R[r 0=0000000000000000] R[r13=0000000080022800] inst=[000087b6] DASM(000087b6)
C0:       1849 [1] pc=[0000000080002732] W[r14=0000000080022900][1] R[r 2=0000000080022800] R[r 0=0000000000000000] inst=[00000218] DASM(00000218)
C0:       1873 [1] pc=[0000000080002734] W[r 0=0000000000000000][0] R[r15=0000000080022800] R[r 0=0000000000000000] inst=[0007b023] DASM(0007b023)
C0:       1874 [1] pc=[0000000080002738] W[r 0=0000000000000000][0] R[r15=0000000080022800] R[r 0=0000000000000000] inst=[0007b423] DASM(0007b423)
C0:       1875 [1] pc=[000000008000273c] W[r15=0000000080022810][1] R[r15=0000000080022800] R[r 0=0000000000000000] inst=[000007c1] DASM(000007c1)
C0:       1906 [1] pc=[000000008000273e] W[r 0=0000000000000000][0] R[r14=0000000080022900] R[r15=0000000080022810] inst=[fef71be3] DASM(fef71be3)
C0:       1910 [1] pc=[0000000080002734] W[r 0=0000000000000000][0] R[r15=0000000080022810] R[r 0=0000000000000000] inst=[0007b023] DASM(0007b023)
C0:       1911 [1] pc=[0000000080002738] W[r 0=0000000000000000][0] R[r15=0000000080022810] R[r 0=0000000000000000] inst=[0007b423] DASM(0007b423)
C0:       1912 [1] pc=[000000008000273c] W[r15=0000000080022820][1] R[r15=0000000080022810] R[r 0=0000000000000000] inst=[000007c1] DASM(000007c1)
C0:       1913 [1] pc=[000000008000273e] W[r 0=0000000000000000][0] R[r14=0000000080022900] R[r15=0000000080022820] inst=[fef71be3] DASM(fef71be3)
C0:       1917 [1] pc=[0000000080002734] W[r 0=0000000000000000][0] R[r15=0000000080022820] R[r 0=0000000000000000] inst=[0007b023] DASM(0007b023)
C0:       1918 [1] pc=[0000000080002738] W[r 0=0000000000000000][0] R[r15=0000000080022820] R[r 0=0000000000000000] inst=[0007b423] DASM(0007b423)
C0:       1919 [1] pc=[000000008000273c] W[r15=0000000080022830][1] R[r15=0000000080022820] R[r 0=0000000000000000] inst=[000007c1] DASM(000007c1)
C0:       1920 [1] pc=[000000008000273e] W[r 0=0000000000000000][0] R[r14=0000000080022900] R[r15=0000000080022830] inst=[fef71be3] DASM(fef71be3)
C0:       1924 [1] pc=[0000000080002734] W[r 0=0000000000000000][0] R[r15=0000000080022830] R[r 0=0000000000000000] inst=[0007b023] DASM(0007b023)
C0:       1925 [1] pc=[0000000080002738] W[r 0=0000000000000000][0] R[r15=0000000080022830] R[r 0=0000000000000000] inst=[0007b423] DASM(0007b423)
C0:       1926 [1] pc=[000000008000273c] W[r15=0000000080022840][1] R[r15=0000000080022830] R[r 0=0000000000000000] inst=[000007c1] DASM(000007c1)
C0:       1927 [1] pc=[000000008000273e] W[r 0=0000000000000000][0] R[r14=0000000080022900] R[r15=0000000080022840] inst=[fef71be3] DASM(fef71be3)
C0:       1954 [1] pc=[0000000080002734] W[r 0=0000000000000000][0] R[r15=0000000080022840] R[r 0=0000000000000000] inst=[0007b023] DASM(0007b023)
C0:       1955 [1] pc=[0000000080002738] W[r 0=0000000000000000][0] R[r15=0000000080022840] R[r 0=0000000000000000] inst=[0007b423] DASM(0007b423)
C0:       1956 [1] pc=[000000008000273c] W[r15=0000000080022850][1] R[r15=0000000080022840] R[r 0=0000000000000000] inst=[000007c1] DASM(000007c1)
C0:       1957 [1] pc=[000000008000273e] W[r 0=0000000000000000][0] R[r14=0000000080022900] R[r15=0000000080022850] inst=[fef71be3] DASM(fef71be3)
C0:       1961 [1] pc=[0000000080002734] W[r 0=0000000000000000][0] R[r15=0000000080022850] R[r 0=0000000000000000] inst=[0007b023] DASM(0007b023)
C0:       1962 [1] pc=[0000000080002738] W[r 0=0000000000000000][0] R[r15=0000000080022850] R[r 0=0000000000000000] inst=[0007b423] DASM(0007b423)
C0:       1963 [1] pc=[000000008000273c] W[r15=0000000080022860][1] R[r15=0000000080022850] R[r 0=0000000000000000] inst=[000007c1] DASM(000007c1)
C0:       1964 [1] pc=[000000008000273e] W[r 0=0000000000000000][0] R[r14=0000000080022900] R[r15=0000000080022860] inst=[fef71be3] DASM(fef71be3)
C0:       1965 [1] pc=[0000000080002734] W[r 0=0000000000000000][0] R[r15=0000000080022860] R[r 0=0000000000000000] inst=[0007b023] DASM(0007b023)
C0:       1966 [1] pc=[0000000080002738] W[r 0=0000000000000000][0] R[r15=0000000080022860] R[r 0=0000000000000000] inst=[0007b423] DASM(0007b423)
C0:       1967 [1] pc=[000000008000273c] W[r15=0000000080022870][1] R[r15=0000000080022860] R[r 0=0000000000000000] inst=[000007c1] DASM(000007c1)
C0:       1968 [1] pc=[000000008000273e] W[r 0=0000000000000000][0] R[r14=0000000080022900] R[r15=0000000080022870] inst=[fef71be3] DASM(fef71be3)
C0:       1969 [1] pc=[0000000080002734] W[r 0=0000000000000000][0] R[r15=0000000080022870] R[r 0=0000000000000000] inst=[0007b023] DASM(0007b023)
C0:       1970 [1] pc=[0000000080002738] W[r 0=0000000000000000][0] R[r15=0000000080022870] R[r 0=0000000000000000] inst=[0007b423] DASM(0007b423)
C0:       1971 [1] pc=[000000008000273c] W[r15=0000000080022880][1] R[r15=0000000080022870] R[r 0=0000000000000000] inst=[000007c1] DASM(000007c1)
C0:       1972 [1] pc=[000000008000273e] W[r 0=0000000000000000][0] R[r14=0000000080022900] R[r15=0000000080022880] inst=[fef71be3] DASM(fef71be3)
C0:       1996 [1] pc=[0000000080002734] W[r 0=0000000000000000][0] R[r15=0000000080022880] R[r 0=0000000000000000] inst=[0007b023] DASM(0007b023)
C0:       1997 [1] pc=[0000000080002738] W[r 0=0000000000000000][0] R[r15=0000000080022880] R[r 0=0000000000000000] inst=[0007b423] DASM(0007b423)
C0:       1998 [1] pc=[000000008000273c] W[r15=0000000080022890][1] R[r15=0000000080022880] R[r 0=0000000000000000] inst=[000007c1] DASM(000007c1)
C0:       1999 [1] pc=[000000008000273e] W[r 0=0000000000000000][0] R[r14=0000000080022900] R[r15=0000000080022890] inst=[fef71be3] DASM(fef71be3)
C0:       2000 [1] pc=[0000000080002734] W[r 0=0000000000000000][0] R[r15=0000000080022890] R[r 0=0000000000000000] inst=[0007b023] DASM(0007b023)
C0:       2001 [1] pc=[0000000080002738] W[r 0=0000000000000000][0] R[r15=0000000080022890] R[r 0=0000000000000000] inst=[0007b423] DASM(0007b423)
C0:       2002 [1] pc=[000000008000273c] W[r15=00000000800228a0][1] R[r15=0000000080022890] R[r 0=0000000000000000] inst=[000007c1] DASM(000007c1)
C0:       2003 [1] pc=[000000008000273e] W[r 0=0000000000000000][0] R[r14=0000000080022900] R[r15=00000000800228a0] inst=[fef71be3] DASM(fef71be3)
C0:       2004 [1] pc=[0000000080002734] W[r 0=0000000000000000][0] R[r15=00000000800228a0] R[r 0=0000000000000000] inst=[0007b023] DASM(0007b023)
C0:       2005 [1] pc=[0000000080002738] W[r 0=0000000000000000][0] R[r15=00000000800228a0] R[r 0=0000000000000000] inst=[0007b423] DASM(0007b423)
C0:       2006 [1] pc=[000000008000273c] W[r15=00000000800228b0][1] R[r15=00000000800228a0] R[r 0=0000000000000000] inst=[000007c1] DASM(000007c1)
C0:       2007 [1] pc=[000000008000273e] W[r 0=0000000000000000][0] R[r14=0000000080022900] R[r15=00000000800228b0] inst=[fef71be3] DASM(fef71be3)
C0:       2008 [1] pc=[0000000080002734] W[r 0=0000000000000000][0] R[r15=00000000800228b0] R[r 0=0000000000000000] inst=[0007b023] DASM(0007b023)
C0:       2009 [1] pc=[0000000080002738] W[r 0=0000000000000000][0] R[r15=00000000800228b0] R[r 0=0000000000000000] inst=[0007b423] DASM(0007b423)
C0:       2010 [1] pc=[000000008000273c] W[r15=00000000800228c0][1] R[r15=00000000800228b0] R[r 0=0000000000000000] inst=[000007c1] DASM(000007c1)
C0:       2011 [1] pc=[000000008000273e] W[r 0=0000000000000000][0] R[r14=0000000080022900] R[r15=00000000800228c0] inst=[fef71be3] DASM(fef71be3)
C0:       2035 [1] pc=[0000000080002734] W[r 0=0000000000000000][0] R[r15=00000000800228c0] R[r 0=0000000000000000] inst=[0007b023] DASM(0007b023)
C0:       2036 [1] pc=[0000000080002738] W[r 0=0000000000000000][0] R[r15=00000000800228c0] R[r 0=0000000000000000] inst=[0007b423] DASM(0007b423)
C0:       2037 [1] pc=[000000008000273c] W[r15=00000000800228d0][1] R[r15=00000000800228c0] R[r 0=0000000000000000] inst=[000007c1] DASM(000007c1)
C0:       2038 [1] pc=[000000008000273e] W[r 0=0000000000000000][0] R[r14=0000000080022900] R[r15=00000000800228d0] inst=[fef71be3] DASM(fef71be3)
C0:       2039 [1] pc=[0000000080002734] W[r 0=0000000000000000][0] R[r15=00000000800228d0] R[r 0=0000000000000000] inst=[0007b023] DASM(0007b023)
C0:       2040 [1] pc=[0000000080002738] W[r 0=0000000000000000][0] R[r15=00000000800228d0] R[r 0=0000000000000000] inst=[0007b423] DASM(0007b423)
C0:       2041 [1] pc=[000000008000273c] W[r15=00000000800228e0][1] R[r15=00000000800228d0] R[r 0=0000000000000000] inst=[000007c1] DASM(000007c1)
C0:       2042 [1] pc=[000000008000273e] W[r 0=0000000000000000][0] R[r14=0000000080022900] R[r15=00000000800228e0] inst=[fef71be3] DASM(fef71be3)
C0:       2043 [1] pc=[0000000080002734] W[r 0=0000000000000000][0] R[r15=00000000800228e0] R[r 0=0000000000000000] inst=[0007b023] DASM(0007b023)
C0:       2044 [1] pc=[0000000080002738] W[r 0=0000000000000000][0] R[r15=00000000800228e0] R[r 0=0000000000000000] inst=[0007b423] DASM(0007b423)
C0:       2045 [1] pc=[000000008000273c] W[r15=00000000800228f0][1] R[r15=00000000800228e0] R[r 0=0000000000000000] inst=[000007c1] DASM(000007c1)
C0:       2046 [1] pc=[000000008000273e] W[r 0=0000000000000000][0] R[r14=0000000080022900] R[r15=00000000800228f0] inst=[fef71be3] DASM(fef71be3)
C0:       2047 [1] pc=[0000000080002734] W[r 0=0000000000000000][0] R[r15=00000000800228f0] R[r 0=0000000000000000] inst=[0007b023] DASM(0007b023)
C0:       2048 [1] pc=[0000000080002738] W[r 0=0000000000000000][0] R[r15=00000000800228f0] R[r 0=0000000000000000] inst=[0007b423] DASM(0007b423)
C0:       2049 [1] pc=[000000008000273c] W[r15=0000000080022900][1] R[r15=00000000800228f0] R[r 0=0000000000000000] inst=[000007c1] DASM(000007c1)
C0:       2050 [1] pc=[000000008000273e] W[r 0=0000000000000000][0] R[r14=0000000080022900] R[r15=0000000080022900] inst=[fef71be3] DASM(fef71be3)
C0:       2055 [1] pc=[0000000080002742] W[r12=0000000000000807][1] R[r 0=0000000000000000] R[r 0=0000000000000000] inst=[c0002673] DASM(c0002673)
C0:       2056 [1] pc=[0000000080002746] W[r15=0000000000000000][1] R[r 0=0000000000000000] R[r 0=0000000000000000] inst=[00004781] DASM(00004781)
C0:       2058 [1] pc=[0000000080002748] W[r11=00000000000000d1][1] R[r12=0000000000000807] R[r11=0000000000000736] inst=[40b605b3] DASM(40b605b3)
C0:       2059 [1] pc=[000000008000274c] W[r 0=0000000000000000][0] R[r15=0000000000000000] R[r15=0000000000000000] inst=[0ef7b07b] DASM(0ef7b07b)
C0:       2060 [1] pc=[0000000080002750] W[r15=0000000080002750][1] R[r 0=0000000000000000] R[r 0=0000000000000000] inst=[00000797] DASM(00000797)
C0:       2084 [1] pc=[0000000080002754] W[r15=3f80000000100101][1] R[r15=0000000080002750] R[r 0=0000000000000000] inst=[2387b783] DASM(2387b783)
C0:       2085 [1] pc=[0000000080002758] W[r14=0000000000000010][1] R[r 0=0000000000000000] R[r 0=0000000000000000] inst=[00004741] DASM(00004741)
C0:       2086 [1] pc=[000000008000275a] W[r 0=0000000000000000][0] R[r15=3f80000000100101] R[r14=0000000000000010] inst=[00e7b07b] DASM(00e7b07b)
C0:       2087 [1] pc=[000000008000275e] W[r14=0000000010001000][1] R[r 0=0000000000000000] R[r 0=0000000000000000] inst=[10001737] DASM(10001737)
C0:       2088 [1] pc=[0000000080002762] W[r15=00000000000003e8][1] R[r 0=0000000000000000] R[r 0=0000000000000000] inst=[3e800793] DASM(3e800793)
C0:       2089 [1] pc=[0000000080002766] W[r14=0010001000000000][1] R[r14=0000000010001000] R[r 0=0000000000000000] inst=[00000762] DASM(00000762)
C0:       2090 [1] pc=[0000000080002768] W[r 0=0000000000000000][0] R[r13=0000000080022800] R[r14=0010001000000000] inst=[04e6b07b] DASM(04e6b07b)
C0:       2091 [1] pc=[000000008000276c] W[r15=00000000000003e7][1] R[r15=00000000000003e8] R[r 0=0000000000000000] inst=[000037fd] DASM(000037fd)
C0:       2092 [1] pc=[000000008000276e] W[r 0=0000000000000000][0] R[r15=00000000000003e7] R[r 0=0000000000000000] inst=[0000ffed] DASM(0000ffed)
C0:       2096 [1] pc=[0000000080002768] W[r 0=0000000000000000][0] R[r13=0000000080022800] R[r14=0010001000000000] inst=[04e6b07b] DASM(04e6b07b)
C0:       2097 [1] pc=[000000008000276c] W[r15=00000000000003e6][1] R[r15=00000000000003e7] R[r 0=0000000000000000] inst=[000037fd] DASM(000037fd)
C0:       2098 [1] pc=[000000008000276e] W[r 0=0000000000000000][0] R[r15=00000000000003e6] R[r 0=0000000000000000] inst=[0000ffed] DASM(0000ffed)
C0:       2102 [1] pc=[0000000080002768] W[r 0=0000000000000000][0] R[r13=0000000080022800] R[r14=0010001000000000] inst=[04e6b07b] DASM(04e6b07b)
C0:       2103 [1] pc=[000000008000276c] W[r15=00000000000003e5][1] R[r15=00000000000003e6] R[r 0=0000000000000000] inst=[000037fd] DASM(000037fd)
C0:       2104 [1] pc=[000000008000276e] W[r 0=0000000000000000][0] R[r15=00000000000003e5] R[r 0=0000000000000000] inst=[0000ffed] DASM(0000ffed)
C0:       2108 [1] pc=[0000000080002768] W[r 0=0000000000000000][0] R[r13=0000000080022800] R[r14=0010001000000000] inst=[04e6b07b] DASM(04e6b07b)
C0:       2109 [1] pc=[000000008000276c] W[r15=00000000000003e4][1] R[r15=00000000000003e5] R[r 0=0000000000000000] inst=[000037fd] DASM(000037fd)
C0:       2110 [1] pc=[000000008000276e] W[r 0=0000000000000000][0] R[r15=00000000000003e4] R[r 0=0000000000000000] inst=[0000ffed] DASM(0000ffed)
C0:       2114 [1] pc=[0000000080002768] W[r 0=0000000000000000][0] R[r13=0000000080022800] R[r14=0010001000000000] inst=[04e6b07b] DASM(04e6b07b)
C0:       2115 [1] pc=[000000008000276c] W[r15=00000000000003e3][1] R[r15=00000000000003e4] R[r 0=0000000000000000] inst=[000037fd] DASM(000037fd)
C0:       2116 [1] pc=[000000008000276e] W[r 0=0000000000000000][0] R[r15=00000000000003e3] R[r 0=0000000000000000] inst=[0000ffed] DASM(0000ffed)
C0:       2120 [1] pc=[0000000080002768] W[r 0=0000000000000000][0] R[r13=0000000080022800] R[r14=0010001000000000] inst=[04e6b07b] DASM(04e6b07b)
C0:       2121 [1] pc=[000000008000276c] W[r15=00000000000003e2][1] R[r15=00000000000003e3] R[r 0=0000000000000000] inst=[000037fd] DASM(000037fd)
C0:       2122 [1] pc=[000000008000276e] W[r 0=0000000000000000][0] R[r15=00000000000003e2] R[r 0=0000000000000000] inst=[0000ffed] DASM(0000ffed)
C0:       2123 [1] pc=[0000000080002768] W[r 0=0000000000000000][0] R[r13=0000000080022800] R[r14=0010001000000000] inst=[04e6b07b] DASM(04e6b07b)
C0:       2124 [1] pc=[000000008000276c] W[r15=00000000000003e1][1] R[r15=00000000000003e2] R[r 0=0000000000000000] inst=[000037fd] DASM(000037fd)
C0:       2125 [1] pc=[000000008000276e] W[r 0=0000000000000000][0] R[r15=00000000000003e1] R[r 0=0000000000000000] inst=[0000ffed] DASM(0000ffed)
C0:       2129 [1] pc=[0000000080002768] W[r 0=0000000000000000][0] R[r13=0000000080022800] R[r14=0010001000000000] inst=[04e6b07b] DASM(04e6b07b)
C0:       2130 [1] pc=[000000008000276c] W[r15=00000000000003e0][1] R[r15=00000000000003e1] R[r 0=0000000000000000] inst=[000037fd] DASM(000037fd)
C0:       2131 [1] pc=[000000008000276e] W[r 0=0000000000000000][0] R[r15=00000000000003e0] R[r 0=0000000000000000] inst=[0000ffed] DASM(0000ffed)
C0:       2132 [1] pc=[0000000080002768] W[r 0=0000000000000000][0] R[r13=0000000080022800] R[r14=0010001000000000] inst=[04e6b07b] DASM(04e6b07b)
C0:       2133 [1] pc=[000000008000276c] W[r15=00000000000003df][1] R[r15=00000000000003e0] R[r 0=0000000000000000] inst=[000037fd] DASM(000037fd)
C0:       2134 [1] pc=[000000008000276e] W[r 0=0000000000000000][0] R[r15=00000000000003df] R[r 0=0000000000000000] inst=[0000ffed] DASM(0000ffed)
C0:       2135 [1] pc=[0000000080002768] W[r 0=0000000000000000][0] R[r13=0000000080022800] R[r14=0010001000000000] inst=[04e6b07b] DASM(04e6b07b)
C0:       2136 [1] pc=[000000008000276c] W[r15=00000000000003de][1] R[r15=00000000000003df] R[r 0=0000000000000000] inst=[000037fd] DASM(000037fd)
C0:       2137 [1] pc=[000000008000276e] W[r 0=0000000000000000][0] R[r15=00000000000003de] R[r 0=0000000000000000] inst=[0000ffed] DASM(0000ffed)
C0:       2138 [1] pc=[0000000080002768] W[r 0=0000000000000000][0] R[r13=0000000080022800] R[r14=0010001000000000] inst=[04e6b07b] DASM(04e6b07b)
C0:       2139 [1] pc=[000000008000276c] W[r15=00000000000003dd][1] R[r15=00000000000003de] R[r 0=0000000000000000] inst=[000037fd] DASM(000037fd)
C0:       2140 [1] pc=[000000008000276e] W[r 0=0000000000000000][0] R[r15=00000000000003dd] R[r 0=0000000000000000] inst=[0000ffed] DASM(0000ffed)
C0:       2141 [1] pc=[0000000080002768] W[r 0=0000000000000000][0] R[r13=0000000080022800] R[r14=0010001000000000] inst=[04e6b07b] DASM(04e6b07b)
C0:       2142 [1] pc=[000000008000276c] W[r15=00000000000003dc][1] R[r15=00000000000003dd] R[r 0=0000000000000000] inst=[000037fd] DASM(000037fd)
C0:       2143 [1] pc=[000000008000276e] W[r 0=0000000000000000][0] R[r15=00000000000003dc] R[r 0=0000000000000000] inst=[0000ffed] DASM(0000ffed)
C0:       2144 [1] pc=[0000000080002768] W[r 0=0000000000000000][0] R[r13=0000000080022800] R[r14=0010001000000000] inst=[04e6b07b] DASM(04e6b07b)
C0:       2145 [1] pc=[000000008000276c] W[r15=00000000000003db][1] R[r15=00000000000003dc] R[r 0=0000000000000000] inst=[000037fd] DASM(000037fd)
C0:       2146 [1] pc=[000000008000276e] W[r 0=0000000000000000][0] R[r15=00000000000003db] R[r 0=0000000000000000] inst=[0000ffed] DASM(0000ffed)
C0:       2147 [1] pc=[0000000080002768] W[r 0=0000000000000000][0] R[r13=0000000080022800] R[r14=0010001000000000] inst=[04e6b07b] DASM(04e6b07b)
C0:       2148 [1] pc=[000000008000276c] W[r15=00000000000003da][1] R[r15=00000000000003db] R[r 0=0000000000000000] inst=[000037fd] DASM(000037fd)
C0:       2149 [1] pc=[000000008000276e] W[r 0=0000000000000000][0] R[r15=00000000000003da] R[r 0=0000000000000000] inst=[0000ffed] DASM(0000ffed)
C0:       2150 [1] pc=[0000000080002768] W[r 0=0000000000000000][0] R[r13=0000000080022800] R[r14=0010001000000000] inst=[04e6b07b] DASM(04e6b07b)
C0:       2151 [1] pc=[000000008000276c] W[r15=00000000000003d9][1] R[r15=00000000000003da] R[r 0=0000000000000000] inst=[000037fd] DASM(000037fd)
C0:       2152 [1] pc=[000000008000276e] W[r 0=0000000000000000][0] R[r15=00000000000003d9] R[r 0=0000000000000000] inst=[0000ffed] DASM(0000ffed)
C0:       2153 [1] pc=[0000000080002768] W[r 0=0000000000000000][0] R[r13=0000000080022800] R[r14=0010001000000000] inst=[04e6b07b] DASM(04e6b07b)
C0:       2154 [1] pc=[000000008000276c] W[r15=00000000000003d8][1] R[r15=00000000000003d9] R[r 0=0000000000000000] inst=[000037fd] DASM(000037fd)
C0:       2155 [1] pc=[000000008000276e] W[r 0=0000000000000000][0] R[r15=00000000000003d8] R[r 0=0000000000000000] inst=[0000ffed] DASM(0000ffed)
C0:       2156 [1] pc=[0000000080002768] W[r 0=0000000000000000][0] R[r13=0000000080022800] R[r14=0010001000000000] inst=[04e6b07b] DASM(04e6b07b)
C0:       2157 [1] pc=[000000008000276c] W[r15=00000000000003d7][1] R[r15=00000000000003d8] R[r 0=0000000000000000] inst=[000037fd] DASM(000037fd)
C0:       2158 [1] pc=[000000008000276e] W[r 0=0000000000000000][0] R[r15=00000000000003d7] R[r 0=0000000000000000] inst=[0000ffed] DASM(0000ffed)
C0:       2159 [1] pc=[0000000080002768] W[r 0=0000000000000000][0] R[r13=0000000080022800] R[r14=0010001000000000] inst=[04e6b07b] DASM(04e6b07b)
C0:       2160 [1] pc=[000000008000276c] W[r15=00000000000003d6][1] R[r15=00000000000003d7] R[r 0=0000000000000000] inst=[000037fd] DASM(000037fd)
C0:       2161 [1] pc=[000000008000276e] W[r 0=0000000000000000][0] R[r15=00000000000003d6] R[r 0=0000000000000000] inst=[0000ffed] DASM(0000ffed)
C0:       2176 [1] pc=[0000000080002768] W[r 0=0000000000000000][0] R[r13=0000000080022800] R[r14=0010001000000000] inst=[04e6b07b] DASM(04e6b07b)
C0:       2177 [1] pc=[000000008000276c] W[r15=00000000000003d5][1] R[r15=00000000000003d6] R[r 0=0000000000000000] inst=[000037fd] DASM(000037fd)
C0:       2178 [1] pc=[000000008000276e] W[r 0=0000000000000000][0] R[r15=00000000000003d5] R[r 0=0000000000000000] inst=[0000ffed] DASM(0000ffed)
C0:       2179 [1] pc=[0000000080002768] W[r 0=0000000000000000][0] R[r13=0000000080022800] R[r14=0010001000000000] inst=[04e6b07b] DASM(04e6b07b)
C0:       2180 [1] pc=[000000008000276c] W[r15=00000000000003d4][1] R[r15=00000000000003d5] R[r 0=0000000000000000] inst=[000037fd] DASM(000037fd)
C0:       2181 [1] pc=[000000008000276e] W[r 0=0000000000000000][0] R[r15=00000000000003d4] R[r 0=0000000000000000] inst=[0000ffed] DASM(0000ffed)
C0:       2212 [1] pc=[0000000080002768] W[r 0=0000000000000000][0] R[r13=0000000080022800] R[r14=0010001000000000] inst=[04e6b07b] DASM(04e6b07b)
C0:       2213 [1] pc=[000000008000276c] W[r15=00000000000003d3][1] R[r15=00000000000003d4] R[r 0=0000000000000000] inst=[000037fd] DASM(000037fd)
C0:       2214 [1] pc=[000000008000276e] W[r 0=0000000000000000][0] R[r15=00000000000003d3] R[r 0=0000000000000000] inst=[0000ffed] DASM(0000ffed)
C0:       2228 [1] pc=[0000000080002768] W[r 0=0000000000000000][0] R[r13=0000000080022800] R[r14=0010001000000000] inst=[04e6b07b] DASM(04e6b07b)
C0:       2229 [1] pc=[000000008000276c] W[r15=00000000000003d2][1] R[r15=00000000000003d3] R[r 0=0000000000000000] inst=[000037fd] DASM(000037fd)
C0:       2230 [1] pc=[000000008000276e] W[r 0=0000000000000000][0] R[r15=00000000000003d2] R[r 0=0000000000000000] inst=[0000ffed] DASM(0000ffed)
C0:       2247 [1] pc=[0000000080002768] W[r 0=0000000000000000][0] R[r13=0000000080022800] R[r14=0010001000000000] inst=[04e6b07b] DASM(04e6b07b)
C0:       2248 [1] pc=[000000008000276c] W[r15=00000000000003d1][1] R[r15=00000000000003d2] R[r 0=0000000000000000] inst=[000037fd] DASM(000037fd)
C0:       2249 [1] pc=[000000008000276e] W[r 0=0000000000000000][0] R[r15=00000000000003d1] R[r 0=0000000000000000] inst=[0000ffed] DASM(0000ffed)
C0:       2264 [1] pc=[0000000080002768] W[r 0=0000000000000000][0] R[r13=0000000080022800] R[r14=0010001000000000] inst=[04e6b07b] DASM(04e6b07b)
C0:       2265 [1] pc=[000000008000276c] W[r15=00000000000003d0][1] R[r15=00000000000003d1] R[r 0=0000000000000000] inst=[000037fd] DASM(000037fd)
C0:       2266 [1] pc=[000000008000276e] W[r 0=0000000000000000][0] R[r15=00000000000003d0] R[r 0=0000000000000000] inst=[0000ffed] DASM(0000ffed)
C0:       2282 [1] pc=[0000000080002768] W[r 0=0000000000000000][0] R[r13=0000000080022800] R[r14=0010001000000000] inst=[04e6b07b] DASM(04e6b07b)
C0:       2283 [1] pc=[000000008000276c] W[r15=00000000000003cf][1] R[r15=00000000000003d0] R[r 0=0000000000000000] inst=[000037fd] DASM(000037fd)
C0:       2284 [1] pc=[000000008000276e] W[r 0=0000000000000000][0] R[r15=00000000000003cf] R[r 0=0000000000000000] inst=[0000ffed] DASM(0000ffed)
C0:       2300 [1] pc=[0000000080002768] W[r 0=0000000000000000][0] R[r13=0000000080022800] R[r14=0010001000000000] inst=[04e6b07b] DASM(04e6b07b)
C0:       2301 [1] pc=[000000008000276c] W[r15=00000000000003ce][1] R[r15=00000000000003cf] R[r 0=0000000000000000] inst=[000037fd] DASM(000037fd)
C0:       2302 [1] pc=[000000008000276e] W[r 0=0000000000000000][0] R[r15=00000000000003ce] R[r 0=0000000000000000] inst=[0000ffed] DASM(0000ffed)
C0:       2317 [1] pc=[0000000080002768] W[r 0=0000000000000000][0] R[r13=0000000080022800] R[r14=0010001000000000] inst=[04e6b07b] DASM(04e6b07b)
C0:       2318 [1] pc=[000000008000276c] W[r15=00000000000003cd][1] R[r15=00000000000003ce] R[r 0=0000000000000000] inst=[000037fd] DASM(000037fd)
C0:       2319 [1] pc=[000000008000276e] W[r 0=0000000000000000][0] R[r15=00000000000003cd] R[r 0=0000000000000000] inst=[0000ffed] DASM(0000ffed)
C0:       2336 [1] pc=[0000000080002768] W[r 0=0000000000000000][0] R[r13=0000000080022800] R[r14=0010001000000000] inst=[04e6b07b] DASM(04e6b07b)
C0:       2337 [1] pc=[000000008000276c] W[r15=00000000000003cc][1] R[r15=00000000000003cd] R[r 0=0000000000000000] inst=[000037fd] DASM(000037fd)
C0:       2338 [1] pc=[000000008000276e] W[r 0=0000000000000000][0] R[r15=00000000000003cc] R[r 0=0000000000000000] inst=[0000ffed] DASM(0000ffed)
C0:       2353 [1] pc=[0000000080002768] W[r 0=0000000000000000][0] R[r13=0000000080022800] R[r14=0010001000000000] inst=[04e6b07b] DASM(04e6b07b)
C0:       2354 [1] pc=[000000008000276c] W[r15=00000000000003cb][1] R[r15=00000000000003cc] R[r 0=0000000000000000] inst=[000037fd] DASM(000037fd)
C0:       2355 [1] pc=[000000008000276e] W[r 0=0000000000000000][0] R[r15=00000000000003cb] R[r 0=0000000000000000] inst=[0000ffed] DASM(0000ffed)
C0:       2371 [1] pc=[0000000080002768] W[r 0=0000000000000000][0] R[r13=0000000080022800] R[r14=0010001000000000] inst=[04e6b07b] DASM(04e6b07b)
C0:       2372 [1] pc=[000000008000276c] W[r15=00000000000003ca][1] R[r15=00000000000003cb] R[r 0=0000000000000000] inst=[000037fd] DASM(000037fd)
C0:       2373 [1] pc=[000000008000276e] W[r 0=0000000000000000][0] R[r15=00000000000003ca] R[r 0=0000000000000000] inst=[0000ffed] DASM(0000ffed)
C0:       2389 [1] pc=[0000000080002768] W[r 0=0000000000000000][0] R[r13=0000000080022800] R[r14=0010001000000000] inst=[04e6b07b] DASM(04e6b07b)
C0:       2390 [1] pc=[000000008000276c] W[r15=00000000000003c9][1] R[r15=00000000000003ca] R[r 0=0000000000000000] inst=[000037fd] DASM(000037fd)
C0:       2391 [1] pc=[000000008000276e] W[r 0=0000000000000000][0] R[r15=00000000000003c9] R[r 0=0000000000000000] inst=[0000ffed] DASM(0000ffed)
C0:       2406 [1] pc=[0000000080002768] W[r 0=0000000000000000][0] R[r13=0000000080022800] R[r14=0010001000000000] inst=[04e6b07b] DASM(04e6b07b)
C0:       2407 [1] pc=[000000008000276c] W[r15=00000000000003c8][1] R[r15=00000000000003c9] R[r 0=0000000000000000] inst=[000037fd] DASM(000037fd)
C0:       2408 [1] pc=[000000008000276e] W[r 0=0000000000000000][0] R[r15=00000000000003c8] R[r 0=0000000000000000] inst=[0000ffed] DASM(0000ffed)
C0:       2425 [1] pc=[0000000080002768] W[r 0=0000000000000000][0] R[r13=0000000080022800] R[r14=0010001000000000] inst=[04e6b07b] DASM(04e6b07b)
C0:       2426 [1] pc=[000000008000276c] W[r15=00000000000003c7][1] R[r15=00000000000003c8] R[r 0=0000000000000000] inst=[000037fd] DASM(000037fd)
C0:       2427 [1] pc=[000000008000276e] W[r 0=0000000000000000][0] R[r15=00000000000003c7] R[r 0=0000000000000000] inst=[0000ffed] DASM(0000ffed)
C0:       2442 [1] pc=[0000000080002768] W[r 0=0000000000000000][0] R[r13=0000000080022800] R[r14=0010001000000000] inst=[04e6b07b] DASM(04e6b07b)
C0:       2443 [1] pc=[000000008000276c] W[r15=00000000000003c6][1] R[r15=00000000000003c7] R[r 0=0000000000000000] inst=[000037fd] DASM(000037fd)
C0:       2444 [1] pc=[000000008000276e] W[r 0=0000000000000000][0] R[r15=00000000000003c6] R[r 0=0000000000000000] inst=[0000ffed] DASM(0000ffed)
C0:       2460 [1] pc=[0000000080002768] W[r 0=0000000000000000][0] R[r13=0000000080022800] R[r14=0010001000000000] inst=[04e6b07b] DASM(04e6b07b)
C0:       2461 [1] pc=[000000008000276c] W[r15=00000000000003c5][1] R[r15=00000000000003c6] R[r 0=0000000000000000] inst=[000037fd] DASM(000037fd)
C0:       2462 [1] pc=[000000008000276e] W[r 0=0000000000000000][0] R[r15=00000000000003c5] R[r 0=0000000000000000] inst=[0000ffed] DASM(0000ffed)
C0:       2478 [1] pc=[0000000080002768] W[r 0=0000000000000000][0] R[r13=0000000080022800] R[r14=0010001000000000] inst=[04e6b07b] DASM(04e6b07b)
C0:       2479 [1] pc=[000000008000276c] W[r15=00000000000003c4][1] R[r15=00000000000003c5] R[r 0=0000000000000000] inst=[000037fd] DASM(000037fd)
C0:       2480 [1] pc=[000000008000276e] W[r 0=0000000000000000][0] R[r15=00000000000003c4] R[r 0=0000000000000000] inst=[0000ffed] DASM(0000ffed)
C0:       2495 [1] pc=[0000000080002768] W[r 0=0000000000000000][0] R[r13=0000000080022800] R[r14=0010001000000000] inst=[04e6b07b] DASM(04e6b07b)
C0:       2496 [1] pc=[000000008000276c] W[r15=00000000000003c3][1] R[r15=00000000000003c4] R[r 0=0000000000000000] inst=[000037fd] DASM(000037fd)
C0:       2497 [1] pc=[000000008000276e] W[r 0=0000000000000000][0] R[r15=00000000000003c3] R[r 0=0000000000000000] inst=[0000ffed] DASM(0000ffed)
C0:       2514 [1] pc=[0000000080002768] W[r 0=0000000000000000][0] R[r13=0000000080022800] R[r14=0010001000000000] inst=[04e6b07b] DASM(04e6b07b)
C0:       2515 [1] pc=[000000008000276c] W[r15=00000000000003c2][1] R[r15=00000000000003c3] R[r 0=0000000000000000] inst=[000037fd] DASM(000037fd)
C0:       2516 [1] pc=[000000008000276e] W[r 0=0000000000000000][0] R[r15=00000000000003c2] R[r 0=0000000000000000] inst=[0000ffed] DASM(0000ffed)
C0:       2531 [1] pc=[0000000080002768] W[r 0=0000000000000000][0] R[r13=0000000080022800] R[r14=0010001000000000] inst=[04e6b07b] DASM(04e6b07b)
C0:       2532 [1] pc=[000000008000276c] W[r15=00000000000003c1][1] R[r15=00000000000003c2] R[r 0=0000000000000000] inst=[000037fd] DASM(000037fd)
C0:       2533 [1] pc=[000000008000276e] W[r 0=0000000000000000][0] R[r15=00000000000003c1] R[r 0=0000000000000000] inst=[0000ffed] DASM(0000ffed)
C0:       2549 [1] pc=[0000000080002768] W[r 0=0000000000000000][0] R[r13=0000000080022800] R[r14=0010001000000000] inst=[04e6b07b] DASM(04e6b07b)
C0:       2550 [1] pc=[000000008000276c] W[r15=00000000000003c0][1] R[r15=00000000000003c1] R[r 0=0000000000000000] inst=[000037fd] DASM(000037fd)
C0:       2551 [1] pc=[000000008000276e] W[r 0=0000000000000000][0] R[r15=00000000000003c0] R[r 0=0000000000000000] inst=[0000ffed] DASM(0000ffed)
C0:       2567 [1] pc=[0000000080002768] W[r 0=0000000000000000][0] R[r13=0000000080022800] R[r14=0010001000000000] inst=[04e6b07b] DASM(04e6b07b)
C0:       2568 [1] pc=[000000008000276c] W[r15=00000000000003bf][1] R[r15=00000000000003c0] R[r 0=0000000000000000] inst=[000037fd] DASM(000037fd)
C0:       2569 [1] pc=[000000008000276e] W[r 0=0000000000000000][0] R[r15=00000000000003bf] R[r 0=0000000000000000] inst=[0000ffed] DASM(0000ffed)
C0:       2584 [1] pc=[0000000080002768] W[r 0=0000000000000000][0] R[r13=0000000080022800] R[r14=0010001000000000] inst=[04e6b07b] DASM(04e6b07b)
C0:       2585 [1] pc=[000000008000276c] W[r15=00000000000003be][1] R[r15=00000000000003bf] R[r 0=0000000000000000] inst=[000037fd] DASM(000037fd)
C0:       2586 [1] pc=[000000008000276e] W[r 0=0000000000000000][0] R[r15=00000000000003be] R[r 0=0000000000000000] inst=[0000ffed] DASM(0000ffed)
C0:       2603 [1] pc=[0000000080002768] W[r 0=0000000000000000][0] R[r13=0000000080022800] R[r14=0010001000000000] inst=[04e6b07b] DASM(04e6b07b)
C0:       2604 [1] pc=[000000008000276c] W[r15=00000000000003bd][1] R[r15=00000000000003be] R[r 0=0000000000000000] inst=[000037fd] DASM(000037fd)
C0:       2605 [1] pc=[000000008000276e] W[r 0=0000000000000000][0] R[r15=00000000000003bd] R[r 0=0000000000000000] inst=[0000ffed] DASM(0000ffed)
C0:       2619 [1] pc=[0000000080002768] W[r 0=0000000000000000][0] R[r13=0000000080022800] R[r14=0010001000000000] inst=[04e6b07b] DASM(04e6b07b)
C0:       2620 [1] pc=[000000008000276c] W[r15=00000000000003bc][1] R[r15=00000000000003bd] R[r 0=0000000000000000] inst=[000037fd] DASM(000037fd)
C0:       2621 [1] pc=[000000008000276e] W[r 0=0000000000000000][0] R[r15=00000000000003bc] R[r 0=0000000000000000] inst=[0000ffed] DASM(0000ffed)
C0:       2638 [1] pc=[0000000080002768] W[r 0=0000000000000000][0] R[r13=0000000080022800] R[r14=0010001000000000] inst=[04e6b07b] DASM(04e6b07b)
C0:       2639 [1] pc=[000000008000276c] W[r15=00000000000003bb][1] R[r15=00000000000003bc] R[r 0=0000000000000000] inst=[000037fd] DASM(000037fd)
C0:       2640 [1] pc=[000000008000276e] W[r 0=0000000000000000][0] R[r15=00000000000003bb] R[r 0=0000000000000000] inst=[0000ffed] DASM(0000ffed)
C0:       2655 [1] pc=[0000000080002768] W[r 0=0000000000000000][0] R[r13=0000000080022800] R[r14=0010001000000000] inst=[04e6b07b] DASM(04e6b07b)
C0:       2656 [1] pc=[000000008000276c] W[r15=00000000000003ba][1] R[r15=00000000000003bb] R[r 0=0000000000000000] inst=[000037fd] DASM(000037fd)
C0:       2657 [1] pc=[000000008000276e] W[r 0=0000000000000000][0] R[r15=00000000000003ba] R[r 0=0000000000000000] inst=[0000ffed] DASM(0000ffed)
C0:       2673 [1] pc=[0000000080002768] W[r 0=0000000000000000][0] R[r13=0000000080022800] R[r14=0010001000000000] inst=[04e6b07b] DASM(04e6b07b)
C0:       2674 [1] pc=[000000008000276c] W[r15=00000000000003b9][1] R[r15=00000000000003ba] R[r 0=0000000000000000] inst=[000037fd] DASM(000037fd)
C0:       2675 [1] pc=[000000008000276e] W[r 0=0000000000000000][0] R[r15=00000000000003b9] R[r 0=0000000000000000] inst=[0000ffed] DASM(0000ffed)
C0:       2691 [1] pc=[0000000080002768] W[r 0=0000000000000000][0] R[r13=0000000080022800] R[r14=0010001000000000] inst=[04e6b07b] DASM(04e6b07b)
C0:       2692 [1] pc=[000000008000276c] W[r15=00000000000003b8][1] R[r15=00000000000003b9] R[r 0=0000000000000000] inst=[000037fd] DASM(000037fd)
C0:       2693 [1] pc=[000000008000276e] W[r 0=0000000000000000][0] R[r15=00000000000003b8] R[r 0=0000000000000000] inst=[0000ffed] DASM(0000ffed)
C0:       2708 [1] pc=[0000000080002768] W[r 0=0000000000000000][0] R[r13=0000000080022800] R[r14=0010001000000000] inst=[04e6b07b] DASM(04e6b07b)
C0:       2709 [1] pc=[000000008000276c] W[r15=00000000000003b7][1] R[r15=00000000000003b8] R[r 0=0000000000000000] inst=[000037fd] DASM(000037fd)
C0:       2710 [1] pc=[000000008000276e] W[r 0=0000000000000000][0] R[r15=00000000000003b7] R[r 0=0000000000000000] inst=[0000ffed] DASM(0000ffed)
C0:       2726 [1] pc=[0000000080002768] W[r 0=0000000000000000][0] R[r13=0000000080022800] R[r14=0010001000000000] inst=[04e6b07b] DASM(04e6b07b)
C0:       2727 [1] pc=[000000008000276c] W[r15=00000000000003b6][1] R[r15=00000000000003b7] R[r 0=0000000000000000] inst=[000037fd] DASM(000037fd)
C0:       2728 [1] pc=[000000008000276e] W[r 0=0000000000000000][0] R[r15=00000000000003b6] R[r 0=0000000000000000] inst=[0000ffed] DASM(0000ffed)
C0:       2744 [1] pc=[0000000080002768] W[r 0=0000000000000000][0] R[r13=0000000080022800] R[r14=0010001000000000] inst=[04e6b07b] DASM(04e6b07b)
C0:       2745 [1] pc=[000000008000276c] W[r15=00000000000003b5][1] R[r15=00000000000003b6] R[r 0=0000000000000000] inst=[000037fd] DASM(000037fd)
C0:       2746 [1] pc=[000000008000276e] W[r 0=0000000000000000][0] R[r15=00000000000003b5] R[r 0=0000000000000000] inst=[0000ffed] DASM(0000ffed)
C0:       2761 [1] pc=[0000000080002768] W[r 0=0000000000000000][0] R[r13=0000000080022800] R[r14=0010001000000000] inst=[04e6b07b] DASM(04e6b07b)
C0:       2762 [1] pc=[000000008000276c] W[r15=00000000000003b4][1] R[r15=00000000000003b5] R[r 0=0000000000000000] inst=[000037fd] DASM(000037fd)
C0:       2763 [1] pc=[000000008000276e] W[r 0=0000000000000000][0] R[r15=00000000000003b4] R[r 0=0000000000000000] inst=[0000ffed] DASM(0000ffed)
C0:       2780 [1] pc=[0000000080002768] W[r 0=0000000000000000][0] R[r13=0000000080022800] R[r14=0010001000000000] inst=[04e6b07b] DASM(04e6b07b)
C0:       2781 [1] pc=[000000008000276c] W[r15=00000000000003b3][1] R[r15=00000000000003b4] R[r 0=0000000000000000] inst=[000037fd] DASM(000037fd)
C0:       2782 [1] pc=[000000008000276e] W[r 0=0000000000000000][0] R[r15=00000000000003b3] R[r 0=0000000000000000] inst=[0000ffed] DASM(0000ffed)
C0:       2796 [1] pc=[0000000080002768] W[r 0=0000000000000000][0] R[r13=0000000080022800] R[r14=0010001000000000] inst=[04e6b07b] DASM(04e6b07b)
C0:       2797 [1] pc=[000000008000276c] W[r15=00000000000003b2][1] R[r15=00000000000003b3] R[r 0=0000000000000000] inst=[000037fd] DASM(000037fd)
C0:       2798 [1] pc=[000000008000276e] W[r 0=0000000000000000][0] R[r15=00000000000003b2] R[r 0=0000000000000000] inst=[0000ffed] DASM(0000ffed)
C0:       2816 [1] pc=[0000000080002768] W[r 0=0000000000000000][0] R[r13=0000000080022800] R[r14=0010001000000000] inst=[04e6b07b] DASM(04e6b07b)
C0:       2817 [1] pc=[000000008000276c] W[r15=00000000000003b1][1] R[r15=00000000000003b2] R[r 0=0000000000000000] inst=[000037fd] DASM(000037fd)
C0:       2818 [1] pc=[000000008000276e] W[r 0=0000000000000000][0] R[r15=00000000000003b1] R[r 0=0000000000000000] inst=[0000ffed] DASM(0000ffed)
C0:       2833 [1] pc=[0000000080002768] W[r 0=0000000000000000][0] R[r13=0000000080022800] R[r14=0010001000000000] inst=[04e6b07b] DASM(04e6b07b)
C0:       2834 [1] pc=[000000008000276c] W[r15=00000000000003b0][1] R[r15=00000000000003b1] R[r 0=0000000000000000] inst=[000037fd] DASM(000037fd)
C0:       2835 [1] pc=[000000008000276e] W[r 0=0000000000000000][0] R[r15=00000000000003b0] R[r 0=0000000000000000] inst=[0000ffed] DASM(0000ffed)
C0:       2851 [1] pc=[0000000080002768] W[r 0=0000000000000000][0] R[r13=0000000080022800] R[r14=0010001000000000] inst=[04e6b07b] DASM(04e6b07b)
C0:       2852 [1] pc=[000000008000276c] W[r15=00000000000003af][1] R[r15=00000000000003b0] R[r 0=0000000000000000] inst=[000037fd] DASM(000037fd)
C0:       2853 [1] pc=[000000008000276e] W[r 0=0000000000000000][0] R[r15=00000000000003af] R[r 0=0000000000000000] inst=[0000ffed] DASM(0000ffed)
C0:       2869 [1] pc=[0000000080002768] W[r 0=0000000000000000][0] R[r13=0000000080022800] R[r14=0010001000000000] inst=[04e6b07b] DASM(04e6b07b)
C0:       2870 [1] pc=[000000008000276c] W[r15=00000000000003ae][1] R[r15=00000000000003af] R[r 0=0000000000000000] inst=[000037fd] DASM(000037fd)
C0:       2871 [1] pc=[000000008000276e] W[r 0=0000000000000000][0] R[r15=00000000000003ae] R[r 0=0000000000000000] inst=[0000ffed] DASM(0000ffed)
C0:       2886 [1] pc=[0000000080002768] W[r 0=0000000000000000][0] R[r13=0000000080022800] R[r14=0010001000000000] inst=[04e6b07b] DASM(04e6b07b)
C0:       2887 [1] pc=[000000008000276c] W[r15=00000000000003ad][1] R[r15=00000000000003ae] R[r 0=0000000000000000] inst=[000037fd] DASM(000037fd)
C0:       2888 [1] pc=[000000008000276e] W[r 0=0000000000000000][0] R[r15=00000000000003ad] R[r 0=0000000000000000] inst=[0000ffed] DASM(0000ffed)
C0:       2905 [1] pc=[0000000080002768] W[r 0=0000000000000000][0] R[r13=0000000080022800] R[r14=0010001000000000] inst=[04e6b07b] DASM(04e6b07b)
C0:       2906 [1] pc=[000000008000276c] W[r15=00000000000003ac][1] R[r15=00000000000003ad] R[r 0=0000000000000000] inst=[000037fd] DASM(000037fd)
C0:       2907 [1] pc=[000000008000276e] W[r 0=0000000000000000][0] R[r15=00000000000003ac] R[r 0=0000000000000000] inst=[0000ffed] DASM(0000ffed)
C0:       2922 [1] pc=[0000000080002768] W[r 0=0000000000000000][0] R[r13=0000000080022800] R[r14=0010001000000000] inst=[04e6b07b] DASM(04e6b07b)
C0:       2923 [1] pc=[000000008000276c] W[r15=00000000000003ab][1] R[r15=00000000000003ac] R[r 0=0000000000000000] inst=[000037fd] DASM(000037fd)
C0:       2924 [1] pc=[000000008000276e] W[r 0=0000000000000000][0] R[r15=00000000000003ab] R[r 0=0000000000000000] inst=[0000ffed] DASM(0000ffed)
C0:       2940 [1] pc=[0000000080002768] W[r 0=0000000000000000][0] R[r13=0000000080022800] R[r14=0010001000000000] inst=[04e6b07b] DASM(04e6b07b)
C0:       2941 [1] pc=[000000008000276c] W[r15=00000000000003aa][1] R[r15=00000000000003ab] R[r 0=0000000000000000] inst=[000037fd] DASM(000037fd)
C0:       2942 [1] pc=[000000008000276e] W[r 0=0000000000000000][0] R[r15=00000000000003aa] R[r 0=0000000000000000] inst=[0000ffed] DASM(0000ffed)
C0:       2958 [1] pc=[0000000080002768] W[r 0=0000000000000000][0] R[r13=0000000080022800] R[r14=0010001000000000] inst=[04e6b07b] DASM(04e6b07b)
C0:       2959 [1] pc=[000000008000276c] W[r15=00000000000003a9][1] R[r15=00000000000003aa] R[r 0=0000000000000000] inst=[000037fd] DASM(000037fd)
C0:       2960 [1] pc=[000000008000276e] W[r 0=0000000000000000][0] R[r15=00000000000003a9] R[r 0=0000000000000000] inst=[0000ffed] DASM(0000ffed)
C0:       2975 [1] pc=[0000000080002768] W[r 0=0000000000000000][0] R[r13=0000000080022800] R[r14=0010001000000000] inst=[04e6b07b] DASM(04e6b07b)
C0:       2976 [1] pc=[000000008000276c] W[r15=00000000000003a8][1] R[r15=00000000000003a9] R[r 0=0000000000000000] inst=[000037fd] DASM(000037fd)
C0:       2977 [1] pc=[000000008000276e] W[r 0=0000000000000000][0] R[r15=00000000000003a8] R[r 0=0000000000000000] inst=[0000ffed] DASM(0000ffed)
C0:       2994 [1] pc=[0000000080002768] W[r 0=0000000000000000][0] R[r13=0000000080022800] R[r14=0010001000000000] inst=[04e6b07b] DASM(04e6b07b)
C0:       2995 [1] pc=[000000008000276c] W[r15=00000000000003a7][1] R[r15=00000000000003a8] R[r 0=0000000000000000] inst=[000037fd] DASM(000037fd)
C0:       2996 [1] pc=[000000008000276e] W[r 0=0000000000000000][0] R[r15=00000000000003a7] R[r 0=0000000000000000] inst=[0000ffed] DASM(0000ffed)
C0:       3011 [1] pc=[0000000080002768] W[r 0=0000000000000000][0] R[r13=0000000080022800] R[r14=0010001000000000] inst=[04e6b07b] DASM(04e6b07b)
C0:       3012 [1] pc=[000000008000276c] W[r15=00000000000003a6][1] R[r15=00000000000003a7] R[r 0=0000000000000000] inst=[000037fd] DASM(000037fd)
C0:       3013 [1] pc=[000000008000276e] W[r 0=0000000000000000][0] R[r15=00000000000003a6] R[r 0=0000000000000000] inst=[0000ffed] DASM(0000ffed)
C0:       3029 [1] pc=[0000000080002768] W[r 0=0000000000000000][0] R[r13=0000000080022800] R[r14=0010001000000000] inst=[04e6b07b] DASM(04e6b07b)
C0:       3030 [1] pc=[000000008000276c] W[r15=00000000000003a5][1] R[r15=00000000000003a6] R[r 0=0000000000000000] inst=[000037fd] DASM(000037fd)
C0:       3031 [1] pc=[000000008000276e] W[r 0=0000000000000000][0] R[r15=00000000000003a5] R[r 0=0000000000000000] inst=[0000ffed] DASM(0000ffed)
C0:       3047 [1] pc=[0000000080002768] W[r 0=0000000000000000][0] R[r13=0000000080022800] R[r14=0010001000000000] inst=[04e6b07b] DASM(04e6b07b)
C0:       3048 [1] pc=[000000008000276c] W[r15=00000000000003a4][1] R[r15=00000000000003a5] R[r 0=0000000000000000] inst=[000037fd] DASM(000037fd)
C0:       3049 [1] pc=[000000008000276e] W[r 0=0000000000000000][0] R[r15=00000000000003a4] R[r 0=0000000000000000] inst=[0000ffed] DASM(0000ffed)
C0:       3064 [1] pc=[0000000080002768] W[r 0=0000000000000000][0] R[r13=0000000080022800] R[r14=0010001000000000] inst=[04e6b07b] DASM(04e6b07b)
C0:       3065 [1] pc=[000000008000276c] W[r15=00000000000003a3][1] R[r15=00000000000003a4] R[r 0=0000000000000000] inst=[000037fd] DASM(000037fd)
C0:       3066 [1] pc=[000000008000276e] W[r 0=0000000000000000][0] R[r15=00000000000003a3] R[r 0=0000000000000000] inst=[0000ffed] DASM(0000ffed)
C0:       3083 [1] pc=[0000000080002768] W[r 0=0000000000000000][0] R[r13=0000000080022800] R[r14=0010001000000000] inst=[04e6b07b] DASM(04e6b07b)
C0:       3084 [1] pc=[000000008000276c] W[r15=00000000000003a2][1] R[r15=00000000000003a3] R[r 0=0000000000000000] inst=[000037fd] DASM(000037fd)
C0:       3085 [1] pc=[000000008000276e] W[r 0=0000000000000000][0] R[r15=00000000000003a2] R[r 0=0000000000000000] inst=[0000ffed] DASM(0000ffed)
C0:       3099 [1] pc=[0000000080002768] W[r 0=0000000000000000][0] R[r13=0000000080022800] R[r14=0010001000000000] inst=[04e6b07b] DASM(04e6b07b)
C0:       3100 [1] pc=[000000008000276c] W[r15=00000000000003a1][1] R[r15=00000000000003a2] R[r 0=0000000000000000] inst=[000037fd] DASM(000037fd)
C0:       3101 [1] pc=[000000008000276e] W[r 0=0000000000000000][0] R[r15=00000000000003a1] R[r 0=0000000000000000] inst=[0000ffed] DASM(0000ffed)
C0:       3118 [1] pc=[0000000080002768] W[r 0=0000000000000000][0] R[r13=0000000080022800] R[r14=0010001000000000] inst=[04e6b07b] DASM(04e6b07b)
C0:       3119 [1] pc=[000000008000276c] W[r15=00000000000003a0][1] R[r15=00000000000003a1] R[r 0=0000000000000000] inst=[000037fd] DASM(000037fd)
C0:       3120 [1] pc=[000000008000276e] W[r 0=0000000000000000][0] R[r15=00000000000003a0] R[r 0=0000000000000000] inst=[0000ffed] DASM(0000ffed)
C0:       3135 [1] pc=[0000000080002768] W[r 0=0000000000000000][0] R[r13=0000000080022800] R[r14=0010001000000000] inst=[04e6b07b] DASM(04e6b07b)
C0:       3136 [1] pc=[000000008000276c] W[r15=000000000000039f][1] R[r15=00000000000003a0] R[r 0=0000000000000000] inst=[000037fd] DASM(000037fd)
C0:       3137 [1] pc=[000000008000276e] W[r 0=0000000000000000][0] R[r15=000000000000039f] R[r 0=0000000000000000] inst=[0000ffed] DASM(0000ffed)
C0:       3153 [1] pc=[0000000080002768] W[r 0=0000000000000000][0] R[r13=0000000080022800] R[r14=0010001000000000] inst=[04e6b07b] DASM(04e6b07b)
C0:       3154 [1] pc=[000000008000276c] W[r15=000000000000039e][1] R[r15=000000000000039f] R[r 0=0000000000000000] inst=[000037fd] DASM(000037fd)
C0:       3155 [1] pc=[000000008000276e] W[r 0=0000000000000000][0] R[r15=000000000000039e] R[r 0=0000000000000000] inst=[0000ffed] DASM(0000ffed)
C0:       3171 [1] pc=[0000000080002768] W[r 0=0000000000000000][0] R[r13=0000000080022800] R[r14=0010001000000000] inst=[04e6b07b] DASM(04e6b07b)
C0:       3172 [1] pc=[000000008000276c] W[r15=000000000000039d][1] R[r15=000000000000039e] R[r 0=0000000000000000] inst=[000037fd] DASM(000037fd)
C0:       3173 [1] pc=[000000008000276e] W[r 0=0000000000000000][0] R[r15=000000000000039d] R[r 0=0000000000000000] inst=[0000ffed] DASM(0000ffed)
C0:       3188 [1] pc=[0000000080002768] W[r 0=0000000000000000][0] R[r13=0000000080022800] R[r14=0010001000000000] inst=[04e6b07b] DASM(04e6b07b)
C0:       3189 [1] pc=[000000008000276c] W[r15=000000000000039c][1] R[r15=000000000000039d] R[r 0=0000000000000000] inst=[000037fd] DASM(000037fd)
C0:       3190 [1] pc=[000000008000276e] W[r 0=0000000000000000][0] R[r15=000000000000039c] R[r 0=0000000000000000] inst=[0000ffed] DASM(0000ffed)
C0:       3206 [1] pc=[0000000080002768] W[r 0=0000000000000000][0] R[r13=0000000080022800] R[r14=0010001000000000] inst=[04e6b07b] DASM(04e6b07b)
C0:       3207 [1] pc=[000000008000276c] W[r15=000000000000039b][1] R[r15=000000000000039c] R[r 0=0000000000000000] inst=[000037fd] DASM(000037fd)
C0:       3208 [1] pc=[000000008000276e] W[r 0=0000000000000000][0] R[r15=000000000000039b] R[r 0=0000000000000000] inst=[0000ffed] DASM(0000ffed)
C0:       3224 [1] pc=[0000000080002768] W[r 0=0000000000000000][0] R[r13=0000000080022800] R[r14=0010001000000000] inst=[04e6b07b] DASM(04e6b07b)
C0:       3225 [1] pc=[000000008000276c] W[r15=000000000000039a][1] R[r15=000000000000039b] R[r 0=0000000000000000] inst=[000037fd] DASM(000037fd)
C0:       3226 [1] pc=[000000008000276e] W[r 0=0000000000000000][0] R[r15=000000000000039a] R[r 0=0000000000000000] inst=[0000ffed] DASM(0000ffed)
C0:       3241 [1] pc=[0000000080002768] W[r 0=0000000000000000][0] R[r13=0000000080022800] R[r14=0010001000000000] inst=[04e6b07b] DASM(04e6b07b)
C0:       3242 [1] pc=[000000008000276c] W[r15=0000000000000399][1] R[r15=000000000000039a] R[r 0=0000000000000000] inst=[000037fd] DASM(000037fd)
C0:       3243 [1] pc=[000000008000276e] W[r 0=0000000000000000][0] R[r15=0000000000000399] R[r 0=0000000000000000] inst=[0000ffed] DASM(0000ffed)
C0:       3260 [1] pc=[0000000080002768] W[r 0=0000000000000000][0] R[r13=0000000080022800] R[r14=0010001000000000] inst=[04e6b07b] DASM(04e6b07b)
C0:       3261 [1] pc=[000000008000276c] W[r15=0000000000000398][1] R[r15=0000000000000399] R[r 0=0000000000000000] inst=[000037fd] DASM(000037fd)
C0:       3262 [1] pc=[000000008000276e] W[r 0=0000000000000000][0] R[r15=0000000000000398] R[r 0=0000000000000000] inst=[0000ffed] DASM(0000ffed)
C0:       3276 [1] pc=[0000000080002768] W[r 0=0000000000000000][0] R[r13=0000000080022800] R[r14=0010001000000000] inst=[04e6b07b] DASM(04e6b07b)
C0:       3277 [1] pc=[000000008000276c] W[r15=0000000000000397][1] R[r15=0000000000000398] R[r 0=0000000000000000] inst=[000037fd] DASM(000037fd)
C0:       3278 [1] pc=[000000008000276e] W[r 0=0000000000000000][0] R[r15=0000000000000397] R[r 0=0000000000000000] inst=[0000ffed] DASM(0000ffed)
C0:       3296 [1] pc=[0000000080002768] W[r 0=0000000000000000][0] R[r13=0000000080022800] R[r14=0010001000000000] inst=[04e6b07b] DASM(04e6b07b)
C0:       3297 [1] pc=[000000008000276c] W[r15=0000000000000396][1] R[r15=0000000000000397] R[r 0=0000000000000000] inst=[000037fd] DASM(000037fd)
C0:       3298 [1] pc=[000000008000276e] W[r 0=0000000000000000][0] R[r15=0000000000000396] R[r 0=0000000000000000] inst=[0000ffed] DASM(0000ffed)
C0:       3313 [1] pc=[0000000080002768] W[r 0=0000000000000000][0] R[r13=0000000080022800] R[r14=0010001000000000] inst=[04e6b07b] DASM(04e6b07b)
C0:       3314 [1] pc=[000000008000276c] W[r15=0000000000000395][1] R[r15=0000000000000396] R[r 0=0000000000000000] inst=[000037fd] DASM(000037fd)
C0:       3315 [1] pc=[000000008000276e] W[r 0=0000000000000000][0] R[r15=0000000000000395] R[r 0=0000000000000000] inst=[0000ffed] DASM(0000ffed)
C0:       3331 [1] pc=[0000000080002768] W[r 0=0000000000000000][0] R[r13=0000000080022800] R[r14=0010001000000000] inst=[04e6b07b] DASM(04e6b07b)
C0:       3332 [1] pc=[000000008000276c] W[r15=0000000000000394][1] R[r15=0000000000000395] R[r 0=0000000000000000] inst=[000037fd] DASM(000037fd)
C0:       3333 [1] pc=[000000008000276e] W[r 0=0000000000000000][0] R[r15=0000000000000394] R[r 0=0000000000000000] inst=[0000ffed] DASM(0000ffed)
C0:       3349 [1] pc=[0000000080002768] W[r 0=0000000000000000][0] R[r13=0000000080022800] R[r14=0010001000000000] inst=[04e6b07b] DASM(04e6b07b)
C0:       3350 [1] pc=[000000008000276c] W[r15=0000000000000393][1] R[r15=0000000000000394] R[r 0=0000000000000000] inst=[000037fd] DASM(000037fd)
C0:       3351 [1] pc=[000000008000276e] W[r 0=0000000000000000][0] R[r15=0000000000000393] R[r 0=0000000000000000] inst=[0000ffed] DASM(0000ffed)
C0:       3366 [1] pc=[0000000080002768] W[r 0=0000000000000000][0] R[r13=0000000080022800] R[r14=0010001000000000] inst=[04e6b07b] DASM(04e6b07b)
C0:       3367 [1] pc=[000000008000276c] W[r15=0000000000000392][1] R[r15=0000000000000393] R[r 0=0000000000000000] inst=[000037fd] DASM(000037fd)
C0:       3368 [1] pc=[000000008000276e] W[r 0=0000000000000000][0] R[r15=0000000000000392] R[r 0=0000000000000000] inst=[0000ffed] DASM(0000ffed)
C0:       3385 [1] pc=[0000000080002768] W[r 0=0000000000000000][0] R[r13=0000000080022800] R[r14=0010001000000000] inst=[04e6b07b] DASM(04e6b07b)
C0:       3386 [1] pc=[000000008000276c] W[r15=0000000000000391][1] R[r15=0000000000000392] R[r 0=0000000000000000] inst=[000037fd] DASM(000037fd)
C0:       3387 [1] pc=[000000008000276e] W[r 0=0000000000000000][0] R[r15=0000000000000391] R[r 0=0000000000000000] inst=[0000ffed] DASM(0000ffed)
C0:       3402 [1] pc=[0000000080002768] W[r 0=0000000000000000][0] R[r13=0000000080022800] R[r14=0010001000000000] inst=[04e6b07b] DASM(04e6b07b)
C0:       3403 [1] pc=[000000008000276c] W[r15=0000000000000390][1] R[r15=0000000000000391] R[r 0=0000000000000000] inst=[000037fd] DASM(000037fd)
C0:       3404 [1] pc=[000000008000276e] W[r 0=0000000000000000][0] R[r15=0000000000000390] R[r 0=0000000000000000] inst=[0000ffed] DASM(0000ffed)
C0:       3420 [1] pc=[0000000080002768] W[r 0=0000000000000000][0] R[r13=0000000080022800] R[r14=0010001000000000] inst=[04e6b07b] DASM(04e6b07b)
C0:       3421 [1] pc=[000000008000276c] W[r15=000000000000038f][1] R[r15=0000000000000390] R[r 0=0000000000000000] inst=[000037fd] DASM(000037fd)
C0:       3422 [1] pc=[000000008000276e] W[r 0=0000000000000000][0] R[r15=000000000000038f] R[r 0=0000000000000000] inst=[0000ffed] DASM(0000ffed)
C0:       3438 [1] pc=[0000000080002768] W[r 0=0000000000000000][0] R[r13=0000000080022800] R[r14=0010001000000000] inst=[04e6b07b] DASM(04e6b07b)
C0:       3439 [1] pc=[000000008000276c] W[r15=000000000000038e][1] R[r15=000000000000038f] R[r 0=0000000000000000] inst=[000037fd] DASM(000037fd)
C0:       3440 [1] pc=[000000008000276e] W[r 0=0000000000000000][0] R[r15=000000000000038e] R[r 0=0000000000000000] inst=[0000ffed] DASM(0000ffed)
C0:       3455 [1] pc=[0000000080002768] W[r 0=0000000000000000][0] R[r13=0000000080022800] R[r14=0010001000000000] inst=[04e6b07b] DASM(04e6b07b)
C0:       3456 [1] pc=[000000008000276c] W[r15=000000000000038d][1] R[r15=000000000000038e] R[r 0=0000000000000000] inst=[000037fd] DASM(000037fd)
C0:       3457 [1] pc=[000000008000276e] W[r 0=0000000000000000][0] R[r15=000000000000038d] R[r 0=0000000000000000] inst=[0000ffed] DASM(0000ffed)
C0:       3474 [1] pc=[0000000080002768] W[r 0=0000000000000000][0] R[r13=0000000080022800] R[r14=0010001000000000] inst=[04e6b07b] DASM(04e6b07b)
C0:       3475 [1] pc=[000000008000276c] W[r15=000000000000038c][1] R[r15=000000000000038d] R[r 0=0000000000000000] inst=[000037fd] DASM(000037fd)
C0:       3476 [1] pc=[000000008000276e] W[r 0=0000000000000000][0] R[r15=000000000000038c] R[r 0=0000000000000000] inst=[0000ffed] DASM(0000ffed)
C0:       3491 [1] pc=[0000000080002768] W[r 0=0000000000000000][0] R[r13=0000000080022800] R[r14=0010001000000000] inst=[04e6b07b] DASM(04e6b07b)
C0:       3492 [1] pc=[000000008000276c] W[r15=000000000000038b][1] R[r15=000000000000038c] R[r 0=0000000000000000] inst=[000037fd] DASM(000037fd)
C0:       3493 [1] pc=[000000008000276e] W[r 0=0000000000000000][0] R[r15=000000000000038b] R[r 0=0000000000000000] inst=[0000ffed] DASM(0000ffed)
C0:       3509 [1] pc=[0000000080002768] W[r 0=0000000000000000][0] R[r13=0000000080022800] R[r14=0010001000000000] inst=[04e6b07b] DASM(04e6b07b)
C0:       3510 [1] pc=[000000008000276c] W[r15=000000000000038a][1] R[r15=000000000000038b] R[r 0=0000000000000000] inst=[000037fd] DASM(000037fd)
C0:       3511 [1] pc=[000000008000276e] W[r 0=0000000000000000][0] R[r15=000000000000038a] R[r 0=0000000000000000] inst=[0000ffed] DASM(0000ffed)
C0:       3527 [1] pc=[0000000080002768] W[r 0=0000000000000000][0] R[r13=0000000080022800] R[r14=0010001000000000] inst=[04e6b07b] DASM(04e6b07b)
C0:       3528 [1] pc=[000000008000276c] W[r15=0000000000000389][1] R[r15=000000000000038a] R[r 0=0000000000000000] inst=[000037fd] DASM(000037fd)
C0:       3529 [1] pc=[000000008000276e] W[r 0=0000000000000000][0] R[r15=0000000000000389] R[r 0=0000000000000000] inst=[0000ffed] DASM(0000ffed)
C0:       3544 [1] pc=[0000000080002768] W[r 0=0000000000000000][0] R[r13=0000000080022800] R[r14=0010001000000000] inst=[04e6b07b] DASM(04e6b07b)
C0:       3545 [1] pc=[000000008000276c] W[r15=0000000000000388][1] R[r15=0000000000000389] R[r 0=0000000000000000] inst=[000037fd] DASM(000037fd)
C0:       3546 [1] pc=[000000008000276e] W[r 0=0000000000000000][0] R[r15=0000000000000388] R[r 0=0000000000000000] inst=[0000ffed] DASM(0000ffed)
C0:       3563 [1] pc=[0000000080002768] W[r 0=0000000000000000][0] R[r13=0000000080022800] R[r14=0010001000000000] inst=[04e6b07b] DASM(04e6b07b)
C0:       3564 [1] pc=[000000008000276c] W[r15=0000000000000387][1] R[r15=0000000000000388] R[r 0=0000000000000000] inst=[000037fd] DASM(000037fd)
C0:       3565 [1] pc=[000000008000276e] W[r 0=0000000000000000][0] R[r15=0000000000000387] R[r 0=0000000000000000] inst=[0000ffed] DASM(0000ffed)
C0:       3579 [1] pc=[0000000080002768] W[r 0=0000000000000000][0] R[r13=0000000080022800] R[r14=0010001000000000] inst=[04e6b07b] DASM(04e6b07b)
C0:       3580 [1] pc=[000000008000276c] W[r15=0000000000000386][1] R[r15=0000000000000387] R[r 0=0000000000000000] inst=[000037fd] DASM(000037fd)
C0:       3581 [1] pc=[000000008000276e] W[r 0=0000000000000000][0] R[r15=0000000000000386] R[r 0=0000000000000000] inst=[0000ffed] DASM(0000ffed)
C0:       3598 [1] pc=[0000000080002768] W[r 0=0000000000000000][0] R[r13=0000000080022800] R[r14=0010001000000000] inst=[04e6b07b] DASM(04e6b07b)
C0:       3599 [1] pc=[000000008000276c] W[r15=0000000000000385][1] R[r15=0000000000000386] R[r 0=0000000000000000] inst=[000037fd] DASM(000037fd)
C0:       3600 [1] pc=[000000008000276e] W[r 0=0000000000000000][0] R[r15=0000000000000385] R[r 0=0000000000000000] inst=[0000ffed] DASM(0000ffed)
C0:       3615 [1] pc=[0000000080002768] W[r 0=0000000000000000][0] R[r13=0000000080022800] R[r14=0010001000000000] inst=[04e6b07b] DASM(04e6b07b)
C0:       3616 [1] pc=[000000008000276c] W[r15=0000000000000384][1] R[r15=0000000000000385] R[r 0=0000000000000000] inst=[000037fd] DASM(000037fd)
C0:       3617 [1] pc=[000000008000276e] W[r 0=0000000000000000][0] R[r15=0000000000000384] R[r 0=0000000000000000] inst=[0000ffed] DASM(0000ffed)
C0:       3633 [1] pc=[0000000080002768] W[r 0=0000000000000000][0] R[r13=0000000080022800] R[r14=0010001000000000] inst=[04e6b07b] DASM(04e6b07b)
C0:       3634 [1] pc=[000000008000276c] W[r15=0000000000000383][1] R[r15=0000000000000384] R[r 0=0000000000000000] inst=[000037fd] DASM(000037fd)
C0:       3635 [1] pc=[000000008000276e] W[r 0=0000000000000000][0] R[r15=0000000000000383] R[r 0=0000000000000000] inst=[0000ffed] DASM(0000ffed)
C0:       3651 [1] pc=[0000000080002768] W[r 0=0000000000000000][0] R[r13=0000000080022800] R[r14=0010001000000000] inst=[04e6b07b] DASM(04e6b07b)
C0:       3652 [1] pc=[000000008000276c] W[r15=0000000000000382][1] R[r15=0000000000000383] R[r 0=0000000000000000] inst=[000037fd] DASM(000037fd)
C0:       3653 [1] pc=[000000008000276e] W[r 0=0000000000000000][0] R[r15=0000000000000382] R[r 0=0000000000000000] inst=[0000ffed] DASM(0000ffed)
C0:       3668 [1] pc=[0000000080002768] W[r 0=0000000000000000][0] R[r13=0000000080022800] R[r14=0010001000000000] inst=[04e6b07b] DASM(04e6b07b)
C0:       3669 [1] pc=[000000008000276c] W[r15=0000000000000381][1] R[r15=0000000000000382] R[r 0=0000000000000000] inst=[000037fd] DASM(000037fd)
C0:       3670 [1] pc=[000000008000276e] W[r 0=0000000000000000][0] R[r15=0000000000000381] R[r 0=0000000000000000] inst=[0000ffed] DASM(0000ffed)
C0:       3686 [1] pc=[0000000080002768] W[r 0=0000000000000000][0] R[r13=0000000080022800] R[r14=0010001000000000] inst=[04e6b07b] DASM(04e6b07b)
C0:       3687 [1] pc=[000000008000276c] W[r15=0000000000000380][1] R[r15=0000000000000381] R[r 0=0000000000000000] inst=[000037fd] DASM(000037fd)
C0:       3688 [1] pc=[000000008000276e] W[r 0=0000000000000000][0] R[r15=0000000000000380] R[r 0=0000000000000000] inst=[0000ffed] DASM(0000ffed)
C0:       3704 [1] pc=[0000000080002768] W[r 0=0000000000000000][0] R[r13=0000000080022800] R[r14=0010001000000000] inst=[04e6b07b] DASM(04e6b07b)
C0:       3705 [1] pc=[000000008000276c] W[r15=000000000000037f][1] R[r15=0000000000000380] R[r 0=0000000000000000] inst=[000037fd] DASM(000037fd)
C0:       3706 [1] pc=[000000008000276e] W[r 0=0000000000000000][0] R[r15=000000000000037f] R[r 0=0000000000000000] inst=[0000ffed] DASM(0000ffed)
C0:       3721 [1] pc=[0000000080002768] W[r 0=0000000000000000][0] R[r13=0000000080022800] R[r14=0010001000000000] inst=[04e6b07b] DASM(04e6b07b)
C0:       3722 [1] pc=[000000008000276c] W[r15=000000000000037e][1] R[r15=000000000000037f] R[r 0=0000000000000000] inst=[000037fd] DASM(000037fd)
C0:       3723 [1] pc=[000000008000276e] W[r 0=0000000000000000][0] R[r15=000000000000037e] R[r 0=0000000000000000] inst=[0000ffed] DASM(0000ffed)
C0:       3740 [1] pc=[0000000080002768] W[r 0=0000000000000000][0] R[r13=0000000080022800] R[r14=0010001000000000] inst=[04e6b07b] DASM(04e6b07b)
C0:       3741 [1] pc=[000000008000276c] W[r15=000000000000037d][1] R[r15=000000000000037e] R[r 0=0000000000000000] inst=[000037fd] DASM(000037fd)
C0:       3742 [1] pc=[000000008000276e] W[r 0=0000000000000000][0] R[r15=000000000000037d] R[r 0=0000000000000000] inst=[0000ffed] DASM(0000ffed)
C0:       3756 [1] pc=[0000000080002768] W[r 0=0000000000000000][0] R[r13=0000000080022800] R[r14=0010001000000000] inst=[04e6b07b] DASM(04e6b07b)
C0:       3757 [1] pc=[000000008000276c] W[r15=000000000000037c][1] R[r15=000000000000037d] R[r 0=0000000000000000] inst=[000037fd] DASM(000037fd)
C0:       3758 [1] pc=[000000008000276e] W[r 0=0000000000000000][0] R[r15=000000000000037c] R[r 0=0000000000000000] inst=[0000ffed] DASM(0000ffed)
C0:       3776 [1] pc=[0000000080002768] W[r 0=0000000000000000][0] R[r13=0000000080022800] R[r14=0010001000000000] inst=[04e6b07b] DASM(04e6b07b)
C0:       3777 [1] pc=[000000008000276c] W[r15=000000000000037b][1] R[r15=000000000000037c] R[r 0=0000000000000000] inst=[000037fd] DASM(000037fd)
C0:       3778 [1] pc=[000000008000276e] W[r 0=0000000000000000][0] R[r15=000000000000037b] R[r 0=0000000000000000] inst=[0000ffed] DASM(0000ffed)
C0:       3793 [1] pc=[0000000080002768] W[r 0=0000000000000000][0] R[r13=0000000080022800] R[r14=0010001000000000] inst=[04e6b07b] DASM(04e6b07b)
C0:       3794 [1] pc=[000000008000276c] W[r15=000000000000037a][1] R[r15=000000000000037b] R[r 0=0000000000000000] inst=[000037fd] DASM(000037fd)
C0:       3795 [1] pc=[000000008000276e] W[r 0=0000000000000000][0] R[r15=000000000000037a] R[r 0=0000000000000000] inst=[0000ffed] DASM(0000ffed)
C0:       3811 [1] pc=[0000000080002768] W[r 0=0000000000000000][0] R[r13=0000000080022800] R[r14=0010001000000000] inst=[04e6b07b] DASM(04e6b07b)
C0:       3812 [1] pc=[000000008000276c] W[r15=0000000000000379][1] R[r15=000000000000037a] R[r 0=0000000000000000] inst=[000037fd] DASM(000037fd)
C0:       3813 [1] pc=[000000008000276e] W[r 0=0000000000000000][0] R[r15=0000000000000379] R[r 0=0000000000000000] inst=[0000ffed] DASM(0000ffed)
C0:       3829 [1] pc=[0000000080002768] W[r 0=0000000000000000][0] R[r13=0000000080022800] R[r14=0010001000000000] inst=[04e6b07b] DASM(04e6b07b)
C0:       3830 [1] pc=[000000008000276c] W[r15=0000000000000378][1] R[r15=0000000000000379] R[r 0=0000000000000000] inst=[000037fd] DASM(000037fd)
C0:       3831 [1] pc=[000000008000276e] W[r 0=0000000000000000][0] R[r15=0000000000000378] R[r 0=0000000000000000] inst=[0000ffed] DASM(0000ffed)
C0:       3846 [1] pc=[0000000080002768] W[r 0=0000000000000000][0] R[r13=0000000080022800] R[r14=0010001000000000] inst=[04e6b07b] DASM(04e6b07b)
C0:       3847 [1] pc=[000000008000276c] W[r15=0000000000000377][1] R[r15=0000000000000378] R[r 0=0000000000000000] inst=[000037fd] DASM(000037fd)
C0:       3848 [1] pc=[000000008000276e] W[r 0=0000000000000000][0] R[r15=0000000000000377] R[r 0=0000000000000000] inst=[0000ffed] DASM(0000ffed)
C0:       3865 [1] pc=[0000000080002768] W[r 0=0000000000000000][0] R[r13=0000000080022800] R[r14=0010001000000000] inst=[04e6b07b] DASM(04e6b07b)
C0:       3866 [1] pc=[000000008000276c] W[r15=0000000000000376][1] R[r15=0000000000000377] R[r 0=0000000000000000] inst=[000037fd] DASM(000037fd)
C0:       3867 [1] pc=[000000008000276e] W[r 0=0000000000000000][0] R[r15=0000000000000376] R[r 0=0000000000000000] inst=[0000ffed] DASM(0000ffed)
C0:       3882 [1] pc=[0000000080002768] W[r 0=0000000000000000][0] R[r13=0000000080022800] R[r14=0010001000000000] inst=[04e6b07b] DASM(04e6b07b)
C0:       3883 [1] pc=[000000008000276c] W[r15=0000000000000375][1] R[r15=0000000000000376] R[r 0=0000000000000000] inst=[000037fd] DASM(000037fd)
C0:       3884 [1] pc=[000000008000276e] W[r 0=0000000000000000][0] R[r15=0000000000000375] R[r 0=0000000000000000] inst=[0000ffed] DASM(0000ffed)
C0:       3900 [1] pc=[0000000080002768] W[r 0=0000000000000000][0] R[r13=0000000080022800] R[r14=0010001000000000] inst=[04e6b07b] DASM(04e6b07b)
C0:       3901 [1] pc=[000000008000276c] W[r15=0000000000000374][1] R[r15=0000000000000375] R[r 0=0000000000000000] inst=[000037fd] DASM(000037fd)
C0:       3902 [1] pc=[000000008000276e] W[r 0=0000000000000000][0] R[r15=0000000000000374] R[r 0=0000000000000000] inst=[0000ffed] DASM(0000ffed)
C0:       3918 [1] pc=[0000000080002768] W[r 0=0000000000000000][0] R[r13=0000000080022800] R[r14=0010001000000000] inst=[04e6b07b] DASM(04e6b07b)
C0:       3919 [1] pc=[000000008000276c] W[r15=0000000000000373][1] R[r15=0000000000000374] R[r 0=0000000000000000] inst=[000037fd] DASM(000037fd)
C0:       3920 [1] pc=[000000008000276e] W[r 0=0000000000000000][0] R[r15=0000000000000373] R[r 0=0000000000000000] inst=[0000ffed] DASM(0000ffed)
C0:       3935 [1] pc=[0000000080002768] W[r 0=0000000000000000][0] R[r13=0000000080022800] R[r14=0010001000000000] inst=[04e6b07b] DASM(04e6b07b)
C0:       3936 [1] pc=[000000008000276c] W[r15=0000000000000372][1] R[r15=0000000000000373] R[r 0=0000000000000000] inst=[000037fd] DASM(000037fd)
C0:       3937 [1] pc=[000000008000276e] W[r 0=0000000000000000][0] R[r15=0000000000000372] R[r 0=0000000000000000] inst=[0000ffed] DASM(0000ffed)
C0:       3954 [1] pc=[0000000080002768] W[r 0=0000000000000000][0] R[r13=0000000080022800] R[r14=0010001000000000] inst=[04e6b07b] DASM(04e6b07b)
C0:       3955 [1] pc=[000000008000276c] W[r15=0000000000000371][1] R[r15=0000000000000372] R[r 0=0000000000000000] inst=[000037fd] DASM(000037fd)
C0:       3956 [1] pc=[000000008000276e] W[r 0=0000000000000000][0] R[r15=0000000000000371] R[r 0=0000000000000000] inst=[0000ffed] DASM(0000ffed)
C0:       3971 [1] pc=[0000000080002768] W[r 0=0000000000000000][0] R[r13=0000000080022800] R[r14=0010001000000000] inst=[04e6b07b] DASM(04e6b07b)
C0:       3972 [1] pc=[000000008000276c] W[r15=0000000000000370][1] R[r15=0000000000000371] R[r 0=0000000000000000] inst=[000037fd] DASM(000037fd)
C0:       3973 [1] pc=[000000008000276e] W[r 0=0000000000000000][0] R[r15=0000000000000370] R[r 0=0000000000000000] inst=[0000ffed] DASM(0000ffed)
C0:       3989 [1] pc=[0000000080002768] W[r 0=0000000000000000][0] R[r13=0000000080022800] R[r14=0010001000000000] inst=[04e6b07b] DASM(04e6b07b)
C0:       3990 [1] pc=[000000008000276c] W[r15=000000000000036f][1] R[r15=0000000000000370] R[r 0=0000000000000000] inst=[000037fd] DASM(000037fd)
C0:       3991 [1] pc=[000000008000276e] W[r 0=0000000000000000][0] R[r15=000000000000036f] R[r 0=0000000000000000] inst=[0000ffed] DASM(0000ffed)
C0:       4007 [1] pc=[0000000080002768] W[r 0=0000000000000000][0] R[r13=0000000080022800] R[r14=0010001000000000] inst=[04e6b07b] DASM(04e6b07b)
C0:       4008 [1] pc=[000000008000276c] W[r15=000000000000036e][1] R[r15=000000000000036f] R[r 0=0000000000000000] inst=[000037fd] DASM(000037fd)
C0:       4009 [1] pc=[000000008000276e] W[r 0=0000000000000000][0] R[r15=000000000000036e] R[r 0=0000000000000000] inst=[0000ffed] DASM(0000ffed)
C0:       4024 [1] pc=[0000000080002768] W[r 0=0000000000000000][0] R[r13=0000000080022800] R[r14=0010001000000000] inst=[04e6b07b] DASM(04e6b07b)
C0:       4025 [1] pc=[000000008000276c] W[r15=000000000000036d][1] R[r15=000000000000036e] R[r 0=0000000000000000] inst=[000037fd] DASM(000037fd)
C0:       4026 [1] pc=[000000008000276e] W[r 0=0000000000000000][0] R[r15=000000000000036d] R[r 0=0000000000000000] inst=[0000ffed] DASM(0000ffed)
C0:       4043 [1] pc=[0000000080002768] W[r 0=0000000000000000][0] R[r13=0000000080022800] R[r14=0010001000000000] inst=[04e6b07b] DASM(04e6b07b)
C0:       4044 [1] pc=[000000008000276c] W[r15=000000000000036c][1] R[r15=000000000000036d] R[r 0=0000000000000000] inst=[000037fd] DASM(000037fd)
C0:       4045 [1] pc=[000000008000276e] W[r 0=0000000000000000][0] R[r15=000000000000036c] R[r 0=0000000000000000] inst=[0000ffed] DASM(0000ffed)
C0:       4059 [1] pc=[0000000080002768] W[r 0=0000000000000000][0] R[r13=0000000080022800] R[r14=0010001000000000] inst=[04e6b07b] DASM(04e6b07b)
C0:       4060 [1] pc=[000000008000276c] W[r15=000000000000036b][1] R[r15=000000000000036c] R[r 0=0000000000000000] inst=[000037fd] DASM(000037fd)
C0:       4061 [1] pc=[000000008000276e] W[r 0=0000000000000000][0] R[r15=000000000000036b] R[r 0=0000000000000000] inst=[0000ffed] DASM(0000ffed)
C0:       4078 [1] pc=[0000000080002768] W[r 0=0000000000000000][0] R[r13=0000000080022800] R[r14=0010001000000000] inst=[04e6b07b] DASM(04e6b07b)
C0:       4079 [1] pc=[000000008000276c] W[r15=000000000000036a][1] R[r15=000000000000036b] R[r 0=0000000000000000] inst=[000037fd] DASM(000037fd)
C0:       4080 [1] pc=[000000008000276e] W[r 0=0000000000000000][0] R[r15=000000000000036a] R[r 0=0000000000000000] inst=[0000ffed] DASM(0000ffed)
C0:       4095 [1] pc=[0000000080002768] W[r 0=0000000000000000][0] R[r13=0000000080022800] R[r14=0010001000000000] inst=[04e6b07b] DASM(04e6b07b)
C0:       4096 [1] pc=[000000008000276c] W[r15=0000000000000369][1] R[r15=000000000000036a] R[r 0=0000000000000000] inst=[000037fd] DASM(000037fd)
C0:       4097 [1] pc=[000000008000276e] W[r 0=0000000000000000][0] R[r15=0000000000000369] R[r 0=0000000000000000] inst=[0000ffed] DASM(0000ffed)
C0:       4113 [1] pc=[0000000080002768] W[r 0=0000000000000000][0] R[r13=0000000080022800] R[r14=0010001000000000] inst=[04e6b07b] DASM(04e6b07b)
C0:       4114 [1] pc=[000000008000276c] W[r15=0000000000000368][1] R[r15=0000000000000369] R[r 0=0000000000000000] inst=[000037fd] DASM(000037fd)
C0:       4115 [1] pc=[000000008000276e] W[r 0=0000000000000000][0] R[r15=0000000000000368] R[r 0=0000000000000000] inst=[0000ffed] DASM(0000ffed)
C0:       4131 [1] pc=[0000000080002768] W[r 0=0000000000000000][0] R[r13=0000000080022800] R[r14=0010001000000000] inst=[04e6b07b] DASM(04e6b07b)
C0:       4132 [1] pc=[000000008000276c] W[r15=0000000000000367][1] R[r15=0000000000000368] R[r 0=0000000000000000] inst=[000037fd] DASM(000037fd)
C0:       4133 [1] pc=[000000008000276e] W[r 0=0000000000000000][0] R[r15=0000000000000367] R[r 0=0000000000000000] inst=[0000ffed] DASM(0000ffed)
C0:       4148 [1] pc=[0000000080002768] W[r 0=0000000000000000][0] R[r13=0000000080022800] R[r14=0010001000000000] inst=[04e6b07b] DASM(04e6b07b)
C0:       4149 [1] pc=[000000008000276c] W[r15=0000000000000366][1] R[r15=0000000000000367] R[r 0=0000000000000000] inst=[000037fd] DASM(000037fd)
C0:       4150 [1] pc=[000000008000276e] W[r 0=0000000000000000][0] R[r15=0000000000000366] R[r 0=0000000000000000] inst=[0000ffed] DASM(0000ffed)
C0:       4166 [1] pc=[0000000080002768] W[r 0=0000000000000000][0] R[r13=0000000080022800] R[r14=0010001000000000] inst=[04e6b07b] DASM(04e6b07b)
C0:       4167 [1] pc=[000000008000276c] W[r15=0000000000000365][1] R[r15=0000000000000366] R[r 0=0000000000000000] inst=[000037fd] DASM(000037fd)
C0:       4168 [1] pc=[000000008000276e] W[r 0=0000000000000000][0] R[r15=0000000000000365] R[r 0=0000000000000000] inst=[0000ffed] DASM(0000ffed)
C0:       4184 [1] pc=[0000000080002768] W[r 0=0000000000000000][0] R[r13=0000000080022800] R[r14=0010001000000000] inst=[04e6b07b] DASM(04e6b07b)
C0:       4185 [1] pc=[000000008000276c] W[r15=0000000000000364][1] R[r15=0000000000000365] R[r 0=0000000000000000] inst=[000037fd] DASM(000037fd)
C0:       4186 [1] pc=[000000008000276e] W[r 0=0000000000000000][0] R[r15=0000000000000364] R[r 0=0000000000000000] inst=[0000ffed] DASM(0000ffed)
C0:       4201 [1] pc=[0000000080002768] W[r 0=0000000000000000][0] R[r13=0000000080022800] R[r14=0010001000000000] inst=[04e6b07b] DASM(04e6b07b)
C0:       4202 [1] pc=[000000008000276c] W[r15=0000000000000363][1] R[r15=0000000000000364] R[r 0=0000000000000000] inst=[000037fd] DASM(000037fd)
C0:       4203 [1] pc=[000000008000276e] W[r 0=0000000000000000][0] R[r15=0000000000000363] R[r 0=0000000000000000] inst=[0000ffed] DASM(0000ffed)
C0:       4220 [1] pc=[0000000080002768] W[r 0=0000000000000000][0] R[r13=0000000080022800] R[r14=0010001000000000] inst=[04e6b07b] DASM(04e6b07b)
C0:       4221 [1] pc=[000000008000276c] W[r15=0000000000000362][1] R[r15=0000000000000363] R[r 0=0000000000000000] inst=[000037fd] DASM(000037fd)
C0:       4222 [1] pc=[000000008000276e] W[r 0=0000000000000000][0] R[r15=0000000000000362] R[r 0=0000000000000000] inst=[0000ffed] DASM(0000ffed)
C0:       4236 [1] pc=[0000000080002768] W[r 0=0000000000000000][0] R[r13=0000000080022800] R[r14=0010001000000000] inst=[04e6b07b] DASM(04e6b07b)
C0:       4237 [1] pc=[000000008000276c] W[r15=0000000000000361][1] R[r15=0000000000000362] R[r 0=0000000000000000] inst=[000037fd] DASM(000037fd)
C0:       4238 [1] pc=[000000008000276e] W[r 0=0000000000000000][0] R[r15=0000000000000361] R[r 0=0000000000000000] inst=[0000ffed] DASM(0000ffed)
C0:       4256 [1] pc=[0000000080002768] W[r 0=0000000000000000][0] R[r13=0000000080022800] R[r14=0010001000000000] inst=[04e6b07b] DASM(04e6b07b)
C0:       4257 [1] pc=[000000008000276c] W[r15=0000000000000360][1] R[r15=0000000000000361] R[r 0=0000000000000000] inst=[000037fd] DASM(000037fd)
C0:       4258 [1] pc=[000000008000276e] W[r 0=0000000000000000][0] R[r15=0000000000000360] R[r 0=0000000000000000] inst=[0000ffed] DASM(0000ffed)
C0:       4273 [1] pc=[0000000080002768] W[r 0=0000000000000000][0] R[r13=0000000080022800] R[r14=0010001000000000] inst=[04e6b07b] DASM(04e6b07b)
C0:       4274 [1] pc=[000000008000276c] W[r15=000000000000035f][1] R[r15=0000000000000360] R[r 0=0000000000000000] inst=[000037fd] DASM(000037fd)
C0:       4275 [1] pc=[000000008000276e] W[r 0=0000000000000000][0] R[r15=000000000000035f] R[r 0=0000000000000000] inst=[0000ffed] DASM(0000ffed)
C0:       4291 [1] pc=[0000000080002768] W[r 0=0000000000000000][0] R[r13=0000000080022800] R[r14=0010001000000000] inst=[04e6b07b] DASM(04e6b07b)
C0:       4292 [1] pc=[000000008000276c] W[r15=000000000000035e][1] R[r15=000000000000035f] R[r 0=0000000000000000] inst=[000037fd] DASM(000037fd)
C0:       4293 [1] pc=[000000008000276e] W[r 0=0000000000000000][0] R[r15=000000000000035e] R[r 0=0000000000000000] inst=[0000ffed] DASM(0000ffed)
C0:       4309 [1] pc=[0000000080002768] W[r 0=0000000000000000][0] R[r13=0000000080022800] R[r14=0010001000000000] inst=[04e6b07b] DASM(04e6b07b)
C0:       4310 [1] pc=[000000008000276c] W[r15=000000000000035d][1] R[r15=000000000000035e] R[r 0=0000000000000000] inst=[000037fd] DASM(000037fd)
C0:       4311 [1] pc=[000000008000276e] W[r 0=0000000000000000][0] R[r15=000000000000035d] R[r 0=0000000000000000] inst=[0000ffed] DASM(0000ffed)
C0:       4326 [1] pc=[0000000080002768] W[r 0=0000000000000000][0] R[r13=0000000080022800] R[r14=0010001000000000] inst=[04e6b07b] DASM(04e6b07b)
C0:       4327 [1] pc=[000000008000276c] W[r15=000000000000035c][1] R[r15=000000000000035d] R[r 0=0000000000000000] inst=[000037fd] DASM(000037fd)
C0:       4328 [1] pc=[000000008000276e] W[r 0=0000000000000000][0] R[r15=000000000000035c] R[r 0=0000000000000000] inst=[0000ffed] DASM(0000ffed)
C0:       4345 [1] pc=[0000000080002768] W[r 0=0000000000000000][0] R[r13=0000000080022800] R[r14=0010001000000000] inst=[04e6b07b] DASM(04e6b07b)
C0:       4346 [1] pc=[000000008000276c] W[r15=000000000000035b][1] R[r15=000000000000035c] R[r 0=0000000000000000] inst=[000037fd] DASM(000037fd)
C0:       4347 [1] pc=[000000008000276e] W[r 0=0000000000000000][0] R[r15=000000000000035b] R[r 0=0000000000000000] inst=[0000ffed] DASM(0000ffed)
C0:       4362 [1] pc=[0000000080002768] W[r 0=0000000000000000][0] R[r13=0000000080022800] R[r14=0010001000000000] inst=[04e6b07b] DASM(04e6b07b)
C0:       4363 [1] pc=[000000008000276c] W[r15=000000000000035a][1] R[r15=000000000000035b] R[r 0=0000000000000000] inst=[000037fd] DASM(000037fd)
C0:       4364 [1] pc=[000000008000276e] W[r 0=0000000000000000][0] R[r15=000000000000035a] R[r 0=0000000000000000] inst=[0000ffed] DASM(0000ffed)
C0:       4380 [1] pc=[0000000080002768] W[r 0=0000000000000000][0] R[r13=0000000080022800] R[r14=0010001000000000] inst=[04e6b07b] DASM(04e6b07b)
C0:       4381 [1] pc=[000000008000276c] W[r15=0000000000000359][1] R[r15=000000000000035a] R[r 0=0000000000000000] inst=[000037fd] DASM(000037fd)
C0:       4382 [1] pc=[000000008000276e] W[r 0=0000000000000000][0] R[r15=0000000000000359] R[r 0=0000000000000000] inst=[0000ffed] DASM(0000ffed)
C0:       4398 [1] pc=[0000000080002768] W[r 0=0000000000000000][0] R[r13=0000000080022800] R[r14=0010001000000000] inst=[04e6b07b] DASM(04e6b07b)
C0:       4399 [1] pc=[000000008000276c] W[r15=0000000000000358][1] R[r15=0000000000000359] R[r 0=0000000000000000] inst=[000037fd] DASM(000037fd)
C0:       4400 [1] pc=[000000008000276e] W[r 0=0000000000000000][0] R[r15=0000000000000358] R[r 0=0000000000000000] inst=[0000ffed] DASM(0000ffed)
C0:       4415 [1] pc=[0000000080002768] W[r 0=0000000000000000][0] R[r13=0000000080022800] R[r14=0010001000000000] inst=[04e6b07b] DASM(04e6b07b)
C0:       4416 [1] pc=[000000008000276c] W[r15=0000000000000357][1] R[r15=0000000000000358] R[r 0=0000000000000000] inst=[000037fd] DASM(000037fd)
C0:       4417 [1] pc=[000000008000276e] W[r 0=0000000000000000][0] R[r15=0000000000000357] R[r 0=0000000000000000] inst=[0000ffed] DASM(0000ffed)
C0:       4434 [1] pc=[0000000080002768] W[r 0=0000000000000000][0] R[r13=0000000080022800] R[r14=0010001000000000] inst=[04e6b07b] DASM(04e6b07b)
C0:       4435 [1] pc=[000000008000276c] W[r15=0000000000000356][1] R[r15=0000000000000357] R[r 0=0000000000000000] inst=[000037fd] DASM(000037fd)
C0:       4436 [1] pc=[000000008000276e] W[r 0=0000000000000000][0] R[r15=0000000000000356] R[r 0=0000000000000000] inst=[0000ffed] DASM(0000ffed)
C0:       4451 [1] pc=[0000000080002768] W[r 0=0000000000000000][0] R[r13=0000000080022800] R[r14=0010001000000000] inst=[04e6b07b] DASM(04e6b07b)
C0:       4452 [1] pc=[000000008000276c] W[r15=0000000000000355][1] R[r15=0000000000000356] R[r 0=0000000000000000] inst=[000037fd] DASM(000037fd)
C0:       4453 [1] pc=[000000008000276e] W[r 0=0000000000000000][0] R[r15=0000000000000355] R[r 0=0000000000000000] inst=[0000ffed] DASM(0000ffed)
C0:       4469 [1] pc=[0000000080002768] W[r 0=0000000000000000][0] R[r13=0000000080022800] R[r14=0010001000000000] inst=[04e6b07b] DASM(04e6b07b)
C0:       4470 [1] pc=[000000008000276c] W[r15=0000000000000354][1] R[r15=0000000000000355] R[r 0=0000000000000000] inst=[000037fd] DASM(000037fd)
C0:       4471 [1] pc=[000000008000276e] W[r 0=0000000000000000][0] R[r15=0000000000000354] R[r 0=0000000000000000] inst=[0000ffed] DASM(0000ffed)
C0:       4487 [1] pc=[0000000080002768] W[r 0=0000000000000000][0] R[r13=0000000080022800] R[r14=0010001000000000] inst=[04e6b07b] DASM(04e6b07b)
C0:       4488 [1] pc=[000000008000276c] W[r15=0000000000000353][1] R[r15=0000000000000354] R[r 0=0000000000000000] inst=[000037fd] DASM(000037fd)
C0:       4489 [1] pc=[000000008000276e] W[r 0=0000000000000000][0] R[r15=0000000000000353] R[r 0=0000000000000000] inst=[0000ffed] DASM(0000ffed)
C0:       4504 [1] pc=[0000000080002768] W[r 0=0000000000000000][0] R[r13=0000000080022800] R[r14=0010001000000000] inst=[04e6b07b] DASM(04e6b07b)
C0:       4505 [1] pc=[000000008000276c] W[r15=0000000000000352][1] R[r15=0000000000000353] R[r 0=0000000000000000] inst=[000037fd] DASM(000037fd)
C0:       4506 [1] pc=[000000008000276e] W[r 0=0000000000000000][0] R[r15=0000000000000352] R[r 0=0000000000000000] inst=[0000ffed] DASM(0000ffed)
C0:       4523 [1] pc=[0000000080002768] W[r 0=0000000000000000][0] R[r13=0000000080022800] R[r14=0010001000000000] inst=[04e6b07b] DASM(04e6b07b)
C0:       4524 [1] pc=[000000008000276c] W[r15=0000000000000351][1] R[r15=0000000000000352] R[r 0=0000000000000000] inst=[000037fd] DASM(000037fd)
C0:       4525 [1] pc=[000000008000276e] W[r 0=0000000000000000][0] R[r15=0000000000000351] R[r 0=0000000000000000] inst=[0000ffed] DASM(0000ffed)
C0:       4539 [1] pc=[0000000080002768] W[r 0=0000000000000000][0] R[r13=0000000080022800] R[r14=0010001000000000] inst=[04e6b07b] DASM(04e6b07b)
C0:       4540 [1] pc=[000000008000276c] W[r15=0000000000000350][1] R[r15=0000000000000351] R[r 0=0000000000000000] inst=[000037fd] DASM(000037fd)
C0:       4541 [1] pc=[000000008000276e] W[r 0=0000000000000000][0] R[r15=0000000000000350] R[r 0=0000000000000000] inst=[0000ffed] DASM(0000ffed)
C0:       4558 [1] pc=[0000000080002768] W[r 0=0000000000000000][0] R[r13=0000000080022800] R[r14=0010001000000000] inst=[04e6b07b] DASM(04e6b07b)
C0:       4559 [1] pc=[000000008000276c] W[r15=000000000000034f][1] R[r15=0000000000000350] R[r 0=0000000000000000] inst=[000037fd] DASM(000037fd)
C0:       4560 [1] pc=[000000008000276e] W[r 0=0000000000000000][0] R[r15=000000000000034f] R[r 0=0000000000000000] inst=[0000ffed] DASM(0000ffed)
C0:       4575 [1] pc=[0000000080002768] W[r 0=0000000000000000][0] R[r13=0000000080022800] R[r14=0010001000000000] inst=[04e6b07b] DASM(04e6b07b)
C0:       4576 [1] pc=[000000008000276c] W[r15=000000000000034e][1] R[r15=000000000000034f] R[r 0=0000000000000000] inst=[000037fd] DASM(000037fd)
C0:       4577 [1] pc=[000000008000276e] W[r 0=0000000000000000][0] R[r15=000000000000034e] R[r 0=0000000000000000] inst=[0000ffed] DASM(0000ffed)
C0:       4593 [1] pc=[0000000080002768] W[r 0=0000000000000000][0] R[r13=0000000080022800] R[r14=0010001000000000] inst=[04e6b07b] DASM(04e6b07b)
C0:       4594 [1] pc=[000000008000276c] W[r15=000000000000034d][1] R[r15=000000000000034e] R[r 0=0000000000000000] inst=[000037fd] DASM(000037fd)
C0:       4595 [1] pc=[000000008000276e] W[r 0=0000000000000000][0] R[r15=000000000000034d] R[r 0=0000000000000000] inst=[0000ffed] DASM(0000ffed)
C0:       4611 [1] pc=[0000000080002768] W[r 0=0000000000000000][0] R[r13=0000000080022800] R[r14=0010001000000000] inst=[04e6b07b] DASM(04e6b07b)
C0:       4612 [1] pc=[000000008000276c] W[r15=000000000000034c][1] R[r15=000000000000034d] R[r 0=0000000000000000] inst=[000037fd] DASM(000037fd)
C0:       4613 [1] pc=[000000008000276e] W[r 0=0000000000000000][0] R[r15=000000000000034c] R[r 0=0000000000000000] inst=[0000ffed] DASM(0000ffed)
C0:       4628 [1] pc=[0000000080002768] W[r 0=0000000000000000][0] R[r13=0000000080022800] R[r14=0010001000000000] inst=[04e6b07b] DASM(04e6b07b)
C0:       4629 [1] pc=[000000008000276c] W[r15=000000000000034b][1] R[r15=000000000000034c] R[r 0=0000000000000000] inst=[000037fd] DASM(000037fd)
C0:       4630 [1] pc=[000000008000276e] W[r 0=0000000000000000][0] R[r15=000000000000034b] R[r 0=0000000000000000] inst=[0000ffed] DASM(0000ffed)
C0:       4646 [1] pc=[0000000080002768] W[r 0=0000000000000000][0] R[r13=0000000080022800] R[r14=0010001000000000] inst=[04e6b07b] DASM(04e6b07b)
C0:       4647 [1] pc=[000000008000276c] W[r15=000000000000034a][1] R[r15=000000000000034b] R[r 0=0000000000000000] inst=[000037fd] DASM(000037fd)
C0:       4648 [1] pc=[000000008000276e] W[r 0=0000000000000000][0] R[r15=000000000000034a] R[r 0=0000000000000000] inst=[0000ffed] DASM(0000ffed)
C0:       4664 [1] pc=[0000000080002768] W[r 0=0000000000000000][0] R[r13=0000000080022800] R[r14=0010001000000000] inst=[04e6b07b] DASM(04e6b07b)
C0:       4665 [1] pc=[000000008000276c] W[r15=0000000000000349][1] R[r15=000000000000034a] R[r 0=0000000000000000] inst=[000037fd] DASM(000037fd)
C0:       4666 [1] pc=[000000008000276e] W[r 0=0000000000000000][0] R[r15=0000000000000349] R[r 0=0000000000000000] inst=[0000ffed] DASM(0000ffed)
C0:       4681 [1] pc=[0000000080002768] W[r 0=0000000000000000][0] R[r13=0000000080022800] R[r14=0010001000000000] inst=[04e6b07b] DASM(04e6b07b)
C0:       4682 [1] pc=[000000008000276c] W[r15=0000000000000348][1] R[r15=0000000000000349] R[r 0=0000000000000000] inst=[000037fd] DASM(000037fd)
C0:       4683 [1] pc=[000000008000276e] W[r 0=0000000000000000][0] R[r15=0000000000000348] R[r 0=0000000000000000] inst=[0000ffed] DASM(0000ffed)
C0:       4700 [1] pc=[0000000080002768] W[r 0=0000000000000000][0] R[r13=0000000080022800] R[r14=0010001000000000] inst=[04e6b07b] DASM(04e6b07b)
C0:       4701 [1] pc=[000000008000276c] W[r15=0000000000000347][1] R[r15=0000000000000348] R[r 0=0000000000000000] inst=[000037fd] DASM(000037fd)
C0:       4702 [1] pc=[000000008000276e] W[r 0=0000000000000000][0] R[r15=0000000000000347] R[r 0=0000000000000000] inst=[0000ffed] DASM(0000ffed)
C0:       4716 [1] pc=[0000000080002768] W[r 0=0000000000000000][0] R[r13=0000000080022800] R[r14=0010001000000000] inst=[04e6b07b] DASM(04e6b07b)
C0:       4717 [1] pc=[000000008000276c] W[r15=0000000000000346][1] R[r15=0000000000000347] R[r 0=0000000000000000] inst=[000037fd] DASM(000037fd)
C0:       4718 [1] pc=[000000008000276e] W[r 0=0000000000000000][0] R[r15=0000000000000346] R[r 0=0000000000000000] inst=[0000ffed] DASM(0000ffed)
C0:       4736 [1] pc=[0000000080002768] W[r 0=0000000000000000][0] R[r13=0000000080022800] R[r14=0010001000000000] inst=[04e6b07b] DASM(04e6b07b)
C0:       4737 [1] pc=[000000008000276c] W[r15=0000000000000345][1] R[r15=0000000000000346] R[r 0=0000000000000000] inst=[000037fd] DASM(000037fd)
C0:       4738 [1] pc=[000000008000276e] W[r 0=0000000000000000][0] R[r15=0000000000000345] R[r 0=0000000000000000] inst=[0000ffed] DASM(0000ffed)
C0:       4753 [1] pc=[0000000080002768] W[r 0=0000000000000000][0] R[r13=0000000080022800] R[r14=0010001000000000] inst=[04e6b07b] DASM(04e6b07b)
C0:       4754 [1] pc=[000000008000276c] W[r15=0000000000000344][1] R[r15=0000000000000345] R[r 0=0000000000000000] inst=[000037fd] DASM(000037fd)
C0:       4755 [1] pc=[000000008000276e] W[r 0=0000000000000000][0] R[r15=0000000000000344] R[r 0=0000000000000000] inst=[0000ffed] DASM(0000ffed)
C0:       4771 [1] pc=[0000000080002768] W[r 0=0000000000000000][0] R[r13=0000000080022800] R[r14=0010001000000000] inst=[04e6b07b] DASM(04e6b07b)
C0:       4772 [1] pc=[000000008000276c] W[r15=0000000000000343][1] R[r15=0000000000000344] R[r 0=0000000000000000] inst=[000037fd] DASM(000037fd)
C0:       4773 [1] pc=[000000008000276e] W[r 0=0000000000000000][0] R[r15=0000000000000343] R[r 0=0000000000000000] inst=[0000ffed] DASM(0000ffed)
C0:       4789 [1] pc=[0000000080002768] W[r 0=0000000000000000][0] R[r13=0000000080022800] R[r14=0010001000000000] inst=[04e6b07b] DASM(04e6b07b)
C0:       4790 [1] pc=[000000008000276c] W[r15=0000000000000342][1] R[r15=0000000000000343] R[r 0=0000000000000000] inst=[000037fd] DASM(000037fd)
C0:       4791 [1] pc=[000000008000276e] W[r 0=0000000000000000][0] R[r15=0000000000000342] R[r 0=0000000000000000] inst=[0000ffed] DASM(0000ffed)
C0:       4806 [1] pc=[0000000080002768] W[r 0=0000000000000000][0] R[r13=0000000080022800] R[r14=0010001000000000] inst=[04e6b07b] DASM(04e6b07b)
C0:       4807 [1] pc=[000000008000276c] W[r15=0000000000000341][1] R[r15=0000000000000342] R[r 0=0000000000000000] inst=[000037fd] DASM(000037fd)
C0:       4808 [1] pc=[000000008000276e] W[r 0=0000000000000000][0] R[r15=0000000000000341] R[r 0=0000000000000000] inst=[0000ffed] DASM(0000ffed)
C0:       4825 [1] pc=[0000000080002768] W[r 0=0000000000000000][0] R[r13=0000000080022800] R[r14=0010001000000000] inst=[04e6b07b] DASM(04e6b07b)
C0:       4826 [1] pc=[000000008000276c] W[r15=0000000000000340][1] R[r15=0000000000000341] R[r 0=0000000000000000] inst=[000037fd] DASM(000037fd)
C0:       4827 [1] pc=[000000008000276e] W[r 0=0000000000000000][0] R[r15=0000000000000340] R[r 0=0000000000000000] inst=[0000ffed] DASM(0000ffed)
C0:       4842 [1] pc=[0000000080002768] W[r 0=0000000000000000][0] R[r13=0000000080022800] R[r14=0010001000000000] inst=[04e6b07b] DASM(04e6b07b)
C0:       4843 [1] pc=[000000008000276c] W[r15=000000000000033f][1] R[r15=0000000000000340] R[r 0=0000000000000000] inst=[000037fd] DASM(000037fd)
C0:       4844 [1] pc=[000000008000276e] W[r 0=0000000000000000][0] R[r15=000000000000033f] R[r 0=0000000000000000] inst=[0000ffed] DASM(0000ffed)
C0:       4860 [1] pc=[0000000080002768] W[r 0=0000000000000000][0] R[r13=0000000080022800] R[r14=0010001000000000] inst=[04e6b07b] DASM(04e6b07b)
C0:       4861 [1] pc=[000000008000276c] W[r15=000000000000033e][1] R[r15=000000000000033f] R[r 0=0000000000000000] inst=[000037fd] DASM(000037fd)
C0:       4862 [1] pc=[000000008000276e] W[r 0=0000000000000000][0] R[r15=000000000000033e] R[r 0=0000000000000000] inst=[0000ffed] DASM(0000ffed)
C0:       4878 [1] pc=[0000000080002768] W[r 0=0000000000000000][0] R[r13=0000000080022800] R[r14=0010001000000000] inst=[04e6b07b] DASM(04e6b07b)
C0:       4879 [1] pc=[000000008000276c] W[r15=000000000000033d][1] R[r15=000000000000033e] R[r 0=0000000000000000] inst=[000037fd] DASM(000037fd)
C0:       4880 [1] pc=[000000008000276e] W[r 0=0000000000000000][0] R[r15=000000000000033d] R[r 0=0000000000000000] inst=[0000ffed] DASM(0000ffed)
C0:       4895 [1] pc=[0000000080002768] W[r 0=0000000000000000][0] R[r13=0000000080022800] R[r14=0010001000000000] inst=[04e6b07b] DASM(04e6b07b)
C0:       4896 [1] pc=[000000008000276c] W[r15=000000000000033c][1] R[r15=000000000000033d] R[r 0=0000000000000000] inst=[000037fd] DASM(000037fd)
C0:       4897 [1] pc=[000000008000276e] W[r 0=0000000000000000][0] R[r15=000000000000033c] R[r 0=0000000000000000] inst=[0000ffed] DASM(0000ffed)
C0:       4914 [1] pc=[0000000080002768] W[r 0=0000000000000000][0] R[r13=0000000080022800] R[r14=0010001000000000] inst=[04e6b07b] DASM(04e6b07b)
C0:       4915 [1] pc=[000000008000276c] W[r15=000000000000033b][1] R[r15=000000000000033c] R[r 0=0000000000000000] inst=[000037fd] DASM(000037fd)
C0:       4916 [1] pc=[000000008000276e] W[r 0=0000000000000000][0] R[r15=000000000000033b] R[r 0=0000000000000000] inst=[0000ffed] DASM(0000ffed)
C0:       4931 [1] pc=[0000000080002768] W[r 0=0000000000000000][0] R[r13=0000000080022800] R[r14=0010001000000000] inst=[04e6b07b] DASM(04e6b07b)
C0:       4932 [1] pc=[000000008000276c] W[r15=000000000000033a][1] R[r15=000000000000033b] R[r 0=0000000000000000] inst=[000037fd] DASM(000037fd)
C0:       4933 [1] pc=[000000008000276e] W[r 0=0000000000000000][0] R[r15=000000000000033a] R[r 0=0000000000000000] inst=[0000ffed] DASM(0000ffed)
C0:       4949 [1] pc=[0000000080002768] W[r 0=0000000000000000][0] R[r13=0000000080022800] R[r14=0010001000000000] inst=[04e6b07b] DASM(04e6b07b)
C0:       4950 [1] pc=[000000008000276c] W[r15=0000000000000339][1] R[r15=000000000000033a] R[r 0=0000000000000000] inst=[000037fd] DASM(000037fd)
C0:       4951 [1] pc=[000000008000276e] W[r 0=0000000000000000][0] R[r15=0000000000000339] R[r 0=0000000000000000] inst=[0000ffed] DASM(0000ffed)
C0:       4967 [1] pc=[0000000080002768] W[r 0=0000000000000000][0] R[r13=0000000080022800] R[r14=0010001000000000] inst=[04e6b07b] DASM(04e6b07b)
C0:       4968 [1] pc=[000000008000276c] W[r15=0000000000000338][1] R[r15=0000000000000339] R[r 0=0000000000000000] inst=[000037fd] DASM(000037fd)
C0:       4969 [1] pc=[000000008000276e] W[r 0=0000000000000000][0] R[r15=0000000000000338] R[r 0=0000000000000000] inst=[0000ffed] DASM(0000ffed)
C0:       4984 [1] pc=[0000000080002768] W[r 0=0000000000000000][0] R[r13=0000000080022800] R[r14=0010001000000000] inst=[04e6b07b] DASM(04e6b07b)
C0:       4985 [1] pc=[000000008000276c] W[r15=0000000000000337][1] R[r15=0000000000000338] R[r 0=0000000000000000] inst=[000037fd] DASM(000037fd)
C0:       4986 [1] pc=[000000008000276e] W[r 0=0000000000000000][0] R[r15=0000000000000337] R[r 0=0000000000000000] inst=[0000ffed] DASM(0000ffed)
C0:       5003 [1] pc=[0000000080002768] W[r 0=0000000000000000][0] R[r13=0000000080022800] R[r14=0010001000000000] inst=[04e6b07b] DASM(04e6b07b)
C0:       5004 [1] pc=[000000008000276c] W[r15=0000000000000336][1] R[r15=0000000000000337] R[r 0=0000000000000000] inst=[000037fd] DASM(000037fd)
C0:       5005 [1] pc=[000000008000276e] W[r 0=0000000000000000][0] R[r15=0000000000000336] R[r 0=0000000000000000] inst=[0000ffed] DASM(0000ffed)
C0:       5019 [1] pc=[0000000080002768] W[r 0=0000000000000000][0] R[r13=0000000080022800] R[r14=0010001000000000] inst=[04e6b07b] DASM(04e6b07b)
C0:       5020 [1] pc=[000000008000276c] W[r15=0000000000000335][1] R[r15=0000000000000336] R[r 0=0000000000000000] inst=[000037fd] DASM(000037fd)
C0:       5021 [1] pc=[000000008000276e] W[r 0=0000000000000000][0] R[r15=0000000000000335] R[r 0=0000000000000000] inst=[0000ffed] DASM(0000ffed)
C0:       5038 [1] pc=[0000000080002768] W[r 0=0000000000000000][0] R[r13=0000000080022800] R[r14=0010001000000000] inst=[04e6b07b] DASM(04e6b07b)
C0:       5039 [1] pc=[000000008000276c] W[r15=0000000000000334][1] R[r15=0000000000000335] R[r 0=0000000000000000] inst=[000037fd] DASM(000037fd)
C0:       5040 [1] pc=[000000008000276e] W[r 0=0000000000000000][0] R[r15=0000000000000334] R[r 0=0000000000000000] inst=[0000ffed] DASM(0000ffed)
C0:       5055 [1] pc=[0000000080002768] W[r 0=0000000000000000][0] R[r13=0000000080022800] R[r14=0010001000000000] inst=[04e6b07b] DASM(04e6b07b)
C0:       5056 [1] pc=[000000008000276c] W[r15=0000000000000333][1] R[r15=0000000000000334] R[r 0=0000000000000000] inst=[000037fd] DASM(000037fd)
C0:       5057 [1] pc=[000000008000276e] W[r 0=0000000000000000][0] R[r15=0000000000000333] R[r 0=0000000000000000] inst=[0000ffed] DASM(0000ffed)
C0:       5073 [1] pc=[0000000080002768] W[r 0=0000000000000000][0] R[r13=0000000080022800] R[r14=0010001000000000] inst=[04e6b07b] DASM(04e6b07b)
C0:       5074 [1] pc=[000000008000276c] W[r15=0000000000000332][1] R[r15=0000000000000333] R[r 0=0000000000000000] inst=[000037fd] DASM(000037fd)
C0:       5075 [1] pc=[000000008000276e] W[r 0=0000000000000000][0] R[r15=0000000000000332] R[r 0=0000000000000000] inst=[0000ffed] DASM(0000ffed)
C0:       5091 [1] pc=[0000000080002768] W[r 0=0000000000000000][0] R[r13=0000000080022800] R[r14=0010001000000000] inst=[04e6b07b] DASM(04e6b07b)
C0:       5092 [1] pc=[000000008000276c] W[r15=0000000000000331][1] R[r15=0000000000000332] R[r 0=0000000000000000] inst=[000037fd] DASM(000037fd)
C0:       5093 [1] pc=[000000008000276e] W[r 0=0000000000000000][0] R[r15=0000000000000331] R[r 0=0000000000000000] inst=[0000ffed] DASM(0000ffed)
C0:       5108 [1] pc=[0000000080002768] W[r 0=0000000000000000][0] R[r13=0000000080022800] R[r14=0010001000000000] inst=[04e6b07b] DASM(04e6b07b)
C0:       5109 [1] pc=[000000008000276c] W[r15=0000000000000330][1] R[r15=0000000000000331] R[r 0=0000000000000000] inst=[000037fd] DASM(000037fd)
C0:       5110 [1] pc=[000000008000276e] W[r 0=0000000000000000][0] R[r15=0000000000000330] R[r 0=0000000000000000] inst=[0000ffed] DASM(0000ffed)
C0:       5126 [1] pc=[0000000080002768] W[r 0=0000000000000000][0] R[r13=0000000080022800] R[r14=0010001000000000] inst=[04e6b07b] DASM(04e6b07b)
C0:       5127 [1] pc=[000000008000276c] W[r15=000000000000032f][1] R[r15=0000000000000330] R[r 0=0000000000000000] inst=[000037fd] DASM(000037fd)
C0:       5128 [1] pc=[000000008000276e] W[r 0=0000000000000000][0] R[r15=000000000000032f] R[r 0=0000000000000000] inst=[0000ffed] DASM(0000ffed)
C0:       5144 [1] pc=[0000000080002768] W[r 0=0000000000000000][0] R[r13=0000000080022800] R[r14=0010001000000000] inst=[04e6b07b] DASM(04e6b07b)
C0:       5145 [1] pc=[000000008000276c] W[r15=000000000000032e][1] R[r15=000000000000032f] R[r 0=0000000000000000] inst=[000037fd] DASM(000037fd)
C0:       5146 [1] pc=[000000008000276e] W[r 0=0000000000000000][0] R[r15=000000000000032e] R[r 0=0000000000000000] inst=[0000ffed] DASM(0000ffed)
C0:       5161 [1] pc=[0000000080002768] W[r 0=0000000000000000][0] R[r13=0000000080022800] R[r14=0010001000000000] inst=[04e6b07b] DASM(04e6b07b)
C0:       5162 [1] pc=[000000008000276c] W[r15=000000000000032d][1] R[r15=000000000000032e] R[r 0=0000000000000000] inst=[000037fd] DASM(000037fd)
C0:       5163 [1] pc=[000000008000276e] W[r 0=0000000000000000][0] R[r15=000000000000032d] R[r 0=0000000000000000] inst=[0000ffed] DASM(0000ffed)
C0:       5180 [1] pc=[0000000080002768] W[r 0=0000000000000000][0] R[r13=0000000080022800] R[r14=0010001000000000] inst=[04e6b07b] DASM(04e6b07b)
C0:       5181 [1] pc=[000000008000276c] W[r15=000000000000032c][1] R[r15=000000000000032d] R[r 0=0000000000000000] inst=[000037fd] DASM(000037fd)
C0:       5182 [1] pc=[000000008000276e] W[r 0=0000000000000000][0] R[r15=000000000000032c] R[r 0=0000000000000000] inst=[0000ffed] DASM(0000ffed)
C0:       5196 [1] pc=[0000000080002768] W[r 0=0000000000000000][0] R[r13=0000000080022800] R[r14=0010001000000000] inst=[04e6b07b] DASM(04e6b07b)
C0:       5197 [1] pc=[000000008000276c] W[r15=000000000000032b][1] R[r15=000000000000032c] R[r 0=0000000000000000] inst=[000037fd] DASM(000037fd)
C0:       5198 [1] pc=[000000008000276e] W[r 0=0000000000000000][0] R[r15=000000000000032b] R[r 0=0000000000000000] inst=[0000ffed] DASM(0000ffed)
C0:       5216 [1] pc=[0000000080002768] W[r 0=0000000000000000][0] R[r13=0000000080022800] R[r14=0010001000000000] inst=[04e6b07b] DASM(04e6b07b)
C0:       5217 [1] pc=[000000008000276c] W[r15=000000000000032a][1] R[r15=000000000000032b] R[r 0=0000000000000000] inst=[000037fd] DASM(000037fd)
C0:       5218 [1] pc=[000000008000276e] W[r 0=0000000000000000][0] R[r15=000000000000032a] R[r 0=0000000000000000] inst=[0000ffed] DASM(0000ffed)
C0:       5233 [1] pc=[0000000080002768] W[r 0=0000000000000000][0] R[r13=0000000080022800] R[r14=0010001000000000] inst=[04e6b07b] DASM(04e6b07b)
C0:       5234 [1] pc=[000000008000276c] W[r15=0000000000000329][1] R[r15=000000000000032a] R[r 0=0000000000000000] inst=[000037fd] DASM(000037fd)
C0:       5235 [1] pc=[000000008000276e] W[r 0=0000000000000000][0] R[r15=0000000000000329] R[r 0=0000000000000000] inst=[0000ffed] DASM(0000ffed)
C0:       5251 [1] pc=[0000000080002768] W[r 0=0000000000000000][0] R[r13=0000000080022800] R[r14=0010001000000000] inst=[04e6b07b] DASM(04e6b07b)
C0:       5252 [1] pc=[000000008000276c] W[r15=0000000000000328][1] R[r15=0000000000000329] R[r 0=0000000000000000] inst=[000037fd] DASM(000037fd)
C0:       5253 [1] pc=[000000008000276e] W[r 0=0000000000000000][0] R[r15=0000000000000328] R[r 0=0000000000000000] inst=[0000ffed] DASM(0000ffed)
C0:       5269 [1] pc=[0000000080002768] W[r 0=0000000000000000][0] R[r13=0000000080022800] R[r14=0010001000000000] inst=[04e6b07b] DASM(04e6b07b)
C0:       5270 [1] pc=[000000008000276c] W[r15=0000000000000327][1] R[r15=0000000000000328] R[r 0=0000000000000000] inst=[000037fd] DASM(000037fd)
C0:       5271 [1] pc=[000000008000276e] W[r 0=0000000000000000][0] R[r15=0000000000000327] R[r 0=0000000000000000] inst=[0000ffed] DASM(0000ffed)
C0:       5286 [1] pc=[0000000080002768] W[r 0=0000000000000000][0] R[r13=0000000080022800] R[r14=0010001000000000] inst=[04e6b07b] DASM(04e6b07b)
C0:       5287 [1] pc=[000000008000276c] W[r15=0000000000000326][1] R[r15=0000000000000327] R[r 0=0000000000000000] inst=[000037fd] DASM(000037fd)
C0:       5288 [1] pc=[000000008000276e] W[r 0=0000000000000000][0] R[r15=0000000000000326] R[r 0=0000000000000000] inst=[0000ffed] DASM(0000ffed)
C0:       5305 [1] pc=[0000000080002768] W[r 0=0000000000000000][0] R[r13=0000000080022800] R[r14=0010001000000000] inst=[04e6b07b] DASM(04e6b07b)
C0:       5306 [1] pc=[000000008000276c] W[r15=0000000000000325][1] R[r15=0000000000000326] R[r 0=0000000000000000] inst=[000037fd] DASM(000037fd)
C0:       5307 [1] pc=[000000008000276e] W[r 0=0000000000000000][0] R[r15=0000000000000325] R[r 0=0000000000000000] inst=[0000ffed] DASM(0000ffed)
C0:       5322 [1] pc=[0000000080002768] W[r 0=0000000000000000][0] R[r13=0000000080022800] R[r14=0010001000000000] inst=[04e6b07b] DASM(04e6b07b)
C0:       5323 [1] pc=[000000008000276c] W[r15=0000000000000324][1] R[r15=0000000000000325] R[r 0=0000000000000000] inst=[000037fd] DASM(000037fd)
C0:       5324 [1] pc=[000000008000276e] W[r 0=0000000000000000][0] R[r15=0000000000000324] R[r 0=0000000000000000] inst=[0000ffed] DASM(0000ffed)
C0:       5340 [1] pc=[0000000080002768] W[r 0=0000000000000000][0] R[r13=0000000080022800] R[r14=0010001000000000] inst=[04e6b07b] DASM(04e6b07b)
C0:       5341 [1] pc=[000000008000276c] W[r15=0000000000000323][1] R[r15=0000000000000324] R[r 0=0000000000000000] inst=[000037fd] DASM(000037fd)
C0:       5342 [1] pc=[000000008000276e] W[r 0=0000000000000000][0] R[r15=0000000000000323] R[r 0=0000000000000000] inst=[0000ffed] DASM(0000ffed)
C0:       5358 [1] pc=[0000000080002768] W[r 0=0000000000000000][0] R[r13=0000000080022800] R[r14=0010001000000000] inst=[04e6b07b] DASM(04e6b07b)
C0:       5359 [1] pc=[000000008000276c] W[r15=0000000000000322][1] R[r15=0000000000000323] R[r 0=0000000000000000] inst=[000037fd] DASM(000037fd)
C0:       5360 [1] pc=[000000008000276e] W[r 0=0000000000000000][0] R[r15=0000000000000322] R[r 0=0000000000000000] inst=[0000ffed] DASM(0000ffed)
C0:       5375 [1] pc=[0000000080002768] W[r 0=0000000000000000][0] R[r13=0000000080022800] R[r14=0010001000000000] inst=[04e6b07b] DASM(04e6b07b)
C0:       5376 [1] pc=[000000008000276c] W[r15=0000000000000321][1] R[r15=0000000000000322] R[r 0=0000000000000000] inst=[000037fd] DASM(000037fd)
C0:       5377 [1] pc=[000000008000276e] W[r 0=0000000000000000][0] R[r15=0000000000000321] R[r 0=0000000000000000] inst=[0000ffed] DASM(0000ffed)
C0:       5394 [1] pc=[0000000080002768] W[r 0=0000000000000000][0] R[r13=0000000080022800] R[r14=0010001000000000] inst=[04e6b07b] DASM(04e6b07b)
C0:       5395 [1] pc=[000000008000276c] W[r15=0000000000000320][1] R[r15=0000000000000321] R[r 0=0000000000000000] inst=[000037fd] DASM(000037fd)
C0:       5396 [1] pc=[000000008000276e] W[r 0=0000000000000000][0] R[r15=0000000000000320] R[r 0=0000000000000000] inst=[0000ffed] DASM(0000ffed)
C0:       5411 [1] pc=[0000000080002768] W[r 0=0000000000000000][0] R[r13=0000000080022800] R[r14=0010001000000000] inst=[04e6b07b] DASM(04e6b07b)
C0:       5412 [1] pc=[000000008000276c] W[r15=000000000000031f][1] R[r15=0000000000000320] R[r 0=0000000000000000] inst=[000037fd] DASM(000037fd)
C0:       5413 [1] pc=[000000008000276e] W[r 0=0000000000000000][0] R[r15=000000000000031f] R[r 0=0000000000000000] inst=[0000ffed] DASM(0000ffed)
C0:       5429 [1] pc=[0000000080002768] W[r 0=0000000000000000][0] R[r13=0000000080022800] R[r14=0010001000000000] inst=[04e6b07b] DASM(04e6b07b)
C0:       5430 [1] pc=[000000008000276c] W[r15=000000000000031e][1] R[r15=000000000000031f] R[r 0=0000000000000000] inst=[000037fd] DASM(000037fd)
C0:       5431 [1] pc=[000000008000276e] W[r 0=0000000000000000][0] R[r15=000000000000031e] R[r 0=0000000000000000] inst=[0000ffed] DASM(0000ffed)
C0:       5447 [1] pc=[0000000080002768] W[r 0=0000000000000000][0] R[r13=0000000080022800] R[r14=0010001000000000] inst=[04e6b07b] DASM(04e6b07b)
C0:       5448 [1] pc=[000000008000276c] W[r15=000000000000031d][1] R[r15=000000000000031e] R[r 0=0000000000000000] inst=[000037fd] DASM(000037fd)
C0:       5449 [1] pc=[000000008000276e] W[r 0=0000000000000000][0] R[r15=000000000000031d] R[r 0=0000000000000000] inst=[0000ffed] DASM(0000ffed)
C0:       5464 [1] pc=[0000000080002768] W[r 0=0000000000000000][0] R[r13=0000000080022800] R[r14=0010001000000000] inst=[04e6b07b] DASM(04e6b07b)
C0:       5465 [1] pc=[000000008000276c] W[r15=000000000000031c][1] R[r15=000000000000031d] R[r 0=0000000000000000] inst=[000037fd] DASM(000037fd)
C0:       5466 [1] pc=[000000008000276e] W[r 0=0000000000000000][0] R[r15=000000000000031c] R[r 0=0000000000000000] inst=[0000ffed] DASM(0000ffed)
C0:       5483 [1] pc=[0000000080002768] W[r 0=0000000000000000][0] R[r13=0000000080022800] R[r14=0010001000000000] inst=[04e6b07b] DASM(04e6b07b)
C0:       5484 [1] pc=[000000008000276c] W[r15=000000000000031b][1] R[r15=000000000000031c] R[r 0=0000000000000000] inst=[000037fd] DASM(000037fd)
C0:       5485 [1] pc=[000000008000276e] W[r 0=0000000000000000][0] R[r15=000000000000031b] R[r 0=0000000000000000] inst=[0000ffed] DASM(0000ffed)
C0:       5499 [1] pc=[0000000080002768] W[r 0=0000000000000000][0] R[r13=0000000080022800] R[r14=0010001000000000] inst=[04e6b07b] DASM(04e6b07b)
C0:       5500 [1] pc=[000000008000276c] W[r15=000000000000031a][1] R[r15=000000000000031b] R[r 0=0000000000000000] inst=[000037fd] DASM(000037fd)
C0:       5501 [1] pc=[000000008000276e] W[r 0=0000000000000000][0] R[r15=000000000000031a] R[r 0=0000000000000000] inst=[0000ffed] DASM(0000ffed)
C0:       5518 [1] pc=[0000000080002768] W[r 0=0000000000000000][0] R[r13=0000000080022800] R[r14=0010001000000000] inst=[04e6b07b] DASM(04e6b07b)
C0:       5519 [1] pc=[000000008000276c] W[r15=0000000000000319][1] R[r15=000000000000031a] R[r 0=0000000000000000] inst=[000037fd] DASM(000037fd)
C0:       5520 [1] pc=[000000008000276e] W[r 0=0000000000000000][0] R[r15=0000000000000319] R[r 0=0000000000000000] inst=[0000ffed] DASM(0000ffed)
C0:       5535 [1] pc=[0000000080002768] W[r 0=0000000000000000][0] R[r13=0000000080022800] R[r14=0010001000000000] inst=[04e6b07b] DASM(04e6b07b)
C0:       5536 [1] pc=[000000008000276c] W[r15=0000000000000318][1] R[r15=0000000000000319] R[r 0=0000000000000000] inst=[000037fd] DASM(000037fd)
C0:       5537 [1] pc=[000000008000276e] W[r 0=0000000000000000][0] R[r15=0000000000000318] R[r 0=0000000000000000] inst=[0000ffed] DASM(0000ffed)
C0:       5553 [1] pc=[0000000080002768] W[r 0=0000000000000000][0] R[r13=0000000080022800] R[r14=0010001000000000] inst=[04e6b07b] DASM(04e6b07b)
C0:       5554 [1] pc=[000000008000276c] W[r15=0000000000000317][1] R[r15=0000000000000318] R[r 0=0000000000000000] inst=[000037fd] DASM(000037fd)
C0:       5555 [1] pc=[000000008000276e] W[r 0=0000000000000000][0] R[r15=0000000000000317] R[r 0=0000000000000000] inst=[0000ffed] DASM(0000ffed)
C0:       5571 [1] pc=[0000000080002768] W[r 0=0000000000000000][0] R[r13=0000000080022800] R[r14=0010001000000000] inst=[04e6b07b] DASM(04e6b07b)
C0:       5572 [1] pc=[000000008000276c] W[r15=0000000000000316][1] R[r15=0000000000000317] R[r 0=0000000000000000] inst=[000037fd] DASM(000037fd)
C0:       5573 [1] pc=[000000008000276e] W[r 0=0000000000000000][0] R[r15=0000000000000316] R[r 0=0000000000000000] inst=[0000ffed] DASM(0000ffed)
C0:       5588 [1] pc=[0000000080002768] W[r 0=0000000000000000][0] R[r13=0000000080022800] R[r14=0010001000000000] inst=[04e6b07b] DASM(04e6b07b)
C0:       5589 [1] pc=[000000008000276c] W[r15=0000000000000315][1] R[r15=0000000000000316] R[r 0=0000000000000000] inst=[000037fd] DASM(000037fd)
C0:       5590 [1] pc=[000000008000276e] W[r 0=0000000000000000][0] R[r15=0000000000000315] R[r 0=0000000000000000] inst=[0000ffed] DASM(0000ffed)
C0:       5606 [1] pc=[0000000080002768] W[r 0=0000000000000000][0] R[r13=0000000080022800] R[r14=0010001000000000] inst=[04e6b07b] DASM(04e6b07b)
C0:       5607 [1] pc=[000000008000276c] W[r15=0000000000000314][1] R[r15=0000000000000315] R[r 0=0000000000000000] inst=[000037fd] DASM(000037fd)
C0:       5608 [1] pc=[000000008000276e] W[r 0=0000000000000000][0] R[r15=0000000000000314] R[r 0=0000000000000000] inst=[0000ffed] DASM(0000ffed)
C0:       5624 [1] pc=[0000000080002768] W[r 0=0000000000000000][0] R[r13=0000000080022800] R[r14=0010001000000000] inst=[04e6b07b] DASM(04e6b07b)
C0:       5625 [1] pc=[000000008000276c] W[r15=0000000000000313][1] R[r15=0000000000000314] R[r 0=0000000000000000] inst=[000037fd] DASM(000037fd)
C0:       5626 [1] pc=[000000008000276e] W[r 0=0000000000000000][0] R[r15=0000000000000313] R[r 0=0000000000000000] inst=[0000ffed] DASM(0000ffed)
C0:       5641 [1] pc=[0000000080002768] W[r 0=0000000000000000][0] R[r13=0000000080022800] R[r14=0010001000000000] inst=[04e6b07b] DASM(04e6b07b)
C0:       5642 [1] pc=[000000008000276c] W[r15=0000000000000312][1] R[r15=0000000000000313] R[r 0=0000000000000000] inst=[000037fd] DASM(000037fd)
C0:       5643 [1] pc=[000000008000276e] W[r 0=0000000000000000][0] R[r15=0000000000000312] R[r 0=0000000000000000] inst=[0000ffed] DASM(0000ffed)
C0:       5660 [1] pc=[0000000080002768] W[r 0=0000000000000000][0] R[r13=0000000080022800] R[r14=0010001000000000] inst=[04e6b07b] DASM(04e6b07b)
C0:       5661 [1] pc=[000000008000276c] W[r15=0000000000000311][1] R[r15=0000000000000312] R[r 0=0000000000000000] inst=[000037fd] DASM(000037fd)
C0:       5662 [1] pc=[000000008000276e] W[r 0=0000000000000000][0] R[r15=0000000000000311] R[r 0=0000000000000000] inst=[0000ffed] DASM(0000ffed)
C0:       5676 [1] pc=[0000000080002768] W[r 0=0000000000000000][0] R[r13=0000000080022800] R[r14=0010001000000000] inst=[04e6b07b] DASM(04e6b07b)
C0:       5677 [1] pc=[000000008000276c] W[r15=0000000000000310][1] R[r15=0000000000000311] R[r 0=0000000000000000] inst=[000037fd] DASM(000037fd)
C0:       5678 [1] pc=[000000008000276e] W[r 0=0000000000000000][0] R[r15=0000000000000310] R[r 0=0000000000000000] inst=[0000ffed] DASM(0000ffed)
C0:       5696 [1] pc=[0000000080002768] W[r 0=0000000000000000][0] R[r13=0000000080022800] R[r14=0010001000000000] inst=[04e6b07b] DASM(04e6b07b)
C0:       5697 [1] pc=[000000008000276c] W[r15=000000000000030f][1] R[r15=0000000000000310] R[r 0=0000000000000000] inst=[000037fd] DASM(000037fd)
C0:       5698 [1] pc=[000000008000276e] W[r 0=0000000000000000][0] R[r15=000000000000030f] R[r 0=0000000000000000] inst=[0000ffed] DASM(0000ffed)
C0:       5713 [1] pc=[0000000080002768] W[r 0=0000000000000000][0] R[r13=0000000080022800] R[r14=0010001000000000] inst=[04e6b07b] DASM(04e6b07b)
C0:       5714 [1] pc=[000000008000276c] W[r15=000000000000030e][1] R[r15=000000000000030f] R[r 0=0000000000000000] inst=[000037fd] DASM(000037fd)
C0:       5715 [1] pc=[000000008000276e] W[r 0=0000000000000000][0] R[r15=000000000000030e] R[r 0=0000000000000000] inst=[0000ffed] DASM(0000ffed)
C0:       5731 [1] pc=[0000000080002768] W[r 0=0000000000000000][0] R[r13=0000000080022800] R[r14=0010001000000000] inst=[04e6b07b] DASM(04e6b07b)
C0:       5732 [1] pc=[000000008000276c] W[r15=000000000000030d][1] R[r15=000000000000030e] R[r 0=0000000000000000] inst=[000037fd] DASM(000037fd)
C0:       5733 [1] pc=[000000008000276e] W[r 0=0000000000000000][0] R[r15=000000000000030d] R[r 0=0000000000000000] inst=[0000ffed] DASM(0000ffed)
C0:       5749 [1] pc=[0000000080002768] W[r 0=0000000000000000][0] R[r13=0000000080022800] R[r14=0010001000000000] inst=[04e6b07b] DASM(04e6b07b)
C0:       5750 [1] pc=[000000008000276c] W[r15=000000000000030c][1] R[r15=000000000000030d] R[r 0=0000000000000000] inst=[000037fd] DASM(000037fd)
C0:       5751 [1] pc=[000000008000276e] W[r 0=0000000000000000][0] R[r15=000000000000030c] R[r 0=0000000000000000] inst=[0000ffed] DASM(0000ffed)
C0:       5766 [1] pc=[0000000080002768] W[r 0=0000000000000000][0] R[r13=0000000080022800] R[r14=0010001000000000] inst=[04e6b07b] DASM(04e6b07b)
C0:       5767 [1] pc=[000000008000276c] W[r15=000000000000030b][1] R[r15=000000000000030c] R[r 0=0000000000000000] inst=[000037fd] DASM(000037fd)
C0:       5768 [1] pc=[000000008000276e] W[r 0=0000000000000000][0] R[r15=000000000000030b] R[r 0=0000000000000000] inst=[0000ffed] DASM(0000ffed)
C0:       5785 [1] pc=[0000000080002768] W[r 0=0000000000000000][0] R[r13=0000000080022800] R[r14=0010001000000000] inst=[04e6b07b] DASM(04e6b07b)
C0:       5786 [1] pc=[000000008000276c] W[r15=000000000000030a][1] R[r15=000000000000030b] R[r 0=0000000000000000] inst=[000037fd] DASM(000037fd)
C0:       5787 [1] pc=[000000008000276e] W[r 0=0000000000000000][0] R[r15=000000000000030a] R[r 0=0000000000000000] inst=[0000ffed] DASM(0000ffed)
C0:       5802 [1] pc=[0000000080002768] W[r 0=0000000000000000][0] R[r13=0000000080022800] R[r14=0010001000000000] inst=[04e6b07b] DASM(04e6b07b)
C0:       5803 [1] pc=[000000008000276c] W[r15=0000000000000309][1] R[r15=000000000000030a] R[r 0=0000000000000000] inst=[000037fd] DASM(000037fd)
C0:       5804 [1] pc=[000000008000276e] W[r 0=0000000000000000][0] R[r15=0000000000000309] R[r 0=0000000000000000] inst=[0000ffed] DASM(0000ffed)
C0:       5820 [1] pc=[0000000080002768] W[r 0=0000000000000000][0] R[r13=0000000080022800] R[r14=0010001000000000] inst=[04e6b07b] DASM(04e6b07b)
C0:       5821 [1] pc=[000000008000276c] W[r15=0000000000000308][1] R[r15=0000000000000309] R[r 0=0000000000000000] inst=[000037fd] DASM(000037fd)
C0:       5822 [1] pc=[000000008000276e] W[r 0=0000000000000000][0] R[r15=0000000000000308] R[r 0=0000000000000000] inst=[0000ffed] DASM(0000ffed)
C0:       5838 [1] pc=[0000000080002768] W[r 0=0000000000000000][0] R[r13=0000000080022800] R[r14=0010001000000000] inst=[04e6b07b] DASM(04e6b07b)
C0:       5839 [1] pc=[000000008000276c] W[r15=0000000000000307][1] R[r15=0000000000000308] R[r 0=0000000000000000] inst=[000037fd] DASM(000037fd)
C0:       5840 [1] pc=[000000008000276e] W[r 0=0000000000000000][0] R[r15=0000000000000307] R[r 0=0000000000000000] inst=[0000ffed] DASM(0000ffed)
C0:       5855 [1] pc=[0000000080002768] W[r 0=0000000000000000][0] R[r13=0000000080022800] R[r14=0010001000000000] inst=[04e6b07b] DASM(04e6b07b)
C0:       5856 [1] pc=[000000008000276c] W[r15=0000000000000306][1] R[r15=0000000000000307] R[r 0=0000000000000000] inst=[000037fd] DASM(000037fd)
C0:       5857 [1] pc=[000000008000276e] W[r 0=0000000000000000][0] R[r15=0000000000000306] R[r 0=0000000000000000] inst=[0000ffed] DASM(0000ffed)
C0:       5874 [1] pc=[0000000080002768] W[r 0=0000000000000000][0] R[r13=0000000080022800] R[r14=0010001000000000] inst=[04e6b07b] DASM(04e6b07b)
C0:       5875 [1] pc=[000000008000276c] W[r15=0000000000000305][1] R[r15=0000000000000306] R[r 0=0000000000000000] inst=[000037fd] DASM(000037fd)
C0:       5876 [1] pc=[000000008000276e] W[r 0=0000000000000000][0] R[r15=0000000000000305] R[r 0=0000000000000000] inst=[0000ffed] DASM(0000ffed)
C0:       5891 [1] pc=[0000000080002768] W[r 0=0000000000000000][0] R[r13=0000000080022800] R[r14=0010001000000000] inst=[04e6b07b] DASM(04e6b07b)
C0:       5892 [1] pc=[000000008000276c] W[r15=0000000000000304][1] R[r15=0000000000000305] R[r 0=0000000000000000] inst=[000037fd] DASM(000037fd)
C0:       5893 [1] pc=[000000008000276e] W[r 0=0000000000000000][0] R[r15=0000000000000304] R[r 0=0000000000000000] inst=[0000ffed] DASM(0000ffed)
C0:       5909 [1] pc=[0000000080002768] W[r 0=0000000000000000][0] R[r13=0000000080022800] R[r14=0010001000000000] inst=[04e6b07b] DASM(04e6b07b)
C0:       5910 [1] pc=[000000008000276c] W[r15=0000000000000303][1] R[r15=0000000000000304] R[r 0=0000000000000000] inst=[000037fd] DASM(000037fd)
C0:       5911 [1] pc=[000000008000276e] W[r 0=0000000000000000][0] R[r15=0000000000000303] R[r 0=0000000000000000] inst=[0000ffed] DASM(0000ffed)
C0:       5927 [1] pc=[0000000080002768] W[r 0=0000000000000000][0] R[r13=0000000080022800] R[r14=0010001000000000] inst=[04e6b07b] DASM(04e6b07b)
C0:       5928 [1] pc=[000000008000276c] W[r15=0000000000000302][1] R[r15=0000000000000303] R[r 0=0000000000000000] inst=[000037fd] DASM(000037fd)
C0:       5929 [1] pc=[000000008000276e] W[r 0=0000000000000000][0] R[r15=0000000000000302] R[r 0=0000000000000000] inst=[0000ffed] DASM(0000ffed)
C0:       5944 [1] pc=[0000000080002768] W[r 0=0000000000000000][0] R[r13=0000000080022800] R[r14=0010001000000000] inst=[04e6b07b] DASM(04e6b07b)
C0:       5945 [1] pc=[000000008000276c] W[r15=0000000000000301][1] R[r15=0000000000000302] R[r 0=0000000000000000] inst=[000037fd] DASM(000037fd)
C0:       5946 [1] pc=[000000008000276e] W[r 0=0000000000000000][0] R[r15=0000000000000301] R[r 0=0000000000000000] inst=[0000ffed] DASM(0000ffed)
C0:       5963 [1] pc=[0000000080002768] W[r 0=0000000000000000][0] R[r13=0000000080022800] R[r14=0010001000000000] inst=[04e6b07b] DASM(04e6b07b)
C0:       5964 [1] pc=[000000008000276c] W[r15=0000000000000300][1] R[r15=0000000000000301] R[r 0=0000000000000000] inst=[000037fd] DASM(000037fd)
C0:       5965 [1] pc=[000000008000276e] W[r 0=0000000000000000][0] R[r15=0000000000000300] R[r 0=0000000000000000] inst=[0000ffed] DASM(0000ffed)
C0:       5979 [1] pc=[0000000080002768] W[r 0=0000000000000000][0] R[r13=0000000080022800] R[r14=0010001000000000] inst=[04e6b07b] DASM(04e6b07b)
C0:       5980 [1] pc=[000000008000276c] W[r15=00000000000002ff][1] R[r15=0000000000000300] R[r 0=0000000000000000] inst=[000037fd] DASM(000037fd)
C0:       5981 [1] pc=[000000008000276e] W[r 0=0000000000000000][0] R[r15=00000000000002ff] R[r 0=0000000000000000] inst=[0000ffed] DASM(0000ffed)
C0:       5998 [1] pc=[0000000080002768] W[r 0=0000000000000000][0] R[r13=0000000080022800] R[r14=0010001000000000] inst=[04e6b07b] DASM(04e6b07b)
C0:       5999 [1] pc=[000000008000276c] W[r15=00000000000002fe][1] R[r15=00000000000002ff] R[r 0=0000000000000000] inst=[000037fd] DASM(000037fd)
C0:       6000 [1] pc=[000000008000276e] W[r 0=0000000000000000][0] R[r15=00000000000002fe] R[r 0=0000000000000000] inst=[0000ffed] DASM(0000ffed)
C0:       6015 [1] pc=[0000000080002768] W[r 0=0000000000000000][0] R[r13=0000000080022800] R[r14=0010001000000000] inst=[04e6b07b] DASM(04e6b07b)
C0:       6016 [1] pc=[000000008000276c] W[r15=00000000000002fd][1] R[r15=00000000000002fe] R[r 0=0000000000000000] inst=[000037fd] DASM(000037fd)
C0:       6017 [1] pc=[000000008000276e] W[r 0=0000000000000000][0] R[r15=00000000000002fd] R[r 0=0000000000000000] inst=[0000ffed] DASM(0000ffed)
C0:       6033 [1] pc=[0000000080002768] W[r 0=0000000000000000][0] R[r13=0000000080022800] R[r14=0010001000000000] inst=[04e6b07b] DASM(04e6b07b)
C0:       6034 [1] pc=[000000008000276c] W[r15=00000000000002fc][1] R[r15=00000000000002fd] R[r 0=0000000000000000] inst=[000037fd] DASM(000037fd)
C0:       6035 [1] pc=[000000008000276e] W[r 0=0000000000000000][0] R[r15=00000000000002fc] R[r 0=0000000000000000] inst=[0000ffed] DASM(0000ffed)
C0:       6051 [1] pc=[0000000080002768] W[r 0=0000000000000000][0] R[r13=0000000080022800] R[r14=0010001000000000] inst=[04e6b07b] DASM(04e6b07b)
C0:       6052 [1] pc=[000000008000276c] W[r15=00000000000002fb][1] R[r15=00000000000002fc] R[r 0=0000000000000000] inst=[000037fd] DASM(000037fd)
C0:       6053 [1] pc=[000000008000276e] W[r 0=0000000000000000][0] R[r15=00000000000002fb] R[r 0=0000000000000000] inst=[0000ffed] DASM(0000ffed)
C0:       6068 [1] pc=[0000000080002768] W[r 0=0000000000000000][0] R[r13=0000000080022800] R[r14=0010001000000000] inst=[04e6b07b] DASM(04e6b07b)
C0:       6069 [1] pc=[000000008000276c] W[r15=00000000000002fa][1] R[r15=00000000000002fb] R[r 0=0000000000000000] inst=[000037fd] DASM(000037fd)
C0:       6070 [1] pc=[000000008000276e] W[r 0=0000000000000000][0] R[r15=00000000000002fa] R[r 0=0000000000000000] inst=[0000ffed] DASM(0000ffed)
C0:       6086 [1] pc=[0000000080002768] W[r 0=0000000000000000][0] R[r13=0000000080022800] R[r14=0010001000000000] inst=[04e6b07b] DASM(04e6b07b)
C0:       6087 [1] pc=[000000008000276c] W[r15=00000000000002f9][1] R[r15=00000000000002fa] R[r 0=0000000000000000] inst=[000037fd] DASM(000037fd)
C0:       6088 [1] pc=[000000008000276e] W[r 0=0000000000000000][0] R[r15=00000000000002f9] R[r 0=0000000000000000] inst=[0000ffed] DASM(0000ffed)
C0:       6104 [1] pc=[0000000080002768] W[r 0=0000000000000000][0] R[r13=0000000080022800] R[r14=0010001000000000] inst=[04e6b07b] DASM(04e6b07b)
C0:       6105 [1] pc=[000000008000276c] W[r15=00000000000002f8][1] R[r15=00000000000002f9] R[r 0=0000000000000000] inst=[000037fd] DASM(000037fd)
C0:       6106 [1] pc=[000000008000276e] W[r 0=0000000000000000][0] R[r15=00000000000002f8] R[r 0=0000000000000000] inst=[0000ffed] DASM(0000ffed)
C0:       6121 [1] pc=[0000000080002768] W[r 0=0000000000000000][0] R[r13=0000000080022800] R[r14=0010001000000000] inst=[04e6b07b] DASM(04e6b07b)
C0:       6122 [1] pc=[000000008000276c] W[r15=00000000000002f7][1] R[r15=00000000000002f8] R[r 0=0000000000000000] inst=[000037fd] DASM(000037fd)
C0:       6123 [1] pc=[000000008000276e] W[r 0=0000000000000000][0] R[r15=00000000000002f7] R[r 0=0000000000000000] inst=[0000ffed] DASM(0000ffed)
C0:       6140 [1] pc=[0000000080002768] W[r 0=0000000000000000][0] R[r13=0000000080022800] R[r14=0010001000000000] inst=[04e6b07b] DASM(04e6b07b)
C0:       6141 [1] pc=[000000008000276c] W[r15=00000000000002f6][1] R[r15=00000000000002f7] R[r 0=0000000000000000] inst=[000037fd] DASM(000037fd)
C0:       6142 [1] pc=[000000008000276e] W[r 0=0000000000000000][0] R[r15=00000000000002f6] R[r 0=0000000000000000] inst=[0000ffed] DASM(0000ffed)
C0:       6156 [1] pc=[0000000080002768] W[r 0=0000000000000000][0] R[r13=0000000080022800] R[r14=0010001000000000] inst=[04e6b07b] DASM(04e6b07b)
C0:       6157 [1] pc=[000000008000276c] W[r15=00000000000002f5][1] R[r15=00000000000002f6] R[r 0=0000000000000000] inst=[000037fd] DASM(000037fd)
C0:       6158 [1] pc=[000000008000276e] W[r 0=0000000000000000][0] R[r15=00000000000002f5] R[r 0=0000000000000000] inst=[0000ffed] DASM(0000ffed)
C0:       6176 [1] pc=[0000000080002768] W[r 0=0000000000000000][0] R[r13=0000000080022800] R[r14=0010001000000000] inst=[04e6b07b] DASM(04e6b07b)
C0:       6177 [1] pc=[000000008000276c] W[r15=00000000000002f4][1] R[r15=00000000000002f5] R[r 0=0000000000000000] inst=[000037fd] DASM(000037fd)
C0:       6178 [1] pc=[000000008000276e] W[r 0=0000000000000000][0] R[r15=00000000000002f4] R[r 0=0000000000000000] inst=[0000ffed] DASM(0000ffed)
C0:       6193 [1] pc=[0000000080002768] W[r 0=0000000000000000][0] R[r13=0000000080022800] R[r14=0010001000000000] inst=[04e6b07b] DASM(04e6b07b)
C0:       6194 [1] pc=[000000008000276c] W[r15=00000000000002f3][1] R[r15=00000000000002f4] R[r 0=0000000000000000] inst=[000037fd] DASM(000037fd)
C0:       6195 [1] pc=[000000008000276e] W[r 0=0000000000000000][0] R[r15=00000000000002f3] R[r 0=0000000000000000] inst=[0000ffed] DASM(0000ffed)
C0:       6211 [1] pc=[0000000080002768] W[r 0=0000000000000000][0] R[r13=0000000080022800] R[r14=0010001000000000] inst=[04e6b07b] DASM(04e6b07b)
C0:       6212 [1] pc=[000000008000276c] W[r15=00000000000002f2][1] R[r15=00000000000002f3] R[r 0=0000000000000000] inst=[000037fd] DASM(000037fd)
C0:       6213 [1] pc=[000000008000276e] W[r 0=0000000000000000][0] R[r15=00000000000002f2] R[r 0=0000000000000000] inst=[0000ffed] DASM(0000ffed)
C0:       6229 [1] pc=[0000000080002768] W[r 0=0000000000000000][0] R[r13=0000000080022800] R[r14=0010001000000000] inst=[04e6b07b] DASM(04e6b07b)
C0:       6230 [1] pc=[000000008000276c] W[r15=00000000000002f1][1] R[r15=00000000000002f2] R[r 0=0000000000000000] inst=[000037fd] DASM(000037fd)
C0:       6231 [1] pc=[000000008000276e] W[r 0=0000000000000000][0] R[r15=00000000000002f1] R[r 0=0000000000000000] inst=[0000ffed] DASM(0000ffed)
C0:       6246 [1] pc=[0000000080002768] W[r 0=0000000000000000][0] R[r13=0000000080022800] R[r14=0010001000000000] inst=[04e6b07b] DASM(04e6b07b)
C0:       6247 [1] pc=[000000008000276c] W[r15=00000000000002f0][1] R[r15=00000000000002f1] R[r 0=0000000000000000] inst=[000037fd] DASM(000037fd)
C0:       6248 [1] pc=[000000008000276e] W[r 0=0000000000000000][0] R[r15=00000000000002f0] R[r 0=0000000000000000] inst=[0000ffed] DASM(0000ffed)
C0:       6265 [1] pc=[0000000080002768] W[r 0=0000000000000000][0] R[r13=0000000080022800] R[r14=0010001000000000] inst=[04e6b07b] DASM(04e6b07b)
C0:       6266 [1] pc=[000000008000276c] W[r15=00000000000002ef][1] R[r15=00000000000002f0] R[r 0=0000000000000000] inst=[000037fd] DASM(000037fd)
C0:       6267 [1] pc=[000000008000276e] W[r 0=0000000000000000][0] R[r15=00000000000002ef] R[r 0=0000000000000000] inst=[0000ffed] DASM(0000ffed)
C0:       6282 [1] pc=[0000000080002768] W[r 0=0000000000000000][0] R[r13=0000000080022800] R[r14=0010001000000000] inst=[04e6b07b] DASM(04e6b07b)
C0:       6283 [1] pc=[000000008000276c] W[r15=00000000000002ee][1] R[r15=00000000000002ef] R[r 0=0000000000000000] inst=[000037fd] DASM(000037fd)
C0:       6284 [1] pc=[000000008000276e] W[r 0=0000000000000000][0] R[r15=00000000000002ee] R[r 0=0000000000000000] inst=[0000ffed] DASM(0000ffed)
C0:       6300 [1] pc=[0000000080002768] W[r 0=0000000000000000][0] R[r13=0000000080022800] R[r14=0010001000000000] inst=[04e6b07b] DASM(04e6b07b)
C0:       6301 [1] pc=[000000008000276c] W[r15=00000000000002ed][1] R[r15=00000000000002ee] R[r 0=0000000000000000] inst=[000037fd] DASM(000037fd)
C0:       6302 [1] pc=[000000008000276e] W[r 0=0000000000000000][0] R[r15=00000000000002ed] R[r 0=0000000000000000] inst=[0000ffed] DASM(0000ffed)
C0:       6318 [1] pc=[0000000080002768] W[r 0=0000000000000000][0] R[r13=0000000080022800] R[r14=0010001000000000] inst=[04e6b07b] DASM(04e6b07b)
C0:       6319 [1] pc=[000000008000276c] W[r15=00000000000002ec][1] R[r15=00000000000002ed] R[r 0=0000000000000000] inst=[000037fd] DASM(000037fd)
C0:       6320 [1] pc=[000000008000276e] W[r 0=0000000000000000][0] R[r15=00000000000002ec] R[r 0=0000000000000000] inst=[0000ffed] DASM(0000ffed)
C0:       6335 [1] pc=[0000000080002768] W[r 0=0000000000000000][0] R[r13=0000000080022800] R[r14=0010001000000000] inst=[04e6b07b] DASM(04e6b07b)
C0:       6336 [1] pc=[000000008000276c] W[r15=00000000000002eb][1] R[r15=00000000000002ec] R[r 0=0000000000000000] inst=[000037fd] DASM(000037fd)
C0:       6337 [1] pc=[000000008000276e] W[r 0=0000000000000000][0] R[r15=00000000000002eb] R[r 0=0000000000000000] inst=[0000ffed] DASM(0000ffed)
C0:       6354 [1] pc=[0000000080002768] W[r 0=0000000000000000][0] R[r13=0000000080022800] R[r14=0010001000000000] inst=[04e6b07b] DASM(04e6b07b)
C0:       6355 [1] pc=[000000008000276c] W[r15=00000000000002ea][1] R[r15=00000000000002eb] R[r 0=0000000000000000] inst=[000037fd] DASM(000037fd)
C0:       6356 [1] pc=[000000008000276e] W[r 0=0000000000000000][0] R[r15=00000000000002ea] R[r 0=0000000000000000] inst=[0000ffed] DASM(0000ffed)
C0:       6371 [1] pc=[0000000080002768] W[r 0=0000000000000000][0] R[r13=0000000080022800] R[r14=0010001000000000] inst=[04e6b07b] DASM(04e6b07b)
C0:       6372 [1] pc=[000000008000276c] W[r15=00000000000002e9][1] R[r15=00000000000002ea] R[r 0=0000000000000000] inst=[000037fd] DASM(000037fd)
C0:       6373 [1] pc=[000000008000276e] W[r 0=0000000000000000][0] R[r15=00000000000002e9] R[r 0=0000000000000000] inst=[0000ffed] DASM(0000ffed)
C0:       6389 [1] pc=[0000000080002768] W[r 0=0000000000000000][0] R[r13=0000000080022800] R[r14=0010001000000000] inst=[04e6b07b] DASM(04e6b07b)
C0:       6390 [1] pc=[000000008000276c] W[r15=00000000000002e8][1] R[r15=00000000000002e9] R[r 0=0000000000000000] inst=[000037fd] DASM(000037fd)
C0:       6391 [1] pc=[000000008000276e] W[r 0=0000000000000000][0] R[r15=00000000000002e8] R[r 0=0000000000000000] inst=[0000ffed] DASM(0000ffed)
C0:       6407 [1] pc=[0000000080002768] W[r 0=0000000000000000][0] R[r13=0000000080022800] R[r14=0010001000000000] inst=[04e6b07b] DASM(04e6b07b)
C0:       6408 [1] pc=[000000008000276c] W[r15=00000000000002e7][1] R[r15=00000000000002e8] R[r 0=0000000000000000] inst=[000037fd] DASM(000037fd)
C0:       6409 [1] pc=[000000008000276e] W[r 0=0000000000000000][0] R[r15=00000000000002e7] R[r 0=0000000000000000] inst=[0000ffed] DASM(0000ffed)
C0:       6424 [1] pc=[0000000080002768] W[r 0=0000000000000000][0] R[r13=0000000080022800] R[r14=0010001000000000] inst=[04e6b07b] DASM(04e6b07b)
C0:       6425 [1] pc=[000000008000276c] W[r15=00000000000002e6][1] R[r15=00000000000002e7] R[r 0=0000000000000000] inst=[000037fd] DASM(000037fd)
C0:       6426 [1] pc=[000000008000276e] W[r 0=0000000000000000][0] R[r15=00000000000002e6] R[r 0=0000000000000000] inst=[0000ffed] DASM(0000ffed)
C0:       6443 [1] pc=[0000000080002768] W[r 0=0000000000000000][0] R[r13=0000000080022800] R[r14=0010001000000000] inst=[04e6b07b] DASM(04e6b07b)
C0:       6444 [1] pc=[000000008000276c] W[r15=00000000000002e5][1] R[r15=00000000000002e6] R[r 0=0000000000000000] inst=[000037fd] DASM(000037fd)
C0:       6445 [1] pc=[000000008000276e] W[r 0=0000000000000000][0] R[r15=00000000000002e5] R[r 0=0000000000000000] inst=[0000ffed] DASM(0000ffed)
C0:       6459 [1] pc=[0000000080002768] W[r 0=0000000000000000][0] R[r13=0000000080022800] R[r14=0010001000000000] inst=[04e6b07b] DASM(04e6b07b)
C0:       6460 [1] pc=[000000008000276c] W[r15=00000000000002e4][1] R[r15=00000000000002e5] R[r 0=0000000000000000] inst=[000037fd] DASM(000037fd)
C0:       6461 [1] pc=[000000008000276e] W[r 0=0000000000000000][0] R[r15=00000000000002e4] R[r 0=0000000000000000] inst=[0000ffed] DASM(0000ffed)
C0:       6478 [1] pc=[0000000080002768] W[r 0=0000000000000000][0] R[r13=0000000080022800] R[r14=0010001000000000] inst=[04e6b07b] DASM(04e6b07b)
C0:       6479 [1] pc=[000000008000276c] W[r15=00000000000002e3][1] R[r15=00000000000002e4] R[r 0=0000000000000000] inst=[000037fd] DASM(000037fd)
C0:       6480 [1] pc=[000000008000276e] W[r 0=0000000000000000][0] R[r15=00000000000002e3] R[r 0=0000000000000000] inst=[0000ffed] DASM(0000ffed)
C0:       6495 [1] pc=[0000000080002768] W[r 0=0000000000000000][0] R[r13=0000000080022800] R[r14=0010001000000000] inst=[04e6b07b] DASM(04e6b07b)
C0:       6496 [1] pc=[000000008000276c] W[r15=00000000000002e2][1] R[r15=00000000000002e3] R[r 0=0000000000000000] inst=[000037fd] DASM(000037fd)
C0:       6497 [1] pc=[000000008000276e] W[r 0=0000000000000000][0] R[r15=00000000000002e2] R[r 0=0000000000000000] inst=[0000ffed] DASM(0000ffed)
C0:       6513 [1] pc=[0000000080002768] W[r 0=0000000000000000][0] R[r13=0000000080022800] R[r14=0010001000000000] inst=[04e6b07b] DASM(04e6b07b)
C0:       6514 [1] pc=[000000008000276c] W[r15=00000000000002e1][1] R[r15=00000000000002e2] R[r 0=0000000000000000] inst=[000037fd] DASM(000037fd)
C0:       6515 [1] pc=[000000008000276e] W[r 0=0000000000000000][0] R[r15=00000000000002e1] R[r 0=0000000000000000] inst=[0000ffed] DASM(0000ffed)
C0:       6531 [1] pc=[0000000080002768] W[r 0=0000000000000000][0] R[r13=0000000080022800] R[r14=0010001000000000] inst=[04e6b07b] DASM(04e6b07b)
C0:       6532 [1] pc=[000000008000276c] W[r15=00000000000002e0][1] R[r15=00000000000002e1] R[r 0=0000000000000000] inst=[000037fd] DASM(000037fd)
C0:       6533 [1] pc=[000000008000276e] W[r 0=0000000000000000][0] R[r15=00000000000002e0] R[r 0=0000000000000000] inst=[0000ffed] DASM(0000ffed)
C0:       6548 [1] pc=[0000000080002768] W[r 0=0000000000000000][0] R[r13=0000000080022800] R[r14=0010001000000000] inst=[04e6b07b] DASM(04e6b07b)
C0:       6549 [1] pc=[000000008000276c] W[r15=00000000000002df][1] R[r15=00000000000002e0] R[r 0=0000000000000000] inst=[000037fd] DASM(000037fd)
C0:       6550 [1] pc=[000000008000276e] W[r 0=0000000000000000][0] R[r15=00000000000002df] R[r 0=0000000000000000] inst=[0000ffed] DASM(0000ffed)
C0:       6566 [1] pc=[0000000080002768] W[r 0=0000000000000000][0] R[r13=0000000080022800] R[r14=0010001000000000] inst=[04e6b07b] DASM(04e6b07b)
C0:       6567 [1] pc=[000000008000276c] W[r15=00000000000002de][1] R[r15=00000000000002df] R[r 0=0000000000000000] inst=[000037fd] DASM(000037fd)
C0:       6568 [1] pc=[000000008000276e] W[r 0=0000000000000000][0] R[r15=00000000000002de] R[r 0=0000000000000000] inst=[0000ffed] DASM(0000ffed)
C0:       6584 [1] pc=[0000000080002768] W[r 0=0000000000000000][0] R[r13=0000000080022800] R[r14=0010001000000000] inst=[04e6b07b] DASM(04e6b07b)
C0:       6585 [1] pc=[000000008000276c] W[r15=00000000000002dd][1] R[r15=00000000000002de] R[r 0=0000000000000000] inst=[000037fd] DASM(000037fd)
C0:       6586 [1] pc=[000000008000276e] W[r 0=0000000000000000][0] R[r15=00000000000002dd] R[r 0=0000000000000000] inst=[0000ffed] DASM(0000ffed)
C0:       6601 [1] pc=[0000000080002768] W[r 0=0000000000000000][0] R[r13=0000000080022800] R[r14=0010001000000000] inst=[04e6b07b] DASM(04e6b07b)
C0:       6602 [1] pc=[000000008000276c] W[r15=00000000000002dc][1] R[r15=00000000000002dd] R[r 0=0000000000000000] inst=[000037fd] DASM(000037fd)
C0:       6603 [1] pc=[000000008000276e] W[r 0=0000000000000000][0] R[r15=00000000000002dc] R[r 0=0000000000000000] inst=[0000ffed] DASM(0000ffed)
C0:       6620 [1] pc=[0000000080002768] W[r 0=0000000000000000][0] R[r13=0000000080022800] R[r14=0010001000000000] inst=[04e6b07b] DASM(04e6b07b)
C0:       6621 [1] pc=[000000008000276c] W[r15=00000000000002db][1] R[r15=00000000000002dc] R[r 0=0000000000000000] inst=[000037fd] DASM(000037fd)
C0:       6622 [1] pc=[000000008000276e] W[r 0=0000000000000000][0] R[r15=00000000000002db] R[r 0=0000000000000000] inst=[0000ffed] DASM(0000ffed)
C0:       6636 [1] pc=[0000000080002768] W[r 0=0000000000000000][0] R[r13=0000000080022800] R[r14=0010001000000000] inst=[04e6b07b] DASM(04e6b07b)
C0:       6637 [1] pc=[000000008000276c] W[r15=00000000000002da][1] R[r15=00000000000002db] R[r 0=0000000000000000] inst=[000037fd] DASM(000037fd)
C0:       6638 [1] pc=[000000008000276e] W[r 0=0000000000000000][0] R[r15=00000000000002da] R[r 0=0000000000000000] inst=[0000ffed] DASM(0000ffed)
C0:       6656 [1] pc=[0000000080002768] W[r 0=0000000000000000][0] R[r13=0000000080022800] R[r14=0010001000000000] inst=[04e6b07b] DASM(04e6b07b)
C0:       6657 [1] pc=[000000008000276c] W[r15=00000000000002d9][1] R[r15=00000000000002da] R[r 0=0000000000000000] inst=[000037fd] DASM(000037fd)
C0:       6658 [1] pc=[000000008000276e] W[r 0=0000000000000000][0] R[r15=00000000000002d9] R[r 0=0000000000000000] inst=[0000ffed] DASM(0000ffed)
C0:       6673 [1] pc=[0000000080002768] W[r 0=0000000000000000][0] R[r13=0000000080022800] R[r14=0010001000000000] inst=[04e6b07b] DASM(04e6b07b)
C0:       6674 [1] pc=[000000008000276c] W[r15=00000000000002d8][1] R[r15=00000000000002d9] R[r 0=0000000000000000] inst=[000037fd] DASM(000037fd)
C0:       6675 [1] pc=[000000008000276e] W[r 0=0000000000000000][0] R[r15=00000000000002d8] R[r 0=0000000000000000] inst=[0000ffed] DASM(0000ffed)
C0:       6691 [1] pc=[0000000080002768] W[r 0=0000000000000000][0] R[r13=0000000080022800] R[r14=0010001000000000] inst=[04e6b07b] DASM(04e6b07b)
C0:       6692 [1] pc=[000000008000276c] W[r15=00000000000002d7][1] R[r15=00000000000002d8] R[r 0=0000000000000000] inst=[000037fd] DASM(000037fd)
C0:       6693 [1] pc=[000000008000276e] W[r 0=0000000000000000][0] R[r15=00000000000002d7] R[r 0=0000000000000000] inst=[0000ffed] DASM(0000ffed)
C0:       6709 [1] pc=[0000000080002768] W[r 0=0000000000000000][0] R[r13=0000000080022800] R[r14=0010001000000000] inst=[04e6b07b] DASM(04e6b07b)
C0:       6710 [1] pc=[000000008000276c] W[r15=00000000000002d6][1] R[r15=00000000000002d7] R[r 0=0000000000000000] inst=[000037fd] DASM(000037fd)
C0:       6711 [1] pc=[000000008000276e] W[r 0=0000000000000000][0] R[r15=00000000000002d6] R[r 0=0000000000000000] inst=[0000ffed] DASM(0000ffed)
C0:       6726 [1] pc=[0000000080002768] W[r 0=0000000000000000][0] R[r13=0000000080022800] R[r14=0010001000000000] inst=[04e6b07b] DASM(04e6b07b)
C0:       6727 [1] pc=[000000008000276c] W[r15=00000000000002d5][1] R[r15=00000000000002d6] R[r 0=0000000000000000] inst=[000037fd] DASM(000037fd)
C0:       6728 [1] pc=[000000008000276e] W[r 0=0000000000000000][0] R[r15=00000000000002d5] R[r 0=0000000000000000] inst=[0000ffed] DASM(0000ffed)
C0:       6745 [1] pc=[0000000080002768] W[r 0=0000000000000000][0] R[r13=0000000080022800] R[r14=0010001000000000] inst=[04e6b07b] DASM(04e6b07b)
C0:       6746 [1] pc=[000000008000276c] W[r15=00000000000002d4][1] R[r15=00000000000002d5] R[r 0=0000000000000000] inst=[000037fd] DASM(000037fd)
C0:       6747 [1] pc=[000000008000276e] W[r 0=0000000000000000][0] R[r15=00000000000002d4] R[r 0=0000000000000000] inst=[0000ffed] DASM(0000ffed)
C0:       6762 [1] pc=[0000000080002768] W[r 0=0000000000000000][0] R[r13=0000000080022800] R[r14=0010001000000000] inst=[04e6b07b] DASM(04e6b07b)
C0:       6763 [1] pc=[000000008000276c] W[r15=00000000000002d3][1] R[r15=00000000000002d4] R[r 0=0000000000000000] inst=[000037fd] DASM(000037fd)
C0:       6764 [1] pc=[000000008000276e] W[r 0=0000000000000000][0] R[r15=00000000000002d3] R[r 0=0000000000000000] inst=[0000ffed] DASM(0000ffed)
C0:       6780 [1] pc=[0000000080002768] W[r 0=0000000000000000][0] R[r13=0000000080022800] R[r14=0010001000000000] inst=[04e6b07b] DASM(04e6b07b)
C0:       6781 [1] pc=[000000008000276c] W[r15=00000000000002d2][1] R[r15=00000000000002d3] R[r 0=0000000000000000] inst=[000037fd] DASM(000037fd)
C0:       6782 [1] pc=[000000008000276e] W[r 0=0000000000000000][0] R[r15=00000000000002d2] R[r 0=0000000000000000] inst=[0000ffed] DASM(0000ffed)
C0:       6798 [1] pc=[0000000080002768] W[r 0=0000000000000000][0] R[r13=0000000080022800] R[r14=0010001000000000] inst=[04e6b07b] DASM(04e6b07b)
C0:       6799 [1] pc=[000000008000276c] W[r15=00000000000002d1][1] R[r15=00000000000002d2] R[r 0=0000000000000000] inst=[000037fd] DASM(000037fd)
C0:       6800 [1] pc=[000000008000276e] W[r 0=0000000000000000][0] R[r15=00000000000002d1] R[r 0=0000000000000000] inst=[0000ffed] DASM(0000ffed)
C0:       6815 [1] pc=[0000000080002768] W[r 0=0000000000000000][0] R[r13=0000000080022800] R[r14=0010001000000000] inst=[04e6b07b] DASM(04e6b07b)
C0:       6816 [1] pc=[000000008000276c] W[r15=00000000000002d0][1] R[r15=00000000000002d1] R[r 0=0000000000000000] inst=[000037fd] DASM(000037fd)
C0:       6817 [1] pc=[000000008000276e] W[r 0=0000000000000000][0] R[r15=00000000000002d0] R[r 0=0000000000000000] inst=[0000ffed] DASM(0000ffed)
C0:       6834 [1] pc=[0000000080002768] W[r 0=0000000000000000][0] R[r13=0000000080022800] R[r14=0010001000000000] inst=[04e6b07b] DASM(04e6b07b)
C0:       6835 [1] pc=[000000008000276c] W[r15=00000000000002cf][1] R[r15=00000000000002d0] R[r 0=0000000000000000] inst=[000037fd] DASM(000037fd)
C0:       6836 [1] pc=[000000008000276e] W[r 0=0000000000000000][0] R[r15=00000000000002cf] R[r 0=0000000000000000] inst=[0000ffed] DASM(0000ffed)
C0:       6851 [1] pc=[0000000080002768] W[r 0=0000000000000000][0] R[r13=0000000080022800] R[r14=0010001000000000] inst=[04e6b07b] DASM(04e6b07b)
C0:       6852 [1] pc=[000000008000276c] W[r15=00000000000002ce][1] R[r15=00000000000002cf] R[r 0=0000000000000000] inst=[000037fd] DASM(000037fd)
C0:       6853 [1] pc=[000000008000276e] W[r 0=0000000000000000][0] R[r15=00000000000002ce] R[r 0=0000000000000000] inst=[0000ffed] DASM(0000ffed)
C0:       6869 [1] pc=[0000000080002768] W[r 0=0000000000000000][0] R[r13=0000000080022800] R[r14=0010001000000000] inst=[04e6b07b] DASM(04e6b07b)
C0:       6870 [1] pc=[000000008000276c] W[r15=00000000000002cd][1] R[r15=00000000000002ce] R[r 0=0000000000000000] inst=[000037fd] DASM(000037fd)
C0:       6871 [1] pc=[000000008000276e] W[r 0=0000000000000000][0] R[r15=00000000000002cd] R[r 0=0000000000000000] inst=[0000ffed] DASM(0000ffed)
C0:       6887 [1] pc=[0000000080002768] W[r 0=0000000000000000][0] R[r13=0000000080022800] R[r14=0010001000000000] inst=[04e6b07b] DASM(04e6b07b)
C0:       6888 [1] pc=[000000008000276c] W[r15=00000000000002cc][1] R[r15=00000000000002cd] R[r 0=0000000000000000] inst=[000037fd] DASM(000037fd)
C0:       6889 [1] pc=[000000008000276e] W[r 0=0000000000000000][0] R[r15=00000000000002cc] R[r 0=0000000000000000] inst=[0000ffed] DASM(0000ffed)
C0:       6904 [1] pc=[0000000080002768] W[r 0=0000000000000000][0] R[r13=0000000080022800] R[r14=0010001000000000] inst=[04e6b07b] DASM(04e6b07b)
C0:       6905 [1] pc=[000000008000276c] W[r15=00000000000002cb][1] R[r15=00000000000002cc] R[r 0=0000000000000000] inst=[000037fd] DASM(000037fd)
C0:       6906 [1] pc=[000000008000276e] W[r 0=0000000000000000][0] R[r15=00000000000002cb] R[r 0=0000000000000000] inst=[0000ffed] DASM(0000ffed)
C0:       6923 [1] pc=[0000000080002768] W[r 0=0000000000000000][0] R[r13=0000000080022800] R[r14=0010001000000000] inst=[04e6b07b] DASM(04e6b07b)
C0:       6924 [1] pc=[000000008000276c] W[r15=00000000000002ca][1] R[r15=00000000000002cb] R[r 0=0000000000000000] inst=[000037fd] DASM(000037fd)
C0:       6925 [1] pc=[000000008000276e] W[r 0=0000000000000000][0] R[r15=00000000000002ca] R[r 0=0000000000000000] inst=[0000ffed] DASM(0000ffed)
C0:       6939 [1] pc=[0000000080002768] W[r 0=0000000000000000][0] R[r13=0000000080022800] R[r14=0010001000000000] inst=[04e6b07b] DASM(04e6b07b)
C0:       6940 [1] pc=[000000008000276c] W[r15=00000000000002c9][1] R[r15=00000000000002ca] R[r 0=0000000000000000] inst=[000037fd] DASM(000037fd)
C0:       6941 [1] pc=[000000008000276e] W[r 0=0000000000000000][0] R[r15=00000000000002c9] R[r 0=0000000000000000] inst=[0000ffed] DASM(0000ffed)
C0:       6958 [1] pc=[0000000080002768] W[r 0=0000000000000000][0] R[r13=0000000080022800] R[r14=0010001000000000] inst=[04e6b07b] DASM(04e6b07b)
C0:       6959 [1] pc=[000000008000276c] W[r15=00000000000002c8][1] R[r15=00000000000002c9] R[r 0=0000000000000000] inst=[000037fd] DASM(000037fd)
C0:       6960 [1] pc=[000000008000276e] W[r 0=0000000000000000][0] R[r15=00000000000002c8] R[r 0=0000000000000000] inst=[0000ffed] DASM(0000ffed)
C0:       6975 [1] pc=[0000000080002768] W[r 0=0000000000000000][0] R[r13=0000000080022800] R[r14=0010001000000000] inst=[04e6b07b] DASM(04e6b07b)
C0:       6976 [1] pc=[000000008000276c] W[r15=00000000000002c7][1] R[r15=00000000000002c8] R[r 0=0000000000000000] inst=[000037fd] DASM(000037fd)
C0:       6977 [1] pc=[000000008000276e] W[r 0=0000000000000000][0] R[r15=00000000000002c7] R[r 0=0000000000000000] inst=[0000ffed] DASM(0000ffed)
C0:       6993 [1] pc=[0000000080002768] W[r 0=0000000000000000][0] R[r13=0000000080022800] R[r14=0010001000000000] inst=[04e6b07b] DASM(04e6b07b)
C0:       6994 [1] pc=[000000008000276c] W[r15=00000000000002c6][1] R[r15=00000000000002c7] R[r 0=0000000000000000] inst=[000037fd] DASM(000037fd)
C0:       6995 [1] pc=[000000008000276e] W[r 0=0000000000000000][0] R[r15=00000000000002c6] R[r 0=0000000000000000] inst=[0000ffed] DASM(0000ffed)
C0:       7011 [1] pc=[0000000080002768] W[r 0=0000000000000000][0] R[r13=0000000080022800] R[r14=0010001000000000] inst=[04e6b07b] DASM(04e6b07b)
C0:       7012 [1] pc=[000000008000276c] W[r15=00000000000002c5][1] R[r15=00000000000002c6] R[r 0=0000000000000000] inst=[000037fd] DASM(000037fd)
C0:       7013 [1] pc=[000000008000276e] W[r 0=0000000000000000][0] R[r15=00000000000002c5] R[r 0=0000000000000000] inst=[0000ffed] DASM(0000ffed)
C0:       7028 [1] pc=[0000000080002768] W[r 0=0000000000000000][0] R[r13=0000000080022800] R[r14=0010001000000000] inst=[04e6b07b] DASM(04e6b07b)
C0:       7029 [1] pc=[000000008000276c] W[r15=00000000000002c4][1] R[r15=00000000000002c5] R[r 0=0000000000000000] inst=[000037fd] DASM(000037fd)
C0:       7030 [1] pc=[000000008000276e] W[r 0=0000000000000000][0] R[r15=00000000000002c4] R[r 0=0000000000000000] inst=[0000ffed] DASM(0000ffed)
C0:       7046 [1] pc=[0000000080002768] W[r 0=0000000000000000][0] R[r13=0000000080022800] R[r14=0010001000000000] inst=[04e6b07b] DASM(04e6b07b)
C0:       7047 [1] pc=[000000008000276c] W[r15=00000000000002c3][1] R[r15=00000000000002c4] R[r 0=0000000000000000] inst=[000037fd] DASM(000037fd)
C0:       7048 [1] pc=[000000008000276e] W[r 0=0000000000000000][0] R[r15=00000000000002c3] R[r 0=0000000000000000] inst=[0000ffed] DASM(0000ffed)
C0:       7064 [1] pc=[0000000080002768] W[r 0=0000000000000000][0] R[r13=0000000080022800] R[r14=0010001000000000] inst=[04e6b07b] DASM(04e6b07b)
C0:       7065 [1] pc=[000000008000276c] W[r15=00000000000002c2][1] R[r15=00000000000002c3] R[r 0=0000000000000000] inst=[000037fd] DASM(000037fd)
C0:       7066 [1] pc=[000000008000276e] W[r 0=0000000000000000][0] R[r15=00000000000002c2] R[r 0=0000000000000000] inst=[0000ffed] DASM(0000ffed)
C0:       7081 [1] pc=[0000000080002768] W[r 0=0000000000000000][0] R[r13=0000000080022800] R[r14=0010001000000000] inst=[04e6b07b] DASM(04e6b07b)
C0:       7082 [1] pc=[000000008000276c] W[r15=00000000000002c1][1] R[r15=00000000000002c2] R[r 0=0000000000000000] inst=[000037fd] DASM(000037fd)
C0:       7083 [1] pc=[000000008000276e] W[r 0=0000000000000000][0] R[r15=00000000000002c1] R[r 0=0000000000000000] inst=[0000ffed] DASM(0000ffed)
C0:       7100 [1] pc=[0000000080002768] W[r 0=0000000000000000][0] R[r13=0000000080022800] R[r14=0010001000000000] inst=[04e6b07b] DASM(04e6b07b)
C0:       7101 [1] pc=[000000008000276c] W[r15=00000000000002c0][1] R[r15=00000000000002c1] R[r 0=0000000000000000] inst=[000037fd] DASM(000037fd)
C0:       7102 [1] pc=[000000008000276e] W[r 0=0000000000000000][0] R[r15=00000000000002c0] R[r 0=0000000000000000] inst=[0000ffed] DASM(0000ffed)
C0:       7116 [1] pc=[0000000080002768] W[r 0=0000000000000000][0] R[r13=0000000080022800] R[r14=0010001000000000] inst=[04e6b07b] DASM(04e6b07b)
C0:       7117 [1] pc=[000000008000276c] W[r15=00000000000002bf][1] R[r15=00000000000002c0] R[r 0=0000000000000000] inst=[000037fd] DASM(000037fd)
C0:       7118 [1] pc=[000000008000276e] W[r 0=0000000000000000][0] R[r15=00000000000002bf] R[r 0=0000000000000000] inst=[0000ffed] DASM(0000ffed)
C0:       7136 [1] pc=[0000000080002768] W[r 0=0000000000000000][0] R[r13=0000000080022800] R[r14=0010001000000000] inst=[04e6b07b] DASM(04e6b07b)
C0:       7137 [1] pc=[000000008000276c] W[r15=00000000000002be][1] R[r15=00000000000002bf] R[r 0=0000000000000000] inst=[000037fd] DASM(000037fd)
C0:       7138 [1] pc=[000000008000276e] W[r 0=0000000000000000][0] R[r15=00000000000002be] R[r 0=0000000000000000] inst=[0000ffed] DASM(0000ffed)
C0:       7153 [1] pc=[0000000080002768] W[r 0=0000000000000000][0] R[r13=0000000080022800] R[r14=0010001000000000] inst=[04e6b07b] DASM(04e6b07b)
C0:       7154 [1] pc=[000000008000276c] W[r15=00000000000002bd][1] R[r15=00000000000002be] R[r 0=0000000000000000] inst=[000037fd] DASM(000037fd)
C0:       7155 [1] pc=[000000008000276e] W[r 0=0000000000000000][0] R[r15=00000000000002bd] R[r 0=0000000000000000] inst=[0000ffed] DASM(0000ffed)
C0:       7171 [1] pc=[0000000080002768] W[r 0=0000000000000000][0] R[r13=0000000080022800] R[r14=0010001000000000] inst=[04e6b07b] DASM(04e6b07b)
C0:       7172 [1] pc=[000000008000276c] W[r15=00000000000002bc][1] R[r15=00000000000002bd] R[r 0=0000000000000000] inst=[000037fd] DASM(000037fd)
C0:       7173 [1] pc=[000000008000276e] W[r 0=0000000000000000][0] R[r15=00000000000002bc] R[r 0=0000000000000000] inst=[0000ffed] DASM(0000ffed)
C0:       7189 [1] pc=[0000000080002768] W[r 0=0000000000000000][0] R[r13=0000000080022800] R[r14=0010001000000000] inst=[04e6b07b] DASM(04e6b07b)
C0:       7190 [1] pc=[000000008000276c] W[r15=00000000000002bb][1] R[r15=00000000000002bc] R[r 0=0000000000000000] inst=[000037fd] DASM(000037fd)
C0:       7191 [1] pc=[000000008000276e] W[r 0=0000000000000000][0] R[r15=00000000000002bb] R[r 0=0000000000000000] inst=[0000ffed] DASM(0000ffed)
C0:       7206 [1] pc=[0000000080002768] W[r 0=0000000000000000][0] R[r13=0000000080022800] R[r14=0010001000000000] inst=[04e6b07b] DASM(04e6b07b)
C0:       7207 [1] pc=[000000008000276c] W[r15=00000000000002ba][1] R[r15=00000000000002bb] R[r 0=0000000000000000] inst=[000037fd] DASM(000037fd)
C0:       7208 [1] pc=[000000008000276e] W[r 0=0000000000000000][0] R[r15=00000000000002ba] R[r 0=0000000000000000] inst=[0000ffed] DASM(0000ffed)
C0:       7225 [1] pc=[0000000080002768] W[r 0=0000000000000000][0] R[r13=0000000080022800] R[r14=0010001000000000] inst=[04e6b07b] DASM(04e6b07b)
C0:       7226 [1] pc=[000000008000276c] W[r15=00000000000002b9][1] R[r15=00000000000002ba] R[r 0=0000000000000000] inst=[000037fd] DASM(000037fd)
C0:       7227 [1] pc=[000000008000276e] W[r 0=0000000000000000][0] R[r15=00000000000002b9] R[r 0=0000000000000000] inst=[0000ffed] DASM(0000ffed)
C0:       7242 [1] pc=[0000000080002768] W[r 0=0000000000000000][0] R[r13=0000000080022800] R[r14=0010001000000000] inst=[04e6b07b] DASM(04e6b07b)
C0:       7243 [1] pc=[000000008000276c] W[r15=00000000000002b8][1] R[r15=00000000000002b9] R[r 0=0000000000000000] inst=[000037fd] DASM(000037fd)
C0:       7244 [1] pc=[000000008000276e] W[r 0=0000000000000000][0] R[r15=00000000000002b8] R[r 0=0000000000000000] inst=[0000ffed] DASM(0000ffed)
C0:       7260 [1] pc=[0000000080002768] W[r 0=0000000000000000][0] R[r13=0000000080022800] R[r14=0010001000000000] inst=[04e6b07b] DASM(04e6b07b)
C0:       7261 [1] pc=[000000008000276c] W[r15=00000000000002b7][1] R[r15=00000000000002b8] R[r 0=0000000000000000] inst=[000037fd] DASM(000037fd)
C0:       7262 [1] pc=[000000008000276e] W[r 0=0000000000000000][0] R[r15=00000000000002b7] R[r 0=0000000000000000] inst=[0000ffed] DASM(0000ffed)
C0:       7278 [1] pc=[0000000080002768] W[r 0=0000000000000000][0] R[r13=0000000080022800] R[r14=0010001000000000] inst=[04e6b07b] DASM(04e6b07b)
C0:       7279 [1] pc=[000000008000276c] W[r15=00000000000002b6][1] R[r15=00000000000002b7] R[r 0=0000000000000000] inst=[000037fd] DASM(000037fd)
C0:       7280 [1] pc=[000000008000276e] W[r 0=0000000000000000][0] R[r15=00000000000002b6] R[r 0=0000000000000000] inst=[0000ffed] DASM(0000ffed)
C0:       7295 [1] pc=[0000000080002768] W[r 0=0000000000000000][0] R[r13=0000000080022800] R[r14=0010001000000000] inst=[04e6b07b] DASM(04e6b07b)
C0:       7296 [1] pc=[000000008000276c] W[r15=00000000000002b5][1] R[r15=00000000000002b6] R[r 0=0000000000000000] inst=[000037fd] DASM(000037fd)
C0:       7297 [1] pc=[000000008000276e] W[r 0=0000000000000000][0] R[r15=00000000000002b5] R[r 0=0000000000000000] inst=[0000ffed] DASM(0000ffed)
C0:       7314 [1] pc=[0000000080002768] W[r 0=0000000000000000][0] R[r13=0000000080022800] R[r14=0010001000000000] inst=[04e6b07b] DASM(04e6b07b)
C0:       7315 [1] pc=[000000008000276c] W[r15=00000000000002b4][1] R[r15=00000000000002b5] R[r 0=0000000000000000] inst=[000037fd] DASM(000037fd)
C0:       7316 [1] pc=[000000008000276e] W[r 0=0000000000000000][0] R[r15=00000000000002b4] R[r 0=0000000000000000] inst=[0000ffed] DASM(0000ffed)
C0:       7331 [1] pc=[0000000080002768] W[r 0=0000000000000000][0] R[r13=0000000080022800] R[r14=0010001000000000] inst=[04e6b07b] DASM(04e6b07b)
C0:       7332 [1] pc=[000000008000276c] W[r15=00000000000002b3][1] R[r15=00000000000002b4] R[r 0=0000000000000000] inst=[000037fd] DASM(000037fd)
C0:       7333 [1] pc=[000000008000276e] W[r 0=0000000000000000][0] R[r15=00000000000002b3] R[r 0=0000000000000000] inst=[0000ffed] DASM(0000ffed)
C0:       7349 [1] pc=[0000000080002768] W[r 0=0000000000000000][0] R[r13=0000000080022800] R[r14=0010001000000000] inst=[04e6b07b] DASM(04e6b07b)
C0:       7350 [1] pc=[000000008000276c] W[r15=00000000000002b2][1] R[r15=00000000000002b3] R[r 0=0000000000000000] inst=[000037fd] DASM(000037fd)
C0:       7351 [1] pc=[000000008000276e] W[r 0=0000000000000000][0] R[r15=00000000000002b2] R[r 0=0000000000000000] inst=[0000ffed] DASM(0000ffed)
C0:       7367 [1] pc=[0000000080002768] W[r 0=0000000000000000][0] R[r13=0000000080022800] R[r14=0010001000000000] inst=[04e6b07b] DASM(04e6b07b)
C0:       7368 [1] pc=[000000008000276c] W[r15=00000000000002b1][1] R[r15=00000000000002b2] R[r 0=0000000000000000] inst=[000037fd] DASM(000037fd)
C0:       7369 [1] pc=[000000008000276e] W[r 0=0000000000000000][0] R[r15=00000000000002b1] R[r 0=0000000000000000] inst=[0000ffed] DASM(0000ffed)
C0:       7384 [1] pc=[0000000080002768] W[r 0=0000000000000000][0] R[r13=0000000080022800] R[r14=0010001000000000] inst=[04e6b07b] DASM(04e6b07b)
C0:       7385 [1] pc=[000000008000276c] W[r15=00000000000002b0][1] R[r15=00000000000002b1] R[r 0=0000000000000000] inst=[000037fd] DASM(000037fd)
C0:       7386 [1] pc=[000000008000276e] W[r 0=0000000000000000][0] R[r15=00000000000002b0] R[r 0=0000000000000000] inst=[0000ffed] DASM(0000ffed)
C0:       7403 [1] pc=[0000000080002768] W[r 0=0000000000000000][0] R[r13=0000000080022800] R[r14=0010001000000000] inst=[04e6b07b] DASM(04e6b07b)
C0:       7404 [1] pc=[000000008000276c] W[r15=00000000000002af][1] R[r15=00000000000002b0] R[r 0=0000000000000000] inst=[000037fd] DASM(000037fd)
C0:       7405 [1] pc=[000000008000276e] W[r 0=0000000000000000][0] R[r15=00000000000002af] R[r 0=0000000000000000] inst=[0000ffed] DASM(0000ffed)
C0:       7419 [1] pc=[0000000080002768] W[r 0=0000000000000000][0] R[r13=0000000080022800] R[r14=0010001000000000] inst=[04e6b07b] DASM(04e6b07b)
C0:       7420 [1] pc=[000000008000276c] W[r15=00000000000002ae][1] R[r15=00000000000002af] R[r 0=0000000000000000] inst=[000037fd] DASM(000037fd)
C0:       7421 [1] pc=[000000008000276e] W[r 0=0000000000000000][0] R[r15=00000000000002ae] R[r 0=0000000000000000] inst=[0000ffed] DASM(0000ffed)
C0:       7438 [1] pc=[0000000080002768] W[r 0=0000000000000000][0] R[r13=0000000080022800] R[r14=0010001000000000] inst=[04e6b07b] DASM(04e6b07b)
C0:       7439 [1] pc=[000000008000276c] W[r15=00000000000002ad][1] R[r15=00000000000002ae] R[r 0=0000000000000000] inst=[000037fd] DASM(000037fd)
C0:       7440 [1] pc=[000000008000276e] W[r 0=0000000000000000][0] R[r15=00000000000002ad] R[r 0=0000000000000000] inst=[0000ffed] DASM(0000ffed)
C0:       7455 [1] pc=[0000000080002768] W[r 0=0000000000000000][0] R[r13=0000000080022800] R[r14=0010001000000000] inst=[04e6b07b] DASM(04e6b07b)
C0:       7456 [1] pc=[000000008000276c] W[r15=00000000000002ac][1] R[r15=00000000000002ad] R[r 0=0000000000000000] inst=[000037fd] DASM(000037fd)
C0:       7457 [1] pc=[000000008000276e] W[r 0=0000000000000000][0] R[r15=00000000000002ac] R[r 0=0000000000000000] inst=[0000ffed] DASM(0000ffed)
C0:       7473 [1] pc=[0000000080002768] W[r 0=0000000000000000][0] R[r13=0000000080022800] R[r14=0010001000000000] inst=[04e6b07b] DASM(04e6b07b)
C0:       7474 [1] pc=[000000008000276c] W[r15=00000000000002ab][1] R[r15=00000000000002ac] R[r 0=0000000000000000] inst=[000037fd] DASM(000037fd)
C0:       7475 [1] pc=[000000008000276e] W[r 0=0000000000000000][0] R[r15=00000000000002ab] R[r 0=0000000000000000] inst=[0000ffed] DASM(0000ffed)
C0:       7491 [1] pc=[0000000080002768] W[r 0=0000000000000000][0] R[r13=0000000080022800] R[r14=0010001000000000] inst=[04e6b07b] DASM(04e6b07b)
C0:       7492 [1] pc=[000000008000276c] W[r15=00000000000002aa][1] R[r15=00000000000002ab] R[r 0=0000000000000000] inst=[000037fd] DASM(000037fd)
C0:       7493 [1] pc=[000000008000276e] W[r 0=0000000000000000][0] R[r15=00000000000002aa] R[r 0=0000000000000000] inst=[0000ffed] DASM(0000ffed)
C0:       7508 [1] pc=[0000000080002768] W[r 0=0000000000000000][0] R[r13=0000000080022800] R[r14=0010001000000000] inst=[04e6b07b] DASM(04e6b07b)
C0:       7509 [1] pc=[000000008000276c] W[r15=00000000000002a9][1] R[r15=00000000000002aa] R[r 0=0000000000000000] inst=[000037fd] DASM(000037fd)
C0:       7510 [1] pc=[000000008000276e] W[r 0=0000000000000000][0] R[r15=00000000000002a9] R[r 0=0000000000000000] inst=[0000ffed] DASM(0000ffed)
C0:       7526 [1] pc=[0000000080002768] W[r 0=0000000000000000][0] R[r13=0000000080022800] R[r14=0010001000000000] inst=[04e6b07b] DASM(04e6b07b)
C0:       7527 [1] pc=[000000008000276c] W[r15=00000000000002a8][1] R[r15=00000000000002a9] R[r 0=0000000000000000] inst=[000037fd] DASM(000037fd)
C0:       7528 [1] pc=[000000008000276e] W[r 0=0000000000000000][0] R[r15=00000000000002a8] R[r 0=0000000000000000] inst=[0000ffed] DASM(0000ffed)
C0:       7544 [1] pc=[0000000080002768] W[r 0=0000000000000000][0] R[r13=0000000080022800] R[r14=0010001000000000] inst=[04e6b07b] DASM(04e6b07b)
C0:       7545 [1] pc=[000000008000276c] W[r15=00000000000002a7][1] R[r15=00000000000002a8] R[r 0=0000000000000000] inst=[000037fd] DASM(000037fd)
C0:       7546 [1] pc=[000000008000276e] W[r 0=0000000000000000][0] R[r15=00000000000002a7] R[r 0=0000000000000000] inst=[0000ffed] DASM(0000ffed)
C0:       7561 [1] pc=[0000000080002768] W[r 0=0000000000000000][0] R[r13=0000000080022800] R[r14=0010001000000000] inst=[04e6b07b] DASM(04e6b07b)
C0:       7562 [1] pc=[000000008000276c] W[r15=00000000000002a6][1] R[r15=00000000000002a7] R[r 0=0000000000000000] inst=[000037fd] DASM(000037fd)
C0:       7563 [1] pc=[000000008000276e] W[r 0=0000000000000000][0] R[r15=00000000000002a6] R[r 0=0000000000000000] inst=[0000ffed] DASM(0000ffed)
C0:       7580 [1] pc=[0000000080002768] W[r 0=0000000000000000][0] R[r13=0000000080022800] R[r14=0010001000000000] inst=[04e6b07b] DASM(04e6b07b)
C0:       7581 [1] pc=[000000008000276c] W[r15=00000000000002a5][1] R[r15=00000000000002a6] R[r 0=0000000000000000] inst=[000037fd] DASM(000037fd)
C0:       7582 [1] pc=[000000008000276e] W[r 0=0000000000000000][0] R[r15=00000000000002a5] R[r 0=0000000000000000] inst=[0000ffed] DASM(0000ffed)
C0:       7596 [1] pc=[0000000080002768] W[r 0=0000000000000000][0] R[r13=0000000080022800] R[r14=0010001000000000] inst=[04e6b07b] DASM(04e6b07b)
C0:       7597 [1] pc=[000000008000276c] W[r15=00000000000002a4][1] R[r15=00000000000002a5] R[r 0=0000000000000000] inst=[000037fd] DASM(000037fd)
C0:       7598 [1] pc=[000000008000276e] W[r 0=0000000000000000][0] R[r15=00000000000002a4] R[r 0=0000000000000000] inst=[0000ffed] DASM(0000ffed)
C0:       7616 [1] pc=[0000000080002768] W[r 0=0000000000000000][0] R[r13=0000000080022800] R[r14=0010001000000000] inst=[04e6b07b] DASM(04e6b07b)
C0:       7617 [1] pc=[000000008000276c] W[r15=00000000000002a3][1] R[r15=00000000000002a4] R[r 0=0000000000000000] inst=[000037fd] DASM(000037fd)
C0:       7618 [1] pc=[000000008000276e] W[r 0=0000000000000000][0] R[r15=00000000000002a3] R[r 0=0000000000000000] inst=[0000ffed] DASM(0000ffed)
C0:       7633 [1] pc=[0000000080002768] W[r 0=0000000000000000][0] R[r13=0000000080022800] R[r14=0010001000000000] inst=[04e6b07b] DASM(04e6b07b)
C0:       7634 [1] pc=[000000008000276c] W[r15=00000000000002a2][1] R[r15=00000000000002a3] R[r 0=0000000000000000] inst=[000037fd] DASM(000037fd)
C0:       7635 [1] pc=[000000008000276e] W[r 0=0000000000000000][0] R[r15=00000000000002a2] R[r 0=0000000000000000] inst=[0000ffed] DASM(0000ffed)
C0:       7651 [1] pc=[0000000080002768] W[r 0=0000000000000000][0] R[r13=0000000080022800] R[r14=0010001000000000] inst=[04e6b07b] DASM(04e6b07b)
C0:       7652 [1] pc=[000000008000276c] W[r15=00000000000002a1][1] R[r15=00000000000002a2] R[r 0=0000000000000000] inst=[000037fd] DASM(000037fd)
C0:       7653 [1] pc=[000000008000276e] W[r 0=0000000000000000][0] R[r15=00000000000002a1] R[r 0=0000000000000000] inst=[0000ffed] DASM(0000ffed)
C0:       7669 [1] pc=[0000000080002768] W[r 0=0000000000000000][0] R[r13=0000000080022800] R[r14=0010001000000000] inst=[04e6b07b] DASM(04e6b07b)
C0:       7670 [1] pc=[000000008000276c] W[r15=00000000000002a0][1] R[r15=00000000000002a1] R[r 0=0000000000000000] inst=[000037fd] DASM(000037fd)
C0:       7671 [1] pc=[000000008000276e] W[r 0=0000000000000000][0] R[r15=00000000000002a0] R[r 0=0000000000000000] inst=[0000ffed] DASM(0000ffed)
C0:       7686 [1] pc=[0000000080002768] W[r 0=0000000000000000][0] R[r13=0000000080022800] R[r14=0010001000000000] inst=[04e6b07b] DASM(04e6b07b)
C0:       7687 [1] pc=[000000008000276c] W[r15=000000000000029f][1] R[r15=00000000000002a0] R[r 0=0000000000000000] inst=[000037fd] DASM(000037fd)
C0:       7688 [1] pc=[000000008000276e] W[r 0=0000000000000000][0] R[r15=000000000000029f] R[r 0=0000000000000000] inst=[0000ffed] DASM(0000ffed)
C0:       7705 [1] pc=[0000000080002768] W[r 0=0000000000000000][0] R[r13=0000000080022800] R[r14=0010001000000000] inst=[04e6b07b] DASM(04e6b07b)
C0:       7706 [1] pc=[000000008000276c] W[r15=000000000000029e][1] R[r15=000000000000029f] R[r 0=0000000000000000] inst=[000037fd] DASM(000037fd)
C0:       7707 [1] pc=[000000008000276e] W[r 0=0000000000000000][0] R[r15=000000000000029e] R[r 0=0000000000000000] inst=[0000ffed] DASM(0000ffed)
C0:       7722 [1] pc=[0000000080002768] W[r 0=0000000000000000][0] R[r13=0000000080022800] R[r14=0010001000000000] inst=[04e6b07b] DASM(04e6b07b)
C0:       7723 [1] pc=[000000008000276c] W[r15=000000000000029d][1] R[r15=000000000000029e] R[r 0=0000000000000000] inst=[000037fd] DASM(000037fd)
C0:       7724 [1] pc=[000000008000276e] W[r 0=0000000000000000][0] R[r15=000000000000029d] R[r 0=0000000000000000] inst=[0000ffed] DASM(0000ffed)
C0:       7740 [1] pc=[0000000080002768] W[r 0=0000000000000000][0] R[r13=0000000080022800] R[r14=0010001000000000] inst=[04e6b07b] DASM(04e6b07b)
C0:       7741 [1] pc=[000000008000276c] W[r15=000000000000029c][1] R[r15=000000000000029d] R[r 0=0000000000000000] inst=[000037fd] DASM(000037fd)
C0:       7742 [1] pc=[000000008000276e] W[r 0=0000000000000000][0] R[r15=000000000000029c] R[r 0=0000000000000000] inst=[0000ffed] DASM(0000ffed)
C0:       7758 [1] pc=[0000000080002768] W[r 0=0000000000000000][0] R[r13=0000000080022800] R[r14=0010001000000000] inst=[04e6b07b] DASM(04e6b07b)
C0:       7759 [1] pc=[000000008000276c] W[r15=000000000000029b][1] R[r15=000000000000029c] R[r 0=0000000000000000] inst=[000037fd] DASM(000037fd)
C0:       7760 [1] pc=[000000008000276e] W[r 0=0000000000000000][0] R[r15=000000000000029b] R[r 0=0000000000000000] inst=[0000ffed] DASM(0000ffed)
C0:       7775 [1] pc=[0000000080002768] W[r 0=0000000000000000][0] R[r13=0000000080022800] R[r14=0010001000000000] inst=[04e6b07b] DASM(04e6b07b)
C0:       7776 [1] pc=[000000008000276c] W[r15=000000000000029a][1] R[r15=000000000000029b] R[r 0=0000000000000000] inst=[000037fd] DASM(000037fd)
C0:       7777 [1] pc=[000000008000276e] W[r 0=0000000000000000][0] R[r15=000000000000029a] R[r 0=0000000000000000] inst=[0000ffed] DASM(0000ffed)
C0:       7794 [1] pc=[0000000080002768] W[r 0=0000000000000000][0] R[r13=0000000080022800] R[r14=0010001000000000] inst=[04e6b07b] DASM(04e6b07b)
C0:       7795 [1] pc=[000000008000276c] W[r15=0000000000000299][1] R[r15=000000000000029a] R[r 0=0000000000000000] inst=[000037fd] DASM(000037fd)
C0:       7796 [1] pc=[000000008000276e] W[r 0=0000000000000000][0] R[r15=0000000000000299] R[r 0=0000000000000000] inst=[0000ffed] DASM(0000ffed)
C0:       7811 [1] pc=[0000000080002768] W[r 0=0000000000000000][0] R[r13=0000000080022800] R[r14=0010001000000000] inst=[04e6b07b] DASM(04e6b07b)
C0:       7812 [1] pc=[000000008000276c] W[r15=0000000000000298][1] R[r15=0000000000000299] R[r 0=0000000000000000] inst=[000037fd] DASM(000037fd)
C0:       7813 [1] pc=[000000008000276e] W[r 0=0000000000000000][0] R[r15=0000000000000298] R[r 0=0000000000000000] inst=[0000ffed] DASM(0000ffed)
C0:       7829 [1] pc=[0000000080002768] W[r 0=0000000000000000][0] R[r13=0000000080022800] R[r14=0010001000000000] inst=[04e6b07b] DASM(04e6b07b)
C0:       7830 [1] pc=[000000008000276c] W[r15=0000000000000297][1] R[r15=0000000000000298] R[r 0=0000000000000000] inst=[000037fd] DASM(000037fd)
C0:       7831 [1] pc=[000000008000276e] W[r 0=0000000000000000][0] R[r15=0000000000000297] R[r 0=0000000000000000] inst=[0000ffed] DASM(0000ffed)
C0:       7847 [1] pc=[0000000080002768] W[r 0=0000000000000000][0] R[r13=0000000080022800] R[r14=0010001000000000] inst=[04e6b07b] DASM(04e6b07b)
C0:       7848 [1] pc=[000000008000276c] W[r15=0000000000000296][1] R[r15=0000000000000297] R[r 0=0000000000000000] inst=[000037fd] DASM(000037fd)
C0:       7849 [1] pc=[000000008000276e] W[r 0=0000000000000000][0] R[r15=0000000000000296] R[r 0=0000000000000000] inst=[0000ffed] DASM(0000ffed)
C0:       7864 [1] pc=[0000000080002768] W[r 0=0000000000000000][0] R[r13=0000000080022800] R[r14=0010001000000000] inst=[04e6b07b] DASM(04e6b07b)
C0:       7865 [1] pc=[000000008000276c] W[r15=0000000000000295][1] R[r15=0000000000000296] R[r 0=0000000000000000] inst=[000037fd] DASM(000037fd)
C0:       7866 [1] pc=[000000008000276e] W[r 0=0000000000000000][0] R[r15=0000000000000295] R[r 0=0000000000000000] inst=[0000ffed] DASM(0000ffed)
C0:       7883 [1] pc=[0000000080002768] W[r 0=0000000000000000][0] R[r13=0000000080022800] R[r14=0010001000000000] inst=[04e6b07b] DASM(04e6b07b)
C0:       7884 [1] pc=[000000008000276c] W[r15=0000000000000294][1] R[r15=0000000000000295] R[r 0=0000000000000000] inst=[000037fd] DASM(000037fd)
C0:       7885 [1] pc=[000000008000276e] W[r 0=0000000000000000][0] R[r15=0000000000000294] R[r 0=0000000000000000] inst=[0000ffed] DASM(0000ffed)
C0:       7899 [1] pc=[0000000080002768] W[r 0=0000000000000000][0] R[r13=0000000080022800] R[r14=0010001000000000] inst=[04e6b07b] DASM(04e6b07b)
C0:       7900 [1] pc=[000000008000276c] W[r15=0000000000000293][1] R[r15=0000000000000294] R[r 0=0000000000000000] inst=[000037fd] DASM(000037fd)
C0:       7901 [1] pc=[000000008000276e] W[r 0=0000000000000000][0] R[r15=0000000000000293] R[r 0=0000000000000000] inst=[0000ffed] DASM(0000ffed)
C0:       7918 [1] pc=[0000000080002768] W[r 0=0000000000000000][0] R[r13=0000000080022800] R[r14=0010001000000000] inst=[04e6b07b] DASM(04e6b07b)
C0:       7919 [1] pc=[000000008000276c] W[r15=0000000000000292][1] R[r15=0000000000000293] R[r 0=0000000000000000] inst=[000037fd] DASM(000037fd)
C0:       7920 [1] pc=[000000008000276e] W[r 0=0000000000000000][0] R[r15=0000000000000292] R[r 0=0000000000000000] inst=[0000ffed] DASM(0000ffed)
C0:       7935 [1] pc=[0000000080002768] W[r 0=0000000000000000][0] R[r13=0000000080022800] R[r14=0010001000000000] inst=[04e6b07b] DASM(04e6b07b)
C0:       7936 [1] pc=[000000008000276c] W[r15=0000000000000291][1] R[r15=0000000000000292] R[r 0=0000000000000000] inst=[000037fd] DASM(000037fd)
C0:       7937 [1] pc=[000000008000276e] W[r 0=0000000000000000][0] R[r15=0000000000000291] R[r 0=0000000000000000] inst=[0000ffed] DASM(0000ffed)
C0:       7953 [1] pc=[0000000080002768] W[r 0=0000000000000000][0] R[r13=0000000080022800] R[r14=0010001000000000] inst=[04e6b07b] DASM(04e6b07b)
C0:       7954 [1] pc=[000000008000276c] W[r15=0000000000000290][1] R[r15=0000000000000291] R[r 0=0000000000000000] inst=[000037fd] DASM(000037fd)
C0:       7955 [1] pc=[000000008000276e] W[r 0=0000000000000000][0] R[r15=0000000000000290] R[r 0=0000000000000000] inst=[0000ffed] DASM(0000ffed)
C0:       7971 [1] pc=[0000000080002768] W[r 0=0000000000000000][0] R[r13=0000000080022800] R[r14=0010001000000000] inst=[04e6b07b] DASM(04e6b07b)
C0:       7972 [1] pc=[000000008000276c] W[r15=000000000000028f][1] R[r15=0000000000000290] R[r 0=0000000000000000] inst=[000037fd] DASM(000037fd)
C0:       7973 [1] pc=[000000008000276e] W[r 0=0000000000000000][0] R[r15=000000000000028f] R[r 0=0000000000000000] inst=[0000ffed] DASM(0000ffed)
C0:       7988 [1] pc=[0000000080002768] W[r 0=0000000000000000][0] R[r13=0000000080022800] R[r14=0010001000000000] inst=[04e6b07b] DASM(04e6b07b)
C0:       7989 [1] pc=[000000008000276c] W[r15=000000000000028e][1] R[r15=000000000000028f] R[r 0=0000000000000000] inst=[000037fd] DASM(000037fd)
C0:       7990 [1] pc=[000000008000276e] W[r 0=0000000000000000][0] R[r15=000000000000028e] R[r 0=0000000000000000] inst=[0000ffed] DASM(0000ffed)
C0:       8006 [1] pc=[0000000080002768] W[r 0=0000000000000000][0] R[r13=0000000080022800] R[r14=0010001000000000] inst=[04e6b07b] DASM(04e6b07b)
C0:       8007 [1] pc=[000000008000276c] W[r15=000000000000028d][1] R[r15=000000000000028e] R[r 0=0000000000000000] inst=[000037fd] DASM(000037fd)
C0:       8008 [1] pc=[000000008000276e] W[r 0=0000000000000000][0] R[r15=000000000000028d] R[r 0=0000000000000000] inst=[0000ffed] DASM(0000ffed)
C0:       8024 [1] pc=[0000000080002768] W[r 0=0000000000000000][0] R[r13=0000000080022800] R[r14=0010001000000000] inst=[04e6b07b] DASM(04e6b07b)
C0:       8025 [1] pc=[000000008000276c] W[r15=000000000000028c][1] R[r15=000000000000028d] R[r 0=0000000000000000] inst=[000037fd] DASM(000037fd)
C0:       8026 [1] pc=[000000008000276e] W[r 0=0000000000000000][0] R[r15=000000000000028c] R[r 0=0000000000000000] inst=[0000ffed] DASM(0000ffed)
C0:       8041 [1] pc=[0000000080002768] W[r 0=0000000000000000][0] R[r13=0000000080022800] R[r14=0010001000000000] inst=[04e6b07b] DASM(04e6b07b)
C0:       8042 [1] pc=[000000008000276c] W[r15=000000000000028b][1] R[r15=000000000000028c] R[r 0=0000000000000000] inst=[000037fd] DASM(000037fd)
C0:       8043 [1] pc=[000000008000276e] W[r 0=0000000000000000][0] R[r15=000000000000028b] R[r 0=0000000000000000] inst=[0000ffed] DASM(0000ffed)
C0:       8060 [1] pc=[0000000080002768] W[r 0=0000000000000000][0] R[r13=0000000080022800] R[r14=0010001000000000] inst=[04e6b07b] DASM(04e6b07b)
C0:       8061 [1] pc=[000000008000276c] W[r15=000000000000028a][1] R[r15=000000000000028b] R[r 0=0000000000000000] inst=[000037fd] DASM(000037fd)
C0:       8062 [1] pc=[000000008000276e] W[r 0=0000000000000000][0] R[r15=000000000000028a] R[r 0=0000000000000000] inst=[0000ffed] DASM(0000ffed)
C0:       8076 [1] pc=[0000000080002768] W[r 0=0000000000000000][0] R[r13=0000000080022800] R[r14=0010001000000000] inst=[04e6b07b] DASM(04e6b07b)
C0:       8077 [1] pc=[000000008000276c] W[r15=0000000000000289][1] R[r15=000000000000028a] R[r 0=0000000000000000] inst=[000037fd] DASM(000037fd)
C0:       8078 [1] pc=[000000008000276e] W[r 0=0000000000000000][0] R[r15=0000000000000289] R[r 0=0000000000000000] inst=[0000ffed] DASM(0000ffed)
C0:       8096 [1] pc=[0000000080002768] W[r 0=0000000000000000][0] R[r13=0000000080022800] R[r14=0010001000000000] inst=[04e6b07b] DASM(04e6b07b)
C0:       8097 [1] pc=[000000008000276c] W[r15=0000000000000288][1] R[r15=0000000000000289] R[r 0=0000000000000000] inst=[000037fd] DASM(000037fd)
C0:       8098 [1] pc=[000000008000276e] W[r 0=0000000000000000][0] R[r15=0000000000000288] R[r 0=0000000000000000] inst=[0000ffed] DASM(0000ffed)
C0:       8113 [1] pc=[0000000080002768] W[r 0=0000000000000000][0] R[r13=0000000080022800] R[r14=0010001000000000] inst=[04e6b07b] DASM(04e6b07b)
C0:       8114 [1] pc=[000000008000276c] W[r15=0000000000000287][1] R[r15=0000000000000288] R[r 0=0000000000000000] inst=[000037fd] DASM(000037fd)
C0:       8115 [1] pc=[000000008000276e] W[r 0=0000000000000000][0] R[r15=0000000000000287] R[r 0=0000000000000000] inst=[0000ffed] DASM(0000ffed)
C0:       8131 [1] pc=[0000000080002768] W[r 0=0000000000000000][0] R[r13=0000000080022800] R[r14=0010001000000000] inst=[04e6b07b] DASM(04e6b07b)
C0:       8132 [1] pc=[000000008000276c] W[r15=0000000000000286][1] R[r15=0000000000000287] R[r 0=0000000000000000] inst=[000037fd] DASM(000037fd)
C0:       8133 [1] pc=[000000008000276e] W[r 0=0000000000000000][0] R[r15=0000000000000286] R[r 0=0000000000000000] inst=[0000ffed] DASM(0000ffed)
C0:       8149 [1] pc=[0000000080002768] W[r 0=0000000000000000][0] R[r13=0000000080022800] R[r14=0010001000000000] inst=[04e6b07b] DASM(04e6b07b)
C0:       8150 [1] pc=[000000008000276c] W[r15=0000000000000285][1] R[r15=0000000000000286] R[r 0=0000000000000000] inst=[000037fd] DASM(000037fd)
C0:       8151 [1] pc=[000000008000276e] W[r 0=0000000000000000][0] R[r15=0000000000000285] R[r 0=0000000000000000] inst=[0000ffed] DASM(0000ffed)
C0:       8166 [1] pc=[0000000080002768] W[r 0=0000000000000000][0] R[r13=0000000080022800] R[r14=0010001000000000] inst=[04e6b07b] DASM(04e6b07b)
C0:       8167 [1] pc=[000000008000276c] W[r15=0000000000000284][1] R[r15=0000000000000285] R[r 0=0000000000000000] inst=[000037fd] DASM(000037fd)
C0:       8168 [1] pc=[000000008000276e] W[r 0=0000000000000000][0] R[r15=0000000000000284] R[r 0=0000000000000000] inst=[0000ffed] DASM(0000ffed)
C0:       8185 [1] pc=[0000000080002768] W[r 0=0000000000000000][0] R[r13=0000000080022800] R[r14=0010001000000000] inst=[04e6b07b] DASM(04e6b07b)
C0:       8186 [1] pc=[000000008000276c] W[r15=0000000000000283][1] R[r15=0000000000000284] R[r 0=0000000000000000] inst=[000037fd] DASM(000037fd)
C0:       8187 [1] pc=[000000008000276e] W[r 0=0000000000000000][0] R[r15=0000000000000283] R[r 0=0000000000000000] inst=[0000ffed] DASM(0000ffed)
C0:       8202 [1] pc=[0000000080002768] W[r 0=0000000000000000][0] R[r13=0000000080022800] R[r14=0010001000000000] inst=[04e6b07b] DASM(04e6b07b)
C0:       8203 [1] pc=[000000008000276c] W[r15=0000000000000282][1] R[r15=0000000000000283] R[r 0=0000000000000000] inst=[000037fd] DASM(000037fd)
C0:       8204 [1] pc=[000000008000276e] W[r 0=0000000000000000][0] R[r15=0000000000000282] R[r 0=0000000000000000] inst=[0000ffed] DASM(0000ffed)
C0:       8220 [1] pc=[0000000080002768] W[r 0=0000000000000000][0] R[r13=0000000080022800] R[r14=0010001000000000] inst=[04e6b07b] DASM(04e6b07b)
C0:       8221 [1] pc=[000000008000276c] W[r15=0000000000000281][1] R[r15=0000000000000282] R[r 0=0000000000000000] inst=[000037fd] DASM(000037fd)
C0:       8222 [1] pc=[000000008000276e] W[r 0=0000000000000000][0] R[r15=0000000000000281] R[r 0=0000000000000000] inst=[0000ffed] DASM(0000ffed)
C0:       8238 [1] pc=[0000000080002768] W[r 0=0000000000000000][0] R[r13=0000000080022800] R[r14=0010001000000000] inst=[04e6b07b] DASM(04e6b07b)
C0:       8239 [1] pc=[000000008000276c] W[r15=0000000000000280][1] R[r15=0000000000000281] R[r 0=0000000000000000] inst=[000037fd] DASM(000037fd)
C0:       8240 [1] pc=[000000008000276e] W[r 0=0000000000000000][0] R[r15=0000000000000280] R[r 0=0000000000000000] inst=[0000ffed] DASM(0000ffed)
C0:       8255 [1] pc=[0000000080002768] W[r 0=0000000000000000][0] R[r13=0000000080022800] R[r14=0010001000000000] inst=[04e6b07b] DASM(04e6b07b)
C0:       8256 [1] pc=[000000008000276c] W[r15=000000000000027f][1] R[r15=0000000000000280] R[r 0=0000000000000000] inst=[000037fd] DASM(000037fd)
C0:       8257 [1] pc=[000000008000276e] W[r 0=0000000000000000][0] R[r15=000000000000027f] R[r 0=0000000000000000] inst=[0000ffed] DASM(0000ffed)
C0:       8274 [1] pc=[0000000080002768] W[r 0=0000000000000000][0] R[r13=0000000080022800] R[r14=0010001000000000] inst=[04e6b07b] DASM(04e6b07b)
C0:       8275 [1] pc=[000000008000276c] W[r15=000000000000027e][1] R[r15=000000000000027f] R[r 0=0000000000000000] inst=[000037fd] DASM(000037fd)
C0:       8276 [1] pc=[000000008000276e] W[r 0=0000000000000000][0] R[r15=000000000000027e] R[r 0=0000000000000000] inst=[0000ffed] DASM(0000ffed)
C0:       8291 [1] pc=[0000000080002768] W[r 0=0000000000000000][0] R[r13=0000000080022800] R[r14=0010001000000000] inst=[04e6b07b] DASM(04e6b07b)
C0:       8292 [1] pc=[000000008000276c] W[r15=000000000000027d][1] R[r15=000000000000027e] R[r 0=0000000000000000] inst=[000037fd] DASM(000037fd)
C0:       8293 [1] pc=[000000008000276e] W[r 0=0000000000000000][0] R[r15=000000000000027d] R[r 0=0000000000000000] inst=[0000ffed] DASM(0000ffed)
C0:       8309 [1] pc=[0000000080002768] W[r 0=0000000000000000][0] R[r13=0000000080022800] R[r14=0010001000000000] inst=[04e6b07b] DASM(04e6b07b)
C0:       8310 [1] pc=[000000008000276c] W[r15=000000000000027c][1] R[r15=000000000000027d] R[r 0=0000000000000000] inst=[000037fd] DASM(000037fd)
C0:       8311 [1] pc=[000000008000276e] W[r 0=0000000000000000][0] R[r15=000000000000027c] R[r 0=0000000000000000] inst=[0000ffed] DASM(0000ffed)
C0:       8327 [1] pc=[0000000080002768] W[r 0=0000000000000000][0] R[r13=0000000080022800] R[r14=0010001000000000] inst=[04e6b07b] DASM(04e6b07b)
C0:       8328 [1] pc=[000000008000276c] W[r15=000000000000027b][1] R[r15=000000000000027c] R[r 0=0000000000000000] inst=[000037fd] DASM(000037fd)
C0:       8329 [1] pc=[000000008000276e] W[r 0=0000000000000000][0] R[r15=000000000000027b] R[r 0=0000000000000000] inst=[0000ffed] DASM(0000ffed)
C0:       8344 [1] pc=[0000000080002768] W[r 0=0000000000000000][0] R[r13=0000000080022800] R[r14=0010001000000000] inst=[04e6b07b] DASM(04e6b07b)
C0:       8345 [1] pc=[000000008000276c] W[r15=000000000000027a][1] R[r15=000000000000027b] R[r 0=0000000000000000] inst=[000037fd] DASM(000037fd)
C0:       8346 [1] pc=[000000008000276e] W[r 0=0000000000000000][0] R[r15=000000000000027a] R[r 0=0000000000000000] inst=[0000ffed] DASM(0000ffed)
C0:       8363 [1] pc=[0000000080002768] W[r 0=0000000000000000][0] R[r13=0000000080022800] R[r14=0010001000000000] inst=[04e6b07b] DASM(04e6b07b)
C0:       8364 [1] pc=[000000008000276c] W[r15=0000000000000279][1] R[r15=000000000000027a] R[r 0=0000000000000000] inst=[000037fd] DASM(000037fd)
C0:       8365 [1] pc=[000000008000276e] W[r 0=0000000000000000][0] R[r15=0000000000000279] R[r 0=0000000000000000] inst=[0000ffed] DASM(0000ffed)
C0:       8379 [1] pc=[0000000080002768] W[r 0=0000000000000000][0] R[r13=0000000080022800] R[r14=0010001000000000] inst=[04e6b07b] DASM(04e6b07b)
C0:       8380 [1] pc=[000000008000276c] W[r15=0000000000000278][1] R[r15=0000000000000279] R[r 0=0000000000000000] inst=[000037fd] DASM(000037fd)
C0:       8381 [1] pc=[000000008000276e] W[r 0=0000000000000000][0] R[r15=0000000000000278] R[r 0=0000000000000000] inst=[0000ffed] DASM(0000ffed)
C0:       8398 [1] pc=[0000000080002768] W[r 0=0000000000000000][0] R[r13=0000000080022800] R[r14=0010001000000000] inst=[04e6b07b] DASM(04e6b07b)
C0:       8399 [1] pc=[000000008000276c] W[r15=0000000000000277][1] R[r15=0000000000000278] R[r 0=0000000000000000] inst=[000037fd] DASM(000037fd)
C0:       8400 [1] pc=[000000008000276e] W[r 0=0000000000000000][0] R[r15=0000000000000277] R[r 0=0000000000000000] inst=[0000ffed] DASM(0000ffed)
C0:       8415 [1] pc=[0000000080002768] W[r 0=0000000000000000][0] R[r13=0000000080022800] R[r14=0010001000000000] inst=[04e6b07b] DASM(04e6b07b)
C0:       8416 [1] pc=[000000008000276c] W[r15=0000000000000276][1] R[r15=0000000000000277] R[r 0=0000000000000000] inst=[000037fd] DASM(000037fd)
C0:       8417 [1] pc=[000000008000276e] W[r 0=0000000000000000][0] R[r15=0000000000000276] R[r 0=0000000000000000] inst=[0000ffed] DASM(0000ffed)
C0:       8433 [1] pc=[0000000080002768] W[r 0=0000000000000000][0] R[r13=0000000080022800] R[r14=0010001000000000] inst=[04e6b07b] DASM(04e6b07b)
C0:       8434 [1] pc=[000000008000276c] W[r15=0000000000000275][1] R[r15=0000000000000276] R[r 0=0000000000000000] inst=[000037fd] DASM(000037fd)
C0:       8435 [1] pc=[000000008000276e] W[r 0=0000000000000000][0] R[r15=0000000000000275] R[r 0=0000000000000000] inst=[0000ffed] DASM(0000ffed)
C0:       8451 [1] pc=[0000000080002768] W[r 0=0000000000000000][0] R[r13=0000000080022800] R[r14=0010001000000000] inst=[04e6b07b] DASM(04e6b07b)
C0:       8452 [1] pc=[000000008000276c] W[r15=0000000000000274][1] R[r15=0000000000000275] R[r 0=0000000000000000] inst=[000037fd] DASM(000037fd)
C0:       8453 [1] pc=[000000008000276e] W[r 0=0000000000000000][0] R[r15=0000000000000274] R[r 0=0000000000000000] inst=[0000ffed] DASM(0000ffed)
C0:       8468 [1] pc=[0000000080002768] W[r 0=0000000000000000][0] R[r13=0000000080022800] R[r14=0010001000000000] inst=[04e6b07b] DASM(04e6b07b)
C0:       8469 [1] pc=[000000008000276c] W[r15=0000000000000273][1] R[r15=0000000000000274] R[r 0=0000000000000000] inst=[000037fd] DASM(000037fd)
C0:       8470 [1] pc=[000000008000276e] W[r 0=0000000000000000][0] R[r15=0000000000000273] R[r 0=0000000000000000] inst=[0000ffed] DASM(0000ffed)
C0:       8486 [1] pc=[0000000080002768] W[r 0=0000000000000000][0] R[r13=0000000080022800] R[r14=0010001000000000] inst=[04e6b07b] DASM(04e6b07b)
C0:       8487 [1] pc=[000000008000276c] W[r15=0000000000000272][1] R[r15=0000000000000273] R[r 0=0000000000000000] inst=[000037fd] DASM(000037fd)
C0:       8488 [1] pc=[000000008000276e] W[r 0=0000000000000000][0] R[r15=0000000000000272] R[r 0=0000000000000000] inst=[0000ffed] DASM(0000ffed)
C0:       8504 [1] pc=[0000000080002768] W[r 0=0000000000000000][0] R[r13=0000000080022800] R[r14=0010001000000000] inst=[04e6b07b] DASM(04e6b07b)
C0:       8505 [1] pc=[000000008000276c] W[r15=0000000000000271][1] R[r15=0000000000000272] R[r 0=0000000000000000] inst=[000037fd] DASM(000037fd)
C0:       8506 [1] pc=[000000008000276e] W[r 0=0000000000000000][0] R[r15=0000000000000271] R[r 0=0000000000000000] inst=[0000ffed] DASM(0000ffed)
C0:       8521 [1] pc=[0000000080002768] W[r 0=0000000000000000][0] R[r13=0000000080022800] R[r14=0010001000000000] inst=[04e6b07b] DASM(04e6b07b)
C0:       8522 [1] pc=[000000008000276c] W[r15=0000000000000270][1] R[r15=0000000000000271] R[r 0=0000000000000000] inst=[000037fd] DASM(000037fd)
C0:       8523 [1] pc=[000000008000276e] W[r 0=0000000000000000][0] R[r15=0000000000000270] R[r 0=0000000000000000] inst=[0000ffed] DASM(0000ffed)
C0:       8540 [1] pc=[0000000080002768] W[r 0=0000000000000000][0] R[r13=0000000080022800] R[r14=0010001000000000] inst=[04e6b07b] DASM(04e6b07b)
C0:       8541 [1] pc=[000000008000276c] W[r15=000000000000026f][1] R[r15=0000000000000270] R[r 0=0000000000000000] inst=[000037fd] DASM(000037fd)
C0:       8542 [1] pc=[000000008000276e] W[r 0=0000000000000000][0] R[r15=000000000000026f] R[r 0=0000000000000000] inst=[0000ffed] DASM(0000ffed)
C0:       8556 [1] pc=[0000000080002768] W[r 0=0000000000000000][0] R[r13=0000000080022800] R[r14=0010001000000000] inst=[04e6b07b] DASM(04e6b07b)
C0:       8557 [1] pc=[000000008000276c] W[r15=000000000000026e][1] R[r15=000000000000026f] R[r 0=0000000000000000] inst=[000037fd] DASM(000037fd)
C0:       8558 [1] pc=[000000008000276e] W[r 0=0000000000000000][0] R[r15=000000000000026e] R[r 0=0000000000000000] inst=[0000ffed] DASM(0000ffed)
C0:       8576 [1] pc=[0000000080002768] W[r 0=0000000000000000][0] R[r13=0000000080022800] R[r14=0010001000000000] inst=[04e6b07b] DASM(04e6b07b)
C0:       8577 [1] pc=[000000008000276c] W[r15=000000000000026d][1] R[r15=000000000000026e] R[r 0=0000000000000000] inst=[000037fd] DASM(000037fd)
C0:       8578 [1] pc=[000000008000276e] W[r 0=0000000000000000][0] R[r15=000000000000026d] R[r 0=0000000000000000] inst=[0000ffed] DASM(0000ffed)
C0:       8593 [1] pc=[0000000080002768] W[r 0=0000000000000000][0] R[r13=0000000080022800] R[r14=0010001000000000] inst=[04e6b07b] DASM(04e6b07b)
C0:       8594 [1] pc=[000000008000276c] W[r15=000000000000026c][1] R[r15=000000000000026d] R[r 0=0000000000000000] inst=[000037fd] DASM(000037fd)
C0:       8595 [1] pc=[000000008000276e] W[r 0=0000000000000000][0] R[r15=000000000000026c] R[r 0=0000000000000000] inst=[0000ffed] DASM(0000ffed)
C0:       8611 [1] pc=[0000000080002768] W[r 0=0000000000000000][0] R[r13=0000000080022800] R[r14=0010001000000000] inst=[04e6b07b] DASM(04e6b07b)
C0:       8612 [1] pc=[000000008000276c] W[r15=000000000000026b][1] R[r15=000000000000026c] R[r 0=0000000000000000] inst=[000037fd] DASM(000037fd)
C0:       8613 [1] pc=[000000008000276e] W[r 0=0000000000000000][0] R[r15=000000000000026b] R[r 0=0000000000000000] inst=[0000ffed] DASM(0000ffed)
C0:       8629 [1] pc=[0000000080002768] W[r 0=0000000000000000][0] R[r13=0000000080022800] R[r14=0010001000000000] inst=[04e6b07b] DASM(04e6b07b)
C0:       8630 [1] pc=[000000008000276c] W[r15=000000000000026a][1] R[r15=000000000000026b] R[r 0=0000000000000000] inst=[000037fd] DASM(000037fd)
C0:       8631 [1] pc=[000000008000276e] W[r 0=0000000000000000][0] R[r15=000000000000026a] R[r 0=0000000000000000] inst=[0000ffed] DASM(0000ffed)
C0:       8646 [1] pc=[0000000080002768] W[r 0=0000000000000000][0] R[r13=0000000080022800] R[r14=0010001000000000] inst=[04e6b07b] DASM(04e6b07b)
C0:       8647 [1] pc=[000000008000276c] W[r15=0000000000000269][1] R[r15=000000000000026a] R[r 0=0000000000000000] inst=[000037fd] DASM(000037fd)
C0:       8648 [1] pc=[000000008000276e] W[r 0=0000000000000000][0] R[r15=0000000000000269] R[r 0=0000000000000000] inst=[0000ffed] DASM(0000ffed)
C0:       8665 [1] pc=[0000000080002768] W[r 0=0000000000000000][0] R[r13=0000000080022800] R[r14=0010001000000000] inst=[04e6b07b] DASM(04e6b07b)
C0:       8666 [1] pc=[000000008000276c] W[r15=0000000000000268][1] R[r15=0000000000000269] R[r 0=0000000000000000] inst=[000037fd] DASM(000037fd)
C0:       8667 [1] pc=[000000008000276e] W[r 0=0000000000000000][0] R[r15=0000000000000268] R[r 0=0000000000000000] inst=[0000ffed] DASM(0000ffed)
C0:       8682 [1] pc=[0000000080002768] W[r 0=0000000000000000][0] R[r13=0000000080022800] R[r14=0010001000000000] inst=[04e6b07b] DASM(04e6b07b)
C0:       8683 [1] pc=[000000008000276c] W[r15=0000000000000267][1] R[r15=0000000000000268] R[r 0=0000000000000000] inst=[000037fd] DASM(000037fd)
C0:       8684 [1] pc=[000000008000276e] W[r 0=0000000000000000][0] R[r15=0000000000000267] R[r 0=0000000000000000] inst=[0000ffed] DASM(0000ffed)
C0:       8700 [1] pc=[0000000080002768] W[r 0=0000000000000000][0] R[r13=0000000080022800] R[r14=0010001000000000] inst=[04e6b07b] DASM(04e6b07b)
C0:       8701 [1] pc=[000000008000276c] W[r15=0000000000000266][1] R[r15=0000000000000267] R[r 0=0000000000000000] inst=[000037fd] DASM(000037fd)
C0:       8702 [1] pc=[000000008000276e] W[r 0=0000000000000000][0] R[r15=0000000000000266] R[r 0=0000000000000000] inst=[0000ffed] DASM(0000ffed)
C0:       8718 [1] pc=[0000000080002768] W[r 0=0000000000000000][0] R[r13=0000000080022800] R[r14=0010001000000000] inst=[04e6b07b] DASM(04e6b07b)
C0:       8719 [1] pc=[000000008000276c] W[r15=0000000000000265][1] R[r15=0000000000000266] R[r 0=0000000000000000] inst=[000037fd] DASM(000037fd)
C0:       8720 [1] pc=[000000008000276e] W[r 0=0000000000000000][0] R[r15=0000000000000265] R[r 0=0000000000000000] inst=[0000ffed] DASM(0000ffed)
C0:       8735 [1] pc=[0000000080002768] W[r 0=0000000000000000][0] R[r13=0000000080022800] R[r14=0010001000000000] inst=[04e6b07b] DASM(04e6b07b)
C0:       8736 [1] pc=[000000008000276c] W[r15=0000000000000264][1] R[r15=0000000000000265] R[r 0=0000000000000000] inst=[000037fd] DASM(000037fd)
C0:       8737 [1] pc=[000000008000276e] W[r 0=0000000000000000][0] R[r15=0000000000000264] R[r 0=0000000000000000] inst=[0000ffed] DASM(0000ffed)
C0:       8754 [1] pc=[0000000080002768] W[r 0=0000000000000000][0] R[r13=0000000080022800] R[r14=0010001000000000] inst=[04e6b07b] DASM(04e6b07b)
C0:       8755 [1] pc=[000000008000276c] W[r15=0000000000000263][1] R[r15=0000000000000264] R[r 0=0000000000000000] inst=[000037fd] DASM(000037fd)
C0:       8756 [1] pc=[000000008000276e] W[r 0=0000000000000000][0] R[r15=0000000000000263] R[r 0=0000000000000000] inst=[0000ffed] DASM(0000ffed)
C0:       8771 [1] pc=[0000000080002768] W[r 0=0000000000000000][0] R[r13=0000000080022800] R[r14=0010001000000000] inst=[04e6b07b] DASM(04e6b07b)
C0:       8772 [1] pc=[000000008000276c] W[r15=0000000000000262][1] R[r15=0000000000000263] R[r 0=0000000000000000] inst=[000037fd] DASM(000037fd)
C0:       8773 [1] pc=[000000008000276e] W[r 0=0000000000000000][0] R[r15=0000000000000262] R[r 0=0000000000000000] inst=[0000ffed] DASM(0000ffed)
C0:       8789 [1] pc=[0000000080002768] W[r 0=0000000000000000][0] R[r13=0000000080022800] R[r14=0010001000000000] inst=[04e6b07b] DASM(04e6b07b)
C0:       8790 [1] pc=[000000008000276c] W[r15=0000000000000261][1] R[r15=0000000000000262] R[r 0=0000000000000000] inst=[000037fd] DASM(000037fd)
C0:       8791 [1] pc=[000000008000276e] W[r 0=0000000000000000][0] R[r15=0000000000000261] R[r 0=0000000000000000] inst=[0000ffed] DASM(0000ffed)
C0:       8807 [1] pc=[0000000080002768] W[r 0=0000000000000000][0] R[r13=0000000080022800] R[r14=0010001000000000] inst=[04e6b07b] DASM(04e6b07b)
C0:       8808 [1] pc=[000000008000276c] W[r15=0000000000000260][1] R[r15=0000000000000261] R[r 0=0000000000000000] inst=[000037fd] DASM(000037fd)
C0:       8809 [1] pc=[000000008000276e] W[r 0=0000000000000000][0] R[r15=0000000000000260] R[r 0=0000000000000000] inst=[0000ffed] DASM(0000ffed)
C0:       8824 [1] pc=[0000000080002768] W[r 0=0000000000000000][0] R[r13=0000000080022800] R[r14=0010001000000000] inst=[04e6b07b] DASM(04e6b07b)
C0:       8825 [1] pc=[000000008000276c] W[r15=000000000000025f][1] R[r15=0000000000000260] R[r 0=0000000000000000] inst=[000037fd] DASM(000037fd)
C0:       8826 [1] pc=[000000008000276e] W[r 0=0000000000000000][0] R[r15=000000000000025f] R[r 0=0000000000000000] inst=[0000ffed] DASM(0000ffed)
C0:       8843 [1] pc=[0000000080002768] W[r 0=0000000000000000][0] R[r13=0000000080022800] R[r14=0010001000000000] inst=[04e6b07b] DASM(04e6b07b)
C0:       8844 [1] pc=[000000008000276c] W[r15=000000000000025e][1] R[r15=000000000000025f] R[r 0=0000000000000000] inst=[000037fd] DASM(000037fd)
C0:       8845 [1] pc=[000000008000276e] W[r 0=0000000000000000][0] R[r15=000000000000025e] R[r 0=0000000000000000] inst=[0000ffed] DASM(0000ffed)
C0:       8859 [1] pc=[0000000080002768] W[r 0=0000000000000000][0] R[r13=0000000080022800] R[r14=0010001000000000] inst=[04e6b07b] DASM(04e6b07b)
C0:       8860 [1] pc=[000000008000276c] W[r15=000000000000025d][1] R[r15=000000000000025e] R[r 0=0000000000000000] inst=[000037fd] DASM(000037fd)
C0:       8861 [1] pc=[000000008000276e] W[r 0=0000000000000000][0] R[r15=000000000000025d] R[r 0=0000000000000000] inst=[0000ffed] DASM(0000ffed)
C0:       8878 [1] pc=[0000000080002768] W[r 0=0000000000000000][0] R[r13=0000000080022800] R[r14=0010001000000000] inst=[04e6b07b] DASM(04e6b07b)
C0:       8879 [1] pc=[000000008000276c] W[r15=000000000000025c][1] R[r15=000000000000025d] R[r 0=0000000000000000] inst=[000037fd] DASM(000037fd)
C0:       8880 [1] pc=[000000008000276e] W[r 0=0000000000000000][0] R[r15=000000000000025c] R[r 0=0000000000000000] inst=[0000ffed] DASM(0000ffed)
C0:       8895 [1] pc=[0000000080002768] W[r 0=0000000000000000][0] R[r13=0000000080022800] R[r14=0010001000000000] inst=[04e6b07b] DASM(04e6b07b)
C0:       8896 [1] pc=[000000008000276c] W[r15=000000000000025b][1] R[r15=000000000000025c] R[r 0=0000000000000000] inst=[000037fd] DASM(000037fd)
C0:       8897 [1] pc=[000000008000276e] W[r 0=0000000000000000][0] R[r15=000000000000025b] R[r 0=0000000000000000] inst=[0000ffed] DASM(0000ffed)
C0:       8913 [1] pc=[0000000080002768] W[r 0=0000000000000000][0] R[r13=0000000080022800] R[r14=0010001000000000] inst=[04e6b07b] DASM(04e6b07b)
C0:       8914 [1] pc=[000000008000276c] W[r15=000000000000025a][1] R[r15=000000000000025b] R[r 0=0000000000000000] inst=[000037fd] DASM(000037fd)
C0:       8915 [1] pc=[000000008000276e] W[r 0=0000000000000000][0] R[r15=000000000000025a] R[r 0=0000000000000000] inst=[0000ffed] DASM(0000ffed)
C0:       8931 [1] pc=[0000000080002768] W[r 0=0000000000000000][0] R[r13=0000000080022800] R[r14=0010001000000000] inst=[04e6b07b] DASM(04e6b07b)
C0:       8932 [1] pc=[000000008000276c] W[r15=0000000000000259][1] R[r15=000000000000025a] R[r 0=0000000000000000] inst=[000037fd] DASM(000037fd)
C0:       8933 [1] pc=[000000008000276e] W[r 0=0000000000000000][0] R[r15=0000000000000259] R[r 0=0000000000000000] inst=[0000ffed] DASM(0000ffed)
C0:       8948 [1] pc=[0000000080002768] W[r 0=0000000000000000][0] R[r13=0000000080022800] R[r14=0010001000000000] inst=[04e6b07b] DASM(04e6b07b)
C0:       8949 [1] pc=[000000008000276c] W[r15=0000000000000258][1] R[r15=0000000000000259] R[r 0=0000000000000000] inst=[000037fd] DASM(000037fd)
C0:       8950 [1] pc=[000000008000276e] W[r 0=0000000000000000][0] R[r15=0000000000000258] R[r 0=0000000000000000] inst=[0000ffed] DASM(0000ffed)
C0:       8966 [1] pc=[0000000080002768] W[r 0=0000000000000000][0] R[r13=0000000080022800] R[r14=0010001000000000] inst=[04e6b07b] DASM(04e6b07b)
C0:       8967 [1] pc=[000000008000276c] W[r15=0000000000000257][1] R[r15=0000000000000258] R[r 0=0000000000000000] inst=[000037fd] DASM(000037fd)
C0:       8968 [1] pc=[000000008000276e] W[r 0=0000000000000000][0] R[r15=0000000000000257] R[r 0=0000000000000000] inst=[0000ffed] DASM(0000ffed)
C0:       8984 [1] pc=[0000000080002768] W[r 0=0000000000000000][0] R[r13=0000000080022800] R[r14=0010001000000000] inst=[04e6b07b] DASM(04e6b07b)
C0:       8985 [1] pc=[000000008000276c] W[r15=0000000000000256][1] R[r15=0000000000000257] R[r 0=0000000000000000] inst=[000037fd] DASM(000037fd)
C0:       8986 [1] pc=[000000008000276e] W[r 0=0000000000000000][0] R[r15=0000000000000256] R[r 0=0000000000000000] inst=[0000ffed] DASM(0000ffed)
C0:       9001 [1] pc=[0000000080002768] W[r 0=0000000000000000][0] R[r13=0000000080022800] R[r14=0010001000000000] inst=[04e6b07b] DASM(04e6b07b)
C0:       9002 [1] pc=[000000008000276c] W[r15=0000000000000255][1] R[r15=0000000000000256] R[r 0=0000000000000000] inst=[000037fd] DASM(000037fd)
C0:       9003 [1] pc=[000000008000276e] W[r 0=0000000000000000][0] R[r15=0000000000000255] R[r 0=0000000000000000] inst=[0000ffed] DASM(0000ffed)
C0:       9020 [1] pc=[0000000080002768] W[r 0=0000000000000000][0] R[r13=0000000080022800] R[r14=0010001000000000] inst=[04e6b07b] DASM(04e6b07b)
C0:       9021 [1] pc=[000000008000276c] W[r15=0000000000000254][1] R[r15=0000000000000255] R[r 0=0000000000000000] inst=[000037fd] DASM(000037fd)
C0:       9022 [1] pc=[000000008000276e] W[r 0=0000000000000000][0] R[r15=0000000000000254] R[r 0=0000000000000000] inst=[0000ffed] DASM(0000ffed)
C0:       9036 [1] pc=[0000000080002768] W[r 0=0000000000000000][0] R[r13=0000000080022800] R[r14=0010001000000000] inst=[04e6b07b] DASM(04e6b07b)
C0:       9037 [1] pc=[000000008000276c] W[r15=0000000000000253][1] R[r15=0000000000000254] R[r 0=0000000000000000] inst=[000037fd] DASM(000037fd)
C0:       9038 [1] pc=[000000008000276e] W[r 0=0000000000000000][0] R[r15=0000000000000253] R[r 0=0000000000000000] inst=[0000ffed] DASM(0000ffed)
C0:       9056 [1] pc=[0000000080002768] W[r 0=0000000000000000][0] R[r13=0000000080022800] R[r14=0010001000000000] inst=[04e6b07b] DASM(04e6b07b)
C0:       9057 [1] pc=[000000008000276c] W[r15=0000000000000252][1] R[r15=0000000000000253] R[r 0=0000000000000000] inst=[000037fd] DASM(000037fd)
C0:       9058 [1] pc=[000000008000276e] W[r 0=0000000000000000][0] R[r15=0000000000000252] R[r 0=0000000000000000] inst=[0000ffed] DASM(0000ffed)
C0:       9073 [1] pc=[0000000080002768] W[r 0=0000000000000000][0] R[r13=0000000080022800] R[r14=0010001000000000] inst=[04e6b07b] DASM(04e6b07b)
C0:       9074 [1] pc=[000000008000276c] W[r15=0000000000000251][1] R[r15=0000000000000252] R[r 0=0000000000000000] inst=[000037fd] DASM(000037fd)
C0:       9075 [1] pc=[000000008000276e] W[r 0=0000000000000000][0] R[r15=0000000000000251] R[r 0=0000000000000000] inst=[0000ffed] DASM(0000ffed)
C0:       9091 [1] pc=[0000000080002768] W[r 0=0000000000000000][0] R[r13=0000000080022800] R[r14=0010001000000000] inst=[04e6b07b] DASM(04e6b07b)
C0:       9092 [1] pc=[000000008000276c] W[r15=0000000000000250][1] R[r15=0000000000000251] R[r 0=0000000000000000] inst=[000037fd] DASM(000037fd)
C0:       9093 [1] pc=[000000008000276e] W[r 0=0000000000000000][0] R[r15=0000000000000250] R[r 0=0000000000000000] inst=[0000ffed] DASM(0000ffed)
C0:       9109 [1] pc=[0000000080002768] W[r 0=0000000000000000][0] R[r13=0000000080022800] R[r14=0010001000000000] inst=[04e6b07b] DASM(04e6b07b)
C0:       9110 [1] pc=[000000008000276c] W[r15=000000000000024f][1] R[r15=0000000000000250] R[r 0=0000000000000000] inst=[000037fd] DASM(000037fd)
C0:       9111 [1] pc=[000000008000276e] W[r 0=0000000000000000][0] R[r15=000000000000024f] R[r 0=0000000000000000] inst=[0000ffed] DASM(0000ffed)
C0:       9126 [1] pc=[0000000080002768] W[r 0=0000000000000000][0] R[r13=0000000080022800] R[r14=0010001000000000] inst=[04e6b07b] DASM(04e6b07b)
C0:       9127 [1] pc=[000000008000276c] W[r15=000000000000024e][1] R[r15=000000000000024f] R[r 0=0000000000000000] inst=[000037fd] DASM(000037fd)
C0:       9128 [1] pc=[000000008000276e] W[r 0=0000000000000000][0] R[r15=000000000000024e] R[r 0=0000000000000000] inst=[0000ffed] DASM(0000ffed)
C0:       9145 [1] pc=[0000000080002768] W[r 0=0000000000000000][0] R[r13=0000000080022800] R[r14=0010001000000000] inst=[04e6b07b] DASM(04e6b07b)
C0:       9146 [1] pc=[000000008000276c] W[r15=000000000000024d][1] R[r15=000000000000024e] R[r 0=0000000000000000] inst=[000037fd] DASM(000037fd)
C0:       9147 [1] pc=[000000008000276e] W[r 0=0000000000000000][0] R[r15=000000000000024d] R[r 0=0000000000000000] inst=[0000ffed] DASM(0000ffed)
C0:       9162 [1] pc=[0000000080002768] W[r 0=0000000000000000][0] R[r13=0000000080022800] R[r14=0010001000000000] inst=[04e6b07b] DASM(04e6b07b)
C0:       9163 [1] pc=[000000008000276c] W[r15=000000000000024c][1] R[r15=000000000000024d] R[r 0=0000000000000000] inst=[000037fd] DASM(000037fd)
C0:       9164 [1] pc=[000000008000276e] W[r 0=0000000000000000][0] R[r15=000000000000024c] R[r 0=0000000000000000] inst=[0000ffed] DASM(0000ffed)
C0:       9180 [1] pc=[0000000080002768] W[r 0=0000000000000000][0] R[r13=0000000080022800] R[r14=0010001000000000] inst=[04e6b07b] DASM(04e6b07b)
C0:       9181 [1] pc=[000000008000276c] W[r15=000000000000024b][1] R[r15=000000000000024c] R[r 0=0000000000000000] inst=[000037fd] DASM(000037fd)
C0:       9182 [1] pc=[000000008000276e] W[r 0=0000000000000000][0] R[r15=000000000000024b] R[r 0=0000000000000000] inst=[0000ffed] DASM(0000ffed)
C0:       9198 [1] pc=[0000000080002768] W[r 0=0000000000000000][0] R[r13=0000000080022800] R[r14=0010001000000000] inst=[04e6b07b] DASM(04e6b07b)
C0:       9199 [1] pc=[000000008000276c] W[r15=000000000000024a][1] R[r15=000000000000024b] R[r 0=0000000000000000] inst=[000037fd] DASM(000037fd)
C0:       9200 [1] pc=[000000008000276e] W[r 0=0000000000000000][0] R[r15=000000000000024a] R[r 0=0000000000000000] inst=[0000ffed] DASM(0000ffed)
C0:       9215 [1] pc=[0000000080002768] W[r 0=0000000000000000][0] R[r13=0000000080022800] R[r14=0010001000000000] inst=[04e6b07b] DASM(04e6b07b)
C0:       9216 [1] pc=[000000008000276c] W[r15=0000000000000249][1] R[r15=000000000000024a] R[r 0=0000000000000000] inst=[000037fd] DASM(000037fd)
C0:       9217 [1] pc=[000000008000276e] W[r 0=0000000000000000][0] R[r15=0000000000000249] R[r 0=0000000000000000] inst=[0000ffed] DASM(0000ffed)
C0:       9234 [1] pc=[0000000080002768] W[r 0=0000000000000000][0] R[r13=0000000080022800] R[r14=0010001000000000] inst=[04e6b07b] DASM(04e6b07b)
C0:       9235 [1] pc=[000000008000276c] W[r15=0000000000000248][1] R[r15=0000000000000249] R[r 0=0000000000000000] inst=[000037fd] DASM(000037fd)
C0:       9236 [1] pc=[000000008000276e] W[r 0=0000000000000000][0] R[r15=0000000000000248] R[r 0=0000000000000000] inst=[0000ffed] DASM(0000ffed)
C0:       9251 [1] pc=[0000000080002768] W[r 0=0000000000000000][0] R[r13=0000000080022800] R[r14=0010001000000000] inst=[04e6b07b] DASM(04e6b07b)
C0:       9252 [1] pc=[000000008000276c] W[r15=0000000000000247][1] R[r15=0000000000000248] R[r 0=0000000000000000] inst=[000037fd] DASM(000037fd)
C0:       9253 [1] pc=[000000008000276e] W[r 0=0000000000000000][0] R[r15=0000000000000247] R[r 0=0000000000000000] inst=[0000ffed] DASM(0000ffed)
C0:       9269 [1] pc=[0000000080002768] W[r 0=0000000000000000][0] R[r13=0000000080022800] R[r14=0010001000000000] inst=[04e6b07b] DASM(04e6b07b)
C0:       9270 [1] pc=[000000008000276c] W[r15=0000000000000246][1] R[r15=0000000000000247] R[r 0=0000000000000000] inst=[000037fd] DASM(000037fd)
C0:       9271 [1] pc=[000000008000276e] W[r 0=0000000000000000][0] R[r15=0000000000000246] R[r 0=0000000000000000] inst=[0000ffed] DASM(0000ffed)
C0:       9287 [1] pc=[0000000080002768] W[r 0=0000000000000000][0] R[r13=0000000080022800] R[r14=0010001000000000] inst=[04e6b07b] DASM(04e6b07b)
C0:       9288 [1] pc=[000000008000276c] W[r15=0000000000000245][1] R[r15=0000000000000246] R[r 0=0000000000000000] inst=[000037fd] DASM(000037fd)
C0:       9289 [1] pc=[000000008000276e] W[r 0=0000000000000000][0] R[r15=0000000000000245] R[r 0=0000000000000000] inst=[0000ffed] DASM(0000ffed)
C0:       9304 [1] pc=[0000000080002768] W[r 0=0000000000000000][0] R[r13=0000000080022800] R[r14=0010001000000000] inst=[04e6b07b] DASM(04e6b07b)
C0:       9305 [1] pc=[000000008000276c] W[r15=0000000000000244][1] R[r15=0000000000000245] R[r 0=0000000000000000] inst=[000037fd] DASM(000037fd)
C0:       9306 [1] pc=[000000008000276e] W[r 0=0000000000000000][0] R[r15=0000000000000244] R[r 0=0000000000000000] inst=[0000ffed] DASM(0000ffed)
C0:       9323 [1] pc=[0000000080002768] W[r 0=0000000000000000][0] R[r13=0000000080022800] R[r14=0010001000000000] inst=[04e6b07b] DASM(04e6b07b)
C0:       9324 [1] pc=[000000008000276c] W[r15=0000000000000243][1] R[r15=0000000000000244] R[r 0=0000000000000000] inst=[000037fd] DASM(000037fd)
C0:       9325 [1] pc=[000000008000276e] W[r 0=0000000000000000][0] R[r15=0000000000000243] R[r 0=0000000000000000] inst=[0000ffed] DASM(0000ffed)
C0:       9339 [1] pc=[0000000080002768] W[r 0=0000000000000000][0] R[r13=0000000080022800] R[r14=0010001000000000] inst=[04e6b07b] DASM(04e6b07b)
C0:       9340 [1] pc=[000000008000276c] W[r15=0000000000000242][1] R[r15=0000000000000243] R[r 0=0000000000000000] inst=[000037fd] DASM(000037fd)
C0:       9341 [1] pc=[000000008000276e] W[r 0=0000000000000000][0] R[r15=0000000000000242] R[r 0=0000000000000000] inst=[0000ffed] DASM(0000ffed)
C0:       9358 [1] pc=[0000000080002768] W[r 0=0000000000000000][0] R[r13=0000000080022800] R[r14=0010001000000000] inst=[04e6b07b] DASM(04e6b07b)
C0:       9359 [1] pc=[000000008000276c] W[r15=0000000000000241][1] R[r15=0000000000000242] R[r 0=0000000000000000] inst=[000037fd] DASM(000037fd)
C0:       9360 [1] pc=[000000008000276e] W[r 0=0000000000000000][0] R[r15=0000000000000241] R[r 0=0000000000000000] inst=[0000ffed] DASM(0000ffed)
C0:       9375 [1] pc=[0000000080002768] W[r 0=0000000000000000][0] R[r13=0000000080022800] R[r14=0010001000000000] inst=[04e6b07b] DASM(04e6b07b)
C0:       9376 [1] pc=[000000008000276c] W[r15=0000000000000240][1] R[r15=0000000000000241] R[r 0=0000000000000000] inst=[000037fd] DASM(000037fd)
C0:       9377 [1] pc=[000000008000276e] W[r 0=0000000000000000][0] R[r15=0000000000000240] R[r 0=0000000000000000] inst=[0000ffed] DASM(0000ffed)
C0:       9393 [1] pc=[0000000080002768] W[r 0=0000000000000000][0] R[r13=0000000080022800] R[r14=0010001000000000] inst=[04e6b07b] DASM(04e6b07b)
C0:       9394 [1] pc=[000000008000276c] W[r15=000000000000023f][1] R[r15=0000000000000240] R[r 0=0000000000000000] inst=[000037fd] DASM(000037fd)
C0:       9395 [1] pc=[000000008000276e] W[r 0=0000000000000000][0] R[r15=000000000000023f] R[r 0=0000000000000000] inst=[0000ffed] DASM(0000ffed)
C0:       9411 [1] pc=[0000000080002768] W[r 0=0000000000000000][0] R[r13=0000000080022800] R[r14=0010001000000000] inst=[04e6b07b] DASM(04e6b07b)
C0:       9412 [1] pc=[000000008000276c] W[r15=000000000000023e][1] R[r15=000000000000023f] R[r 0=0000000000000000] inst=[000037fd] DASM(000037fd)
C0:       9413 [1] pc=[000000008000276e] W[r 0=0000000000000000][0] R[r15=000000000000023e] R[r 0=0000000000000000] inst=[0000ffed] DASM(0000ffed)
C0:       9428 [1] pc=[0000000080002768] W[r 0=0000000000000000][0] R[r13=0000000080022800] R[r14=0010001000000000] inst=[04e6b07b] DASM(04e6b07b)
C0:       9429 [1] pc=[000000008000276c] W[r15=000000000000023d][1] R[r15=000000000000023e] R[r 0=0000000000000000] inst=[000037fd] DASM(000037fd)
C0:       9430 [1] pc=[000000008000276e] W[r 0=0000000000000000][0] R[r15=000000000000023d] R[r 0=0000000000000000] inst=[0000ffed] DASM(0000ffed)
C0:       9446 [1] pc=[0000000080002768] W[r 0=0000000000000000][0] R[r13=0000000080022800] R[r14=0010001000000000] inst=[04e6b07b] DASM(04e6b07b)
C0:       9447 [1] pc=[000000008000276c] W[r15=000000000000023c][1] R[r15=000000000000023d] R[r 0=0000000000000000] inst=[000037fd] DASM(000037fd)
C0:       9448 [1] pc=[000000008000276e] W[r 0=0000000000000000][0] R[r15=000000000000023c] R[r 0=0000000000000000] inst=[0000ffed] DASM(0000ffed)
C0:       9464 [1] pc=[0000000080002768] W[r 0=0000000000000000][0] R[r13=0000000080022800] R[r14=0010001000000000] inst=[04e6b07b] DASM(04e6b07b)
C0:       9465 [1] pc=[000000008000276c] W[r15=000000000000023b][1] R[r15=000000000000023c] R[r 0=0000000000000000] inst=[000037fd] DASM(000037fd)
C0:       9466 [1] pc=[000000008000276e] W[r 0=0000000000000000][0] R[r15=000000000000023b] R[r 0=0000000000000000] inst=[0000ffed] DASM(0000ffed)
C0:       9481 [1] pc=[0000000080002768] W[r 0=0000000000000000][0] R[r13=0000000080022800] R[r14=0010001000000000] inst=[04e6b07b] DASM(04e6b07b)
C0:       9482 [1] pc=[000000008000276c] W[r15=000000000000023a][1] R[r15=000000000000023b] R[r 0=0000000000000000] inst=[000037fd] DASM(000037fd)
C0:       9483 [1] pc=[000000008000276e] W[r 0=0000000000000000][0] R[r15=000000000000023a] R[r 0=0000000000000000] inst=[0000ffed] DASM(0000ffed)
C0:       9500 [1] pc=[0000000080002768] W[r 0=0000000000000000][0] R[r13=0000000080022800] R[r14=0010001000000000] inst=[04e6b07b] DASM(04e6b07b)
C0:       9501 [1] pc=[000000008000276c] W[r15=0000000000000239][1] R[r15=000000000000023a] R[r 0=0000000000000000] inst=[000037fd] DASM(000037fd)
C0:       9502 [1] pc=[000000008000276e] W[r 0=0000000000000000][0] R[r15=0000000000000239] R[r 0=0000000000000000] inst=[0000ffed] DASM(0000ffed)
C0:       9516 [1] pc=[0000000080002768] W[r 0=0000000000000000][0] R[r13=0000000080022800] R[r14=0010001000000000] inst=[04e6b07b] DASM(04e6b07b)
C0:       9517 [1] pc=[000000008000276c] W[r15=0000000000000238][1] R[r15=0000000000000239] R[r 0=0000000000000000] inst=[000037fd] DASM(000037fd)
C0:       9518 [1] pc=[000000008000276e] W[r 0=0000000000000000][0] R[r15=0000000000000238] R[r 0=0000000000000000] inst=[0000ffed] DASM(0000ffed)
C0:       9536 [1] pc=[0000000080002768] W[r 0=0000000000000000][0] R[r13=0000000080022800] R[r14=0010001000000000] inst=[04e6b07b] DASM(04e6b07b)
C0:       9537 [1] pc=[000000008000276c] W[r15=0000000000000237][1] R[r15=0000000000000238] R[r 0=0000000000000000] inst=[000037fd] DASM(000037fd)
C0:       9538 [1] pc=[000000008000276e] W[r 0=0000000000000000][0] R[r15=0000000000000237] R[r 0=0000000000000000] inst=[0000ffed] DASM(0000ffed)
C0:       9553 [1] pc=[0000000080002768] W[r 0=0000000000000000][0] R[r13=0000000080022800] R[r14=0010001000000000] inst=[04e6b07b] DASM(04e6b07b)
C0:       9554 [1] pc=[000000008000276c] W[r15=0000000000000236][1] R[r15=0000000000000237] R[r 0=0000000000000000] inst=[000037fd] DASM(000037fd)
C0:       9555 [1] pc=[000000008000276e] W[r 0=0000000000000000][0] R[r15=0000000000000236] R[r 0=0000000000000000] inst=[0000ffed] DASM(0000ffed)
C0:       9571 [1] pc=[0000000080002768] W[r 0=0000000000000000][0] R[r13=0000000080022800] R[r14=0010001000000000] inst=[04e6b07b] DASM(04e6b07b)
C0:       9572 [1] pc=[000000008000276c] W[r15=0000000000000235][1] R[r15=0000000000000236] R[r 0=0000000000000000] inst=[000037fd] DASM(000037fd)
C0:       9573 [1] pc=[000000008000276e] W[r 0=0000000000000000][0] R[r15=0000000000000235] R[r 0=0000000000000000] inst=[0000ffed] DASM(0000ffed)
C0:       9589 [1] pc=[0000000080002768] W[r 0=0000000000000000][0] R[r13=0000000080022800] R[r14=0010001000000000] inst=[04e6b07b] DASM(04e6b07b)
C0:       9590 [1] pc=[000000008000276c] W[r15=0000000000000234][1] R[r15=0000000000000235] R[r 0=0000000000000000] inst=[000037fd] DASM(000037fd)
C0:       9591 [1] pc=[000000008000276e] W[r 0=0000000000000000][0] R[r15=0000000000000234] R[r 0=0000000000000000] inst=[0000ffed] DASM(0000ffed)
C0:       9606 [1] pc=[0000000080002768] W[r 0=0000000000000000][0] R[r13=0000000080022800] R[r14=0010001000000000] inst=[04e6b07b] DASM(04e6b07b)
C0:       9607 [1] pc=[000000008000276c] W[r15=0000000000000233][1] R[r15=0000000000000234] R[r 0=0000000000000000] inst=[000037fd] DASM(000037fd)
C0:       9608 [1] pc=[000000008000276e] W[r 0=0000000000000000][0] R[r15=0000000000000233] R[r 0=0000000000000000] inst=[0000ffed] DASM(0000ffed)
C0:       9625 [1] pc=[0000000080002768] W[r 0=0000000000000000][0] R[r13=0000000080022800] R[r14=0010001000000000] inst=[04e6b07b] DASM(04e6b07b)
C0:       9626 [1] pc=[000000008000276c] W[r15=0000000000000232][1] R[r15=0000000000000233] R[r 0=0000000000000000] inst=[000037fd] DASM(000037fd)
C0:       9627 [1] pc=[000000008000276e] W[r 0=0000000000000000][0] R[r15=0000000000000232] R[r 0=0000000000000000] inst=[0000ffed] DASM(0000ffed)
C0:       9642 [1] pc=[0000000080002768] W[r 0=0000000000000000][0] R[r13=0000000080022800] R[r14=0010001000000000] inst=[04e6b07b] DASM(04e6b07b)
C0:       9643 [1] pc=[000000008000276c] W[r15=0000000000000231][1] R[r15=0000000000000232] R[r 0=0000000000000000] inst=[000037fd] DASM(000037fd)
C0:       9644 [1] pc=[000000008000276e] W[r 0=0000000000000000][0] R[r15=0000000000000231] R[r 0=0000000000000000] inst=[0000ffed] DASM(0000ffed)
C0:       9660 [1] pc=[0000000080002768] W[r 0=0000000000000000][0] R[r13=0000000080022800] R[r14=0010001000000000] inst=[04e6b07b] DASM(04e6b07b)
C0:       9661 [1] pc=[000000008000276c] W[r15=0000000000000230][1] R[r15=0000000000000231] R[r 0=0000000000000000] inst=[000037fd] DASM(000037fd)
C0:       9662 [1] pc=[000000008000276e] W[r 0=0000000000000000][0] R[r15=0000000000000230] R[r 0=0000000000000000] inst=[0000ffed] DASM(0000ffed)
C0:       9678 [1] pc=[0000000080002768] W[r 0=0000000000000000][0] R[r13=0000000080022800] R[r14=0010001000000000] inst=[04e6b07b] DASM(04e6b07b)
C0:       9679 [1] pc=[000000008000276c] W[r15=000000000000022f][1] R[r15=0000000000000230] R[r 0=0000000000000000] inst=[000037fd] DASM(000037fd)
C0:       9680 [1] pc=[000000008000276e] W[r 0=0000000000000000][0] R[r15=000000000000022f] R[r 0=0000000000000000] inst=[0000ffed] DASM(0000ffed)
C0:       9695 [1] pc=[0000000080002768] W[r 0=0000000000000000][0] R[r13=0000000080022800] R[r14=0010001000000000] inst=[04e6b07b] DASM(04e6b07b)
C0:       9696 [1] pc=[000000008000276c] W[r15=000000000000022e][1] R[r15=000000000000022f] R[r 0=0000000000000000] inst=[000037fd] DASM(000037fd)
C0:       9697 [1] pc=[000000008000276e] W[r 0=0000000000000000][0] R[r15=000000000000022e] R[r 0=0000000000000000] inst=[0000ffed] DASM(0000ffed)
C0:       9714 [1] pc=[0000000080002768] W[r 0=0000000000000000][0] R[r13=0000000080022800] R[r14=0010001000000000] inst=[04e6b07b] DASM(04e6b07b)
C0:       9715 [1] pc=[000000008000276c] W[r15=000000000000022d][1] R[r15=000000000000022e] R[r 0=0000000000000000] inst=[000037fd] DASM(000037fd)
C0:       9716 [1] pc=[000000008000276e] W[r 0=0000000000000000][0] R[r15=000000000000022d] R[r 0=0000000000000000] inst=[0000ffed] DASM(0000ffed)
C0:       9731 [1] pc=[0000000080002768] W[r 0=0000000000000000][0] R[r13=0000000080022800] R[r14=0010001000000000] inst=[04e6b07b] DASM(04e6b07b)
C0:       9732 [1] pc=[000000008000276c] W[r15=000000000000022c][1] R[r15=000000000000022d] R[r 0=0000000000000000] inst=[000037fd] DASM(000037fd)
C0:       9733 [1] pc=[000000008000276e] W[r 0=0000000000000000][0] R[r15=000000000000022c] R[r 0=0000000000000000] inst=[0000ffed] DASM(0000ffed)
C0:       9749 [1] pc=[0000000080002768] W[r 0=0000000000000000][0] R[r13=0000000080022800] R[r14=0010001000000000] inst=[04e6b07b] DASM(04e6b07b)
C0:       9750 [1] pc=[000000008000276c] W[r15=000000000000022b][1] R[r15=000000000000022c] R[r 0=0000000000000000] inst=[000037fd] DASM(000037fd)
C0:       9751 [1] pc=[000000008000276e] W[r 0=0000000000000000][0] R[r15=000000000000022b] R[r 0=0000000000000000] inst=[0000ffed] DASM(0000ffed)
C0:       9767 [1] pc=[0000000080002768] W[r 0=0000000000000000][0] R[r13=0000000080022800] R[r14=0010001000000000] inst=[04e6b07b] DASM(04e6b07b)
C0:       9768 [1] pc=[000000008000276c] W[r15=000000000000022a][1] R[r15=000000000000022b] R[r 0=0000000000000000] inst=[000037fd] DASM(000037fd)
C0:       9769 [1] pc=[000000008000276e] W[r 0=0000000000000000][0] R[r15=000000000000022a] R[r 0=0000000000000000] inst=[0000ffed] DASM(0000ffed)
C0:       9784 [1] pc=[0000000080002768] W[r 0=0000000000000000][0] R[r13=0000000080022800] R[r14=0010001000000000] inst=[04e6b07b] DASM(04e6b07b)
C0:       9785 [1] pc=[000000008000276c] W[r15=0000000000000229][1] R[r15=000000000000022a] R[r 0=0000000000000000] inst=[000037fd] DASM(000037fd)
C0:       9786 [1] pc=[000000008000276e] W[r 0=0000000000000000][0] R[r15=0000000000000229] R[r 0=0000000000000000] inst=[0000ffed] DASM(0000ffed)
C0:       9803 [1] pc=[0000000080002768] W[r 0=0000000000000000][0] R[r13=0000000080022800] R[r14=0010001000000000] inst=[04e6b07b] DASM(04e6b07b)
C0:       9804 [1] pc=[000000008000276c] W[r15=0000000000000228][1] R[r15=0000000000000229] R[r 0=0000000000000000] inst=[000037fd] DASM(000037fd)
C0:       9805 [1] pc=[000000008000276e] W[r 0=0000000000000000][0] R[r15=0000000000000228] R[r 0=0000000000000000] inst=[0000ffed] DASM(0000ffed)
C0:       9819 [1] pc=[0000000080002768] W[r 0=0000000000000000][0] R[r13=0000000080022800] R[r14=0010001000000000] inst=[04e6b07b] DASM(04e6b07b)
C0:       9820 [1] pc=[000000008000276c] W[r15=0000000000000227][1] R[r15=0000000000000228] R[r 0=0000000000000000] inst=[000037fd] DASM(000037fd)
C0:       9821 [1] pc=[000000008000276e] W[r 0=0000000000000000][0] R[r15=0000000000000227] R[r 0=0000000000000000] inst=[0000ffed] DASM(0000ffed)
C0:       9838 [1] pc=[0000000080002768] W[r 0=0000000000000000][0] R[r13=0000000080022800] R[r14=0010001000000000] inst=[04e6b07b] DASM(04e6b07b)
C0:       9839 [1] pc=[000000008000276c] W[r15=0000000000000226][1] R[r15=0000000000000227] R[r 0=0000000000000000] inst=[000037fd] DASM(000037fd)
C0:       9840 [1] pc=[000000008000276e] W[r 0=0000000000000000][0] R[r15=0000000000000226] R[r 0=0000000000000000] inst=[0000ffed] DASM(0000ffed)
C0:       9855 [1] pc=[0000000080002768] W[r 0=0000000000000000][0] R[r13=0000000080022800] R[r14=0010001000000000] inst=[04e6b07b] DASM(04e6b07b)
C0:       9856 [1] pc=[000000008000276c] W[r15=0000000000000225][1] R[r15=0000000000000226] R[r 0=0000000000000000] inst=[000037fd] DASM(000037fd)
C0:       9857 [1] pc=[000000008000276e] W[r 0=0000000000000000][0] R[r15=0000000000000225] R[r 0=0000000000000000] inst=[0000ffed] DASM(0000ffed)
C0:       9873 [1] pc=[0000000080002768] W[r 0=0000000000000000][0] R[r13=0000000080022800] R[r14=0010001000000000] inst=[04e6b07b] DASM(04e6b07b)
C0:       9874 [1] pc=[000000008000276c] W[r15=0000000000000224][1] R[r15=0000000000000225] R[r 0=0000000000000000] inst=[000037fd] DASM(000037fd)
C0:       9875 [1] pc=[000000008000276e] W[r 0=0000000000000000][0] R[r15=0000000000000224] R[r 0=0000000000000000] inst=[0000ffed] DASM(0000ffed)
C0:       9891 [1] pc=[0000000080002768] W[r 0=0000000000000000][0] R[r13=0000000080022800] R[r14=0010001000000000] inst=[04e6b07b] DASM(04e6b07b)
C0:       9892 [1] pc=[000000008000276c] W[r15=0000000000000223][1] R[r15=0000000000000224] R[r 0=0000000000000000] inst=[000037fd] DASM(000037fd)
C0:       9893 [1] pc=[000000008000276e] W[r 0=0000000000000000][0] R[r15=0000000000000223] R[r 0=0000000000000000] inst=[0000ffed] DASM(0000ffed)
C0:       9908 [1] pc=[0000000080002768] W[r 0=0000000000000000][0] R[r13=0000000080022800] R[r14=0010001000000000] inst=[04e6b07b] DASM(04e6b07b)
C0:       9909 [1] pc=[000000008000276c] W[r15=0000000000000222][1] R[r15=0000000000000223] R[r 0=0000000000000000] inst=[000037fd] DASM(000037fd)
C0:       9910 [1] pc=[000000008000276e] W[r 0=0000000000000000][0] R[r15=0000000000000222] R[r 0=0000000000000000] inst=[0000ffed] DASM(0000ffed)
C0:       9926 [1] pc=[0000000080002768] W[r 0=0000000000000000][0] R[r13=0000000080022800] R[r14=0010001000000000] inst=[04e6b07b] DASM(04e6b07b)
C0:       9927 [1] pc=[000000008000276c] W[r15=0000000000000221][1] R[r15=0000000000000222] R[r 0=0000000000000000] inst=[000037fd] DASM(000037fd)
C0:       9928 [1] pc=[000000008000276e] W[r 0=0000000000000000][0] R[r15=0000000000000221] R[r 0=0000000000000000] inst=[0000ffed] DASM(0000ffed)
C0:       9944 [1] pc=[0000000080002768] W[r 0=0000000000000000][0] R[r13=0000000080022800] R[r14=0010001000000000] inst=[04e6b07b] DASM(04e6b07b)
C0:       9945 [1] pc=[000000008000276c] W[r15=0000000000000220][1] R[r15=0000000000000221] R[r 0=0000000000000000] inst=[000037fd] DASM(000037fd)
C0:       9946 [1] pc=[000000008000276e] W[r 0=0000000000000000][0] R[r15=0000000000000220] R[r 0=0000000000000000] inst=[0000ffed] DASM(0000ffed)
C0:       9961 [1] pc=[0000000080002768] W[r 0=0000000000000000][0] R[r13=0000000080022800] R[r14=0010001000000000] inst=[04e6b07b] DASM(04e6b07b)
C0:       9962 [1] pc=[000000008000276c] W[r15=000000000000021f][1] R[r15=0000000000000220] R[r 0=0000000000000000] inst=[000037fd] DASM(000037fd)
C0:       9963 [1] pc=[000000008000276e] W[r 0=0000000000000000][0] R[r15=000000000000021f] R[r 0=0000000000000000] inst=[0000ffed] DASM(0000ffed)
C0:       9980 [1] pc=[0000000080002768] W[r 0=0000000000000000][0] R[r13=0000000080022800] R[r14=0010001000000000] inst=[04e6b07b] DASM(04e6b07b)
C0:       9981 [1] pc=[000000008000276c] W[r15=000000000000021e][1] R[r15=000000000000021f] R[r 0=0000000000000000] inst=[000037fd] DASM(000037fd)
C0:       9982 [1] pc=[000000008000276e] W[r 0=0000000000000000][0] R[r15=000000000000021e] R[r 0=0000000000000000] inst=[0000ffed] DASM(0000ffed)
C0:       9996 [1] pc=[0000000080002768] W[r 0=0000000000000000][0] R[r13=0000000080022800] R[r14=0010001000000000] inst=[04e6b07b] DASM(04e6b07b)
C0:       9997 [1] pc=[000000008000276c] W[r15=000000000000021d][1] R[r15=000000000000021e] R[r 0=0000000000000000] inst=[000037fd] DASM(000037fd)
C0:       9998 [1] pc=[000000008000276e] W[r 0=0000000000000000][0] R[r15=000000000000021d] R[r 0=0000000000000000] inst=[0000ffed] DASM(0000ffed)
C0:      10016 [1] pc=[0000000080002768] W[r 0=0000000000000000][0] R[r13=0000000080022800] R[r14=0010001000000000] inst=[04e6b07b] DASM(04e6b07b)
C0:      10017 [1] pc=[000000008000276c] W[r15=000000000000021c][1] R[r15=000000000000021d] R[r 0=0000000000000000] inst=[000037fd] DASM(000037fd)
C0:      10018 [1] pc=[000000008000276e] W[r 0=0000000000000000][0] R[r15=000000000000021c] R[r 0=0000000000000000] inst=[0000ffed] DASM(0000ffed)
C0:      10033 [1] pc=[0000000080002768] W[r 0=0000000000000000][0] R[r13=0000000080022800] R[r14=0010001000000000] inst=[04e6b07b] DASM(04e6b07b)
C0:      10034 [1] pc=[000000008000276c] W[r15=000000000000021b][1] R[r15=000000000000021c] R[r 0=0000000000000000] inst=[000037fd] DASM(000037fd)
C0:      10035 [1] pc=[000000008000276e] W[r 0=0000000000000000][0] R[r15=000000000000021b] R[r 0=0000000000000000] inst=[0000ffed] DASM(0000ffed)
C0:      10051 [1] pc=[0000000080002768] W[r 0=0000000000000000][0] R[r13=0000000080022800] R[r14=0010001000000000] inst=[04e6b07b] DASM(04e6b07b)
C0:      10052 [1] pc=[000000008000276c] W[r15=000000000000021a][1] R[r15=000000000000021b] R[r 0=0000000000000000] inst=[000037fd] DASM(000037fd)
C0:      10053 [1] pc=[000000008000276e] W[r 0=0000000000000000][0] R[r15=000000000000021a] R[r 0=0000000000000000] inst=[0000ffed] DASM(0000ffed)
C0:      10069 [1] pc=[0000000080002768] W[r 0=0000000000000000][0] R[r13=0000000080022800] R[r14=0010001000000000] inst=[04e6b07b] DASM(04e6b07b)
C0:      10070 [1] pc=[000000008000276c] W[r15=0000000000000219][1] R[r15=000000000000021a] R[r 0=0000000000000000] inst=[000037fd] DASM(000037fd)
C0:      10071 [1] pc=[000000008000276e] W[r 0=0000000000000000][0] R[r15=0000000000000219] R[r 0=0000000000000000] inst=[0000ffed] DASM(0000ffed)
C0:      10086 [1] pc=[0000000080002768] W[r 0=0000000000000000][0] R[r13=0000000080022800] R[r14=0010001000000000] inst=[04e6b07b] DASM(04e6b07b)
C0:      10087 [1] pc=[000000008000276c] W[r15=0000000000000218][1] R[r15=0000000000000219] R[r 0=0000000000000000] inst=[000037fd] DASM(000037fd)
C0:      10088 [1] pc=[000000008000276e] W[r 0=0000000000000000][0] R[r15=0000000000000218] R[r 0=0000000000000000] inst=[0000ffed] DASM(0000ffed)
*Verdi* FSDB: For performance reasons, the Memory Size Limit has been increased to 128M.
C0:      10105 [1] pc=[0000000080002768] W[r 0=0000000000000000][0] R[r13=0000000080022800] R[r14=0010001000000000] inst=[04e6b07b] DASM(04e6b07b)
C0:      10106 [1] pc=[000000008000276c] W[r15=0000000000000217][1] R[r15=0000000000000218] R[r 0=0000000000000000] inst=[000037fd] DASM(000037fd)
C0:      10107 [1] pc=[000000008000276e] W[r 0=0000000000000000][0] R[r15=0000000000000217] R[r 0=0000000000000000] inst=[0000ffed] DASM(0000ffed)
C0:      10122 [1] pc=[0000000080002768] W[r 0=0000000000000000][0] R[r13=0000000080022800] R[r14=0010001000000000] inst=[04e6b07b] DASM(04e6b07b)
C0:      10123 [1] pc=[000000008000276c] W[r15=0000000000000216][1] R[r15=0000000000000217] R[r 0=0000000000000000] inst=[000037fd] DASM(000037fd)
C0:      10124 [1] pc=[000000008000276e] W[r 0=0000000000000000][0] R[r15=0000000000000216] R[r 0=0000000000000000] inst=[0000ffed] DASM(0000ffed)
C0:      10140 [1] pc=[0000000080002768] W[r 0=0000000000000000][0] R[r13=0000000080022800] R[r14=0010001000000000] inst=[04e6b07b] DASM(04e6b07b)
C0:      10141 [1] pc=[000000008000276c] W[r15=0000000000000215][1] R[r15=0000000000000216] R[r 0=0000000000000000] inst=[000037fd] DASM(000037fd)
C0:      10142 [1] pc=[000000008000276e] W[r 0=0000000000000000][0] R[r15=0000000000000215] R[r 0=0000000000000000] inst=[0000ffed] DASM(0000ffed)
C0:      10158 [1] pc=[0000000080002768] W[r 0=0000000000000000][0] R[r13=0000000080022800] R[r14=0010001000000000] inst=[04e6b07b] DASM(04e6b07b)
C0:      10159 [1] pc=[000000008000276c] W[r15=0000000000000214][1] R[r15=0000000000000215] R[r 0=0000000000000000] inst=[000037fd] DASM(000037fd)
C0:      10160 [1] pc=[000000008000276e] W[r 0=0000000000000000][0] R[r15=0000000000000214] R[r 0=0000000000000000] inst=[0000ffed] DASM(0000ffed)
C0:      10175 [1] pc=[0000000080002768] W[r 0=0000000000000000][0] R[r13=0000000080022800] R[r14=0010001000000000] inst=[04e6b07b] DASM(04e6b07b)
C0:      10176 [1] pc=[000000008000276c] W[r15=0000000000000213][1] R[r15=0000000000000214] R[r 0=0000000000000000] inst=[000037fd] DASM(000037fd)
C0:      10177 [1] pc=[000000008000276e] W[r 0=0000000000000000][0] R[r15=0000000000000213] R[r 0=0000000000000000] inst=[0000ffed] DASM(0000ffed)
C0:      10194 [1] pc=[0000000080002768] W[r 0=0000000000000000][0] R[r13=0000000080022800] R[r14=0010001000000000] inst=[04e6b07b] DASM(04e6b07b)
C0:      10195 [1] pc=[000000008000276c] W[r15=0000000000000212][1] R[r15=0000000000000213] R[r 0=0000000000000000] inst=[000037fd] DASM(000037fd)
C0:      10196 [1] pc=[000000008000276e] W[r 0=0000000000000000][0] R[r15=0000000000000212] R[r 0=0000000000000000] inst=[0000ffed] DASM(0000ffed)
C0:      10211 [1] pc=[0000000080002768] W[r 0=0000000000000000][0] R[r13=0000000080022800] R[r14=0010001000000000] inst=[04e6b07b] DASM(04e6b07b)
C0:      10212 [1] pc=[000000008000276c] W[r15=0000000000000211][1] R[r15=0000000000000212] R[r 0=0000000000000000] inst=[000037fd] DASM(000037fd)
C0:      10213 [1] pc=[000000008000276e] W[r 0=0000000000000000][0] R[r15=0000000000000211] R[r 0=0000000000000000] inst=[0000ffed] DASM(0000ffed)
C0:      10229 [1] pc=[0000000080002768] W[r 0=0000000000000000][0] R[r13=0000000080022800] R[r14=0010001000000000] inst=[04e6b07b] DASM(04e6b07b)
C0:      10230 [1] pc=[000000008000276c] W[r15=0000000000000210][1] R[r15=0000000000000211] R[r 0=0000000000000000] inst=[000037fd] DASM(000037fd)
C0:      10231 [1] pc=[000000008000276e] W[r 0=0000000000000000][0] R[r15=0000000000000210] R[r 0=0000000000000000] inst=[0000ffed] DASM(0000ffed)
C0:      10247 [1] pc=[0000000080002768] W[r 0=0000000000000000][0] R[r13=0000000080022800] R[r14=0010001000000000] inst=[04e6b07b] DASM(04e6b07b)
C0:      10248 [1] pc=[000000008000276c] W[r15=000000000000020f][1] R[r15=0000000000000210] R[r 0=0000000000000000] inst=[000037fd] DASM(000037fd)
C0:      10249 [1] pc=[000000008000276e] W[r 0=0000000000000000][0] R[r15=000000000000020f] R[r 0=0000000000000000] inst=[0000ffed] DASM(0000ffed)
C0:      10264 [1] pc=[0000000080002768] W[r 0=0000000000000000][0] R[r13=0000000080022800] R[r14=0010001000000000] inst=[04e6b07b] DASM(04e6b07b)
C0:      10265 [1] pc=[000000008000276c] W[r15=000000000000020e][1] R[r15=000000000000020f] R[r 0=0000000000000000] inst=[000037fd] DASM(000037fd)
C0:      10266 [1] pc=[000000008000276e] W[r 0=0000000000000000][0] R[r15=000000000000020e] R[r 0=0000000000000000] inst=[0000ffed] DASM(0000ffed)
C0:      10283 [1] pc=[0000000080002768] W[r 0=0000000000000000][0] R[r13=0000000080022800] R[r14=0010001000000000] inst=[04e6b07b] DASM(04e6b07b)
C0:      10284 [1] pc=[000000008000276c] W[r15=000000000000020d][1] R[r15=000000000000020e] R[r 0=0000000000000000] inst=[000037fd] DASM(000037fd)
C0:      10285 [1] pc=[000000008000276e] W[r 0=0000000000000000][0] R[r15=000000000000020d] R[r 0=0000000000000000] inst=[0000ffed] DASM(0000ffed)
C0:      10299 [1] pc=[0000000080002768] W[r 0=0000000000000000][0] R[r13=0000000080022800] R[r14=0010001000000000] inst=[04e6b07b] DASM(04e6b07b)
C0:      10300 [1] pc=[000000008000276c] W[r15=000000000000020c][1] R[r15=000000000000020d] R[r 0=0000000000000000] inst=[000037fd] DASM(000037fd)
C0:      10301 [1] pc=[000000008000276e] W[r 0=0000000000000000][0] R[r15=000000000000020c] R[r 0=0000000000000000] inst=[0000ffed] DASM(0000ffed)
C0:      10318 [1] pc=[0000000080002768] W[r 0=0000000000000000][0] R[r13=0000000080022800] R[r14=0010001000000000] inst=[04e6b07b] DASM(04e6b07b)
C0:      10319 [1] pc=[000000008000276c] W[r15=000000000000020b][1] R[r15=000000000000020c] R[r 0=0000000000000000] inst=[000037fd] DASM(000037fd)
C0:      10320 [1] pc=[000000008000276e] W[r 0=0000000000000000][0] R[r15=000000000000020b] R[r 0=0000000000000000] inst=[0000ffed] DASM(0000ffed)
C0:      10335 [1] pc=[0000000080002768] W[r 0=0000000000000000][0] R[r13=0000000080022800] R[r14=0010001000000000] inst=[04e6b07b] DASM(04e6b07b)
C0:      10336 [1] pc=[000000008000276c] W[r15=000000000000020a][1] R[r15=000000000000020b] R[r 0=0000000000000000] inst=[000037fd] DASM(000037fd)
C0:      10337 [1] pc=[000000008000276e] W[r 0=0000000000000000][0] R[r15=000000000000020a] R[r 0=0000000000000000] inst=[0000ffed] DASM(0000ffed)
C0:      10353 [1] pc=[0000000080002768] W[r 0=0000000000000000][0] R[r13=0000000080022800] R[r14=0010001000000000] inst=[04e6b07b] DASM(04e6b07b)
C0:      10354 [1] pc=[000000008000276c] W[r15=0000000000000209][1] R[r15=000000000000020a] R[r 0=0000000000000000] inst=[000037fd] DASM(000037fd)
C0:      10355 [1] pc=[000000008000276e] W[r 0=0000000000000000][0] R[r15=0000000000000209] R[r 0=0000000000000000] inst=[0000ffed] DASM(0000ffed)
C0:      10371 [1] pc=[0000000080002768] W[r 0=0000000000000000][0] R[r13=0000000080022800] R[r14=0010001000000000] inst=[04e6b07b] DASM(04e6b07b)
C0:      10372 [1] pc=[000000008000276c] W[r15=0000000000000208][1] R[r15=0000000000000209] R[r 0=0000000000000000] inst=[000037fd] DASM(000037fd)
C0:      10373 [1] pc=[000000008000276e] W[r 0=0000000000000000][0] R[r15=0000000000000208] R[r 0=0000000000000000] inst=[0000ffed] DASM(0000ffed)
C0:      10388 [1] pc=[0000000080002768] W[r 0=0000000000000000][0] R[r13=0000000080022800] R[r14=0010001000000000] inst=[04e6b07b] DASM(04e6b07b)
C0:      10389 [1] pc=[000000008000276c] W[r15=0000000000000207][1] R[r15=0000000000000208] R[r 0=0000000000000000] inst=[000037fd] DASM(000037fd)
C0:      10390 [1] pc=[000000008000276e] W[r 0=0000000000000000][0] R[r15=0000000000000207] R[r 0=0000000000000000] inst=[0000ffed] DASM(0000ffed)
C0:      10406 [1] pc=[0000000080002768] W[r 0=0000000000000000][0] R[r13=0000000080022800] R[r14=0010001000000000] inst=[04e6b07b] DASM(04e6b07b)
C0:      10407 [1] pc=[000000008000276c] W[r15=0000000000000206][1] R[r15=0000000000000207] R[r 0=0000000000000000] inst=[000037fd] DASM(000037fd)
C0:      10408 [1] pc=[000000008000276e] W[r 0=0000000000000000][0] R[r15=0000000000000206] R[r 0=0000000000000000] inst=[0000ffed] DASM(0000ffed)
C0:      10424 [1] pc=[0000000080002768] W[r 0=0000000000000000][0] R[r13=0000000080022800] R[r14=0010001000000000] inst=[04e6b07b] DASM(04e6b07b)
C0:      10425 [1] pc=[000000008000276c] W[r15=0000000000000205][1] R[r15=0000000000000206] R[r 0=0000000000000000] inst=[000037fd] DASM(000037fd)
C0:      10426 [1] pc=[000000008000276e] W[r 0=0000000000000000][0] R[r15=0000000000000205] R[r 0=0000000000000000] inst=[0000ffed] DASM(0000ffed)
C0:      10441 [1] pc=[0000000080002768] W[r 0=0000000000000000][0] R[r13=0000000080022800] R[r14=0010001000000000] inst=[04e6b07b] DASM(04e6b07b)
C0:      10442 [1] pc=[000000008000276c] W[r15=0000000000000204][1] R[r15=0000000000000205] R[r 0=0000000000000000] inst=[000037fd] DASM(000037fd)
C0:      10443 [1] pc=[000000008000276e] W[r 0=0000000000000000][0] R[r15=0000000000000204] R[r 0=0000000000000000] inst=[0000ffed] DASM(0000ffed)
C0:      10460 [1] pc=[0000000080002768] W[r 0=0000000000000000][0] R[r13=0000000080022800] R[r14=0010001000000000] inst=[04e6b07b] DASM(04e6b07b)
C0:      10461 [1] pc=[000000008000276c] W[r15=0000000000000203][1] R[r15=0000000000000204] R[r 0=0000000000000000] inst=[000037fd] DASM(000037fd)
C0:      10462 [1] pc=[000000008000276e] W[r 0=0000000000000000][0] R[r15=0000000000000203] R[r 0=0000000000000000] inst=[0000ffed] DASM(0000ffed)
C0:      10476 [1] pc=[0000000080002768] W[r 0=0000000000000000][0] R[r13=0000000080022800] R[r14=0010001000000000] inst=[04e6b07b] DASM(04e6b07b)
C0:      10477 [1] pc=[000000008000276c] W[r15=0000000000000202][1] R[r15=0000000000000203] R[r 0=0000000000000000] inst=[000037fd] DASM(000037fd)
C0:      10478 [1] pc=[000000008000276e] W[r 0=0000000000000000][0] R[r15=0000000000000202] R[r 0=0000000000000000] inst=[0000ffed] DASM(0000ffed)
C0:      10496 [1] pc=[0000000080002768] W[r 0=0000000000000000][0] R[r13=0000000080022800] R[r14=0010001000000000] inst=[04e6b07b] DASM(04e6b07b)
C0:      10497 [1] pc=[000000008000276c] W[r15=0000000000000201][1] R[r15=0000000000000202] R[r 0=0000000000000000] inst=[000037fd] DASM(000037fd)
C0:      10498 [1] pc=[000000008000276e] W[r 0=0000000000000000][0] R[r15=0000000000000201] R[r 0=0000000000000000] inst=[0000ffed] DASM(0000ffed)
C0:      10513 [1] pc=[0000000080002768] W[r 0=0000000000000000][0] R[r13=0000000080022800] R[r14=0010001000000000] inst=[04e6b07b] DASM(04e6b07b)
C0:      10514 [1] pc=[000000008000276c] W[r15=0000000000000200][1] R[r15=0000000000000201] R[r 0=0000000000000000] inst=[000037fd] DASM(000037fd)
C0:      10515 [1] pc=[000000008000276e] W[r 0=0000000000000000][0] R[r15=0000000000000200] R[r 0=0000000000000000] inst=[0000ffed] DASM(0000ffed)
C0:      10531 [1] pc=[0000000080002768] W[r 0=0000000000000000][0] R[r13=0000000080022800] R[r14=0010001000000000] inst=[04e6b07b] DASM(04e6b07b)
C0:      10532 [1] pc=[000000008000276c] W[r15=00000000000001ff][1] R[r15=0000000000000200] R[r 0=0000000000000000] inst=[000037fd] DASM(000037fd)
C0:      10533 [1] pc=[000000008000276e] W[r 0=0000000000000000][0] R[r15=00000000000001ff] R[r 0=0000000000000000] inst=[0000ffed] DASM(0000ffed)
C0:      10549 [1] pc=[0000000080002768] W[r 0=0000000000000000][0] R[r13=0000000080022800] R[r14=0010001000000000] inst=[04e6b07b] DASM(04e6b07b)
C0:      10550 [1] pc=[000000008000276c] W[r15=00000000000001fe][1] R[r15=00000000000001ff] R[r 0=0000000000000000] inst=[000037fd] DASM(000037fd)
C0:      10551 [1] pc=[000000008000276e] W[r 0=0000000000000000][0] R[r15=00000000000001fe] R[r 0=0000000000000000] inst=[0000ffed] DASM(0000ffed)
C0:      10566 [1] pc=[0000000080002768] W[r 0=0000000000000000][0] R[r13=0000000080022800] R[r14=0010001000000000] inst=[04e6b07b] DASM(04e6b07b)
C0:      10567 [1] pc=[000000008000276c] W[r15=00000000000001fd][1] R[r15=00000000000001fe] R[r 0=0000000000000000] inst=[000037fd] DASM(000037fd)
C0:      10568 [1] pc=[000000008000276e] W[r 0=0000000000000000][0] R[r15=00000000000001fd] R[r 0=0000000000000000] inst=[0000ffed] DASM(0000ffed)
C0:      10585 [1] pc=[0000000080002768] W[r 0=0000000000000000][0] R[r13=0000000080022800] R[r14=0010001000000000] inst=[04e6b07b] DASM(04e6b07b)
C0:      10586 [1] pc=[000000008000276c] W[r15=00000000000001fc][1] R[r15=00000000000001fd] R[r 0=0000000000000000] inst=[000037fd] DASM(000037fd)
C0:      10587 [1] pc=[000000008000276e] W[r 0=0000000000000000][0] R[r15=00000000000001fc] R[r 0=0000000000000000] inst=[0000ffed] DASM(0000ffed)
C0:      10602 [1] pc=[0000000080002768] W[r 0=0000000000000000][0] R[r13=0000000080022800] R[r14=0010001000000000] inst=[04e6b07b] DASM(04e6b07b)
C0:      10603 [1] pc=[000000008000276c] W[r15=00000000000001fb][1] R[r15=00000000000001fc] R[r 0=0000000000000000] inst=[000037fd] DASM(000037fd)
C0:      10604 [1] pc=[000000008000276e] W[r 0=0000000000000000][0] R[r15=00000000000001fb] R[r 0=0000000000000000] inst=[0000ffed] DASM(0000ffed)
C0:      10620 [1] pc=[0000000080002768] W[r 0=0000000000000000][0] R[r13=0000000080022800] R[r14=0010001000000000] inst=[04e6b07b] DASM(04e6b07b)
C0:      10621 [1] pc=[000000008000276c] W[r15=00000000000001fa][1] R[r15=00000000000001fb] R[r 0=0000000000000000] inst=[000037fd] DASM(000037fd)
C0:      10622 [1] pc=[000000008000276e] W[r 0=0000000000000000][0] R[r15=00000000000001fa] R[r 0=0000000000000000] inst=[0000ffed] DASM(0000ffed)
C0:      10638 [1] pc=[0000000080002768] W[r 0=0000000000000000][0] R[r13=0000000080022800] R[r14=0010001000000000] inst=[04e6b07b] DASM(04e6b07b)
C0:      10639 [1] pc=[000000008000276c] W[r15=00000000000001f9][1] R[r15=00000000000001fa] R[r 0=0000000000000000] inst=[000037fd] DASM(000037fd)
C0:      10640 [1] pc=[000000008000276e] W[r 0=0000000000000000][0] R[r15=00000000000001f9] R[r 0=0000000000000000] inst=[0000ffed] DASM(0000ffed)
C0:      10655 [1] pc=[0000000080002768] W[r 0=0000000000000000][0] R[r13=0000000080022800] R[r14=0010001000000000] inst=[04e6b07b] DASM(04e6b07b)
C0:      10656 [1] pc=[000000008000276c] W[r15=00000000000001f8][1] R[r15=00000000000001f9] R[r 0=0000000000000000] inst=[000037fd] DASM(000037fd)
C0:      10657 [1] pc=[000000008000276e] W[r 0=0000000000000000][0] R[r15=00000000000001f8] R[r 0=0000000000000000] inst=[0000ffed] DASM(0000ffed)
C0:      10674 [1] pc=[0000000080002768] W[r 0=0000000000000000][0] R[r13=0000000080022800] R[r14=0010001000000000] inst=[04e6b07b] DASM(04e6b07b)
C0:      10675 [1] pc=[000000008000276c] W[r15=00000000000001f7][1] R[r15=00000000000001f8] R[r 0=0000000000000000] inst=[000037fd] DASM(000037fd)
C0:      10676 [1] pc=[000000008000276e] W[r 0=0000000000000000][0] R[r15=00000000000001f7] R[r 0=0000000000000000] inst=[0000ffed] DASM(0000ffed)
C0:      10691 [1] pc=[0000000080002768] W[r 0=0000000000000000][0] R[r13=0000000080022800] R[r14=0010001000000000] inst=[04e6b07b] DASM(04e6b07b)
C0:      10692 [1] pc=[000000008000276c] W[r15=00000000000001f6][1] R[r15=00000000000001f7] R[r 0=0000000000000000] inst=[000037fd] DASM(000037fd)
C0:      10693 [1] pc=[000000008000276e] W[r 0=0000000000000000][0] R[r15=00000000000001f6] R[r 0=0000000000000000] inst=[0000ffed] DASM(0000ffed)
C0:      10709 [1] pc=[0000000080002768] W[r 0=0000000000000000][0] R[r13=0000000080022800] R[r14=0010001000000000] inst=[04e6b07b] DASM(04e6b07b)
C0:      10710 [1] pc=[000000008000276c] W[r15=00000000000001f5][1] R[r15=00000000000001f6] R[r 0=0000000000000000] inst=[000037fd] DASM(000037fd)
C0:      10711 [1] pc=[000000008000276e] W[r 0=0000000000000000][0] R[r15=00000000000001f5] R[r 0=0000000000000000] inst=[0000ffed] DASM(0000ffed)
C0:      10727 [1] pc=[0000000080002768] W[r 0=0000000000000000][0] R[r13=0000000080022800] R[r14=0010001000000000] inst=[04e6b07b] DASM(04e6b07b)
C0:      10728 [1] pc=[000000008000276c] W[r15=00000000000001f4][1] R[r15=00000000000001f5] R[r 0=0000000000000000] inst=[000037fd] DASM(000037fd)
C0:      10729 [1] pc=[000000008000276e] W[r 0=0000000000000000][0] R[r15=00000000000001f4] R[r 0=0000000000000000] inst=[0000ffed] DASM(0000ffed)
C0:      10744 [1] pc=[0000000080002768] W[r 0=0000000000000000][0] R[r13=0000000080022800] R[r14=0010001000000000] inst=[04e6b07b] DASM(04e6b07b)
C0:      10745 [1] pc=[000000008000276c] W[r15=00000000000001f3][1] R[r15=00000000000001f4] R[r 0=0000000000000000] inst=[000037fd] DASM(000037fd)
C0:      10746 [1] pc=[000000008000276e] W[r 0=0000000000000000][0] R[r15=00000000000001f3] R[r 0=0000000000000000] inst=[0000ffed] DASM(0000ffed)
C0:      10763 [1] pc=[0000000080002768] W[r 0=0000000000000000][0] R[r13=0000000080022800] R[r14=0010001000000000] inst=[04e6b07b] DASM(04e6b07b)
C0:      10764 [1] pc=[000000008000276c] W[r15=00000000000001f2][1] R[r15=00000000000001f3] R[r 0=0000000000000000] inst=[000037fd] DASM(000037fd)
C0:      10765 [1] pc=[000000008000276e] W[r 0=0000000000000000][0] R[r15=00000000000001f2] R[r 0=0000000000000000] inst=[0000ffed] DASM(0000ffed)
C0:      10779 [1] pc=[0000000080002768] W[r 0=0000000000000000][0] R[r13=0000000080022800] R[r14=0010001000000000] inst=[04e6b07b] DASM(04e6b07b)
C0:      10780 [1] pc=[000000008000276c] W[r15=00000000000001f1][1] R[r15=00000000000001f2] R[r 0=0000000000000000] inst=[000037fd] DASM(000037fd)
C0:      10781 [1] pc=[000000008000276e] W[r 0=0000000000000000][0] R[r15=00000000000001f1] R[r 0=0000000000000000] inst=[0000ffed] DASM(0000ffed)
C0:      10798 [1] pc=[0000000080002768] W[r 0=0000000000000000][0] R[r13=0000000080022800] R[r14=0010001000000000] inst=[04e6b07b] DASM(04e6b07b)
C0:      10799 [1] pc=[000000008000276c] W[r15=00000000000001f0][1] R[r15=00000000000001f1] R[r 0=0000000000000000] inst=[000037fd] DASM(000037fd)
C0:      10800 [1] pc=[000000008000276e] W[r 0=0000000000000000][0] R[r15=00000000000001f0] R[r 0=0000000000000000] inst=[0000ffed] DASM(0000ffed)
C0:      10815 [1] pc=[0000000080002768] W[r 0=0000000000000000][0] R[r13=0000000080022800] R[r14=0010001000000000] inst=[04e6b07b] DASM(04e6b07b)
C0:      10816 [1] pc=[000000008000276c] W[r15=00000000000001ef][1] R[r15=00000000000001f0] R[r 0=0000000000000000] inst=[000037fd] DASM(000037fd)
C0:      10817 [1] pc=[000000008000276e] W[r 0=0000000000000000][0] R[r15=00000000000001ef] R[r 0=0000000000000000] inst=[0000ffed] DASM(0000ffed)
C0:      10833 [1] pc=[0000000080002768] W[r 0=0000000000000000][0] R[r13=0000000080022800] R[r14=0010001000000000] inst=[04e6b07b] DASM(04e6b07b)
C0:      10834 [1] pc=[000000008000276c] W[r15=00000000000001ee][1] R[r15=00000000000001ef] R[r 0=0000000000000000] inst=[000037fd] DASM(000037fd)
C0:      10835 [1] pc=[000000008000276e] W[r 0=0000000000000000][0] R[r15=00000000000001ee] R[r 0=0000000000000000] inst=[0000ffed] DASM(0000ffed)
C0:      10851 [1] pc=[0000000080002768] W[r 0=0000000000000000][0] R[r13=0000000080022800] R[r14=0010001000000000] inst=[04e6b07b] DASM(04e6b07b)
C0:      10852 [1] pc=[000000008000276c] W[r15=00000000000001ed][1] R[r15=00000000000001ee] R[r 0=0000000000000000] inst=[000037fd] DASM(000037fd)
C0:      10853 [1] pc=[000000008000276e] W[r 0=0000000000000000][0] R[r15=00000000000001ed] R[r 0=0000000000000000] inst=[0000ffed] DASM(0000ffed)
C0:      10868 [1] pc=[0000000080002768] W[r 0=0000000000000000][0] R[r13=0000000080022800] R[r14=0010001000000000] inst=[04e6b07b] DASM(04e6b07b)
C0:      10869 [1] pc=[000000008000276c] W[r15=00000000000001ec][1] R[r15=00000000000001ed] R[r 0=0000000000000000] inst=[000037fd] DASM(000037fd)
C0:      10870 [1] pc=[000000008000276e] W[r 0=0000000000000000][0] R[r15=00000000000001ec] R[r 0=0000000000000000] inst=[0000ffed] DASM(0000ffed)
C0:      10886 [1] pc=[0000000080002768] W[r 0=0000000000000000][0] R[r13=0000000080022800] R[r14=0010001000000000] inst=[04e6b07b] DASM(04e6b07b)
C0:      10887 [1] pc=[000000008000276c] W[r15=00000000000001eb][1] R[r15=00000000000001ec] R[r 0=0000000000000000] inst=[000037fd] DASM(000037fd)
C0:      10888 [1] pc=[000000008000276e] W[r 0=0000000000000000][0] R[r15=00000000000001eb] R[r 0=0000000000000000] inst=[0000ffed] DASM(0000ffed)
C0:      10904 [1] pc=[0000000080002768] W[r 0=0000000000000000][0] R[r13=0000000080022800] R[r14=0010001000000000] inst=[04e6b07b] DASM(04e6b07b)
C0:      10905 [1] pc=[000000008000276c] W[r15=00000000000001ea][1] R[r15=00000000000001eb] R[r 0=0000000000000000] inst=[000037fd] DASM(000037fd)
C0:      10906 [1] pc=[000000008000276e] W[r 0=0000000000000000][0] R[r15=00000000000001ea] R[r 0=0000000000000000] inst=[0000ffed] DASM(0000ffed)
C0:      10921 [1] pc=[0000000080002768] W[r 0=0000000000000000][0] R[r13=0000000080022800] R[r14=0010001000000000] inst=[04e6b07b] DASM(04e6b07b)
C0:      10922 [1] pc=[000000008000276c] W[r15=00000000000001e9][1] R[r15=00000000000001ea] R[r 0=0000000000000000] inst=[000037fd] DASM(000037fd)
C0:      10923 [1] pc=[000000008000276e] W[r 0=0000000000000000][0] R[r15=00000000000001e9] R[r 0=0000000000000000] inst=[0000ffed] DASM(0000ffed)
C0:      10940 [1] pc=[0000000080002768] W[r 0=0000000000000000][0] R[r13=0000000080022800] R[r14=0010001000000000] inst=[04e6b07b] DASM(04e6b07b)
C0:      10941 [1] pc=[000000008000276c] W[r15=00000000000001e8][1] R[r15=00000000000001e9] R[r 0=0000000000000000] inst=[000037fd] DASM(000037fd)
C0:      10942 [1] pc=[000000008000276e] W[r 0=0000000000000000][0] R[r15=00000000000001e8] R[r 0=0000000000000000] inst=[0000ffed] DASM(0000ffed)
C0:      10956 [1] pc=[0000000080002768] W[r 0=0000000000000000][0] R[r13=0000000080022800] R[r14=0010001000000000] inst=[04e6b07b] DASM(04e6b07b)
C0:      10957 [1] pc=[000000008000276c] W[r15=00000000000001e7][1] R[r15=00000000000001e8] R[r 0=0000000000000000] inst=[000037fd] DASM(000037fd)
C0:      10958 [1] pc=[000000008000276e] W[r 0=0000000000000000][0] R[r15=00000000000001e7] R[r 0=0000000000000000] inst=[0000ffed] DASM(0000ffed)
C0:      10976 [1] pc=[0000000080002768] W[r 0=0000000000000000][0] R[r13=0000000080022800] R[r14=0010001000000000] inst=[04e6b07b] DASM(04e6b07b)
C0:      10977 [1] pc=[000000008000276c] W[r15=00000000000001e6][1] R[r15=00000000000001e7] R[r 0=0000000000000000] inst=[000037fd] DASM(000037fd)
C0:      10978 [1] pc=[000000008000276e] W[r 0=0000000000000000][0] R[r15=00000000000001e6] R[r 0=0000000000000000] inst=[0000ffed] DASM(0000ffed)
C0:      10993 [1] pc=[0000000080002768] W[r 0=0000000000000000][0] R[r13=0000000080022800] R[r14=0010001000000000] inst=[04e6b07b] DASM(04e6b07b)
C0:      10994 [1] pc=[000000008000276c] W[r15=00000000000001e5][1] R[r15=00000000000001e6] R[r 0=0000000000000000] inst=[000037fd] DASM(000037fd)
C0:      10995 [1] pc=[000000008000276e] W[r 0=0000000000000000][0] R[r15=00000000000001e5] R[r 0=0000000000000000] inst=[0000ffed] DASM(0000ffed)
C0:      11011 [1] pc=[0000000080002768] W[r 0=0000000000000000][0] R[r13=0000000080022800] R[r14=0010001000000000] inst=[04e6b07b] DASM(04e6b07b)
C0:      11012 [1] pc=[000000008000276c] W[r15=00000000000001e4][1] R[r15=00000000000001e5] R[r 0=0000000000000000] inst=[000037fd] DASM(000037fd)
C0:      11013 [1] pc=[000000008000276e] W[r 0=0000000000000000][0] R[r15=00000000000001e4] R[r 0=0000000000000000] inst=[0000ffed] DASM(0000ffed)
C0:      11029 [1] pc=[0000000080002768] W[r 0=0000000000000000][0] R[r13=0000000080022800] R[r14=0010001000000000] inst=[04e6b07b] DASM(04e6b07b)
C0:      11030 [1] pc=[000000008000276c] W[r15=00000000000001e3][1] R[r15=00000000000001e4] R[r 0=0000000000000000] inst=[000037fd] DASM(000037fd)
C0:      11031 [1] pc=[000000008000276e] W[r 0=0000000000000000][0] R[r15=00000000000001e3] R[r 0=0000000000000000] inst=[0000ffed] DASM(0000ffed)
C0:      11046 [1] pc=[0000000080002768] W[r 0=0000000000000000][0] R[r13=0000000080022800] R[r14=0010001000000000] inst=[04e6b07b] DASM(04e6b07b)
C0:      11047 [1] pc=[000000008000276c] W[r15=00000000000001e2][1] R[r15=00000000000001e3] R[r 0=0000000000000000] inst=[000037fd] DASM(000037fd)
C0:      11048 [1] pc=[000000008000276e] W[r 0=0000000000000000][0] R[r15=00000000000001e2] R[r 0=0000000000000000] inst=[0000ffed] DASM(0000ffed)
C0:      11065 [1] pc=[0000000080002768] W[r 0=0000000000000000][0] R[r13=0000000080022800] R[r14=0010001000000000] inst=[04e6b07b] DASM(04e6b07b)
C0:      11066 [1] pc=[000000008000276c] W[r15=00000000000001e1][1] R[r15=00000000000001e2] R[r 0=0000000000000000] inst=[000037fd] DASM(000037fd)
C0:      11067 [1] pc=[000000008000276e] W[r 0=0000000000000000][0] R[r15=00000000000001e1] R[r 0=0000000000000000] inst=[0000ffed] DASM(0000ffed)
C0:      11082 [1] pc=[0000000080002768] W[r 0=0000000000000000][0] R[r13=0000000080022800] R[r14=0010001000000000] inst=[04e6b07b] DASM(04e6b07b)
C0:      11083 [1] pc=[000000008000276c] W[r15=00000000000001e0][1] R[r15=00000000000001e1] R[r 0=0000000000000000] inst=[000037fd] DASM(000037fd)
C0:      11084 [1] pc=[000000008000276e] W[r 0=0000000000000000][0] R[r15=00000000000001e0] R[r 0=0000000000000000] inst=[0000ffed] DASM(0000ffed)
C0:      11100 [1] pc=[0000000080002768] W[r 0=0000000000000000][0] R[r13=0000000080022800] R[r14=0010001000000000] inst=[04e6b07b] DASM(04e6b07b)
C0:      11101 [1] pc=[000000008000276c] W[r15=00000000000001df][1] R[r15=00000000000001e0] R[r 0=0000000000000000] inst=[000037fd] DASM(000037fd)
C0:      11102 [1] pc=[000000008000276e] W[r 0=0000000000000000][0] R[r15=00000000000001df] R[r 0=0000000000000000] inst=[0000ffed] DASM(0000ffed)
C0:      11118 [1] pc=[0000000080002768] W[r 0=0000000000000000][0] R[r13=0000000080022800] R[r14=0010001000000000] inst=[04e6b07b] DASM(04e6b07b)
C0:      11119 [1] pc=[000000008000276c] W[r15=00000000000001de][1] R[r15=00000000000001df] R[r 0=0000000000000000] inst=[000037fd] DASM(000037fd)
C0:      11120 [1] pc=[000000008000276e] W[r 0=0000000000000000][0] R[r15=00000000000001de] R[r 0=0000000000000000] inst=[0000ffed] DASM(0000ffed)
C0:      11135 [1] pc=[0000000080002768] W[r 0=0000000000000000][0] R[r13=0000000080022800] R[r14=0010001000000000] inst=[04e6b07b] DASM(04e6b07b)
C0:      11136 [1] pc=[000000008000276c] W[r15=00000000000001dd][1] R[r15=00000000000001de] R[r 0=0000000000000000] inst=[000037fd] DASM(000037fd)
C0:      11137 [1] pc=[000000008000276e] W[r 0=0000000000000000][0] R[r15=00000000000001dd] R[r 0=0000000000000000] inst=[0000ffed] DASM(0000ffed)
C0:      11154 [1] pc=[0000000080002768] W[r 0=0000000000000000][0] R[r13=0000000080022800] R[r14=0010001000000000] inst=[04e6b07b] DASM(04e6b07b)
C0:      11155 [1] pc=[000000008000276c] W[r15=00000000000001dc][1] R[r15=00000000000001dd] R[r 0=0000000000000000] inst=[000037fd] DASM(000037fd)
C0:      11156 [1] pc=[000000008000276e] W[r 0=0000000000000000][0] R[r15=00000000000001dc] R[r 0=0000000000000000] inst=[0000ffed] DASM(0000ffed)
C0:      11171 [1] pc=[0000000080002768] W[r 0=0000000000000000][0] R[r13=0000000080022800] R[r14=0010001000000000] inst=[04e6b07b] DASM(04e6b07b)
C0:      11172 [1] pc=[000000008000276c] W[r15=00000000000001db][1] R[r15=00000000000001dc] R[r 0=0000000000000000] inst=[000037fd] DASM(000037fd)
C0:      11173 [1] pc=[000000008000276e] W[r 0=0000000000000000][0] R[r15=00000000000001db] R[r 0=0000000000000000] inst=[0000ffed] DASM(0000ffed)
C0:      11189 [1] pc=[0000000080002768] W[r 0=0000000000000000][0] R[r13=0000000080022800] R[r14=0010001000000000] inst=[04e6b07b] DASM(04e6b07b)
C0:      11190 [1] pc=[000000008000276c] W[r15=00000000000001da][1] R[r15=00000000000001db] R[r 0=0000000000000000] inst=[000037fd] DASM(000037fd)
C0:      11191 [1] pc=[000000008000276e] W[r 0=0000000000000000][0] R[r15=00000000000001da] R[r 0=0000000000000000] inst=[0000ffed] DASM(0000ffed)
C0:      11207 [1] pc=[0000000080002768] W[r 0=0000000000000000][0] R[r13=0000000080022800] R[r14=0010001000000000] inst=[04e6b07b] DASM(04e6b07b)
C0:      11208 [1] pc=[000000008000276c] W[r15=00000000000001d9][1] R[r15=00000000000001da] R[r 0=0000000000000000] inst=[000037fd] DASM(000037fd)
C0:      11209 [1] pc=[000000008000276e] W[r 0=0000000000000000][0] R[r15=00000000000001d9] R[r 0=0000000000000000] inst=[0000ffed] DASM(0000ffed)
C0:      11224 [1] pc=[0000000080002768] W[r 0=0000000000000000][0] R[r13=0000000080022800] R[r14=0010001000000000] inst=[04e6b07b] DASM(04e6b07b)
C0:      11225 [1] pc=[000000008000276c] W[r15=00000000000001d8][1] R[r15=00000000000001d9] R[r 0=0000000000000000] inst=[000037fd] DASM(000037fd)
C0:      11226 [1] pc=[000000008000276e] W[r 0=0000000000000000][0] R[r15=00000000000001d8] R[r 0=0000000000000000] inst=[0000ffed] DASM(0000ffed)
C0:      11243 [1] pc=[0000000080002768] W[r 0=0000000000000000][0] R[r13=0000000080022800] R[r14=0010001000000000] inst=[04e6b07b] DASM(04e6b07b)
C0:      11244 [1] pc=[000000008000276c] W[r15=00000000000001d7][1] R[r15=00000000000001d8] R[r 0=0000000000000000] inst=[000037fd] DASM(000037fd)
C0:      11245 [1] pc=[000000008000276e] W[r 0=0000000000000000][0] R[r15=00000000000001d7] R[r 0=0000000000000000] inst=[0000ffed] DASM(0000ffed)
C0:      11259 [1] pc=[0000000080002768] W[r 0=0000000000000000][0] R[r13=0000000080022800] R[r14=0010001000000000] inst=[04e6b07b] DASM(04e6b07b)
C0:      11260 [1] pc=[000000008000276c] W[r15=00000000000001d6][1] R[r15=00000000000001d7] R[r 0=0000000000000000] inst=[000037fd] DASM(000037fd)
C0:      11261 [1] pc=[000000008000276e] W[r 0=0000000000000000][0] R[r15=00000000000001d6] R[r 0=0000000000000000] inst=[0000ffed] DASM(0000ffed)
C0:      11278 [1] pc=[0000000080002768] W[r 0=0000000000000000][0] R[r13=0000000080022800] R[r14=0010001000000000] inst=[04e6b07b] DASM(04e6b07b)
C0:      11279 [1] pc=[000000008000276c] W[r15=00000000000001d5][1] R[r15=00000000000001d6] R[r 0=0000000000000000] inst=[000037fd] DASM(000037fd)
C0:      11280 [1] pc=[000000008000276e] W[r 0=0000000000000000][0] R[r15=00000000000001d5] R[r 0=0000000000000000] inst=[0000ffed] DASM(0000ffed)
C0:      11295 [1] pc=[0000000080002768] W[r 0=0000000000000000][0] R[r13=0000000080022800] R[r14=0010001000000000] inst=[04e6b07b] DASM(04e6b07b)
C0:      11296 [1] pc=[000000008000276c] W[r15=00000000000001d4][1] R[r15=00000000000001d5] R[r 0=0000000000000000] inst=[000037fd] DASM(000037fd)
C0:      11297 [1] pc=[000000008000276e] W[r 0=0000000000000000][0] R[r15=00000000000001d4] R[r 0=0000000000000000] inst=[0000ffed] DASM(0000ffed)
C0:      11313 [1] pc=[0000000080002768] W[r 0=0000000000000000][0] R[r13=0000000080022800] R[r14=0010001000000000] inst=[04e6b07b] DASM(04e6b07b)
C0:      11314 [1] pc=[000000008000276c] W[r15=00000000000001d3][1] R[r15=00000000000001d4] R[r 0=0000000000000000] inst=[000037fd] DASM(000037fd)
C0:      11315 [1] pc=[000000008000276e] W[r 0=0000000000000000][0] R[r15=00000000000001d3] R[r 0=0000000000000000] inst=[0000ffed] DASM(0000ffed)
C0:      11331 [1] pc=[0000000080002768] W[r 0=0000000000000000][0] R[r13=0000000080022800] R[r14=0010001000000000] inst=[04e6b07b] DASM(04e6b07b)
C0:      11332 [1] pc=[000000008000276c] W[r15=00000000000001d2][1] R[r15=00000000000001d3] R[r 0=0000000000000000] inst=[000037fd] DASM(000037fd)
C0:      11333 [1] pc=[000000008000276e] W[r 0=0000000000000000][0] R[r15=00000000000001d2] R[r 0=0000000000000000] inst=[0000ffed] DASM(0000ffed)
C0:      11348 [1] pc=[0000000080002768] W[r 0=0000000000000000][0] R[r13=0000000080022800] R[r14=0010001000000000] inst=[04e6b07b] DASM(04e6b07b)
C0:      11349 [1] pc=[000000008000276c] W[r15=00000000000001d1][1] R[r15=00000000000001d2] R[r 0=0000000000000000] inst=[000037fd] DASM(000037fd)
C0:      11350 [1] pc=[000000008000276e] W[r 0=0000000000000000][0] R[r15=00000000000001d1] R[r 0=0000000000000000] inst=[0000ffed] DASM(0000ffed)
C0:      11366 [1] pc=[0000000080002768] W[r 0=0000000000000000][0] R[r13=0000000080022800] R[r14=0010001000000000] inst=[04e6b07b] DASM(04e6b07b)
C0:      11367 [1] pc=[000000008000276c] W[r15=00000000000001d0][1] R[r15=00000000000001d1] R[r 0=0000000000000000] inst=[000037fd] DASM(000037fd)
C0:      11368 [1] pc=[000000008000276e] W[r 0=0000000000000000][0] R[r15=00000000000001d0] R[r 0=0000000000000000] inst=[0000ffed] DASM(0000ffed)
C0:      11384 [1] pc=[0000000080002768] W[r 0=0000000000000000][0] R[r13=0000000080022800] R[r14=0010001000000000] inst=[04e6b07b] DASM(04e6b07b)
C0:      11385 [1] pc=[000000008000276c] W[r15=00000000000001cf][1] R[r15=00000000000001d0] R[r 0=0000000000000000] inst=[000037fd] DASM(000037fd)
C0:      11386 [1] pc=[000000008000276e] W[r 0=0000000000000000][0] R[r15=00000000000001cf] R[r 0=0000000000000000] inst=[0000ffed] DASM(0000ffed)
C0:      11401 [1] pc=[0000000080002768] W[r 0=0000000000000000][0] R[r13=0000000080022800] R[r14=0010001000000000] inst=[04e6b07b] DASM(04e6b07b)
C0:      11402 [1] pc=[000000008000276c] W[r15=00000000000001ce][1] R[r15=00000000000001cf] R[r 0=0000000000000000] inst=[000037fd] DASM(000037fd)
C0:      11403 [1] pc=[000000008000276e] W[r 0=0000000000000000][0] R[r15=00000000000001ce] R[r 0=0000000000000000] inst=[0000ffed] DASM(0000ffed)
C0:      11420 [1] pc=[0000000080002768] W[r 0=0000000000000000][0] R[r13=0000000080022800] R[r14=0010001000000000] inst=[04e6b07b] DASM(04e6b07b)
C0:      11421 [1] pc=[000000008000276c] W[r15=00000000000001cd][1] R[r15=00000000000001ce] R[r 0=0000000000000000] inst=[000037fd] DASM(000037fd)
C0:      11422 [1] pc=[000000008000276e] W[r 0=0000000000000000][0] R[r15=00000000000001cd] R[r 0=0000000000000000] inst=[0000ffed] DASM(0000ffed)
C0:      11436 [1] pc=[0000000080002768] W[r 0=0000000000000000][0] R[r13=0000000080022800] R[r14=0010001000000000] inst=[04e6b07b] DASM(04e6b07b)
C0:      11437 [1] pc=[000000008000276c] W[r15=00000000000001cc][1] R[r15=00000000000001cd] R[r 0=0000000000000000] inst=[000037fd] DASM(000037fd)
C0:      11438 [1] pc=[000000008000276e] W[r 0=0000000000000000][0] R[r15=00000000000001cc] R[r 0=0000000000000000] inst=[0000ffed] DASM(0000ffed)
C0:      11456 [1] pc=[0000000080002768] W[r 0=0000000000000000][0] R[r13=0000000080022800] R[r14=0010001000000000] inst=[04e6b07b] DASM(04e6b07b)
C0:      11457 [1] pc=[000000008000276c] W[r15=00000000000001cb][1] R[r15=00000000000001cc] R[r 0=0000000000000000] inst=[000037fd] DASM(000037fd)
C0:      11458 [1] pc=[000000008000276e] W[r 0=0000000000000000][0] R[r15=00000000000001cb] R[r 0=0000000000000000] inst=[0000ffed] DASM(0000ffed)
C0:      11473 [1] pc=[0000000080002768] W[r 0=0000000000000000][0] R[r13=0000000080022800] R[r14=0010001000000000] inst=[04e6b07b] DASM(04e6b07b)
C0:      11474 [1] pc=[000000008000276c] W[r15=00000000000001ca][1] R[r15=00000000000001cb] R[r 0=0000000000000000] inst=[000037fd] DASM(000037fd)
C0:      11475 [1] pc=[000000008000276e] W[r 0=0000000000000000][0] R[r15=00000000000001ca] R[r 0=0000000000000000] inst=[0000ffed] DASM(0000ffed)
C0:      11491 [1] pc=[0000000080002768] W[r 0=0000000000000000][0] R[r13=0000000080022800] R[r14=0010001000000000] inst=[04e6b07b] DASM(04e6b07b)
C0:      11492 [1] pc=[000000008000276c] W[r15=00000000000001c9][1] R[r15=00000000000001ca] R[r 0=0000000000000000] inst=[000037fd] DASM(000037fd)
C0:      11493 [1] pc=[000000008000276e] W[r 0=0000000000000000][0] R[r15=00000000000001c9] R[r 0=0000000000000000] inst=[0000ffed] DASM(0000ffed)
C0:      11509 [1] pc=[0000000080002768] W[r 0=0000000000000000][0] R[r13=0000000080022800] R[r14=0010001000000000] inst=[04e6b07b] DASM(04e6b07b)
C0:      11510 [1] pc=[000000008000276c] W[r15=00000000000001c8][1] R[r15=00000000000001c9] R[r 0=0000000000000000] inst=[000037fd] DASM(000037fd)
C0:      11511 [1] pc=[000000008000276e] W[r 0=0000000000000000][0] R[r15=00000000000001c8] R[r 0=0000000000000000] inst=[0000ffed] DASM(0000ffed)
C0:      11526 [1] pc=[0000000080002768] W[r 0=0000000000000000][0] R[r13=0000000080022800] R[r14=0010001000000000] inst=[04e6b07b] DASM(04e6b07b)
C0:      11527 [1] pc=[000000008000276c] W[r15=00000000000001c7][1] R[r15=00000000000001c8] R[r 0=0000000000000000] inst=[000037fd] DASM(000037fd)
C0:      11528 [1] pc=[000000008000276e] W[r 0=0000000000000000][0] R[r15=00000000000001c7] R[r 0=0000000000000000] inst=[0000ffed] DASM(0000ffed)
C0:      11545 [1] pc=[0000000080002768] W[r 0=0000000000000000][0] R[r13=0000000080022800] R[r14=0010001000000000] inst=[04e6b07b] DASM(04e6b07b)
C0:      11546 [1] pc=[000000008000276c] W[r15=00000000000001c6][1] R[r15=00000000000001c7] R[r 0=0000000000000000] inst=[000037fd] DASM(000037fd)
C0:      11547 [1] pc=[000000008000276e] W[r 0=0000000000000000][0] R[r15=00000000000001c6] R[r 0=0000000000000000] inst=[0000ffed] DASM(0000ffed)
C0:      11562 [1] pc=[0000000080002768] W[r 0=0000000000000000][0] R[r13=0000000080022800] R[r14=0010001000000000] inst=[04e6b07b] DASM(04e6b07b)
C0:      11563 [1] pc=[000000008000276c] W[r15=00000000000001c5][1] R[r15=00000000000001c6] R[r 0=0000000000000000] inst=[000037fd] DASM(000037fd)
C0:      11564 [1] pc=[000000008000276e] W[r 0=0000000000000000][0] R[r15=00000000000001c5] R[r 0=0000000000000000] inst=[0000ffed] DASM(0000ffed)
C0:      11580 [1] pc=[0000000080002768] W[r 0=0000000000000000][0] R[r13=0000000080022800] R[r14=0010001000000000] inst=[04e6b07b] DASM(04e6b07b)
C0:      11581 [1] pc=[000000008000276c] W[r15=00000000000001c4][1] R[r15=00000000000001c5] R[r 0=0000000000000000] inst=[000037fd] DASM(000037fd)
C0:      11582 [1] pc=[000000008000276e] W[r 0=0000000000000000][0] R[r15=00000000000001c4] R[r 0=0000000000000000] inst=[0000ffed] DASM(0000ffed)
C0:      11598 [1] pc=[0000000080002768] W[r 0=0000000000000000][0] R[r13=0000000080022800] R[r14=0010001000000000] inst=[04e6b07b] DASM(04e6b07b)
C0:      11599 [1] pc=[000000008000276c] W[r15=00000000000001c3][1] R[r15=00000000000001c4] R[r 0=0000000000000000] inst=[000037fd] DASM(000037fd)
C0:      11600 [1] pc=[000000008000276e] W[r 0=0000000000000000][0] R[r15=00000000000001c3] R[r 0=0000000000000000] inst=[0000ffed] DASM(0000ffed)
C0:      11615 [1] pc=[0000000080002768] W[r 0=0000000000000000][0] R[r13=0000000080022800] R[r14=0010001000000000] inst=[04e6b07b] DASM(04e6b07b)
C0:      11616 [1] pc=[000000008000276c] W[r15=00000000000001c2][1] R[r15=00000000000001c3] R[r 0=0000000000000000] inst=[000037fd] DASM(000037fd)
C0:      11617 [1] pc=[000000008000276e] W[r 0=0000000000000000][0] R[r15=00000000000001c2] R[r 0=0000000000000000] inst=[0000ffed] DASM(0000ffed)
C0:      11634 [1] pc=[0000000080002768] W[r 0=0000000000000000][0] R[r13=0000000080022800] R[r14=0010001000000000] inst=[04e6b07b] DASM(04e6b07b)
C0:      11635 [1] pc=[000000008000276c] W[r15=00000000000001c1][1] R[r15=00000000000001c2] R[r 0=0000000000000000] inst=[000037fd] DASM(000037fd)
C0:      11636 [1] pc=[000000008000276e] W[r 0=0000000000000000][0] R[r15=00000000000001c1] R[r 0=0000000000000000] inst=[0000ffed] DASM(0000ffed)
C0:      11651 [1] pc=[0000000080002768] W[r 0=0000000000000000][0] R[r13=0000000080022800] R[r14=0010001000000000] inst=[04e6b07b] DASM(04e6b07b)
C0:      11652 [1] pc=[000000008000276c] W[r15=00000000000001c0][1] R[r15=00000000000001c1] R[r 0=0000000000000000] inst=[000037fd] DASM(000037fd)
C0:      11653 [1] pc=[000000008000276e] W[r 0=0000000000000000][0] R[r15=00000000000001c0] R[r 0=0000000000000000] inst=[0000ffed] DASM(0000ffed)
C0:      11669 [1] pc=[0000000080002768] W[r 0=0000000000000000][0] R[r13=0000000080022800] R[r14=0010001000000000] inst=[04e6b07b] DASM(04e6b07b)
C0:      11670 [1] pc=[000000008000276c] W[r15=00000000000001bf][1] R[r15=00000000000001c0] R[r 0=0000000000000000] inst=[000037fd] DASM(000037fd)
C0:      11671 [1] pc=[000000008000276e] W[r 0=0000000000000000][0] R[r15=00000000000001bf] R[r 0=0000000000000000] inst=[0000ffed] DASM(0000ffed)
C0:      11687 [1] pc=[0000000080002768] W[r 0=0000000000000000][0] R[r13=0000000080022800] R[r14=0010001000000000] inst=[04e6b07b] DASM(04e6b07b)
C0:      11688 [1] pc=[000000008000276c] W[r15=00000000000001be][1] R[r15=00000000000001bf] R[r 0=0000000000000000] inst=[000037fd] DASM(000037fd)
C0:      11689 [1] pc=[000000008000276e] W[r 0=0000000000000000][0] R[r15=00000000000001be] R[r 0=0000000000000000] inst=[0000ffed] DASM(0000ffed)
C0:      11704 [1] pc=[0000000080002768] W[r 0=0000000000000000][0] R[r13=0000000080022800] R[r14=0010001000000000] inst=[04e6b07b] DASM(04e6b07b)
C0:      11705 [1] pc=[000000008000276c] W[r15=00000000000001bd][1] R[r15=00000000000001be] R[r 0=0000000000000000] inst=[000037fd] DASM(000037fd)
C0:      11706 [1] pc=[000000008000276e] W[r 0=0000000000000000][0] R[r15=00000000000001bd] R[r 0=0000000000000000] inst=[0000ffed] DASM(0000ffed)
C0:      11723 [1] pc=[0000000080002768] W[r 0=0000000000000000][0] R[r13=0000000080022800] R[r14=0010001000000000] inst=[04e6b07b] DASM(04e6b07b)
C0:      11724 [1] pc=[000000008000276c] W[r15=00000000000001bc][1] R[r15=00000000000001bd] R[r 0=0000000000000000] inst=[000037fd] DASM(000037fd)
C0:      11725 [1] pc=[000000008000276e] W[r 0=0000000000000000][0] R[r15=00000000000001bc] R[r 0=0000000000000000] inst=[0000ffed] DASM(0000ffed)
C0:      11739 [1] pc=[0000000080002768] W[r 0=0000000000000000][0] R[r13=0000000080022800] R[r14=0010001000000000] inst=[04e6b07b] DASM(04e6b07b)
C0:      11740 [1] pc=[000000008000276c] W[r15=00000000000001bb][1] R[r15=00000000000001bc] R[r 0=0000000000000000] inst=[000037fd] DASM(000037fd)
C0:      11741 [1] pc=[000000008000276e] W[r 0=0000000000000000][0] R[r15=00000000000001bb] R[r 0=0000000000000000] inst=[0000ffed] DASM(0000ffed)
C0:      11758 [1] pc=[0000000080002768] W[r 0=0000000000000000][0] R[r13=0000000080022800] R[r14=0010001000000000] inst=[04e6b07b] DASM(04e6b07b)
C0:      11759 [1] pc=[000000008000276c] W[r15=00000000000001ba][1] R[r15=00000000000001bb] R[r 0=0000000000000000] inst=[000037fd] DASM(000037fd)
C0:      11760 [1] pc=[000000008000276e] W[r 0=0000000000000000][0] R[r15=00000000000001ba] R[r 0=0000000000000000] inst=[0000ffed] DASM(0000ffed)
C0:      11775 [1] pc=[0000000080002768] W[r 0=0000000000000000][0] R[r13=0000000080022800] R[r14=0010001000000000] inst=[04e6b07b] DASM(04e6b07b)
C0:      11776 [1] pc=[000000008000276c] W[r15=00000000000001b9][1] R[r15=00000000000001ba] R[r 0=0000000000000000] inst=[000037fd] DASM(000037fd)
C0:      11777 [1] pc=[000000008000276e] W[r 0=0000000000000000][0] R[r15=00000000000001b9] R[r 0=0000000000000000] inst=[0000ffed] DASM(0000ffed)
C0:      11793 [1] pc=[0000000080002768] W[r 0=0000000000000000][0] R[r13=0000000080022800] R[r14=0010001000000000] inst=[04e6b07b] DASM(04e6b07b)
C0:      11794 [1] pc=[000000008000276c] W[r15=00000000000001b8][1] R[r15=00000000000001b9] R[r 0=0000000000000000] inst=[000037fd] DASM(000037fd)
C0:      11795 [1] pc=[000000008000276e] W[r 0=0000000000000000][0] R[r15=00000000000001b8] R[r 0=0000000000000000] inst=[0000ffed] DASM(0000ffed)
C0:      11811 [1] pc=[0000000080002768] W[r 0=0000000000000000][0] R[r13=0000000080022800] R[r14=0010001000000000] inst=[04e6b07b] DASM(04e6b07b)
C0:      11812 [1] pc=[000000008000276c] W[r15=00000000000001b7][1] R[r15=00000000000001b8] R[r 0=0000000000000000] inst=[000037fd] DASM(000037fd)
C0:      11813 [1] pc=[000000008000276e] W[r 0=0000000000000000][0] R[r15=00000000000001b7] R[r 0=0000000000000000] inst=[0000ffed] DASM(0000ffed)
C0:      11828 [1] pc=[0000000080002768] W[r 0=0000000000000000][0] R[r13=0000000080022800] R[r14=0010001000000000] inst=[04e6b07b] DASM(04e6b07b)
C0:      11829 [1] pc=[000000008000276c] W[r15=00000000000001b6][1] R[r15=00000000000001b7] R[r 0=0000000000000000] inst=[000037fd] DASM(000037fd)
C0:      11830 [1] pc=[000000008000276e] W[r 0=0000000000000000][0] R[r15=00000000000001b6] R[r 0=0000000000000000] inst=[0000ffed] DASM(0000ffed)
C0:      11846 [1] pc=[0000000080002768] W[r 0=0000000000000000][0] R[r13=0000000080022800] R[r14=0010001000000000] inst=[04e6b07b] DASM(04e6b07b)
C0:      11847 [1] pc=[000000008000276c] W[r15=00000000000001b5][1] R[r15=00000000000001b6] R[r 0=0000000000000000] inst=[000037fd] DASM(000037fd)
C0:      11848 [1] pc=[000000008000276e] W[r 0=0000000000000000][0] R[r15=00000000000001b5] R[r 0=0000000000000000] inst=[0000ffed] DASM(0000ffed)
C0:      11864 [1] pc=[0000000080002768] W[r 0=0000000000000000][0] R[r13=0000000080022800] R[r14=0010001000000000] inst=[04e6b07b] DASM(04e6b07b)
C0:      11865 [1] pc=[000000008000276c] W[r15=00000000000001b4][1] R[r15=00000000000001b5] R[r 0=0000000000000000] inst=[000037fd] DASM(000037fd)
C0:      11866 [1] pc=[000000008000276e] W[r 0=0000000000000000][0] R[r15=00000000000001b4] R[r 0=0000000000000000] inst=[0000ffed] DASM(0000ffed)
C0:      11881 [1] pc=[0000000080002768] W[r 0=0000000000000000][0] R[r13=0000000080022800] R[r14=0010001000000000] inst=[04e6b07b] DASM(04e6b07b)
C0:      11882 [1] pc=[000000008000276c] W[r15=00000000000001b3][1] R[r15=00000000000001b4] R[r 0=0000000000000000] inst=[000037fd] DASM(000037fd)
C0:      11883 [1] pc=[000000008000276e] W[r 0=0000000000000000][0] R[r15=00000000000001b3] R[r 0=0000000000000000] inst=[0000ffed] DASM(0000ffed)
C0:      11900 [1] pc=[0000000080002768] W[r 0=0000000000000000][0] R[r13=0000000080022800] R[r14=0010001000000000] inst=[04e6b07b] DASM(04e6b07b)
C0:      11901 [1] pc=[000000008000276c] W[r15=00000000000001b2][1] R[r15=00000000000001b3] R[r 0=0000000000000000] inst=[000037fd] DASM(000037fd)
C0:      11902 [1] pc=[000000008000276e] W[r 0=0000000000000000][0] R[r15=00000000000001b2] R[r 0=0000000000000000] inst=[0000ffed] DASM(0000ffed)
C0:      11916 [1] pc=[0000000080002768] W[r 0=0000000000000000][0] R[r13=0000000080022800] R[r14=0010001000000000] inst=[04e6b07b] DASM(04e6b07b)
C0:      11917 [1] pc=[000000008000276c] W[r15=00000000000001b1][1] R[r15=00000000000001b2] R[r 0=0000000000000000] inst=[000037fd] DASM(000037fd)
C0:      11918 [1] pc=[000000008000276e] W[r 0=0000000000000000][0] R[r15=00000000000001b1] R[r 0=0000000000000000] inst=[0000ffed] DASM(0000ffed)
C0:      11936 [1] pc=[0000000080002768] W[r 0=0000000000000000][0] R[r13=0000000080022800] R[r14=0010001000000000] inst=[04e6b07b] DASM(04e6b07b)
C0:      11937 [1] pc=[000000008000276c] W[r15=00000000000001b0][1] R[r15=00000000000001b1] R[r 0=0000000000000000] inst=[000037fd] DASM(000037fd)
C0:      11938 [1] pc=[000000008000276e] W[r 0=0000000000000000][0] R[r15=00000000000001b0] R[r 0=0000000000000000] inst=[0000ffed] DASM(0000ffed)
C0:      11953 [1] pc=[0000000080002768] W[r 0=0000000000000000][0] R[r13=0000000080022800] R[r14=0010001000000000] inst=[04e6b07b] DASM(04e6b07b)
C0:      11954 [1] pc=[000000008000276c] W[r15=00000000000001af][1] R[r15=00000000000001b0] R[r 0=0000000000000000] inst=[000037fd] DASM(000037fd)
C0:      11955 [1] pc=[000000008000276e] W[r 0=0000000000000000][0] R[r15=00000000000001af] R[r 0=0000000000000000] inst=[0000ffed] DASM(0000ffed)
C0:      11971 [1] pc=[0000000080002768] W[r 0=0000000000000000][0] R[r13=0000000080022800] R[r14=0010001000000000] inst=[04e6b07b] DASM(04e6b07b)
C0:      11972 [1] pc=[000000008000276c] W[r15=00000000000001ae][1] R[r15=00000000000001af] R[r 0=0000000000000000] inst=[000037fd] DASM(000037fd)
C0:      11973 [1] pc=[000000008000276e] W[r 0=0000000000000000][0] R[r15=00000000000001ae] R[r 0=0000000000000000] inst=[0000ffed] DASM(0000ffed)
C0:      11989 [1] pc=[0000000080002768] W[r 0=0000000000000000][0] R[r13=0000000080022800] R[r14=0010001000000000] inst=[04e6b07b] DASM(04e6b07b)
C0:      11990 [1] pc=[000000008000276c] W[r15=00000000000001ad][1] R[r15=00000000000001ae] R[r 0=0000000000000000] inst=[000037fd] DASM(000037fd)
C0:      11991 [1] pc=[000000008000276e] W[r 0=0000000000000000][0] R[r15=00000000000001ad] R[r 0=0000000000000000] inst=[0000ffed] DASM(0000ffed)
C0:      12006 [1] pc=[0000000080002768] W[r 0=0000000000000000][0] R[r13=0000000080022800] R[r14=0010001000000000] inst=[04e6b07b] DASM(04e6b07b)
C0:      12007 [1] pc=[000000008000276c] W[r15=00000000000001ac][1] R[r15=00000000000001ad] R[r 0=0000000000000000] inst=[000037fd] DASM(000037fd)
C0:      12008 [1] pc=[000000008000276e] W[r 0=0000000000000000][0] R[r15=00000000000001ac] R[r 0=0000000000000000] inst=[0000ffed] DASM(0000ffed)
C0:      12025 [1] pc=[0000000080002768] W[r 0=0000000000000000][0] R[r13=0000000080022800] R[r14=0010001000000000] inst=[04e6b07b] DASM(04e6b07b)
C0:      12026 [1] pc=[000000008000276c] W[r15=00000000000001ab][1] R[r15=00000000000001ac] R[r 0=0000000000000000] inst=[000037fd] DASM(000037fd)
C0:      12027 [1] pc=[000000008000276e] W[r 0=0000000000000000][0] R[r15=00000000000001ab] R[r 0=0000000000000000] inst=[0000ffed] DASM(0000ffed)
C0:      12042 [1] pc=[0000000080002768] W[r 0=0000000000000000][0] R[r13=0000000080022800] R[r14=0010001000000000] inst=[04e6b07b] DASM(04e6b07b)
C0:      12043 [1] pc=[000000008000276c] W[r15=00000000000001aa][1] R[r15=00000000000001ab] R[r 0=0000000000000000] inst=[000037fd] DASM(000037fd)
C0:      12044 [1] pc=[000000008000276e] W[r 0=0000000000000000][0] R[r15=00000000000001aa] R[r 0=0000000000000000] inst=[0000ffed] DASM(0000ffed)
C0:      12060 [1] pc=[0000000080002768] W[r 0=0000000000000000][0] R[r13=0000000080022800] R[r14=0010001000000000] inst=[04e6b07b] DASM(04e6b07b)
C0:      12061 [1] pc=[000000008000276c] W[r15=00000000000001a9][1] R[r15=00000000000001aa] R[r 0=0000000000000000] inst=[000037fd] DASM(000037fd)
C0:      12062 [1] pc=[000000008000276e] W[r 0=0000000000000000][0] R[r15=00000000000001a9] R[r 0=0000000000000000] inst=[0000ffed] DASM(0000ffed)
C0:      12078 [1] pc=[0000000080002768] W[r 0=0000000000000000][0] R[r13=0000000080022800] R[r14=0010001000000000] inst=[04e6b07b] DASM(04e6b07b)
C0:      12079 [1] pc=[000000008000276c] W[r15=00000000000001a8][1] R[r15=00000000000001a9] R[r 0=0000000000000000] inst=[000037fd] DASM(000037fd)
C0:      12080 [1] pc=[000000008000276e] W[r 0=0000000000000000][0] R[r15=00000000000001a8] R[r 0=0000000000000000] inst=[0000ffed] DASM(0000ffed)
C0:      12095 [1] pc=[0000000080002768] W[r 0=0000000000000000][0] R[r13=0000000080022800] R[r14=0010001000000000] inst=[04e6b07b] DASM(04e6b07b)
C0:      12096 [1] pc=[000000008000276c] W[r15=00000000000001a7][1] R[r15=00000000000001a8] R[r 0=0000000000000000] inst=[000037fd] DASM(000037fd)
C0:      12097 [1] pc=[000000008000276e] W[r 0=0000000000000000][0] R[r15=00000000000001a7] R[r 0=0000000000000000] inst=[0000ffed] DASM(0000ffed)
C0:      12114 [1] pc=[0000000080002768] W[r 0=0000000000000000][0] R[r13=0000000080022800] R[r14=0010001000000000] inst=[04e6b07b] DASM(04e6b07b)
C0:      12115 [1] pc=[000000008000276c] W[r15=00000000000001a6][1] R[r15=00000000000001a7] R[r 0=0000000000000000] inst=[000037fd] DASM(000037fd)
C0:      12116 [1] pc=[000000008000276e] W[r 0=0000000000000000][0] R[r15=00000000000001a6] R[r 0=0000000000000000] inst=[0000ffed] DASM(0000ffed)
C0:      12131 [1] pc=[0000000080002768] W[r 0=0000000000000000][0] R[r13=0000000080022800] R[r14=0010001000000000] inst=[04e6b07b] DASM(04e6b07b)
C0:      12132 [1] pc=[000000008000276c] W[r15=00000000000001a5][1] R[r15=00000000000001a6] R[r 0=0000000000000000] inst=[000037fd] DASM(000037fd)
C0:      12133 [1] pc=[000000008000276e] W[r 0=0000000000000000][0] R[r15=00000000000001a5] R[r 0=0000000000000000] inst=[0000ffed] DASM(0000ffed)
C0:      12149 [1] pc=[0000000080002768] W[r 0=0000000000000000][0] R[r13=0000000080022800] R[r14=0010001000000000] inst=[04e6b07b] DASM(04e6b07b)
C0:      12150 [1] pc=[000000008000276c] W[r15=00000000000001a4][1] R[r15=00000000000001a5] R[r 0=0000000000000000] inst=[000037fd] DASM(000037fd)
C0:      12151 [1] pc=[000000008000276e] W[r 0=0000000000000000][0] R[r15=00000000000001a4] R[r 0=0000000000000000] inst=[0000ffed] DASM(0000ffed)
C0:      12167 [1] pc=[0000000080002768] W[r 0=0000000000000000][0] R[r13=0000000080022800] R[r14=0010001000000000] inst=[04e6b07b] DASM(04e6b07b)
C0:      12168 [1] pc=[000000008000276c] W[r15=00000000000001a3][1] R[r15=00000000000001a4] R[r 0=0000000000000000] inst=[000037fd] DASM(000037fd)
C0:      12169 [1] pc=[000000008000276e] W[r 0=0000000000000000][0] R[r15=00000000000001a3] R[r 0=0000000000000000] inst=[0000ffed] DASM(0000ffed)
C0:      12184 [1] pc=[0000000080002768] W[r 0=0000000000000000][0] R[r13=0000000080022800] R[r14=0010001000000000] inst=[04e6b07b] DASM(04e6b07b)
C0:      12185 [1] pc=[000000008000276c] W[r15=00000000000001a2][1] R[r15=00000000000001a3] R[r 0=0000000000000000] inst=[000037fd] DASM(000037fd)
C0:      12186 [1] pc=[000000008000276e] W[r 0=0000000000000000][0] R[r15=00000000000001a2] R[r 0=0000000000000000] inst=[0000ffed] DASM(0000ffed)
C0:      12203 [1] pc=[0000000080002768] W[r 0=0000000000000000][0] R[r13=0000000080022800] R[r14=0010001000000000] inst=[04e6b07b] DASM(04e6b07b)
C0:      12204 [1] pc=[000000008000276c] W[r15=00000000000001a1][1] R[r15=00000000000001a2] R[r 0=0000000000000000] inst=[000037fd] DASM(000037fd)
C0:      12205 [1] pc=[000000008000276e] W[r 0=0000000000000000][0] R[r15=00000000000001a1] R[r 0=0000000000000000] inst=[0000ffed] DASM(0000ffed)
C0:      12219 [1] pc=[0000000080002768] W[r 0=0000000000000000][0] R[r13=0000000080022800] R[r14=0010001000000000] inst=[04e6b07b] DASM(04e6b07b)
C0:      12220 [1] pc=[000000008000276c] W[r15=00000000000001a0][1] R[r15=00000000000001a1] R[r 0=0000000000000000] inst=[000037fd] DASM(000037fd)
C0:      12221 [1] pc=[000000008000276e] W[r 0=0000000000000000][0] R[r15=00000000000001a0] R[r 0=0000000000000000] inst=[0000ffed] DASM(0000ffed)
C0:      12238 [1] pc=[0000000080002768] W[r 0=0000000000000000][0] R[r13=0000000080022800] R[r14=0010001000000000] inst=[04e6b07b] DASM(04e6b07b)
C0:      12239 [1] pc=[000000008000276c] W[r15=000000000000019f][1] R[r15=00000000000001a0] R[r 0=0000000000000000] inst=[000037fd] DASM(000037fd)
C0:      12240 [1] pc=[000000008000276e] W[r 0=0000000000000000][0] R[r15=000000000000019f] R[r 0=0000000000000000] inst=[0000ffed] DASM(0000ffed)
C0:      12255 [1] pc=[0000000080002768] W[r 0=0000000000000000][0] R[r13=0000000080022800] R[r14=0010001000000000] inst=[04e6b07b] DASM(04e6b07b)
C0:      12256 [1] pc=[000000008000276c] W[r15=000000000000019e][1] R[r15=000000000000019f] R[r 0=0000000000000000] inst=[000037fd] DASM(000037fd)
C0:      12257 [1] pc=[000000008000276e] W[r 0=0000000000000000][0] R[r15=000000000000019e] R[r 0=0000000000000000] inst=[0000ffed] DASM(0000ffed)
C0:      12273 [1] pc=[0000000080002768] W[r 0=0000000000000000][0] R[r13=0000000080022800] R[r14=0010001000000000] inst=[04e6b07b] DASM(04e6b07b)
C0:      12274 [1] pc=[000000008000276c] W[r15=000000000000019d][1] R[r15=000000000000019e] R[r 0=0000000000000000] inst=[000037fd] DASM(000037fd)
C0:      12275 [1] pc=[000000008000276e] W[r 0=0000000000000000][0] R[r15=000000000000019d] R[r 0=0000000000000000] inst=[0000ffed] DASM(0000ffed)
C0:      12291 [1] pc=[0000000080002768] W[r 0=0000000000000000][0] R[r13=0000000080022800] R[r14=0010001000000000] inst=[04e6b07b] DASM(04e6b07b)
C0:      12292 [1] pc=[000000008000276c] W[r15=000000000000019c][1] R[r15=000000000000019d] R[r 0=0000000000000000] inst=[000037fd] DASM(000037fd)
C0:      12293 [1] pc=[000000008000276e] W[r 0=0000000000000000][0] R[r15=000000000000019c] R[r 0=0000000000000000] inst=[0000ffed] DASM(0000ffed)
C0:      12308 [1] pc=[0000000080002768] W[r 0=0000000000000000][0] R[r13=0000000080022800] R[r14=0010001000000000] inst=[04e6b07b] DASM(04e6b07b)
C0:      12309 [1] pc=[000000008000276c] W[r15=000000000000019b][1] R[r15=000000000000019c] R[r 0=0000000000000000] inst=[000037fd] DASM(000037fd)
C0:      12310 [1] pc=[000000008000276e] W[r 0=0000000000000000][0] R[r15=000000000000019b] R[r 0=0000000000000000] inst=[0000ffed] DASM(0000ffed)
C0:      12326 [1] pc=[0000000080002768] W[r 0=0000000000000000][0] R[r13=0000000080022800] R[r14=0010001000000000] inst=[04e6b07b] DASM(04e6b07b)
C0:      12327 [1] pc=[000000008000276c] W[r15=000000000000019a][1] R[r15=000000000000019b] R[r 0=0000000000000000] inst=[000037fd] DASM(000037fd)
C0:      12328 [1] pc=[000000008000276e] W[r 0=0000000000000000][0] R[r15=000000000000019a] R[r 0=0000000000000000] inst=[0000ffed] DASM(0000ffed)
C0:      12344 [1] pc=[0000000080002768] W[r 0=0000000000000000][0] R[r13=0000000080022800] R[r14=0010001000000000] inst=[04e6b07b] DASM(04e6b07b)
C0:      12345 [1] pc=[000000008000276c] W[r15=0000000000000199][1] R[r15=000000000000019a] R[r 0=0000000000000000] inst=[000037fd] DASM(000037fd)
C0:      12346 [1] pc=[000000008000276e] W[r 0=0000000000000000][0] R[r15=0000000000000199] R[r 0=0000000000000000] inst=[0000ffed] DASM(0000ffed)
C0:      12361 [1] pc=[0000000080002768] W[r 0=0000000000000000][0] R[r13=0000000080022800] R[r14=0010001000000000] inst=[04e6b07b] DASM(04e6b07b)
C0:      12362 [1] pc=[000000008000276c] W[r15=0000000000000198][1] R[r15=0000000000000199] R[r 0=0000000000000000] inst=[000037fd] DASM(000037fd)
C0:      12363 [1] pc=[000000008000276e] W[r 0=0000000000000000][0] R[r15=0000000000000198] R[r 0=0000000000000000] inst=[0000ffed] DASM(0000ffed)
C0:      12380 [1] pc=[0000000080002768] W[r 0=0000000000000000][0] R[r13=0000000080022800] R[r14=0010001000000000] inst=[04e6b07b] DASM(04e6b07b)
C0:      12381 [1] pc=[000000008000276c] W[r15=0000000000000197][1] R[r15=0000000000000198] R[r 0=0000000000000000] inst=[000037fd] DASM(000037fd)
C0:      12382 [1] pc=[000000008000276e] W[r 0=0000000000000000][0] R[r15=0000000000000197] R[r 0=0000000000000000] inst=[0000ffed] DASM(0000ffed)
C0:      12396 [1] pc=[0000000080002768] W[r 0=0000000000000000][0] R[r13=0000000080022800] R[r14=0010001000000000] inst=[04e6b07b] DASM(04e6b07b)
C0:      12397 [1] pc=[000000008000276c] W[r15=0000000000000196][1] R[r15=0000000000000197] R[r 0=0000000000000000] inst=[000037fd] DASM(000037fd)
C0:      12398 [1] pc=[000000008000276e] W[r 0=0000000000000000][0] R[r15=0000000000000196] R[r 0=0000000000000000] inst=[0000ffed] DASM(0000ffed)
C0:      12416 [1] pc=[0000000080002768] W[r 0=0000000000000000][0] R[r13=0000000080022800] R[r14=0010001000000000] inst=[04e6b07b] DASM(04e6b07b)
C0:      12417 [1] pc=[000000008000276c] W[r15=0000000000000195][1] R[r15=0000000000000196] R[r 0=0000000000000000] inst=[000037fd] DASM(000037fd)
C0:      12418 [1] pc=[000000008000276e] W[r 0=0000000000000000][0] R[r15=0000000000000195] R[r 0=0000000000000000] inst=[0000ffed] DASM(0000ffed)
C0:      12433 [1] pc=[0000000080002768] W[r 0=0000000000000000][0] R[r13=0000000080022800] R[r14=0010001000000000] inst=[04e6b07b] DASM(04e6b07b)
C0:      12434 [1] pc=[000000008000276c] W[r15=0000000000000194][1] R[r15=0000000000000195] R[r 0=0000000000000000] inst=[000037fd] DASM(000037fd)
C0:      12435 [1] pc=[000000008000276e] W[r 0=0000000000000000][0] R[r15=0000000000000194] R[r 0=0000000000000000] inst=[0000ffed] DASM(0000ffed)
C0:      12451 [1] pc=[0000000080002768] W[r 0=0000000000000000][0] R[r13=0000000080022800] R[r14=0010001000000000] inst=[04e6b07b] DASM(04e6b07b)
C0:      12452 [1] pc=[000000008000276c] W[r15=0000000000000193][1] R[r15=0000000000000194] R[r 0=0000000000000000] inst=[000037fd] DASM(000037fd)
C0:      12453 [1] pc=[000000008000276e] W[r 0=0000000000000000][0] R[r15=0000000000000193] R[r 0=0000000000000000] inst=[0000ffed] DASM(0000ffed)
C0:      12469 [1] pc=[0000000080002768] W[r 0=0000000000000000][0] R[r13=0000000080022800] R[r14=0010001000000000] inst=[04e6b07b] DASM(04e6b07b)
C0:      12470 [1] pc=[000000008000276c] W[r15=0000000000000192][1] R[r15=0000000000000193] R[r 0=0000000000000000] inst=[000037fd] DASM(000037fd)
C0:      12471 [1] pc=[000000008000276e] W[r 0=0000000000000000][0] R[r15=0000000000000192] R[r 0=0000000000000000] inst=[0000ffed] DASM(0000ffed)
C0:      12486 [1] pc=[0000000080002768] W[r 0=0000000000000000][0] R[r13=0000000080022800] R[r14=0010001000000000] inst=[04e6b07b] DASM(04e6b07b)
C0:      12487 [1] pc=[000000008000276c] W[r15=0000000000000191][1] R[r15=0000000000000192] R[r 0=0000000000000000] inst=[000037fd] DASM(000037fd)
C0:      12488 [1] pc=[000000008000276e] W[r 0=0000000000000000][0] R[r15=0000000000000191] R[r 0=0000000000000000] inst=[0000ffed] DASM(0000ffed)
C0:      12505 [1] pc=[0000000080002768] W[r 0=0000000000000000][0] R[r13=0000000080022800] R[r14=0010001000000000] inst=[04e6b07b] DASM(04e6b07b)
C0:      12506 [1] pc=[000000008000276c] W[r15=0000000000000190][1] R[r15=0000000000000191] R[r 0=0000000000000000] inst=[000037fd] DASM(000037fd)
C0:      12507 [1] pc=[000000008000276e] W[r 0=0000000000000000][0] R[r15=0000000000000190] R[r 0=0000000000000000] inst=[0000ffed] DASM(0000ffed)
C0:      12522 [1] pc=[0000000080002768] W[r 0=0000000000000000][0] R[r13=0000000080022800] R[r14=0010001000000000] inst=[04e6b07b] DASM(04e6b07b)
C0:      12523 [1] pc=[000000008000276c] W[r15=000000000000018f][1] R[r15=0000000000000190] R[r 0=0000000000000000] inst=[000037fd] DASM(000037fd)
C0:      12524 [1] pc=[000000008000276e] W[r 0=0000000000000000][0] R[r15=000000000000018f] R[r 0=0000000000000000] inst=[0000ffed] DASM(0000ffed)
C0:      12540 [1] pc=[0000000080002768] W[r 0=0000000000000000][0] R[r13=0000000080022800] R[r14=0010001000000000] inst=[04e6b07b] DASM(04e6b07b)
C0:      12541 [1] pc=[000000008000276c] W[r15=000000000000018e][1] R[r15=000000000000018f] R[r 0=0000000000000000] inst=[000037fd] DASM(000037fd)
C0:      12542 [1] pc=[000000008000276e] W[r 0=0000000000000000][0] R[r15=000000000000018e] R[r 0=0000000000000000] inst=[0000ffed] DASM(0000ffed)
C0:      12558 [1] pc=[0000000080002768] W[r 0=0000000000000000][0] R[r13=0000000080022800] R[r14=0010001000000000] inst=[04e6b07b] DASM(04e6b07b)
C0:      12559 [1] pc=[000000008000276c] W[r15=000000000000018d][1] R[r15=000000000000018e] R[r 0=0000000000000000] inst=[000037fd] DASM(000037fd)
C0:      12560 [1] pc=[000000008000276e] W[r 0=0000000000000000][0] R[r15=000000000000018d] R[r 0=0000000000000000] inst=[0000ffed] DASM(0000ffed)
C0:      12575 [1] pc=[0000000080002768] W[r 0=0000000000000000][0] R[r13=0000000080022800] R[r14=0010001000000000] inst=[04e6b07b] DASM(04e6b07b)
C0:      12576 [1] pc=[000000008000276c] W[r15=000000000000018c][1] R[r15=000000000000018d] R[r 0=0000000000000000] inst=[000037fd] DASM(000037fd)
C0:      12577 [1] pc=[000000008000276e] W[r 0=0000000000000000][0] R[r15=000000000000018c] R[r 0=0000000000000000] inst=[0000ffed] DASM(0000ffed)
C0:      12594 [1] pc=[0000000080002768] W[r 0=0000000000000000][0] R[r13=0000000080022800] R[r14=0010001000000000] inst=[04e6b07b] DASM(04e6b07b)
C0:      12595 [1] pc=[000000008000276c] W[r15=000000000000018b][1] R[r15=000000000000018c] R[r 0=0000000000000000] inst=[000037fd] DASM(000037fd)
C0:      12596 [1] pc=[000000008000276e] W[r 0=0000000000000000][0] R[r15=000000000000018b] R[r 0=0000000000000000] inst=[0000ffed] DASM(0000ffed)
C0:      12611 [1] pc=[0000000080002768] W[r 0=0000000000000000][0] R[r13=0000000080022800] R[r14=0010001000000000] inst=[04e6b07b] DASM(04e6b07b)
C0:      12612 [1] pc=[000000008000276c] W[r15=000000000000018a][1] R[r15=000000000000018b] R[r 0=0000000000000000] inst=[000037fd] DASM(000037fd)
C0:      12613 [1] pc=[000000008000276e] W[r 0=0000000000000000][0] R[r15=000000000000018a] R[r 0=0000000000000000] inst=[0000ffed] DASM(0000ffed)
C0:      12629 [1] pc=[0000000080002768] W[r 0=0000000000000000][0] R[r13=0000000080022800] R[r14=0010001000000000] inst=[04e6b07b] DASM(04e6b07b)
C0:      12630 [1] pc=[000000008000276c] W[r15=0000000000000189][1] R[r15=000000000000018a] R[r 0=0000000000000000] inst=[000037fd] DASM(000037fd)
C0:      12631 [1] pc=[000000008000276e] W[r 0=0000000000000000][0] R[r15=0000000000000189] R[r 0=0000000000000000] inst=[0000ffed] DASM(0000ffed)
C0:      12647 [1] pc=[0000000080002768] W[r 0=0000000000000000][0] R[r13=0000000080022800] R[r14=0010001000000000] inst=[04e6b07b] DASM(04e6b07b)
C0:      12648 [1] pc=[000000008000276c] W[r15=0000000000000188][1] R[r15=0000000000000189] R[r 0=0000000000000000] inst=[000037fd] DASM(000037fd)
C0:      12649 [1] pc=[000000008000276e] W[r 0=0000000000000000][0] R[r15=0000000000000188] R[r 0=0000000000000000] inst=[0000ffed] DASM(0000ffed)
C0:      12664 [1] pc=[0000000080002768] W[r 0=0000000000000000][0] R[r13=0000000080022800] R[r14=0010001000000000] inst=[04e6b07b] DASM(04e6b07b)
C0:      12665 [1] pc=[000000008000276c] W[r15=0000000000000187][1] R[r15=0000000000000188] R[r 0=0000000000000000] inst=[000037fd] DASM(000037fd)
C0:      12666 [1] pc=[000000008000276e] W[r 0=0000000000000000][0] R[r15=0000000000000187] R[r 0=0000000000000000] inst=[0000ffed] DASM(0000ffed)
C0:      12683 [1] pc=[0000000080002768] W[r 0=0000000000000000][0] R[r13=0000000080022800] R[r14=0010001000000000] inst=[04e6b07b] DASM(04e6b07b)
C0:      12684 [1] pc=[000000008000276c] W[r15=0000000000000186][1] R[r15=0000000000000187] R[r 0=0000000000000000] inst=[000037fd] DASM(000037fd)
C0:      12685 [1] pc=[000000008000276e] W[r 0=0000000000000000][0] R[r15=0000000000000186] R[r 0=0000000000000000] inst=[0000ffed] DASM(0000ffed)
C0:      12699 [1] pc=[0000000080002768] W[r 0=0000000000000000][0] R[r13=0000000080022800] R[r14=0010001000000000] inst=[04e6b07b] DASM(04e6b07b)
C0:      12700 [1] pc=[000000008000276c] W[r15=0000000000000185][1] R[r15=0000000000000186] R[r 0=0000000000000000] inst=[000037fd] DASM(000037fd)
C0:      12701 [1] pc=[000000008000276e] W[r 0=0000000000000000][0] R[r15=0000000000000185] R[r 0=0000000000000000] inst=[0000ffed] DASM(0000ffed)
C0:      12718 [1] pc=[0000000080002768] W[r 0=0000000000000000][0] R[r13=0000000080022800] R[r14=0010001000000000] inst=[04e6b07b] DASM(04e6b07b)
C0:      12719 [1] pc=[000000008000276c] W[r15=0000000000000184][1] R[r15=0000000000000185] R[r 0=0000000000000000] inst=[000037fd] DASM(000037fd)
C0:      12720 [1] pc=[000000008000276e] W[r 0=0000000000000000][0] R[r15=0000000000000184] R[r 0=0000000000000000] inst=[0000ffed] DASM(0000ffed)
C0:      12735 [1] pc=[0000000080002768] W[r 0=0000000000000000][0] R[r13=0000000080022800] R[r14=0010001000000000] inst=[04e6b07b] DASM(04e6b07b)
C0:      12736 [1] pc=[000000008000276c] W[r15=0000000000000183][1] R[r15=0000000000000184] R[r 0=0000000000000000] inst=[000037fd] DASM(000037fd)
C0:      12737 [1] pc=[000000008000276e] W[r 0=0000000000000000][0] R[r15=0000000000000183] R[r 0=0000000000000000] inst=[0000ffed] DASM(0000ffed)
C0:      12753 [1] pc=[0000000080002768] W[r 0=0000000000000000][0] R[r13=0000000080022800] R[r14=0010001000000000] inst=[04e6b07b] DASM(04e6b07b)
C0:      12754 [1] pc=[000000008000276c] W[r15=0000000000000182][1] R[r15=0000000000000183] R[r 0=0000000000000000] inst=[000037fd] DASM(000037fd)
C0:      12755 [1] pc=[000000008000276e] W[r 0=0000000000000000][0] R[r15=0000000000000182] R[r 0=0000000000000000] inst=[0000ffed] DASM(0000ffed)
C0:      12771 [1] pc=[0000000080002768] W[r 0=0000000000000000][0] R[r13=0000000080022800] R[r14=0010001000000000] inst=[04e6b07b] DASM(04e6b07b)
C0:      12772 [1] pc=[000000008000276c] W[r15=0000000000000181][1] R[r15=0000000000000182] R[r 0=0000000000000000] inst=[000037fd] DASM(000037fd)
C0:      12773 [1] pc=[000000008000276e] W[r 0=0000000000000000][0] R[r15=0000000000000181] R[r 0=0000000000000000] inst=[0000ffed] DASM(0000ffed)
C0:      12788 [1] pc=[0000000080002768] W[r 0=0000000000000000][0] R[r13=0000000080022800] R[r14=0010001000000000] inst=[04e6b07b] DASM(04e6b07b)
C0:      12789 [1] pc=[000000008000276c] W[r15=0000000000000180][1] R[r15=0000000000000181] R[r 0=0000000000000000] inst=[000037fd] DASM(000037fd)
C0:      12790 [1] pc=[000000008000276e] W[r 0=0000000000000000][0] R[r15=0000000000000180] R[r 0=0000000000000000] inst=[0000ffed] DASM(0000ffed)
C0:      12806 [1] pc=[0000000080002768] W[r 0=0000000000000000][0] R[r13=0000000080022800] R[r14=0010001000000000] inst=[04e6b07b] DASM(04e6b07b)
C0:      12807 [1] pc=[000000008000276c] W[r15=000000000000017f][1] R[r15=0000000000000180] R[r 0=0000000000000000] inst=[000037fd] DASM(000037fd)
C0:      12808 [1] pc=[000000008000276e] W[r 0=0000000000000000][0] R[r15=000000000000017f] R[r 0=0000000000000000] inst=[0000ffed] DASM(0000ffed)
C0:      12824 [1] pc=[0000000080002768] W[r 0=0000000000000000][0] R[r13=0000000080022800] R[r14=0010001000000000] inst=[04e6b07b] DASM(04e6b07b)
C0:      12825 [1] pc=[000000008000276c] W[r15=000000000000017e][1] R[r15=000000000000017f] R[r 0=0000000000000000] inst=[000037fd] DASM(000037fd)
C0:      12826 [1] pc=[000000008000276e] W[r 0=0000000000000000][0] R[r15=000000000000017e] R[r 0=0000000000000000] inst=[0000ffed] DASM(0000ffed)
C0:      12841 [1] pc=[0000000080002768] W[r 0=0000000000000000][0] R[r13=0000000080022800] R[r14=0010001000000000] inst=[04e6b07b] DASM(04e6b07b)
C0:      12842 [1] pc=[000000008000276c] W[r15=000000000000017d][1] R[r15=000000000000017e] R[r 0=0000000000000000] inst=[000037fd] DASM(000037fd)
C0:      12843 [1] pc=[000000008000276e] W[r 0=0000000000000000][0] R[r15=000000000000017d] R[r 0=0000000000000000] inst=[0000ffed] DASM(0000ffed)
C0:      12860 [1] pc=[0000000080002768] W[r 0=0000000000000000][0] R[r13=0000000080022800] R[r14=0010001000000000] inst=[04e6b07b] DASM(04e6b07b)
C0:      12861 [1] pc=[000000008000276c] W[r15=000000000000017c][1] R[r15=000000000000017d] R[r 0=0000000000000000] inst=[000037fd] DASM(000037fd)
C0:      12862 [1] pc=[000000008000276e] W[r 0=0000000000000000][0] R[r15=000000000000017c] R[r 0=0000000000000000] inst=[0000ffed] DASM(0000ffed)
C0:      12876 [1] pc=[0000000080002768] W[r 0=0000000000000000][0] R[r13=0000000080022800] R[r14=0010001000000000] inst=[04e6b07b] DASM(04e6b07b)
C0:      12877 [1] pc=[000000008000276c] W[r15=000000000000017b][1] R[r15=000000000000017c] R[r 0=0000000000000000] inst=[000037fd] DASM(000037fd)
C0:      12878 [1] pc=[000000008000276e] W[r 0=0000000000000000][0] R[r15=000000000000017b] R[r 0=0000000000000000] inst=[0000ffed] DASM(0000ffed)
C0:      12896 [1] pc=[0000000080002768] W[r 0=0000000000000000][0] R[r13=0000000080022800] R[r14=0010001000000000] inst=[04e6b07b] DASM(04e6b07b)
C0:      12897 [1] pc=[000000008000276c] W[r15=000000000000017a][1] R[r15=000000000000017b] R[r 0=0000000000000000] inst=[000037fd] DASM(000037fd)
C0:      12898 [1] pc=[000000008000276e] W[r 0=0000000000000000][0] R[r15=000000000000017a] R[r 0=0000000000000000] inst=[0000ffed] DASM(0000ffed)
C0:      12913 [1] pc=[0000000080002768] W[r 0=0000000000000000][0] R[r13=0000000080022800] R[r14=0010001000000000] inst=[04e6b07b] DASM(04e6b07b)
C0:      12914 [1] pc=[000000008000276c] W[r15=0000000000000179][1] R[r15=000000000000017a] R[r 0=0000000000000000] inst=[000037fd] DASM(000037fd)
C0:      12915 [1] pc=[000000008000276e] W[r 0=0000000000000000][0] R[r15=0000000000000179] R[r 0=0000000000000000] inst=[0000ffed] DASM(0000ffed)
C0:      12931 [1] pc=[0000000080002768] W[r 0=0000000000000000][0] R[r13=0000000080022800] R[r14=0010001000000000] inst=[04e6b07b] DASM(04e6b07b)
C0:      12932 [1] pc=[000000008000276c] W[r15=0000000000000178][1] R[r15=0000000000000179] R[r 0=0000000000000000] inst=[000037fd] DASM(000037fd)
C0:      12933 [1] pc=[000000008000276e] W[r 0=0000000000000000][0] R[r15=0000000000000178] R[r 0=0000000000000000] inst=[0000ffed] DASM(0000ffed)
C0:      12949 [1] pc=[0000000080002768] W[r 0=0000000000000000][0] R[r13=0000000080022800] R[r14=0010001000000000] inst=[04e6b07b] DASM(04e6b07b)
C0:      12950 [1] pc=[000000008000276c] W[r15=0000000000000177][1] R[r15=0000000000000178] R[r 0=0000000000000000] inst=[000037fd] DASM(000037fd)
C0:      12951 [1] pc=[000000008000276e] W[r 0=0000000000000000][0] R[r15=0000000000000177] R[r 0=0000000000000000] inst=[0000ffed] DASM(0000ffed)
C0:      12966 [1] pc=[0000000080002768] W[r 0=0000000000000000][0] R[r13=0000000080022800] R[r14=0010001000000000] inst=[04e6b07b] DASM(04e6b07b)
C0:      12967 [1] pc=[000000008000276c] W[r15=0000000000000176][1] R[r15=0000000000000177] R[r 0=0000000000000000] inst=[000037fd] DASM(000037fd)
C0:      12968 [1] pc=[000000008000276e] W[r 0=0000000000000000][0] R[r15=0000000000000176] R[r 0=0000000000000000] inst=[0000ffed] DASM(0000ffed)
C0:      12985 [1] pc=[0000000080002768] W[r 0=0000000000000000][0] R[r13=0000000080022800] R[r14=0010001000000000] inst=[04e6b07b] DASM(04e6b07b)
C0:      12986 [1] pc=[000000008000276c] W[r15=0000000000000175][1] R[r15=0000000000000176] R[r 0=0000000000000000] inst=[000037fd] DASM(000037fd)
C0:      12987 [1] pc=[000000008000276e] W[r 0=0000000000000000][0] R[r15=0000000000000175] R[r 0=0000000000000000] inst=[0000ffed] DASM(0000ffed)
C0:      13002 [1] pc=[0000000080002768] W[r 0=0000000000000000][0] R[r13=0000000080022800] R[r14=0010001000000000] inst=[04e6b07b] DASM(04e6b07b)
C0:      13003 [1] pc=[000000008000276c] W[r15=0000000000000174][1] R[r15=0000000000000175] R[r 0=0000000000000000] inst=[000037fd] DASM(000037fd)
C0:      13004 [1] pc=[000000008000276e] W[r 0=0000000000000000][0] R[r15=0000000000000174] R[r 0=0000000000000000] inst=[0000ffed] DASM(0000ffed)
C0:      13020 [1] pc=[0000000080002768] W[r 0=0000000000000000][0] R[r13=0000000080022800] R[r14=0010001000000000] inst=[04e6b07b] DASM(04e6b07b)
C0:      13021 [1] pc=[000000008000276c] W[r15=0000000000000173][1] R[r15=0000000000000174] R[r 0=0000000000000000] inst=[000037fd] DASM(000037fd)
C0:      13022 [1] pc=[000000008000276e] W[r 0=0000000000000000][0] R[r15=0000000000000173] R[r 0=0000000000000000] inst=[0000ffed] DASM(0000ffed)
C0:      13038 [1] pc=[0000000080002768] W[r 0=0000000000000000][0] R[r13=0000000080022800] R[r14=0010001000000000] inst=[04e6b07b] DASM(04e6b07b)
C0:      13039 [1] pc=[000000008000276c] W[r15=0000000000000172][1] R[r15=0000000000000173] R[r 0=0000000000000000] inst=[000037fd] DASM(000037fd)
C0:      13040 [1] pc=[000000008000276e] W[r 0=0000000000000000][0] R[r15=0000000000000172] R[r 0=0000000000000000] inst=[0000ffed] DASM(0000ffed)
C0:      13055 [1] pc=[0000000080002768] W[r 0=0000000000000000][0] R[r13=0000000080022800] R[r14=0010001000000000] inst=[04e6b07b] DASM(04e6b07b)
C0:      13056 [1] pc=[000000008000276c] W[r15=0000000000000171][1] R[r15=0000000000000172] R[r 0=0000000000000000] inst=[000037fd] DASM(000037fd)
C0:      13057 [1] pc=[000000008000276e] W[r 0=0000000000000000][0] R[r15=0000000000000171] R[r 0=0000000000000000] inst=[0000ffed] DASM(0000ffed)
C0:      13074 [1] pc=[0000000080002768] W[r 0=0000000000000000][0] R[r13=0000000080022800] R[r14=0010001000000000] inst=[04e6b07b] DASM(04e6b07b)
C0:      13075 [1] pc=[000000008000276c] W[r15=0000000000000170][1] R[r15=0000000000000171] R[r 0=0000000000000000] inst=[000037fd] DASM(000037fd)
C0:      13076 [1] pc=[000000008000276e] W[r 0=0000000000000000][0] R[r15=0000000000000170] R[r 0=0000000000000000] inst=[0000ffed] DASM(0000ffed)
C0:      13091 [1] pc=[0000000080002768] W[r 0=0000000000000000][0] R[r13=0000000080022800] R[r14=0010001000000000] inst=[04e6b07b] DASM(04e6b07b)
C0:      13092 [1] pc=[000000008000276c] W[r15=000000000000016f][1] R[r15=0000000000000170] R[r 0=0000000000000000] inst=[000037fd] DASM(000037fd)
C0:      13093 [1] pc=[000000008000276e] W[r 0=0000000000000000][0] R[r15=000000000000016f] R[r 0=0000000000000000] inst=[0000ffed] DASM(0000ffed)
C0:      13109 [1] pc=[0000000080002768] W[r 0=0000000000000000][0] R[r13=0000000080022800] R[r14=0010001000000000] inst=[04e6b07b] DASM(04e6b07b)
C0:      13110 [1] pc=[000000008000276c] W[r15=000000000000016e][1] R[r15=000000000000016f] R[r 0=0000000000000000] inst=[000037fd] DASM(000037fd)
C0:      13111 [1] pc=[000000008000276e] W[r 0=0000000000000000][0] R[r15=000000000000016e] R[r 0=0000000000000000] inst=[0000ffed] DASM(0000ffed)
C0:      13127 [1] pc=[0000000080002768] W[r 0=0000000000000000][0] R[r13=0000000080022800] R[r14=0010001000000000] inst=[04e6b07b] DASM(04e6b07b)
C0:      13128 [1] pc=[000000008000276c] W[r15=000000000000016d][1] R[r15=000000000000016e] R[r 0=0000000000000000] inst=[000037fd] DASM(000037fd)
C0:      13129 [1] pc=[000000008000276e] W[r 0=0000000000000000][0] R[r15=000000000000016d] R[r 0=0000000000000000] inst=[0000ffed] DASM(0000ffed)
C0:      13144 [1] pc=[0000000080002768] W[r 0=0000000000000000][0] R[r13=0000000080022800] R[r14=0010001000000000] inst=[04e6b07b] DASM(04e6b07b)
C0:      13145 [1] pc=[000000008000276c] W[r15=000000000000016c][1] R[r15=000000000000016d] R[r 0=0000000000000000] inst=[000037fd] DASM(000037fd)
C0:      13146 [1] pc=[000000008000276e] W[r 0=0000000000000000][0] R[r15=000000000000016c] R[r 0=0000000000000000] inst=[0000ffed] DASM(0000ffed)
C0:      13163 [1] pc=[0000000080002768] W[r 0=0000000000000000][0] R[r13=0000000080022800] R[r14=0010001000000000] inst=[04e6b07b] DASM(04e6b07b)
C0:      13164 [1] pc=[000000008000276c] W[r15=000000000000016b][1] R[r15=000000000000016c] R[r 0=0000000000000000] inst=[000037fd] DASM(000037fd)
C0:      13165 [1] pc=[000000008000276e] W[r 0=0000000000000000][0] R[r15=000000000000016b] R[r 0=0000000000000000] inst=[0000ffed] DASM(0000ffed)
C0:      13179 [1] pc=[0000000080002768] W[r 0=0000000000000000][0] R[r13=0000000080022800] R[r14=0010001000000000] inst=[04e6b07b] DASM(04e6b07b)
C0:      13180 [1] pc=[000000008000276c] W[r15=000000000000016a][1] R[r15=000000000000016b] R[r 0=0000000000000000] inst=[000037fd] DASM(000037fd)
C0:      13181 [1] pc=[000000008000276e] W[r 0=0000000000000000][0] R[r15=000000000000016a] R[r 0=0000000000000000] inst=[0000ffed] DASM(0000ffed)
C0:      13198 [1] pc=[0000000080002768] W[r 0=0000000000000000][0] R[r13=0000000080022800] R[r14=0010001000000000] inst=[04e6b07b] DASM(04e6b07b)
C0:      13199 [1] pc=[000000008000276c] W[r15=0000000000000169][1] R[r15=000000000000016a] R[r 0=0000000000000000] inst=[000037fd] DASM(000037fd)
C0:      13200 [1] pc=[000000008000276e] W[r 0=0000000000000000][0] R[r15=0000000000000169] R[r 0=0000000000000000] inst=[0000ffed] DASM(0000ffed)
C0:      13215 [1] pc=[0000000080002768] W[r 0=0000000000000000][0] R[r13=0000000080022800] R[r14=0010001000000000] inst=[04e6b07b] DASM(04e6b07b)
C0:      13216 [1] pc=[000000008000276c] W[r15=0000000000000168][1] R[r15=0000000000000169] R[r 0=0000000000000000] inst=[000037fd] DASM(000037fd)
C0:      13217 [1] pc=[000000008000276e] W[r 0=0000000000000000][0] R[r15=0000000000000168] R[r 0=0000000000000000] inst=[0000ffed] DASM(0000ffed)
C0:      13233 [1] pc=[0000000080002768] W[r 0=0000000000000000][0] R[r13=0000000080022800] R[r14=0010001000000000] inst=[04e6b07b] DASM(04e6b07b)
C0:      13234 [1] pc=[000000008000276c] W[r15=0000000000000167][1] R[r15=0000000000000168] R[r 0=0000000000000000] inst=[000037fd] DASM(000037fd)
C0:      13235 [1] pc=[000000008000276e] W[r 0=0000000000000000][0] R[r15=0000000000000167] R[r 0=0000000000000000] inst=[0000ffed] DASM(0000ffed)
C0:      13251 [1] pc=[0000000080002768] W[r 0=0000000000000000][0] R[r13=0000000080022800] R[r14=0010001000000000] inst=[04e6b07b] DASM(04e6b07b)
C0:      13252 [1] pc=[000000008000276c] W[r15=0000000000000166][1] R[r15=0000000000000167] R[r 0=0000000000000000] inst=[000037fd] DASM(000037fd)
C0:      13253 [1] pc=[000000008000276e] W[r 0=0000000000000000][0] R[r15=0000000000000166] R[r 0=0000000000000000] inst=[0000ffed] DASM(0000ffed)
C0:      13268 [1] pc=[0000000080002768] W[r 0=0000000000000000][0] R[r13=0000000080022800] R[r14=0010001000000000] inst=[04e6b07b] DASM(04e6b07b)
C0:      13269 [1] pc=[000000008000276c] W[r15=0000000000000165][1] R[r15=0000000000000166] R[r 0=0000000000000000] inst=[000037fd] DASM(000037fd)
C0:      13270 [1] pc=[000000008000276e] W[r 0=0000000000000000][0] R[r15=0000000000000165] R[r 0=0000000000000000] inst=[0000ffed] DASM(0000ffed)
C0:      13286 [1] pc=[0000000080002768] W[r 0=0000000000000000][0] R[r13=0000000080022800] R[r14=0010001000000000] inst=[04e6b07b] DASM(04e6b07b)
C0:      13287 [1] pc=[000000008000276c] W[r15=0000000000000164][1] R[r15=0000000000000165] R[r 0=0000000000000000] inst=[000037fd] DASM(000037fd)
C0:      13288 [1] pc=[000000008000276e] W[r 0=0000000000000000][0] R[r15=0000000000000164] R[r 0=0000000000000000] inst=[0000ffed] DASM(0000ffed)
C0:      13304 [1] pc=[0000000080002768] W[r 0=0000000000000000][0] R[r13=0000000080022800] R[r14=0010001000000000] inst=[04e6b07b] DASM(04e6b07b)
C0:      13305 [1] pc=[000000008000276c] W[r15=0000000000000163][1] R[r15=0000000000000164] R[r 0=0000000000000000] inst=[000037fd] DASM(000037fd)
C0:      13306 [1] pc=[000000008000276e] W[r 0=0000000000000000][0] R[r15=0000000000000163] R[r 0=0000000000000000] inst=[0000ffed] DASM(0000ffed)
C0:      13321 [1] pc=[0000000080002768] W[r 0=0000000000000000][0] R[r13=0000000080022800] R[r14=0010001000000000] inst=[04e6b07b] DASM(04e6b07b)
C0:      13322 [1] pc=[000000008000276c] W[r15=0000000000000162][1] R[r15=0000000000000163] R[r 0=0000000000000000] inst=[000037fd] DASM(000037fd)
C0:      13323 [1] pc=[000000008000276e] W[r 0=0000000000000000][0] R[r15=0000000000000162] R[r 0=0000000000000000] inst=[0000ffed] DASM(0000ffed)
C0:      13340 [1] pc=[0000000080002768] W[r 0=0000000000000000][0] R[r13=0000000080022800] R[r14=0010001000000000] inst=[04e6b07b] DASM(04e6b07b)
C0:      13341 [1] pc=[000000008000276c] W[r15=0000000000000161][1] R[r15=0000000000000162] R[r 0=0000000000000000] inst=[000037fd] DASM(000037fd)
C0:      13342 [1] pc=[000000008000276e] W[r 0=0000000000000000][0] R[r15=0000000000000161] R[r 0=0000000000000000] inst=[0000ffed] DASM(0000ffed)
C0:      13356 [1] pc=[0000000080002768] W[r 0=0000000000000000][0] R[r13=0000000080022800] R[r14=0010001000000000] inst=[04e6b07b] DASM(04e6b07b)
C0:      13357 [1] pc=[000000008000276c] W[r15=0000000000000160][1] R[r15=0000000000000161] R[r 0=0000000000000000] inst=[000037fd] DASM(000037fd)
C0:      13358 [1] pc=[000000008000276e] W[r 0=0000000000000000][0] R[r15=0000000000000160] R[r 0=0000000000000000] inst=[0000ffed] DASM(0000ffed)
C0:      13376 [1] pc=[0000000080002768] W[r 0=0000000000000000][0] R[r13=0000000080022800] R[r14=0010001000000000] inst=[04e6b07b] DASM(04e6b07b)
C0:      13377 [1] pc=[000000008000276c] W[r15=000000000000015f][1] R[r15=0000000000000160] R[r 0=0000000000000000] inst=[000037fd] DASM(000037fd)
C0:      13378 [1] pc=[000000008000276e] W[r 0=0000000000000000][0] R[r15=000000000000015f] R[r 0=0000000000000000] inst=[0000ffed] DASM(0000ffed)
C0:      13393 [1] pc=[0000000080002768] W[r 0=0000000000000000][0] R[r13=0000000080022800] R[r14=0010001000000000] inst=[04e6b07b] DASM(04e6b07b)
C0:      13394 [1] pc=[000000008000276c] W[r15=000000000000015e][1] R[r15=000000000000015f] R[r 0=0000000000000000] inst=[000037fd] DASM(000037fd)
C0:      13395 [1] pc=[000000008000276e] W[r 0=0000000000000000][0] R[r15=000000000000015e] R[r 0=0000000000000000] inst=[0000ffed] DASM(0000ffed)
C0:      13411 [1] pc=[0000000080002768] W[r 0=0000000000000000][0] R[r13=0000000080022800] R[r14=0010001000000000] inst=[04e6b07b] DASM(04e6b07b)
C0:      13412 [1] pc=[000000008000276c] W[r15=000000000000015d][1] R[r15=000000000000015e] R[r 0=0000000000000000] inst=[000037fd] DASM(000037fd)
C0:      13413 [1] pc=[000000008000276e] W[r 0=0000000000000000][0] R[r15=000000000000015d] R[r 0=0000000000000000] inst=[0000ffed] DASM(0000ffed)
C0:      13429 [1] pc=[0000000080002768] W[r 0=0000000000000000][0] R[r13=0000000080022800] R[r14=0010001000000000] inst=[04e6b07b] DASM(04e6b07b)
C0:      13430 [1] pc=[000000008000276c] W[r15=000000000000015c][1] R[r15=000000000000015d] R[r 0=0000000000000000] inst=[000037fd] DASM(000037fd)
C0:      13431 [1] pc=[000000008000276e] W[r 0=0000000000000000][0] R[r15=000000000000015c] R[r 0=0000000000000000] inst=[0000ffed] DASM(0000ffed)
C0:      13446 [1] pc=[0000000080002768] W[r 0=0000000000000000][0] R[r13=0000000080022800] R[r14=0010001000000000] inst=[04e6b07b] DASM(04e6b07b)
C0:      13447 [1] pc=[000000008000276c] W[r15=000000000000015b][1] R[r15=000000000000015c] R[r 0=0000000000000000] inst=[000037fd] DASM(000037fd)
C0:      13448 [1] pc=[000000008000276e] W[r 0=0000000000000000][0] R[r15=000000000000015b] R[r 0=0000000000000000] inst=[0000ffed] DASM(0000ffed)
C0:      13465 [1] pc=[0000000080002768] W[r 0=0000000000000000][0] R[r13=0000000080022800] R[r14=0010001000000000] inst=[04e6b07b] DASM(04e6b07b)
C0:      13466 [1] pc=[000000008000276c] W[r15=000000000000015a][1] R[r15=000000000000015b] R[r 0=0000000000000000] inst=[000037fd] DASM(000037fd)
C0:      13467 [1] pc=[000000008000276e] W[r 0=0000000000000000][0] R[r15=000000000000015a] R[r 0=0000000000000000] inst=[0000ffed] DASM(0000ffed)
C0:      13482 [1] pc=[0000000080002768] W[r 0=0000000000000000][0] R[r13=0000000080022800] R[r14=0010001000000000] inst=[04e6b07b] DASM(04e6b07b)
C0:      13483 [1] pc=[000000008000276c] W[r15=0000000000000159][1] R[r15=000000000000015a] R[r 0=0000000000000000] inst=[000037fd] DASM(000037fd)
C0:      13484 [1] pc=[000000008000276e] W[r 0=0000000000000000][0] R[r15=0000000000000159] R[r 0=0000000000000000] inst=[0000ffed] DASM(0000ffed)
C0:      13500 [1] pc=[0000000080002768] W[r 0=0000000000000000][0] R[r13=0000000080022800] R[r14=0010001000000000] inst=[04e6b07b] DASM(04e6b07b)
C0:      13501 [1] pc=[000000008000276c] W[r15=0000000000000158][1] R[r15=0000000000000159] R[r 0=0000000000000000] inst=[000037fd] DASM(000037fd)
C0:      13502 [1] pc=[000000008000276e] W[r 0=0000000000000000][0] R[r15=0000000000000158] R[r 0=0000000000000000] inst=[0000ffed] DASM(0000ffed)
C0:      13518 [1] pc=[0000000080002768] W[r 0=0000000000000000][0] R[r13=0000000080022800] R[r14=0010001000000000] inst=[04e6b07b] DASM(04e6b07b)
C0:      13519 [1] pc=[000000008000276c] W[r15=0000000000000157][1] R[r15=0000000000000158] R[r 0=0000000000000000] inst=[000037fd] DASM(000037fd)
C0:      13520 [1] pc=[000000008000276e] W[r 0=0000000000000000][0] R[r15=0000000000000157] R[r 0=0000000000000000] inst=[0000ffed] DASM(0000ffed)
C0:      13535 [1] pc=[0000000080002768] W[r 0=0000000000000000][0] R[r13=0000000080022800] R[r14=0010001000000000] inst=[04e6b07b] DASM(04e6b07b)
C0:      13536 [1] pc=[000000008000276c] W[r15=0000000000000156][1] R[r15=0000000000000157] R[r 0=0000000000000000] inst=[000037fd] DASM(000037fd)
C0:      13537 [1] pc=[000000008000276e] W[r 0=0000000000000000][0] R[r15=0000000000000156] R[r 0=0000000000000000] inst=[0000ffed] DASM(0000ffed)
C0:      13554 [1] pc=[0000000080002768] W[r 0=0000000000000000][0] R[r13=0000000080022800] R[r14=0010001000000000] inst=[04e6b07b] DASM(04e6b07b)
C0:      13555 [1] pc=[000000008000276c] W[r15=0000000000000155][1] R[r15=0000000000000156] R[r 0=0000000000000000] inst=[000037fd] DASM(000037fd)
C0:      13556 [1] pc=[000000008000276e] W[r 0=0000000000000000][0] R[r15=0000000000000155] R[r 0=0000000000000000] inst=[0000ffed] DASM(0000ffed)
C0:      13571 [1] pc=[0000000080002768] W[r 0=0000000000000000][0] R[r13=0000000080022800] R[r14=0010001000000000] inst=[04e6b07b] DASM(04e6b07b)
C0:      13572 [1] pc=[000000008000276c] W[r15=0000000000000154][1] R[r15=0000000000000155] R[r 0=0000000000000000] inst=[000037fd] DASM(000037fd)
C0:      13573 [1] pc=[000000008000276e] W[r 0=0000000000000000][0] R[r15=0000000000000154] R[r 0=0000000000000000] inst=[0000ffed] DASM(0000ffed)
C0:      13589 [1] pc=[0000000080002768] W[r 0=0000000000000000][0] R[r13=0000000080022800] R[r14=0010001000000000] inst=[04e6b07b] DASM(04e6b07b)
C0:      13590 [1] pc=[000000008000276c] W[r15=0000000000000153][1] R[r15=0000000000000154] R[r 0=0000000000000000] inst=[000037fd] DASM(000037fd)
C0:      13591 [1] pc=[000000008000276e] W[r 0=0000000000000000][0] R[r15=0000000000000153] R[r 0=0000000000000000] inst=[0000ffed] DASM(0000ffed)
C0:      13607 [1] pc=[0000000080002768] W[r 0=0000000000000000][0] R[r13=0000000080022800] R[r14=0010001000000000] inst=[04e6b07b] DASM(04e6b07b)
C0:      13608 [1] pc=[000000008000276c] W[r15=0000000000000152][1] R[r15=0000000000000153] R[r 0=0000000000000000] inst=[000037fd] DASM(000037fd)
C0:      13609 [1] pc=[000000008000276e] W[r 0=0000000000000000][0] R[r15=0000000000000152] R[r 0=0000000000000000] inst=[0000ffed] DASM(0000ffed)
C0:      13624 [1] pc=[0000000080002768] W[r 0=0000000000000000][0] R[r13=0000000080022800] R[r14=0010001000000000] inst=[04e6b07b] DASM(04e6b07b)
C0:      13625 [1] pc=[000000008000276c] W[r15=0000000000000151][1] R[r15=0000000000000152] R[r 0=0000000000000000] inst=[000037fd] DASM(000037fd)
C0:      13626 [1] pc=[000000008000276e] W[r 0=0000000000000000][0] R[r15=0000000000000151] R[r 0=0000000000000000] inst=[0000ffed] DASM(0000ffed)
C0:      13643 [1] pc=[0000000080002768] W[r 0=0000000000000000][0] R[r13=0000000080022800] R[r14=0010001000000000] inst=[04e6b07b] DASM(04e6b07b)
C0:      13644 [1] pc=[000000008000276c] W[r15=0000000000000150][1] R[r15=0000000000000151] R[r 0=0000000000000000] inst=[000037fd] DASM(000037fd)
C0:      13645 [1] pc=[000000008000276e] W[r 0=0000000000000000][0] R[r15=0000000000000150] R[r 0=0000000000000000] inst=[0000ffed] DASM(0000ffed)
C0:      13659 [1] pc=[0000000080002768] W[r 0=0000000000000000][0] R[r13=0000000080022800] R[r14=0010001000000000] inst=[04e6b07b] DASM(04e6b07b)
C0:      13660 [1] pc=[000000008000276c] W[r15=000000000000014f][1] R[r15=0000000000000150] R[r 0=0000000000000000] inst=[000037fd] DASM(000037fd)
C0:      13661 [1] pc=[000000008000276e] W[r 0=0000000000000000][0] R[r15=000000000000014f] R[r 0=0000000000000000] inst=[0000ffed] DASM(0000ffed)
C0:      13678 [1] pc=[0000000080002768] W[r 0=0000000000000000][0] R[r13=0000000080022800] R[r14=0010001000000000] inst=[04e6b07b] DASM(04e6b07b)
C0:      13679 [1] pc=[000000008000276c] W[r15=000000000000014e][1] R[r15=000000000000014f] R[r 0=0000000000000000] inst=[000037fd] DASM(000037fd)
C0:      13680 [1] pc=[000000008000276e] W[r 0=0000000000000000][0] R[r15=000000000000014e] R[r 0=0000000000000000] inst=[0000ffed] DASM(0000ffed)
C0:      13695 [1] pc=[0000000080002768] W[r 0=0000000000000000][0] R[r13=0000000080022800] R[r14=0010001000000000] inst=[04e6b07b] DASM(04e6b07b)
C0:      13696 [1] pc=[000000008000276c] W[r15=000000000000014d][1] R[r15=000000000000014e] R[r 0=0000000000000000] inst=[000037fd] DASM(000037fd)
C0:      13697 [1] pc=[000000008000276e] W[r 0=0000000000000000][0] R[r15=000000000000014d] R[r 0=0000000000000000] inst=[0000ffed] DASM(0000ffed)
C0:      13713 [1] pc=[0000000080002768] W[r 0=0000000000000000][0] R[r13=0000000080022800] R[r14=0010001000000000] inst=[04e6b07b] DASM(04e6b07b)
C0:      13714 [1] pc=[000000008000276c] W[r15=000000000000014c][1] R[r15=000000000000014d] R[r 0=0000000000000000] inst=[000037fd] DASM(000037fd)
C0:      13715 [1] pc=[000000008000276e] W[r 0=0000000000000000][0] R[r15=000000000000014c] R[r 0=0000000000000000] inst=[0000ffed] DASM(0000ffed)
C0:      13731 [1] pc=[0000000080002768] W[r 0=0000000000000000][0] R[r13=0000000080022800] R[r14=0010001000000000] inst=[04e6b07b] DASM(04e6b07b)
C0:      13732 [1] pc=[000000008000276c] W[r15=000000000000014b][1] R[r15=000000000000014c] R[r 0=0000000000000000] inst=[000037fd] DASM(000037fd)
C0:      13733 [1] pc=[000000008000276e] W[r 0=0000000000000000][0] R[r15=000000000000014b] R[r 0=0000000000000000] inst=[0000ffed] DASM(0000ffed)
C0:      13748 [1] pc=[0000000080002768] W[r 0=0000000000000000][0] R[r13=0000000080022800] R[r14=0010001000000000] inst=[04e6b07b] DASM(04e6b07b)
C0:      13749 [1] pc=[000000008000276c] W[r15=000000000000014a][1] R[r15=000000000000014b] R[r 0=0000000000000000] inst=[000037fd] DASM(000037fd)
C0:      13750 [1] pc=[000000008000276e] W[r 0=0000000000000000][0] R[r15=000000000000014a] R[r 0=0000000000000000] inst=[0000ffed] DASM(0000ffed)
C0:      13766 [1] pc=[0000000080002768] W[r 0=0000000000000000][0] R[r13=0000000080022800] R[r14=0010001000000000] inst=[04e6b07b] DASM(04e6b07b)
C0:      13767 [1] pc=[000000008000276c] W[r15=0000000000000149][1] R[r15=000000000000014a] R[r 0=0000000000000000] inst=[000037fd] DASM(000037fd)
C0:      13768 [1] pc=[000000008000276e] W[r 0=0000000000000000][0] R[r15=0000000000000149] R[r 0=0000000000000000] inst=[0000ffed] DASM(0000ffed)
C0:      13784 [1] pc=[0000000080002768] W[r 0=0000000000000000][0] R[r13=0000000080022800] R[r14=0010001000000000] inst=[04e6b07b] DASM(04e6b07b)
C0:      13785 [1] pc=[000000008000276c] W[r15=0000000000000148][1] R[r15=0000000000000149] R[r 0=0000000000000000] inst=[000037fd] DASM(000037fd)
C0:      13786 [1] pc=[000000008000276e] W[r 0=0000000000000000][0] R[r15=0000000000000148] R[r 0=0000000000000000] inst=[0000ffed] DASM(0000ffed)
C0:      13801 [1] pc=[0000000080002768] W[r 0=0000000000000000][0] R[r13=0000000080022800] R[r14=0010001000000000] inst=[04e6b07b] DASM(04e6b07b)
C0:      13802 [1] pc=[000000008000276c] W[r15=0000000000000147][1] R[r15=0000000000000148] R[r 0=0000000000000000] inst=[000037fd] DASM(000037fd)
C0:      13803 [1] pc=[000000008000276e] W[r 0=0000000000000000][0] R[r15=0000000000000147] R[r 0=0000000000000000] inst=[0000ffed] DASM(0000ffed)
C0:      13820 [1] pc=[0000000080002768] W[r 0=0000000000000000][0] R[r13=0000000080022800] R[r14=0010001000000000] inst=[04e6b07b] DASM(04e6b07b)
C0:      13821 [1] pc=[000000008000276c] W[r15=0000000000000146][1] R[r15=0000000000000147] R[r 0=0000000000000000] inst=[000037fd] DASM(000037fd)
C0:      13822 [1] pc=[000000008000276e] W[r 0=0000000000000000][0] R[r15=0000000000000146] R[r 0=0000000000000000] inst=[0000ffed] DASM(0000ffed)
C0:      13836 [1] pc=[0000000080002768] W[r 0=0000000000000000][0] R[r13=0000000080022800] R[r14=0010001000000000] inst=[04e6b07b] DASM(04e6b07b)
C0:      13837 [1] pc=[000000008000276c] W[r15=0000000000000145][1] R[r15=0000000000000146] R[r 0=0000000000000000] inst=[000037fd] DASM(000037fd)
C0:      13838 [1] pc=[000000008000276e] W[r 0=0000000000000000][0] R[r15=0000000000000145] R[r 0=0000000000000000] inst=[0000ffed] DASM(0000ffed)
C0:      13856 [1] pc=[0000000080002768] W[r 0=0000000000000000][0] R[r13=0000000080022800] R[r14=0010001000000000] inst=[04e6b07b] DASM(04e6b07b)
C0:      13857 [1] pc=[000000008000276c] W[r15=0000000000000144][1] R[r15=0000000000000145] R[r 0=0000000000000000] inst=[000037fd] DASM(000037fd)
C0:      13858 [1] pc=[000000008000276e] W[r 0=0000000000000000][0] R[r15=0000000000000144] R[r 0=0000000000000000] inst=[0000ffed] DASM(0000ffed)
C0:      13873 [1] pc=[0000000080002768] W[r 0=0000000000000000][0] R[r13=0000000080022800] R[r14=0010001000000000] inst=[04e6b07b] DASM(04e6b07b)
C0:      13874 [1] pc=[000000008000276c] W[r15=0000000000000143][1] R[r15=0000000000000144] R[r 0=0000000000000000] inst=[000037fd] DASM(000037fd)
C0:      13875 [1] pc=[000000008000276e] W[r 0=0000000000000000][0] R[r15=0000000000000143] R[r 0=0000000000000000] inst=[0000ffed] DASM(0000ffed)
C0:      13891 [1] pc=[0000000080002768] W[r 0=0000000000000000][0] R[r13=0000000080022800] R[r14=0010001000000000] inst=[04e6b07b] DASM(04e6b07b)
C0:      13892 [1] pc=[000000008000276c] W[r15=0000000000000142][1] R[r15=0000000000000143] R[r 0=0000000000000000] inst=[000037fd] DASM(000037fd)
C0:      13893 [1] pc=[000000008000276e] W[r 0=0000000000000000][0] R[r15=0000000000000142] R[r 0=0000000000000000] inst=[0000ffed] DASM(0000ffed)
C0:      13909 [1] pc=[0000000080002768] W[r 0=0000000000000000][0] R[r13=0000000080022800] R[r14=0010001000000000] inst=[04e6b07b] DASM(04e6b07b)
C0:      13910 [1] pc=[000000008000276c] W[r15=0000000000000141][1] R[r15=0000000000000142] R[r 0=0000000000000000] inst=[000037fd] DASM(000037fd)
C0:      13911 [1] pc=[000000008000276e] W[r 0=0000000000000000][0] R[r15=0000000000000141] R[r 0=0000000000000000] inst=[0000ffed] DASM(0000ffed)
C0:      13926 [1] pc=[0000000080002768] W[r 0=0000000000000000][0] R[r13=0000000080022800] R[r14=0010001000000000] inst=[04e6b07b] DASM(04e6b07b)
C0:      13927 [1] pc=[000000008000276c] W[r15=0000000000000140][1] R[r15=0000000000000141] R[r 0=0000000000000000] inst=[000037fd] DASM(000037fd)
C0:      13928 [1] pc=[000000008000276e] W[r 0=0000000000000000][0] R[r15=0000000000000140] R[r 0=0000000000000000] inst=[0000ffed] DASM(0000ffed)
C0:      13945 [1] pc=[0000000080002768] W[r 0=0000000000000000][0] R[r13=0000000080022800] R[r14=0010001000000000] inst=[04e6b07b] DASM(04e6b07b)
C0:      13946 [1] pc=[000000008000276c] W[r15=000000000000013f][1] R[r15=0000000000000140] R[r 0=0000000000000000] inst=[000037fd] DASM(000037fd)
C0:      13947 [1] pc=[000000008000276e] W[r 0=0000000000000000][0] R[r15=000000000000013f] R[r 0=0000000000000000] inst=[0000ffed] DASM(0000ffed)
C0:      13962 [1] pc=[0000000080002768] W[r 0=0000000000000000][0] R[r13=0000000080022800] R[r14=0010001000000000] inst=[04e6b07b] DASM(04e6b07b)
C0:      13963 [1] pc=[000000008000276c] W[r15=000000000000013e][1] R[r15=000000000000013f] R[r 0=0000000000000000] inst=[000037fd] DASM(000037fd)
C0:      13964 [1] pc=[000000008000276e] W[r 0=0000000000000000][0] R[r15=000000000000013e] R[r 0=0000000000000000] inst=[0000ffed] DASM(0000ffed)
C0:      13980 [1] pc=[0000000080002768] W[r 0=0000000000000000][0] R[r13=0000000080022800] R[r14=0010001000000000] inst=[04e6b07b] DASM(04e6b07b)
C0:      13981 [1] pc=[000000008000276c] W[r15=000000000000013d][1] R[r15=000000000000013e] R[r 0=0000000000000000] inst=[000037fd] DASM(000037fd)
C0:      13982 [1] pc=[000000008000276e] W[r 0=0000000000000000][0] R[r15=000000000000013d] R[r 0=0000000000000000] inst=[0000ffed] DASM(0000ffed)
C0:      13998 [1] pc=[0000000080002768] W[r 0=0000000000000000][0] R[r13=0000000080022800] R[r14=0010001000000000] inst=[04e6b07b] DASM(04e6b07b)
C0:      13999 [1] pc=[000000008000276c] W[r15=000000000000013c][1] R[r15=000000000000013d] R[r 0=0000000000000000] inst=[000037fd] DASM(000037fd)
C0:      14000 [1] pc=[000000008000276e] W[r 0=0000000000000000][0] R[r15=000000000000013c] R[r 0=0000000000000000] inst=[0000ffed] DASM(0000ffed)
C0:      14015 [1] pc=[0000000080002768] W[r 0=0000000000000000][0] R[r13=0000000080022800] R[r14=0010001000000000] inst=[04e6b07b] DASM(04e6b07b)
C0:      14016 [1] pc=[000000008000276c] W[r15=000000000000013b][1] R[r15=000000000000013c] R[r 0=0000000000000000] inst=[000037fd] DASM(000037fd)
C0:      14017 [1] pc=[000000008000276e] W[r 0=0000000000000000][0] R[r15=000000000000013b] R[r 0=0000000000000000] inst=[0000ffed] DASM(0000ffed)
C0:      14034 [1] pc=[0000000080002768] W[r 0=0000000000000000][0] R[r13=0000000080022800] R[r14=0010001000000000] inst=[04e6b07b] DASM(04e6b07b)
C0:      14035 [1] pc=[000000008000276c] W[r15=000000000000013a][1] R[r15=000000000000013b] R[r 0=0000000000000000] inst=[000037fd] DASM(000037fd)
C0:      14036 [1] pc=[000000008000276e] W[r 0=0000000000000000][0] R[r15=000000000000013a] R[r 0=0000000000000000] inst=[0000ffed] DASM(0000ffed)
C0:      14051 [1] pc=[0000000080002768] W[r 0=0000000000000000][0] R[r13=0000000080022800] R[r14=0010001000000000] inst=[04e6b07b] DASM(04e6b07b)
C0:      14052 [1] pc=[000000008000276c] W[r15=0000000000000139][1] R[r15=000000000000013a] R[r 0=0000000000000000] inst=[000037fd] DASM(000037fd)
C0:      14053 [1] pc=[000000008000276e] W[r 0=0000000000000000][0] R[r15=0000000000000139] R[r 0=0000000000000000] inst=[0000ffed] DASM(0000ffed)
C0:      14069 [1] pc=[0000000080002768] W[r 0=0000000000000000][0] R[r13=0000000080022800] R[r14=0010001000000000] inst=[04e6b07b] DASM(04e6b07b)
C0:      14070 [1] pc=[000000008000276c] W[r15=0000000000000138][1] R[r15=0000000000000139] R[r 0=0000000000000000] inst=[000037fd] DASM(000037fd)
C0:      14071 [1] pc=[000000008000276e] W[r 0=0000000000000000][0] R[r15=0000000000000138] R[r 0=0000000000000000] inst=[0000ffed] DASM(0000ffed)
C0:      14087 [1] pc=[0000000080002768] W[r 0=0000000000000000][0] R[r13=0000000080022800] R[r14=0010001000000000] inst=[04e6b07b] DASM(04e6b07b)
C0:      14088 [1] pc=[000000008000276c] W[r15=0000000000000137][1] R[r15=0000000000000138] R[r 0=0000000000000000] inst=[000037fd] DASM(000037fd)
C0:      14089 [1] pc=[000000008000276e] W[r 0=0000000000000000][0] R[r15=0000000000000137] R[r 0=0000000000000000] inst=[0000ffed] DASM(0000ffed)
C0:      14104 [1] pc=[0000000080002768] W[r 0=0000000000000000][0] R[r13=0000000080022800] R[r14=0010001000000000] inst=[04e6b07b] DASM(04e6b07b)
C0:      14105 [1] pc=[000000008000276c] W[r15=0000000000000136][1] R[r15=0000000000000137] R[r 0=0000000000000000] inst=[000037fd] DASM(000037fd)
C0:      14106 [1] pc=[000000008000276e] W[r 0=0000000000000000][0] R[r15=0000000000000136] R[r 0=0000000000000000] inst=[0000ffed] DASM(0000ffed)
C0:      14123 [1] pc=[0000000080002768] W[r 0=0000000000000000][0] R[r13=0000000080022800] R[r14=0010001000000000] inst=[04e6b07b] DASM(04e6b07b)
C0:      14124 [1] pc=[000000008000276c] W[r15=0000000000000135][1] R[r15=0000000000000136] R[r 0=0000000000000000] inst=[000037fd] DASM(000037fd)
C0:      14125 [1] pc=[000000008000276e] W[r 0=0000000000000000][0] R[r15=0000000000000135] R[r 0=0000000000000000] inst=[0000ffed] DASM(0000ffed)
C0:      14139 [1] pc=[0000000080002768] W[r 0=0000000000000000][0] R[r13=0000000080022800] R[r14=0010001000000000] inst=[04e6b07b] DASM(04e6b07b)
C0:      14140 [1] pc=[000000008000276c] W[r15=0000000000000134][1] R[r15=0000000000000135] R[r 0=0000000000000000] inst=[000037fd] DASM(000037fd)
C0:      14141 [1] pc=[000000008000276e] W[r 0=0000000000000000][0] R[r15=0000000000000134] R[r 0=0000000000000000] inst=[0000ffed] DASM(0000ffed)
C0:      14158 [1] pc=[0000000080002768] W[r 0=0000000000000000][0] R[r13=0000000080022800] R[r14=0010001000000000] inst=[04e6b07b] DASM(04e6b07b)
C0:      14159 [1] pc=[000000008000276c] W[r15=0000000000000133][1] R[r15=0000000000000134] R[r 0=0000000000000000] inst=[000037fd] DASM(000037fd)
C0:      14160 [1] pc=[000000008000276e] W[r 0=0000000000000000][0] R[r15=0000000000000133] R[r 0=0000000000000000] inst=[0000ffed] DASM(0000ffed)
C0:      14175 [1] pc=[0000000080002768] W[r 0=0000000000000000][0] R[r13=0000000080022800] R[r14=0010001000000000] inst=[04e6b07b] DASM(04e6b07b)
C0:      14176 [1] pc=[000000008000276c] W[r15=0000000000000132][1] R[r15=0000000000000133] R[r 0=0000000000000000] inst=[000037fd] DASM(000037fd)
C0:      14177 [1] pc=[000000008000276e] W[r 0=0000000000000000][0] R[r15=0000000000000132] R[r 0=0000000000000000] inst=[0000ffed] DASM(0000ffed)
C0:      14193 [1] pc=[0000000080002768] W[r 0=0000000000000000][0] R[r13=0000000080022800] R[r14=0010001000000000] inst=[04e6b07b] DASM(04e6b07b)
C0:      14194 [1] pc=[000000008000276c] W[r15=0000000000000131][1] R[r15=0000000000000132] R[r 0=0000000000000000] inst=[000037fd] DASM(000037fd)
C0:      14195 [1] pc=[000000008000276e] W[r 0=0000000000000000][0] R[r15=0000000000000131] R[r 0=0000000000000000] inst=[0000ffed] DASM(0000ffed)
C0:      14211 [1] pc=[0000000080002768] W[r 0=0000000000000000][0] R[r13=0000000080022800] R[r14=0010001000000000] inst=[04e6b07b] DASM(04e6b07b)
C0:      14212 [1] pc=[000000008000276c] W[r15=0000000000000130][1] R[r15=0000000000000131] R[r 0=0000000000000000] inst=[000037fd] DASM(000037fd)
C0:      14213 [1] pc=[000000008000276e] W[r 0=0000000000000000][0] R[r15=0000000000000130] R[r 0=0000000000000000] inst=[0000ffed] DASM(0000ffed)
C0:      14228 [1] pc=[0000000080002768] W[r 0=0000000000000000][0] R[r13=0000000080022800] R[r14=0010001000000000] inst=[04e6b07b] DASM(04e6b07b)
C0:      14229 [1] pc=[000000008000276c] W[r15=000000000000012f][1] R[r15=0000000000000130] R[r 0=0000000000000000] inst=[000037fd] DASM(000037fd)
C0:      14230 [1] pc=[000000008000276e] W[r 0=0000000000000000][0] R[r15=000000000000012f] R[r 0=0000000000000000] inst=[0000ffed] DASM(0000ffed)
C0:      14246 [1] pc=[0000000080002768] W[r 0=0000000000000000][0] R[r13=0000000080022800] R[r14=0010001000000000] inst=[04e6b07b] DASM(04e6b07b)
C0:      14247 [1] pc=[000000008000276c] W[r15=000000000000012e][1] R[r15=000000000000012f] R[r 0=0000000000000000] inst=[000037fd] DASM(000037fd)
C0:      14248 [1] pc=[000000008000276e] W[r 0=0000000000000000][0] R[r15=000000000000012e] R[r 0=0000000000000000] inst=[0000ffed] DASM(0000ffed)
C0:      14264 [1] pc=[0000000080002768] W[r 0=0000000000000000][0] R[r13=0000000080022800] R[r14=0010001000000000] inst=[04e6b07b] DASM(04e6b07b)
C0:      14265 [1] pc=[000000008000276c] W[r15=000000000000012d][1] R[r15=000000000000012e] R[r 0=0000000000000000] inst=[000037fd] DASM(000037fd)
C0:      14266 [1] pc=[000000008000276e] W[r 0=0000000000000000][0] R[r15=000000000000012d] R[r 0=0000000000000000] inst=[0000ffed] DASM(0000ffed)
C0:      14281 [1] pc=[0000000080002768] W[r 0=0000000000000000][0] R[r13=0000000080022800] R[r14=0010001000000000] inst=[04e6b07b] DASM(04e6b07b)
C0:      14282 [1] pc=[000000008000276c] W[r15=000000000000012c][1] R[r15=000000000000012d] R[r 0=0000000000000000] inst=[000037fd] DASM(000037fd)
C0:      14283 [1] pc=[000000008000276e] W[r 0=0000000000000000][0] R[r15=000000000000012c] R[r 0=0000000000000000] inst=[0000ffed] DASM(0000ffed)
C0:      14300 [1] pc=[0000000080002768] W[r 0=0000000000000000][0] R[r13=0000000080022800] R[r14=0010001000000000] inst=[04e6b07b] DASM(04e6b07b)
C0:      14301 [1] pc=[000000008000276c] W[r15=000000000000012b][1] R[r15=000000000000012c] R[r 0=0000000000000000] inst=[000037fd] DASM(000037fd)
C0:      14302 [1] pc=[000000008000276e] W[r 0=0000000000000000][0] R[r15=000000000000012b] R[r 0=0000000000000000] inst=[0000ffed] DASM(0000ffed)
C0:      14316 [1] pc=[0000000080002768] W[r 0=0000000000000000][0] R[r13=0000000080022800] R[r14=0010001000000000] inst=[04e6b07b] DASM(04e6b07b)
C0:      14317 [1] pc=[000000008000276c] W[r15=000000000000012a][1] R[r15=000000000000012b] R[r 0=0000000000000000] inst=[000037fd] DASM(000037fd)
C0:      14318 [1] pc=[000000008000276e] W[r 0=0000000000000000][0] R[r15=000000000000012a] R[r 0=0000000000000000] inst=[0000ffed] DASM(0000ffed)
C0:      14336 [1] pc=[0000000080002768] W[r 0=0000000000000000][0] R[r13=0000000080022800] R[r14=0010001000000000] inst=[04e6b07b] DASM(04e6b07b)
C0:      14337 [1] pc=[000000008000276c] W[r15=0000000000000129][1] R[r15=000000000000012a] R[r 0=0000000000000000] inst=[000037fd] DASM(000037fd)
C0:      14338 [1] pc=[000000008000276e] W[r 0=0000000000000000][0] R[r15=0000000000000129] R[r 0=0000000000000000] inst=[0000ffed] DASM(0000ffed)
C0:      14353 [1] pc=[0000000080002768] W[r 0=0000000000000000][0] R[r13=0000000080022800] R[r14=0010001000000000] inst=[04e6b07b] DASM(04e6b07b)
C0:      14354 [1] pc=[000000008000276c] W[r15=0000000000000128][1] R[r15=0000000000000129] R[r 0=0000000000000000] inst=[000037fd] DASM(000037fd)
C0:      14355 [1] pc=[000000008000276e] W[r 0=0000000000000000][0] R[r15=0000000000000128] R[r 0=0000000000000000] inst=[0000ffed] DASM(0000ffed)
C0:      14371 [1] pc=[0000000080002768] W[r 0=0000000000000000][0] R[r13=0000000080022800] R[r14=0010001000000000] inst=[04e6b07b] DASM(04e6b07b)
C0:      14372 [1] pc=[000000008000276c] W[r15=0000000000000127][1] R[r15=0000000000000128] R[r 0=0000000000000000] inst=[000037fd] DASM(000037fd)
C0:      14373 [1] pc=[000000008000276e] W[r 0=0000000000000000][0] R[r15=0000000000000127] R[r 0=0000000000000000] inst=[0000ffed] DASM(0000ffed)
C0:      14389 [1] pc=[0000000080002768] W[r 0=0000000000000000][0] R[r13=0000000080022800] R[r14=0010001000000000] inst=[04e6b07b] DASM(04e6b07b)
C0:      14390 [1] pc=[000000008000276c] W[r15=0000000000000126][1] R[r15=0000000000000127] R[r 0=0000000000000000] inst=[000037fd] DASM(000037fd)
C0:      14391 [1] pc=[000000008000276e] W[r 0=0000000000000000][0] R[r15=0000000000000126] R[r 0=0000000000000000] inst=[0000ffed] DASM(0000ffed)
C0:      14406 [1] pc=[0000000080002768] W[r 0=0000000000000000][0] R[r13=0000000080022800] R[r14=0010001000000000] inst=[04e6b07b] DASM(04e6b07b)
C0:      14407 [1] pc=[000000008000276c] W[r15=0000000000000125][1] R[r15=0000000000000126] R[r 0=0000000000000000] inst=[000037fd] DASM(000037fd)
C0:      14408 [1] pc=[000000008000276e] W[r 0=0000000000000000][0] R[r15=0000000000000125] R[r 0=0000000000000000] inst=[0000ffed] DASM(0000ffed)
C0:      14425 [1] pc=[0000000080002768] W[r 0=0000000000000000][0] R[r13=0000000080022800] R[r14=0010001000000000] inst=[04e6b07b] DASM(04e6b07b)
C0:      14426 [1] pc=[000000008000276c] W[r15=0000000000000124][1] R[r15=0000000000000125] R[r 0=0000000000000000] inst=[000037fd] DASM(000037fd)
C0:      14427 [1] pc=[000000008000276e] W[r 0=0000000000000000][0] R[r15=0000000000000124] R[r 0=0000000000000000] inst=[0000ffed] DASM(0000ffed)
C0:      14442 [1] pc=[0000000080002768] W[r 0=0000000000000000][0] R[r13=0000000080022800] R[r14=0010001000000000] inst=[04e6b07b] DASM(04e6b07b)
C0:      14443 [1] pc=[000000008000276c] W[r15=0000000000000123][1] R[r15=0000000000000124] R[r 0=0000000000000000] inst=[000037fd] DASM(000037fd)
C0:      14444 [1] pc=[000000008000276e] W[r 0=0000000000000000][0] R[r15=0000000000000123] R[r 0=0000000000000000] inst=[0000ffed] DASM(0000ffed)
C0:      14460 [1] pc=[0000000080002768] W[r 0=0000000000000000][0] R[r13=0000000080022800] R[r14=0010001000000000] inst=[04e6b07b] DASM(04e6b07b)
C0:      14461 [1] pc=[000000008000276c] W[r15=0000000000000122][1] R[r15=0000000000000123] R[r 0=0000000000000000] inst=[000037fd] DASM(000037fd)
C0:      14462 [1] pc=[000000008000276e] W[r 0=0000000000000000][0] R[r15=0000000000000122] R[r 0=0000000000000000] inst=[0000ffed] DASM(0000ffed)
C0:      14478 [1] pc=[0000000080002768] W[r 0=0000000000000000][0] R[r13=0000000080022800] R[r14=0010001000000000] inst=[04e6b07b] DASM(04e6b07b)
C0:      14479 [1] pc=[000000008000276c] W[r15=0000000000000121][1] R[r15=0000000000000122] R[r 0=0000000000000000] inst=[000037fd] DASM(000037fd)
C0:      14480 [1] pc=[000000008000276e] W[r 0=0000000000000000][0] R[r15=0000000000000121] R[r 0=0000000000000000] inst=[0000ffed] DASM(0000ffed)
C0:      14495 [1] pc=[0000000080002768] W[r 0=0000000000000000][0] R[r13=0000000080022800] R[r14=0010001000000000] inst=[04e6b07b] DASM(04e6b07b)
C0:      14496 [1] pc=[000000008000276c] W[r15=0000000000000120][1] R[r15=0000000000000121] R[r 0=0000000000000000] inst=[000037fd] DASM(000037fd)
C0:      14497 [1] pc=[000000008000276e] W[r 0=0000000000000000][0] R[r15=0000000000000120] R[r 0=0000000000000000] inst=[0000ffed] DASM(0000ffed)
C0:      14514 [1] pc=[0000000080002768] W[r 0=0000000000000000][0] R[r13=0000000080022800] R[r14=0010001000000000] inst=[04e6b07b] DASM(04e6b07b)
C0:      14515 [1] pc=[000000008000276c] W[r15=000000000000011f][1] R[r15=0000000000000120] R[r 0=0000000000000000] inst=[000037fd] DASM(000037fd)
C0:      14516 [1] pc=[000000008000276e] W[r 0=0000000000000000][0] R[r15=000000000000011f] R[r 0=0000000000000000] inst=[0000ffed] DASM(0000ffed)
C0:      14531 [1] pc=[0000000080002768] W[r 0=0000000000000000][0] R[r13=0000000080022800] R[r14=0010001000000000] inst=[04e6b07b] DASM(04e6b07b)
C0:      14532 [1] pc=[000000008000276c] W[r15=000000000000011e][1] R[r15=000000000000011f] R[r 0=0000000000000000] inst=[000037fd] DASM(000037fd)
C0:      14533 [1] pc=[000000008000276e] W[r 0=0000000000000000][0] R[r15=000000000000011e] R[r 0=0000000000000000] inst=[0000ffed] DASM(0000ffed)
C0:      14549 [1] pc=[0000000080002768] W[r 0=0000000000000000][0] R[r13=0000000080022800] R[r14=0010001000000000] inst=[04e6b07b] DASM(04e6b07b)
C0:      14550 [1] pc=[000000008000276c] W[r15=000000000000011d][1] R[r15=000000000000011e] R[r 0=0000000000000000] inst=[000037fd] DASM(000037fd)
C0:      14551 [1] pc=[000000008000276e] W[r 0=0000000000000000][0] R[r15=000000000000011d] R[r 0=0000000000000000] inst=[0000ffed] DASM(0000ffed)
C0:      14567 [1] pc=[0000000080002768] W[r 0=0000000000000000][0] R[r13=0000000080022800] R[r14=0010001000000000] inst=[04e6b07b] DASM(04e6b07b)
C0:      14568 [1] pc=[000000008000276c] W[r15=000000000000011c][1] R[r15=000000000000011d] R[r 0=0000000000000000] inst=[000037fd] DASM(000037fd)
C0:      14569 [1] pc=[000000008000276e] W[r 0=0000000000000000][0] R[r15=000000000000011c] R[r 0=0000000000000000] inst=[0000ffed] DASM(0000ffed)
C0:      14584 [1] pc=[0000000080002768] W[r 0=0000000000000000][0] R[r13=0000000080022800] R[r14=0010001000000000] inst=[04e6b07b] DASM(04e6b07b)
C0:      14585 [1] pc=[000000008000276c] W[r15=000000000000011b][1] R[r15=000000000000011c] R[r 0=0000000000000000] inst=[000037fd] DASM(000037fd)
C0:      14586 [1] pc=[000000008000276e] W[r 0=0000000000000000][0] R[r15=000000000000011b] R[r 0=0000000000000000] inst=[0000ffed] DASM(0000ffed)
C0:      14603 [1] pc=[0000000080002768] W[r 0=0000000000000000][0] R[r13=0000000080022800] R[r14=0010001000000000] inst=[04e6b07b] DASM(04e6b07b)
C0:      14604 [1] pc=[000000008000276c] W[r15=000000000000011a][1] R[r15=000000000000011b] R[r 0=0000000000000000] inst=[000037fd] DASM(000037fd)
C0:      14605 [1] pc=[000000008000276e] W[r 0=0000000000000000][0] R[r15=000000000000011a] R[r 0=0000000000000000] inst=[0000ffed] DASM(0000ffed)
C0:      14619 [1] pc=[0000000080002768] W[r 0=0000000000000000][0] R[r13=0000000080022800] R[r14=0010001000000000] inst=[04e6b07b] DASM(04e6b07b)
C0:      14620 [1] pc=[000000008000276c] W[r15=0000000000000119][1] R[r15=000000000000011a] R[r 0=0000000000000000] inst=[000037fd] DASM(000037fd)
C0:      14621 [1] pc=[000000008000276e] W[r 0=0000000000000000][0] R[r15=0000000000000119] R[r 0=0000000000000000] inst=[0000ffed] DASM(0000ffed)
C0:      14638 [1] pc=[0000000080002768] W[r 0=0000000000000000][0] R[r13=0000000080022800] R[r14=0010001000000000] inst=[04e6b07b] DASM(04e6b07b)
C0:      14639 [1] pc=[000000008000276c] W[r15=0000000000000118][1] R[r15=0000000000000119] R[r 0=0000000000000000] inst=[000037fd] DASM(000037fd)
C0:      14640 [1] pc=[000000008000276e] W[r 0=0000000000000000][0] R[r15=0000000000000118] R[r 0=0000000000000000] inst=[0000ffed] DASM(0000ffed)
C0:      14655 [1] pc=[0000000080002768] W[r 0=0000000000000000][0] R[r13=0000000080022800] R[r14=0010001000000000] inst=[04e6b07b] DASM(04e6b07b)
C0:      14656 [1] pc=[000000008000276c] W[r15=0000000000000117][1] R[r15=0000000000000118] R[r 0=0000000000000000] inst=[000037fd] DASM(000037fd)
C0:      14657 [1] pc=[000000008000276e] W[r 0=0000000000000000][0] R[r15=0000000000000117] R[r 0=0000000000000000] inst=[0000ffed] DASM(0000ffed)
C0:      14673 [1] pc=[0000000080002768] W[r 0=0000000000000000][0] R[r13=0000000080022800] R[r14=0010001000000000] inst=[04e6b07b] DASM(04e6b07b)
C0:      14674 [1] pc=[000000008000276c] W[r15=0000000000000116][1] R[r15=0000000000000117] R[r 0=0000000000000000] inst=[000037fd] DASM(000037fd)
C0:      14675 [1] pc=[000000008000276e] W[r 0=0000000000000000][0] R[r15=0000000000000116] R[r 0=0000000000000000] inst=[0000ffed] DASM(0000ffed)
C0:      14691 [1] pc=[0000000080002768] W[r 0=0000000000000000][0] R[r13=0000000080022800] R[r14=0010001000000000] inst=[04e6b07b] DASM(04e6b07b)
C0:      14692 [1] pc=[000000008000276c] W[r15=0000000000000115][1] R[r15=0000000000000116] R[r 0=0000000000000000] inst=[000037fd] DASM(000037fd)
C0:      14693 [1] pc=[000000008000276e] W[r 0=0000000000000000][0] R[r15=0000000000000115] R[r 0=0000000000000000] inst=[0000ffed] DASM(0000ffed)
C0:      14708 [1] pc=[0000000080002768] W[r 0=0000000000000000][0] R[r13=0000000080022800] R[r14=0010001000000000] inst=[04e6b07b] DASM(04e6b07b)
C0:      14709 [1] pc=[000000008000276c] W[r15=0000000000000114][1] R[r15=0000000000000115] R[r 0=0000000000000000] inst=[000037fd] DASM(000037fd)
C0:      14710 [1] pc=[000000008000276e] W[r 0=0000000000000000][0] R[r15=0000000000000114] R[r 0=0000000000000000] inst=[0000ffed] DASM(0000ffed)
C0:      14726 [1] pc=[0000000080002768] W[r 0=0000000000000000][0] R[r13=0000000080022800] R[r14=0010001000000000] inst=[04e6b07b] DASM(04e6b07b)
C0:      14727 [1] pc=[000000008000276c] W[r15=0000000000000113][1] R[r15=0000000000000114] R[r 0=0000000000000000] inst=[000037fd] DASM(000037fd)
C0:      14728 [1] pc=[000000008000276e] W[r 0=0000000000000000][0] R[r15=0000000000000113] R[r 0=0000000000000000] inst=[0000ffed] DASM(0000ffed)
C0:      14744 [1] pc=[0000000080002768] W[r 0=0000000000000000][0] R[r13=0000000080022800] R[r14=0010001000000000] inst=[04e6b07b] DASM(04e6b07b)
C0:      14745 [1] pc=[000000008000276c] W[r15=0000000000000112][1] R[r15=0000000000000113] R[r 0=0000000000000000] inst=[000037fd] DASM(000037fd)
C0:      14746 [1] pc=[000000008000276e] W[r 0=0000000000000000][0] R[r15=0000000000000112] R[r 0=0000000000000000] inst=[0000ffed] DASM(0000ffed)
C0:      14761 [1] pc=[0000000080002768] W[r 0=0000000000000000][0] R[r13=0000000080022800] R[r14=0010001000000000] inst=[04e6b07b] DASM(04e6b07b)
C0:      14762 [1] pc=[000000008000276c] W[r15=0000000000000111][1] R[r15=0000000000000112] R[r 0=0000000000000000] inst=[000037fd] DASM(000037fd)
C0:      14763 [1] pc=[000000008000276e] W[r 0=0000000000000000][0] R[r15=0000000000000111] R[r 0=0000000000000000] inst=[0000ffed] DASM(0000ffed)
C0:      14780 [1] pc=[0000000080002768] W[r 0=0000000000000000][0] R[r13=0000000080022800] R[r14=0010001000000000] inst=[04e6b07b] DASM(04e6b07b)
C0:      14781 [1] pc=[000000008000276c] W[r15=0000000000000110][1] R[r15=0000000000000111] R[r 0=0000000000000000] inst=[000037fd] DASM(000037fd)
C0:      14782 [1] pc=[000000008000276e] W[r 0=0000000000000000][0] R[r15=0000000000000110] R[r 0=0000000000000000] inst=[0000ffed] DASM(0000ffed)
C0:      14796 [1] pc=[0000000080002768] W[r 0=0000000000000000][0] R[r13=0000000080022800] R[r14=0010001000000000] inst=[04e6b07b] DASM(04e6b07b)
C0:      14797 [1] pc=[000000008000276c] W[r15=000000000000010f][1] R[r15=0000000000000110] R[r 0=0000000000000000] inst=[000037fd] DASM(000037fd)
C0:      14798 [1] pc=[000000008000276e] W[r 0=0000000000000000][0] R[r15=000000000000010f] R[r 0=0000000000000000] inst=[0000ffed] DASM(0000ffed)
C0:      14816 [1] pc=[0000000080002768] W[r 0=0000000000000000][0] R[r13=0000000080022800] R[r14=0010001000000000] inst=[04e6b07b] DASM(04e6b07b)
C0:      14817 [1] pc=[000000008000276c] W[r15=000000000000010e][1] R[r15=000000000000010f] R[r 0=0000000000000000] inst=[000037fd] DASM(000037fd)
C0:      14818 [1] pc=[000000008000276e] W[r 0=0000000000000000][0] R[r15=000000000000010e] R[r 0=0000000000000000] inst=[0000ffed] DASM(0000ffed)
C0:      14833 [1] pc=[0000000080002768] W[r 0=0000000000000000][0] R[r13=0000000080022800] R[r14=0010001000000000] inst=[04e6b07b] DASM(04e6b07b)
C0:      14834 [1] pc=[000000008000276c] W[r15=000000000000010d][1] R[r15=000000000000010e] R[r 0=0000000000000000] inst=[000037fd] DASM(000037fd)
C0:      14835 [1] pc=[000000008000276e] W[r 0=0000000000000000][0] R[r15=000000000000010d] R[r 0=0000000000000000] inst=[0000ffed] DASM(0000ffed)
C0:      14851 [1] pc=[0000000080002768] W[r 0=0000000000000000][0] R[r13=0000000080022800] R[r14=0010001000000000] inst=[04e6b07b] DASM(04e6b07b)
C0:      14852 [1] pc=[000000008000276c] W[r15=000000000000010c][1] R[r15=000000000000010d] R[r 0=0000000000000000] inst=[000037fd] DASM(000037fd)
C0:      14853 [1] pc=[000000008000276e] W[r 0=0000000000000000][0] R[r15=000000000000010c] R[r 0=0000000000000000] inst=[0000ffed] DASM(0000ffed)
C0:      14869 [1] pc=[0000000080002768] W[r 0=0000000000000000][0] R[r13=0000000080022800] R[r14=0010001000000000] inst=[04e6b07b] DASM(04e6b07b)
C0:      14870 [1] pc=[000000008000276c] W[r15=000000000000010b][1] R[r15=000000000000010c] R[r 0=0000000000000000] inst=[000037fd] DASM(000037fd)
C0:      14871 [1] pc=[000000008000276e] W[r 0=0000000000000000][0] R[r15=000000000000010b] R[r 0=0000000000000000] inst=[0000ffed] DASM(0000ffed)
C0:      14886 [1] pc=[0000000080002768] W[r 0=0000000000000000][0] R[r13=0000000080022800] R[r14=0010001000000000] inst=[04e6b07b] DASM(04e6b07b)
C0:      14887 [1] pc=[000000008000276c] W[r15=000000000000010a][1] R[r15=000000000000010b] R[r 0=0000000000000000] inst=[000037fd] DASM(000037fd)
C0:      14888 [1] pc=[000000008000276e] W[r 0=0000000000000000][0] R[r15=000000000000010a] R[r 0=0000000000000000] inst=[0000ffed] DASM(0000ffed)
C0:      14905 [1] pc=[0000000080002768] W[r 0=0000000000000000][0] R[r13=0000000080022800] R[r14=0010001000000000] inst=[04e6b07b] DASM(04e6b07b)
C0:      14906 [1] pc=[000000008000276c] W[r15=0000000000000109][1] R[r15=000000000000010a] R[r 0=0000000000000000] inst=[000037fd] DASM(000037fd)
C0:      14907 [1] pc=[000000008000276e] W[r 0=0000000000000000][0] R[r15=0000000000000109] R[r 0=0000000000000000] inst=[0000ffed] DASM(0000ffed)
C0:      14922 [1] pc=[0000000080002768] W[r 0=0000000000000000][0] R[r13=0000000080022800] R[r14=0010001000000000] inst=[04e6b07b] DASM(04e6b07b)
C0:      14923 [1] pc=[000000008000276c] W[r15=0000000000000108][1] R[r15=0000000000000109] R[r 0=0000000000000000] inst=[000037fd] DASM(000037fd)
C0:      14924 [1] pc=[000000008000276e] W[r 0=0000000000000000][0] R[r15=0000000000000108] R[r 0=0000000000000000] inst=[0000ffed] DASM(0000ffed)
C0:      14940 [1] pc=[0000000080002768] W[r 0=0000000000000000][0] R[r13=0000000080022800] R[r14=0010001000000000] inst=[04e6b07b] DASM(04e6b07b)
C0:      14941 [1] pc=[000000008000276c] W[r15=0000000000000107][1] R[r15=0000000000000108] R[r 0=0000000000000000] inst=[000037fd] DASM(000037fd)
C0:      14942 [1] pc=[000000008000276e] W[r 0=0000000000000000][0] R[r15=0000000000000107] R[r 0=0000000000000000] inst=[0000ffed] DASM(0000ffed)
C0:      14958 [1] pc=[0000000080002768] W[r 0=0000000000000000][0] R[r13=0000000080022800] R[r14=0010001000000000] inst=[04e6b07b] DASM(04e6b07b)
C0:      14959 [1] pc=[000000008000276c] W[r15=0000000000000106][1] R[r15=0000000000000107] R[r 0=0000000000000000] inst=[000037fd] DASM(000037fd)
C0:      14960 [1] pc=[000000008000276e] W[r 0=0000000000000000][0] R[r15=0000000000000106] R[r 0=0000000000000000] inst=[0000ffed] DASM(0000ffed)
C0:      14975 [1] pc=[0000000080002768] W[r 0=0000000000000000][0] R[r13=0000000080022800] R[r14=0010001000000000] inst=[04e6b07b] DASM(04e6b07b)
C0:      14976 [1] pc=[000000008000276c] W[r15=0000000000000105][1] R[r15=0000000000000106] R[r 0=0000000000000000] inst=[000037fd] DASM(000037fd)
C0:      14977 [1] pc=[000000008000276e] W[r 0=0000000000000000][0] R[r15=0000000000000105] R[r 0=0000000000000000] inst=[0000ffed] DASM(0000ffed)
C0:      14994 [1] pc=[0000000080002768] W[r 0=0000000000000000][0] R[r13=0000000080022800] R[r14=0010001000000000] inst=[04e6b07b] DASM(04e6b07b)
C0:      14995 [1] pc=[000000008000276c] W[r15=0000000000000104][1] R[r15=0000000000000105] R[r 0=0000000000000000] inst=[000037fd] DASM(000037fd)
C0:      14996 [1] pc=[000000008000276e] W[r 0=0000000000000000][0] R[r15=0000000000000104] R[r 0=0000000000000000] inst=[0000ffed] DASM(0000ffed)
C0:      15011 [1] pc=[0000000080002768] W[r 0=0000000000000000][0] R[r13=0000000080022800] R[r14=0010001000000000] inst=[04e6b07b] DASM(04e6b07b)
C0:      15012 [1] pc=[000000008000276c] W[r15=0000000000000103][1] R[r15=0000000000000104] R[r 0=0000000000000000] inst=[000037fd] DASM(000037fd)
C0:      15013 [1] pc=[000000008000276e] W[r 0=0000000000000000][0] R[r15=0000000000000103] R[r 0=0000000000000000] inst=[0000ffed] DASM(0000ffed)
C0:      15029 [1] pc=[0000000080002768] W[r 0=0000000000000000][0] R[r13=0000000080022800] R[r14=0010001000000000] inst=[04e6b07b] DASM(04e6b07b)
C0:      15030 [1] pc=[000000008000276c] W[r15=0000000000000102][1] R[r15=0000000000000103] R[r 0=0000000000000000] inst=[000037fd] DASM(000037fd)
C0:      15031 [1] pc=[000000008000276e] W[r 0=0000000000000000][0] R[r15=0000000000000102] R[r 0=0000000000000000] inst=[0000ffed] DASM(0000ffed)
C0:      15047 [1] pc=[0000000080002768] W[r 0=0000000000000000][0] R[r13=0000000080022800] R[r14=0010001000000000] inst=[04e6b07b] DASM(04e6b07b)
C0:      15048 [1] pc=[000000008000276c] W[r15=0000000000000101][1] R[r15=0000000000000102] R[r 0=0000000000000000] inst=[000037fd] DASM(000037fd)
C0:      15049 [1] pc=[000000008000276e] W[r 0=0000000000000000][0] R[r15=0000000000000101] R[r 0=0000000000000000] inst=[0000ffed] DASM(0000ffed)
C0:      15064 [1] pc=[0000000080002768] W[r 0=0000000000000000][0] R[r13=0000000080022800] R[r14=0010001000000000] inst=[04e6b07b] DASM(04e6b07b)
C0:      15065 [1] pc=[000000008000276c] W[r15=0000000000000100][1] R[r15=0000000000000101] R[r 0=0000000000000000] inst=[000037fd] DASM(000037fd)
C0:      15066 [1] pc=[000000008000276e] W[r 0=0000000000000000][0] R[r15=0000000000000100] R[r 0=0000000000000000] inst=[0000ffed] DASM(0000ffed)
C0:      15083 [1] pc=[0000000080002768] W[r 0=0000000000000000][0] R[r13=0000000080022800] R[r14=0010001000000000] inst=[04e6b07b] DASM(04e6b07b)
C0:      15084 [1] pc=[000000008000276c] W[r15=00000000000000ff][1] R[r15=0000000000000100] R[r 0=0000000000000000] inst=[000037fd] DASM(000037fd)
C0:      15085 [1] pc=[000000008000276e] W[r 0=0000000000000000][0] R[r15=00000000000000ff] R[r 0=0000000000000000] inst=[0000ffed] DASM(0000ffed)
C0:      15099 [1] pc=[0000000080002768] W[r 0=0000000000000000][0] R[r13=0000000080022800] R[r14=0010001000000000] inst=[04e6b07b] DASM(04e6b07b)
C0:      15100 [1] pc=[000000008000276c] W[r15=00000000000000fe][1] R[r15=00000000000000ff] R[r 0=0000000000000000] inst=[000037fd] DASM(000037fd)
C0:      15101 [1] pc=[000000008000276e] W[r 0=0000000000000000][0] R[r15=00000000000000fe] R[r 0=0000000000000000] inst=[0000ffed] DASM(0000ffed)
C0:      15118 [1] pc=[0000000080002768] W[r 0=0000000000000000][0] R[r13=0000000080022800] R[r14=0010001000000000] inst=[04e6b07b] DASM(04e6b07b)
C0:      15119 [1] pc=[000000008000276c] W[r15=00000000000000fd][1] R[r15=00000000000000fe] R[r 0=0000000000000000] inst=[000037fd] DASM(000037fd)
C0:      15120 [1] pc=[000000008000276e] W[r 0=0000000000000000][0] R[r15=00000000000000fd] R[r 0=0000000000000000] inst=[0000ffed] DASM(0000ffed)
C0:      15135 [1] pc=[0000000080002768] W[r 0=0000000000000000][0] R[r13=0000000080022800] R[r14=0010001000000000] inst=[04e6b07b] DASM(04e6b07b)
C0:      15136 [1] pc=[000000008000276c] W[r15=00000000000000fc][1] R[r15=00000000000000fd] R[r 0=0000000000000000] inst=[000037fd] DASM(000037fd)
C0:      15137 [1] pc=[000000008000276e] W[r 0=0000000000000000][0] R[r15=00000000000000fc] R[r 0=0000000000000000] inst=[0000ffed] DASM(0000ffed)
C0:      15153 [1] pc=[0000000080002768] W[r 0=0000000000000000][0] R[r13=0000000080022800] R[r14=0010001000000000] inst=[04e6b07b] DASM(04e6b07b)
C0:      15154 [1] pc=[000000008000276c] W[r15=00000000000000fb][1] R[r15=00000000000000fc] R[r 0=0000000000000000] inst=[000037fd] DASM(000037fd)
C0:      15155 [1] pc=[000000008000276e] W[r 0=0000000000000000][0] R[r15=00000000000000fb] R[r 0=0000000000000000] inst=[0000ffed] DASM(0000ffed)
C0:      15171 [1] pc=[0000000080002768] W[r 0=0000000000000000][0] R[r13=0000000080022800] R[r14=0010001000000000] inst=[04e6b07b] DASM(04e6b07b)
C0:      15172 [1] pc=[000000008000276c] W[r15=00000000000000fa][1] R[r15=00000000000000fb] R[r 0=0000000000000000] inst=[000037fd] DASM(000037fd)
C0:      15173 [1] pc=[000000008000276e] W[r 0=0000000000000000][0] R[r15=00000000000000fa] R[r 0=0000000000000000] inst=[0000ffed] DASM(0000ffed)
C0:      15188 [1] pc=[0000000080002768] W[r 0=0000000000000000][0] R[r13=0000000080022800] R[r14=0010001000000000] inst=[04e6b07b] DASM(04e6b07b)
C0:      15189 [1] pc=[000000008000276c] W[r15=00000000000000f9][1] R[r15=00000000000000fa] R[r 0=0000000000000000] inst=[000037fd] DASM(000037fd)
C0:      15190 [1] pc=[000000008000276e] W[r 0=0000000000000000][0] R[r15=00000000000000f9] R[r 0=0000000000000000] inst=[0000ffed] DASM(0000ffed)
C0:      15206 [1] pc=[0000000080002768] W[r 0=0000000000000000][0] R[r13=0000000080022800] R[r14=0010001000000000] inst=[04e6b07b] DASM(04e6b07b)
C0:      15207 [1] pc=[000000008000276c] W[r15=00000000000000f8][1] R[r15=00000000000000f9] R[r 0=0000000000000000] inst=[000037fd] DASM(000037fd)
C0:      15208 [1] pc=[000000008000276e] W[r 0=0000000000000000][0] R[r15=00000000000000f8] R[r 0=0000000000000000] inst=[0000ffed] DASM(0000ffed)
C0:      15224 [1] pc=[0000000080002768] W[r 0=0000000000000000][0] R[r13=0000000080022800] R[r14=0010001000000000] inst=[04e6b07b] DASM(04e6b07b)
C0:      15225 [1] pc=[000000008000276c] W[r15=00000000000000f7][1] R[r15=00000000000000f8] R[r 0=0000000000000000] inst=[000037fd] DASM(000037fd)
C0:      15226 [1] pc=[000000008000276e] W[r 0=0000000000000000][0] R[r15=00000000000000f7] R[r 0=0000000000000000] inst=[0000ffed] DASM(0000ffed)
C0:      15241 [1] pc=[0000000080002768] W[r 0=0000000000000000][0] R[r13=0000000080022800] R[r14=0010001000000000] inst=[04e6b07b] DASM(04e6b07b)
C0:      15242 [1] pc=[000000008000276c] W[r15=00000000000000f6][1] R[r15=00000000000000f7] R[r 0=0000000000000000] inst=[000037fd] DASM(000037fd)
C0:      15243 [1] pc=[000000008000276e] W[r 0=0000000000000000][0] R[r15=00000000000000f6] R[r 0=0000000000000000] inst=[0000ffed] DASM(0000ffed)
C0:      15260 [1] pc=[0000000080002768] W[r 0=0000000000000000][0] R[r13=0000000080022800] R[r14=0010001000000000] inst=[04e6b07b] DASM(04e6b07b)
C0:      15261 [1] pc=[000000008000276c] W[r15=00000000000000f5][1] R[r15=00000000000000f6] R[r 0=0000000000000000] inst=[000037fd] DASM(000037fd)
C0:      15262 [1] pc=[000000008000276e] W[r 0=0000000000000000][0] R[r15=00000000000000f5] R[r 0=0000000000000000] inst=[0000ffed] DASM(0000ffed)
C0:      15276 [1] pc=[0000000080002768] W[r 0=0000000000000000][0] R[r13=0000000080022800] R[r14=0010001000000000] inst=[04e6b07b] DASM(04e6b07b)
C0:      15277 [1] pc=[000000008000276c] W[r15=00000000000000f4][1] R[r15=00000000000000f5] R[r 0=0000000000000000] inst=[000037fd] DASM(000037fd)
C0:      15278 [1] pc=[000000008000276e] W[r 0=0000000000000000][0] R[r15=00000000000000f4] R[r 0=0000000000000000] inst=[0000ffed] DASM(0000ffed)
C0:      15296 [1] pc=[0000000080002768] W[r 0=0000000000000000][0] R[r13=0000000080022800] R[r14=0010001000000000] inst=[04e6b07b] DASM(04e6b07b)
C0:      15297 [1] pc=[000000008000276c] W[r15=00000000000000f3][1] R[r15=00000000000000f4] R[r 0=0000000000000000] inst=[000037fd] DASM(000037fd)
C0:      15298 [1] pc=[000000008000276e] W[r 0=0000000000000000][0] R[r15=00000000000000f3] R[r 0=0000000000000000] inst=[0000ffed] DASM(0000ffed)
C0:      15313 [1] pc=[0000000080002768] W[r 0=0000000000000000][0] R[r13=0000000080022800] R[r14=0010001000000000] inst=[04e6b07b] DASM(04e6b07b)
C0:      15314 [1] pc=[000000008000276c] W[r15=00000000000000f2][1] R[r15=00000000000000f3] R[r 0=0000000000000000] inst=[000037fd] DASM(000037fd)
C0:      15315 [1] pc=[000000008000276e] W[r 0=0000000000000000][0] R[r15=00000000000000f2] R[r 0=0000000000000000] inst=[0000ffed] DASM(0000ffed)
C0:      15331 [1] pc=[0000000080002768] W[r 0=0000000000000000][0] R[r13=0000000080022800] R[r14=0010001000000000] inst=[04e6b07b] DASM(04e6b07b)
C0:      15332 [1] pc=[000000008000276c] W[r15=00000000000000f1][1] R[r15=00000000000000f2] R[r 0=0000000000000000] inst=[000037fd] DASM(000037fd)
C0:      15333 [1] pc=[000000008000276e] W[r 0=0000000000000000][0] R[r15=00000000000000f1] R[r 0=0000000000000000] inst=[0000ffed] DASM(0000ffed)
C0:      15349 [1] pc=[0000000080002768] W[r 0=0000000000000000][0] R[r13=0000000080022800] R[r14=0010001000000000] inst=[04e6b07b] DASM(04e6b07b)
C0:      15350 [1] pc=[000000008000276c] W[r15=00000000000000f0][1] R[r15=00000000000000f1] R[r 0=0000000000000000] inst=[000037fd] DASM(000037fd)
C0:      15351 [1] pc=[000000008000276e] W[r 0=0000000000000000][0] R[r15=00000000000000f0] R[r 0=0000000000000000] inst=[0000ffed] DASM(0000ffed)
C0:      15366 [1] pc=[0000000080002768] W[r 0=0000000000000000][0] R[r13=0000000080022800] R[r14=0010001000000000] inst=[04e6b07b] DASM(04e6b07b)
C0:      15367 [1] pc=[000000008000276c] W[r15=00000000000000ef][1] R[r15=00000000000000f0] R[r 0=0000000000000000] inst=[000037fd] DASM(000037fd)
C0:      15368 [1] pc=[000000008000276e] W[r 0=0000000000000000][0] R[r15=00000000000000ef] R[r 0=0000000000000000] inst=[0000ffed] DASM(0000ffed)
C0:      15385 [1] pc=[0000000080002768] W[r 0=0000000000000000][0] R[r13=0000000080022800] R[r14=0010001000000000] inst=[04e6b07b] DASM(04e6b07b)
C0:      15386 [1] pc=[000000008000276c] W[r15=00000000000000ee][1] R[r15=00000000000000ef] R[r 0=0000000000000000] inst=[000037fd] DASM(000037fd)
C0:      15387 [1] pc=[000000008000276e] W[r 0=0000000000000000][0] R[r15=00000000000000ee] R[r 0=0000000000000000] inst=[0000ffed] DASM(0000ffed)
C0:      15402 [1] pc=[0000000080002768] W[r 0=0000000000000000][0] R[r13=0000000080022800] R[r14=0010001000000000] inst=[04e6b07b] DASM(04e6b07b)
C0:      15403 [1] pc=[000000008000276c] W[r15=00000000000000ed][1] R[r15=00000000000000ee] R[r 0=0000000000000000] inst=[000037fd] DASM(000037fd)
C0:      15404 [1] pc=[000000008000276e] W[r 0=0000000000000000][0] R[r15=00000000000000ed] R[r 0=0000000000000000] inst=[0000ffed] DASM(0000ffed)
C0:      15420 [1] pc=[0000000080002768] W[r 0=0000000000000000][0] R[r13=0000000080022800] R[r14=0010001000000000] inst=[04e6b07b] DASM(04e6b07b)
C0:      15421 [1] pc=[000000008000276c] W[r15=00000000000000ec][1] R[r15=00000000000000ed] R[r 0=0000000000000000] inst=[000037fd] DASM(000037fd)
C0:      15422 [1] pc=[000000008000276e] W[r 0=0000000000000000][0] R[r15=00000000000000ec] R[r 0=0000000000000000] inst=[0000ffed] DASM(0000ffed)
C0:      15438 [1] pc=[0000000080002768] W[r 0=0000000000000000][0] R[r13=0000000080022800] R[r14=0010001000000000] inst=[04e6b07b] DASM(04e6b07b)
C0:      15439 [1] pc=[000000008000276c] W[r15=00000000000000eb][1] R[r15=00000000000000ec] R[r 0=0000000000000000] inst=[000037fd] DASM(000037fd)
C0:      15440 [1] pc=[000000008000276e] W[r 0=0000000000000000][0] R[r15=00000000000000eb] R[r 0=0000000000000000] inst=[0000ffed] DASM(0000ffed)
C0:      15455 [1] pc=[0000000080002768] W[r 0=0000000000000000][0] R[r13=0000000080022800] R[r14=0010001000000000] inst=[04e6b07b] DASM(04e6b07b)
C0:      15456 [1] pc=[000000008000276c] W[r15=00000000000000ea][1] R[r15=00000000000000eb] R[r 0=0000000000000000] inst=[000037fd] DASM(000037fd)
C0:      15457 [1] pc=[000000008000276e] W[r 0=0000000000000000][0] R[r15=00000000000000ea] R[r 0=0000000000000000] inst=[0000ffed] DASM(0000ffed)
C0:      15474 [1] pc=[0000000080002768] W[r 0=0000000000000000][0] R[r13=0000000080022800] R[r14=0010001000000000] inst=[04e6b07b] DASM(04e6b07b)
C0:      15475 [1] pc=[000000008000276c] W[r15=00000000000000e9][1] R[r15=00000000000000ea] R[r 0=0000000000000000] inst=[000037fd] DASM(000037fd)
C0:      15476 [1] pc=[000000008000276e] W[r 0=0000000000000000][0] R[r15=00000000000000e9] R[r 0=0000000000000000] inst=[0000ffed] DASM(0000ffed)
C0:      15491 [1] pc=[0000000080002768] W[r 0=0000000000000000][0] R[r13=0000000080022800] R[r14=0010001000000000] inst=[04e6b07b] DASM(04e6b07b)
C0:      15492 [1] pc=[000000008000276c] W[r15=00000000000000e8][1] R[r15=00000000000000e9] R[r 0=0000000000000000] inst=[000037fd] DASM(000037fd)
C0:      15493 [1] pc=[000000008000276e] W[r 0=0000000000000000][0] R[r15=00000000000000e8] R[r 0=0000000000000000] inst=[0000ffed] DASM(0000ffed)
C0:      15509 [1] pc=[0000000080002768] W[r 0=0000000000000000][0] R[r13=0000000080022800] R[r14=0010001000000000] inst=[04e6b07b] DASM(04e6b07b)
C0:      15510 [1] pc=[000000008000276c] W[r15=00000000000000e7][1] R[r15=00000000000000e8] R[r 0=0000000000000000] inst=[000037fd] DASM(000037fd)
C0:      15511 [1] pc=[000000008000276e] W[r 0=0000000000000000][0] R[r15=00000000000000e7] R[r 0=0000000000000000] inst=[0000ffed] DASM(0000ffed)
C0:      15527 [1] pc=[0000000080002768] W[r 0=0000000000000000][0] R[r13=0000000080022800] R[r14=0010001000000000] inst=[04e6b07b] DASM(04e6b07b)
C0:      15528 [1] pc=[000000008000276c] W[r15=00000000000000e6][1] R[r15=00000000000000e7] R[r 0=0000000000000000] inst=[000037fd] DASM(000037fd)
C0:      15529 [1] pc=[000000008000276e] W[r 0=0000000000000000][0] R[r15=00000000000000e6] R[r 0=0000000000000000] inst=[0000ffed] DASM(0000ffed)
C0:      15544 [1] pc=[0000000080002768] W[r 0=0000000000000000][0] R[r13=0000000080022800] R[r14=0010001000000000] inst=[04e6b07b] DASM(04e6b07b)
C0:      15545 [1] pc=[000000008000276c] W[r15=00000000000000e5][1] R[r15=00000000000000e6] R[r 0=0000000000000000] inst=[000037fd] DASM(000037fd)
C0:      15546 [1] pc=[000000008000276e] W[r 0=0000000000000000][0] R[r15=00000000000000e5] R[r 0=0000000000000000] inst=[0000ffed] DASM(0000ffed)
C0:      15563 [1] pc=[0000000080002768] W[r 0=0000000000000000][0] R[r13=0000000080022800] R[r14=0010001000000000] inst=[04e6b07b] DASM(04e6b07b)
C0:      15564 [1] pc=[000000008000276c] W[r15=00000000000000e4][1] R[r15=00000000000000e5] R[r 0=0000000000000000] inst=[000037fd] DASM(000037fd)
C0:      15565 [1] pc=[000000008000276e] W[r 0=0000000000000000][0] R[r15=00000000000000e4] R[r 0=0000000000000000] inst=[0000ffed] DASM(0000ffed)
C0:      15579 [1] pc=[0000000080002768] W[r 0=0000000000000000][0] R[r13=0000000080022800] R[r14=0010001000000000] inst=[04e6b07b] DASM(04e6b07b)
C0:      15580 [1] pc=[000000008000276c] W[r15=00000000000000e3][1] R[r15=00000000000000e4] R[r 0=0000000000000000] inst=[000037fd] DASM(000037fd)
C0:      15581 [1] pc=[000000008000276e] W[r 0=0000000000000000][0] R[r15=00000000000000e3] R[r 0=0000000000000000] inst=[0000ffed] DASM(0000ffed)
C0:      15598 [1] pc=[0000000080002768] W[r 0=0000000000000000][0] R[r13=0000000080022800] R[r14=0010001000000000] inst=[04e6b07b] DASM(04e6b07b)
C0:      15599 [1] pc=[000000008000276c] W[r15=00000000000000e2][1] R[r15=00000000000000e3] R[r 0=0000000000000000] inst=[000037fd] DASM(000037fd)
C0:      15600 [1] pc=[000000008000276e] W[r 0=0000000000000000][0] R[r15=00000000000000e2] R[r 0=0000000000000000] inst=[0000ffed] DASM(0000ffed)
C0:      15615 [1] pc=[0000000080002768] W[r 0=0000000000000000][0] R[r13=0000000080022800] R[r14=0010001000000000] inst=[04e6b07b] DASM(04e6b07b)
C0:      15616 [1] pc=[000000008000276c] W[r15=00000000000000e1][1] R[r15=00000000000000e2] R[r 0=0000000000000000] inst=[000037fd] DASM(000037fd)
C0:      15617 [1] pc=[000000008000276e] W[r 0=0000000000000000][0] R[r15=00000000000000e1] R[r 0=0000000000000000] inst=[0000ffed] DASM(0000ffed)
C0:      15633 [1] pc=[0000000080002768] W[r 0=0000000000000000][0] R[r13=0000000080022800] R[r14=0010001000000000] inst=[04e6b07b] DASM(04e6b07b)
C0:      15634 [1] pc=[000000008000276c] W[r15=00000000000000e0][1] R[r15=00000000000000e1] R[r 0=0000000000000000] inst=[000037fd] DASM(000037fd)
C0:      15635 [1] pc=[000000008000276e] W[r 0=0000000000000000][0] R[r15=00000000000000e0] R[r 0=0000000000000000] inst=[0000ffed] DASM(0000ffed)
C0:      15651 [1] pc=[0000000080002768] W[r 0=0000000000000000][0] R[r13=0000000080022800] R[r14=0010001000000000] inst=[04e6b07b] DASM(04e6b07b)
C0:      15652 [1] pc=[000000008000276c] W[r15=00000000000000df][1] R[r15=00000000000000e0] R[r 0=0000000000000000] inst=[000037fd] DASM(000037fd)
C0:      15653 [1] pc=[000000008000276e] W[r 0=0000000000000000][0] R[r15=00000000000000df] R[r 0=0000000000000000] inst=[0000ffed] DASM(0000ffed)
C0:      15668 [1] pc=[0000000080002768] W[r 0=0000000000000000][0] R[r13=0000000080022800] R[r14=0010001000000000] inst=[04e6b07b] DASM(04e6b07b)
C0:      15669 [1] pc=[000000008000276c] W[r15=00000000000000de][1] R[r15=00000000000000df] R[r 0=0000000000000000] inst=[000037fd] DASM(000037fd)
C0:      15670 [1] pc=[000000008000276e] W[r 0=0000000000000000][0] R[r15=00000000000000de] R[r 0=0000000000000000] inst=[0000ffed] DASM(0000ffed)
C0:      15686 [1] pc=[0000000080002768] W[r 0=0000000000000000][0] R[r13=0000000080022800] R[r14=0010001000000000] inst=[04e6b07b] DASM(04e6b07b)
C0:      15687 [1] pc=[000000008000276c] W[r15=00000000000000dd][1] R[r15=00000000000000de] R[r 0=0000000000000000] inst=[000037fd] DASM(000037fd)
C0:      15688 [1] pc=[000000008000276e] W[r 0=0000000000000000][0] R[r15=00000000000000dd] R[r 0=0000000000000000] inst=[0000ffed] DASM(0000ffed)
C0:      15704 [1] pc=[0000000080002768] W[r 0=0000000000000000][0] R[r13=0000000080022800] R[r14=0010001000000000] inst=[04e6b07b] DASM(04e6b07b)
C0:      15705 [1] pc=[000000008000276c] W[r15=00000000000000dc][1] R[r15=00000000000000dd] R[r 0=0000000000000000] inst=[000037fd] DASM(000037fd)
C0:      15706 [1] pc=[000000008000276e] W[r 0=0000000000000000][0] R[r15=00000000000000dc] R[r 0=0000000000000000] inst=[0000ffed] DASM(0000ffed)
C0:      15721 [1] pc=[0000000080002768] W[r 0=0000000000000000][0] R[r13=0000000080022800] R[r14=0010001000000000] inst=[04e6b07b] DASM(04e6b07b)
C0:      15722 [1] pc=[000000008000276c] W[r15=00000000000000db][1] R[r15=00000000000000dc] R[r 0=0000000000000000] inst=[000037fd] DASM(000037fd)
C0:      15723 [1] pc=[000000008000276e] W[r 0=0000000000000000][0] R[r15=00000000000000db] R[r 0=0000000000000000] inst=[0000ffed] DASM(0000ffed)
C0:      15740 [1] pc=[0000000080002768] W[r 0=0000000000000000][0] R[r13=0000000080022800] R[r14=0010001000000000] inst=[04e6b07b] DASM(04e6b07b)
C0:      15741 [1] pc=[000000008000276c] W[r15=00000000000000da][1] R[r15=00000000000000db] R[r 0=0000000000000000] inst=[000037fd] DASM(000037fd)
C0:      15742 [1] pc=[000000008000276e] W[r 0=0000000000000000][0] R[r15=00000000000000da] R[r 0=0000000000000000] inst=[0000ffed] DASM(0000ffed)
C0:      15756 [1] pc=[0000000080002768] W[r 0=0000000000000000][0] R[r13=0000000080022800] R[r14=0010001000000000] inst=[04e6b07b] DASM(04e6b07b)
C0:      15757 [1] pc=[000000008000276c] W[r15=00000000000000d9][1] R[r15=00000000000000da] R[r 0=0000000000000000] inst=[000037fd] DASM(000037fd)
C0:      15758 [1] pc=[000000008000276e] W[r 0=0000000000000000][0] R[r15=00000000000000d9] R[r 0=0000000000000000] inst=[0000ffed] DASM(0000ffed)
C0:      15776 [1] pc=[0000000080002768] W[r 0=0000000000000000][0] R[r13=0000000080022800] R[r14=0010001000000000] inst=[04e6b07b] DASM(04e6b07b)
C0:      15777 [1] pc=[000000008000276c] W[r15=00000000000000d8][1] R[r15=00000000000000d9] R[r 0=0000000000000000] inst=[000037fd] DASM(000037fd)
C0:      15778 [1] pc=[000000008000276e] W[r 0=0000000000000000][0] R[r15=00000000000000d8] R[r 0=0000000000000000] inst=[0000ffed] DASM(0000ffed)
C0:      15793 [1] pc=[0000000080002768] W[r 0=0000000000000000][0] R[r13=0000000080022800] R[r14=0010001000000000] inst=[04e6b07b] DASM(04e6b07b)
C0:      15794 [1] pc=[000000008000276c] W[r15=00000000000000d7][1] R[r15=00000000000000d8] R[r 0=0000000000000000] inst=[000037fd] DASM(000037fd)
C0:      15795 [1] pc=[000000008000276e] W[r 0=0000000000000000][0] R[r15=00000000000000d7] R[r 0=0000000000000000] inst=[0000ffed] DASM(0000ffed)
C0:      15811 [1] pc=[0000000080002768] W[r 0=0000000000000000][0] R[r13=0000000080022800] R[r14=0010001000000000] inst=[04e6b07b] DASM(04e6b07b)
C0:      15812 [1] pc=[000000008000276c] W[r15=00000000000000d6][1] R[r15=00000000000000d7] R[r 0=0000000000000000] inst=[000037fd] DASM(000037fd)
C0:      15813 [1] pc=[000000008000276e] W[r 0=0000000000000000][0] R[r15=00000000000000d6] R[r 0=0000000000000000] inst=[0000ffed] DASM(0000ffed)
C0:      15829 [1] pc=[0000000080002768] W[r 0=0000000000000000][0] R[r13=0000000080022800] R[r14=0010001000000000] inst=[04e6b07b] DASM(04e6b07b)
C0:      15830 [1] pc=[000000008000276c] W[r15=00000000000000d5][1] R[r15=00000000000000d6] R[r 0=0000000000000000] inst=[000037fd] DASM(000037fd)
C0:      15831 [1] pc=[000000008000276e] W[r 0=0000000000000000][0] R[r15=00000000000000d5] R[r 0=0000000000000000] inst=[0000ffed] DASM(0000ffed)
C0:      15846 [1] pc=[0000000080002768] W[r 0=0000000000000000][0] R[r13=0000000080022800] R[r14=0010001000000000] inst=[04e6b07b] DASM(04e6b07b)
C0:      15847 [1] pc=[000000008000276c] W[r15=00000000000000d4][1] R[r15=00000000000000d5] R[r 0=0000000000000000] inst=[000037fd] DASM(000037fd)
C0:      15848 [1] pc=[000000008000276e] W[r 0=0000000000000000][0] R[r15=00000000000000d4] R[r 0=0000000000000000] inst=[0000ffed] DASM(0000ffed)
C0:      15865 [1] pc=[0000000080002768] W[r 0=0000000000000000][0] R[r13=0000000080022800] R[r14=0010001000000000] inst=[04e6b07b] DASM(04e6b07b)
C0:      15866 [1] pc=[000000008000276c] W[r15=00000000000000d3][1] R[r15=00000000000000d4] R[r 0=0000000000000000] inst=[000037fd] DASM(000037fd)
C0:      15867 [1] pc=[000000008000276e] W[r 0=0000000000000000][0] R[r15=00000000000000d3] R[r 0=0000000000000000] inst=[0000ffed] DASM(0000ffed)
C0:      15882 [1] pc=[0000000080002768] W[r 0=0000000000000000][0] R[r13=0000000080022800] R[r14=0010001000000000] inst=[04e6b07b] DASM(04e6b07b)
C0:      15883 [1] pc=[000000008000276c] W[r15=00000000000000d2][1] R[r15=00000000000000d3] R[r 0=0000000000000000] inst=[000037fd] DASM(000037fd)
C0:      15884 [1] pc=[000000008000276e] W[r 0=0000000000000000][0] R[r15=00000000000000d2] R[r 0=0000000000000000] inst=[0000ffed] DASM(0000ffed)
C0:      15900 [1] pc=[0000000080002768] W[r 0=0000000000000000][0] R[r13=0000000080022800] R[r14=0010001000000000] inst=[04e6b07b] DASM(04e6b07b)
C0:      15901 [1] pc=[000000008000276c] W[r15=00000000000000d1][1] R[r15=00000000000000d2] R[r 0=0000000000000000] inst=[000037fd] DASM(000037fd)
C0:      15902 [1] pc=[000000008000276e] W[r 0=0000000000000000][0] R[r15=00000000000000d1] R[r 0=0000000000000000] inst=[0000ffed] DASM(0000ffed)
C0:      15918 [1] pc=[0000000080002768] W[r 0=0000000000000000][0] R[r13=0000000080022800] R[r14=0010001000000000] inst=[04e6b07b] DASM(04e6b07b)
C0:      15919 [1] pc=[000000008000276c] W[r15=00000000000000d0][1] R[r15=00000000000000d1] R[r 0=0000000000000000] inst=[000037fd] DASM(000037fd)
C0:      15920 [1] pc=[000000008000276e] W[r 0=0000000000000000][0] R[r15=00000000000000d0] R[r 0=0000000000000000] inst=[0000ffed] DASM(0000ffed)
C0:      15935 [1] pc=[0000000080002768] W[r 0=0000000000000000][0] R[r13=0000000080022800] R[r14=0010001000000000] inst=[04e6b07b] DASM(04e6b07b)
C0:      15936 [1] pc=[000000008000276c] W[r15=00000000000000cf][1] R[r15=00000000000000d0] R[r 0=0000000000000000] inst=[000037fd] DASM(000037fd)
C0:      15937 [1] pc=[000000008000276e] W[r 0=0000000000000000][0] R[r15=00000000000000cf] R[r 0=0000000000000000] inst=[0000ffed] DASM(0000ffed)
C0:      15954 [1] pc=[0000000080002768] W[r 0=0000000000000000][0] R[r13=0000000080022800] R[r14=0010001000000000] inst=[04e6b07b] DASM(04e6b07b)
C0:      15955 [1] pc=[000000008000276c] W[r15=00000000000000ce][1] R[r15=00000000000000cf] R[r 0=0000000000000000] inst=[000037fd] DASM(000037fd)
C0:      15956 [1] pc=[000000008000276e] W[r 0=0000000000000000][0] R[r15=00000000000000ce] R[r 0=0000000000000000] inst=[0000ffed] DASM(0000ffed)
C0:      15971 [1] pc=[0000000080002768] W[r 0=0000000000000000][0] R[r13=0000000080022800] R[r14=0010001000000000] inst=[04e6b07b] DASM(04e6b07b)
C0:      15972 [1] pc=[000000008000276c] W[r15=00000000000000cd][1] R[r15=00000000000000ce] R[r 0=0000000000000000] inst=[000037fd] DASM(000037fd)
C0:      15973 [1] pc=[000000008000276e] W[r 0=0000000000000000][0] R[r15=00000000000000cd] R[r 0=0000000000000000] inst=[0000ffed] DASM(0000ffed)
C0:      15989 [1] pc=[0000000080002768] W[r 0=0000000000000000][0] R[r13=0000000080022800] R[r14=0010001000000000] inst=[04e6b07b] DASM(04e6b07b)
C0:      15990 [1] pc=[000000008000276c] W[r15=00000000000000cc][1] R[r15=00000000000000cd] R[r 0=0000000000000000] inst=[000037fd] DASM(000037fd)
C0:      15991 [1] pc=[000000008000276e] W[r 0=0000000000000000][0] R[r15=00000000000000cc] R[r 0=0000000000000000] inst=[0000ffed] DASM(0000ffed)
C0:      16007 [1] pc=[0000000080002768] W[r 0=0000000000000000][0] R[r13=0000000080022800] R[r14=0010001000000000] inst=[04e6b07b] DASM(04e6b07b)
C0:      16008 [1] pc=[000000008000276c] W[r15=00000000000000cb][1] R[r15=00000000000000cc] R[r 0=0000000000000000] inst=[000037fd] DASM(000037fd)
C0:      16009 [1] pc=[000000008000276e] W[r 0=0000000000000000][0] R[r15=00000000000000cb] R[r 0=0000000000000000] inst=[0000ffed] DASM(0000ffed)
C0:      16024 [1] pc=[0000000080002768] W[r 0=0000000000000000][0] R[r13=0000000080022800] R[r14=0010001000000000] inst=[04e6b07b] DASM(04e6b07b)
C0:      16025 [1] pc=[000000008000276c] W[r15=00000000000000ca][1] R[r15=00000000000000cb] R[r 0=0000000000000000] inst=[000037fd] DASM(000037fd)
C0:      16026 [1] pc=[000000008000276e] W[r 0=0000000000000000][0] R[r15=00000000000000ca] R[r 0=0000000000000000] inst=[0000ffed] DASM(0000ffed)
C0:      16043 [1] pc=[0000000080002768] W[r 0=0000000000000000][0] R[r13=0000000080022800] R[r14=0010001000000000] inst=[04e6b07b] DASM(04e6b07b)
C0:      16044 [1] pc=[000000008000276c] W[r15=00000000000000c9][1] R[r15=00000000000000ca] R[r 0=0000000000000000] inst=[000037fd] DASM(000037fd)
C0:      16045 [1] pc=[000000008000276e] W[r 0=0000000000000000][0] R[r15=00000000000000c9] R[r 0=0000000000000000] inst=[0000ffed] DASM(0000ffed)
C0:      16059 [1] pc=[0000000080002768] W[r 0=0000000000000000][0] R[r13=0000000080022800] R[r14=0010001000000000] inst=[04e6b07b] DASM(04e6b07b)
C0:      16060 [1] pc=[000000008000276c] W[r15=00000000000000c8][1] R[r15=00000000000000c9] R[r 0=0000000000000000] inst=[000037fd] DASM(000037fd)
C0:      16061 [1] pc=[000000008000276e] W[r 0=0000000000000000][0] R[r15=00000000000000c8] R[r 0=0000000000000000] inst=[0000ffed] DASM(0000ffed)
C0:      16078 [1] pc=[0000000080002768] W[r 0=0000000000000000][0] R[r13=0000000080022800] R[r14=0010001000000000] inst=[04e6b07b] DASM(04e6b07b)
C0:      16079 [1] pc=[000000008000276c] W[r15=00000000000000c7][1] R[r15=00000000000000c8] R[r 0=0000000000000000] inst=[000037fd] DASM(000037fd)
C0:      16080 [1] pc=[000000008000276e] W[r 0=0000000000000000][0] R[r15=00000000000000c7] R[r 0=0000000000000000] inst=[0000ffed] DASM(0000ffed)
C0:      16095 [1] pc=[0000000080002768] W[r 0=0000000000000000][0] R[r13=0000000080022800] R[r14=0010001000000000] inst=[04e6b07b] DASM(04e6b07b)
C0:      16096 [1] pc=[000000008000276c] W[r15=00000000000000c6][1] R[r15=00000000000000c7] R[r 0=0000000000000000] inst=[000037fd] DASM(000037fd)
C0:      16097 [1] pc=[000000008000276e] W[r 0=0000000000000000][0] R[r15=00000000000000c6] R[r 0=0000000000000000] inst=[0000ffed] DASM(0000ffed)
C0:      16113 [1] pc=[0000000080002768] W[r 0=0000000000000000][0] R[r13=0000000080022800] R[r14=0010001000000000] inst=[04e6b07b] DASM(04e6b07b)
C0:      16114 [1] pc=[000000008000276c] W[r15=00000000000000c5][1] R[r15=00000000000000c6] R[r 0=0000000000000000] inst=[000037fd] DASM(000037fd)
C0:      16115 [1] pc=[000000008000276e] W[r 0=0000000000000000][0] R[r15=00000000000000c5] R[r 0=0000000000000000] inst=[0000ffed] DASM(0000ffed)
C0:      16131 [1] pc=[0000000080002768] W[r 0=0000000000000000][0] R[r13=0000000080022800] R[r14=0010001000000000] inst=[04e6b07b] DASM(04e6b07b)
C0:      16132 [1] pc=[000000008000276c] W[r15=00000000000000c4][1] R[r15=00000000000000c5] R[r 0=0000000000000000] inst=[000037fd] DASM(000037fd)
C0:      16133 [1] pc=[000000008000276e] W[r 0=0000000000000000][0] R[r15=00000000000000c4] R[r 0=0000000000000000] inst=[0000ffed] DASM(0000ffed)
C0:      16148 [1] pc=[0000000080002768] W[r 0=0000000000000000][0] R[r13=0000000080022800] R[r14=0010001000000000] inst=[04e6b07b] DASM(04e6b07b)
C0:      16149 [1] pc=[000000008000276c] W[r15=00000000000000c3][1] R[r15=00000000000000c4] R[r 0=0000000000000000] inst=[000037fd] DASM(000037fd)
C0:      16150 [1] pc=[000000008000276e] W[r 0=0000000000000000][0] R[r15=00000000000000c3] R[r 0=0000000000000000] inst=[0000ffed] DASM(0000ffed)
C0:      16166 [1] pc=[0000000080002768] W[r 0=0000000000000000][0] R[r13=0000000080022800] R[r14=0010001000000000] inst=[04e6b07b] DASM(04e6b07b)
C0:      16167 [1] pc=[000000008000276c] W[r15=00000000000000c2][1] R[r15=00000000000000c3] R[r 0=0000000000000000] inst=[000037fd] DASM(000037fd)
C0:      16168 [1] pc=[000000008000276e] W[r 0=0000000000000000][0] R[r15=00000000000000c2] R[r 0=0000000000000000] inst=[0000ffed] DASM(0000ffed)
C0:      16184 [1] pc=[0000000080002768] W[r 0=0000000000000000][0] R[r13=0000000080022800] R[r14=0010001000000000] inst=[04e6b07b] DASM(04e6b07b)
C0:      16185 [1] pc=[000000008000276c] W[r15=00000000000000c1][1] R[r15=00000000000000c2] R[r 0=0000000000000000] inst=[000037fd] DASM(000037fd)
C0:      16186 [1] pc=[000000008000276e] W[r 0=0000000000000000][0] R[r15=00000000000000c1] R[r 0=0000000000000000] inst=[0000ffed] DASM(0000ffed)
C0:      16201 [1] pc=[0000000080002768] W[r 0=0000000000000000][0] R[r13=0000000080022800] R[r14=0010001000000000] inst=[04e6b07b] DASM(04e6b07b)
C0:      16202 [1] pc=[000000008000276c] W[r15=00000000000000c0][1] R[r15=00000000000000c1] R[r 0=0000000000000000] inst=[000037fd] DASM(000037fd)
C0:      16203 [1] pc=[000000008000276e] W[r 0=0000000000000000][0] R[r15=00000000000000c0] R[r 0=0000000000000000] inst=[0000ffed] DASM(0000ffed)
C0:      16220 [1] pc=[0000000080002768] W[r 0=0000000000000000][0] R[r13=0000000080022800] R[r14=0010001000000000] inst=[04e6b07b] DASM(04e6b07b)
C0:      16221 [1] pc=[000000008000276c] W[r15=00000000000000bf][1] R[r15=00000000000000c0] R[r 0=0000000000000000] inst=[000037fd] DASM(000037fd)
C0:      16222 [1] pc=[000000008000276e] W[r 0=0000000000000000][0] R[r15=00000000000000bf] R[r 0=0000000000000000] inst=[0000ffed] DASM(0000ffed)
C0:      16236 [1] pc=[0000000080002768] W[r 0=0000000000000000][0] R[r13=0000000080022800] R[r14=0010001000000000] inst=[04e6b07b] DASM(04e6b07b)
C0:      16237 [1] pc=[000000008000276c] W[r15=00000000000000be][1] R[r15=00000000000000bf] R[r 0=0000000000000000] inst=[000037fd] DASM(000037fd)
C0:      16238 [1] pc=[000000008000276e] W[r 0=0000000000000000][0] R[r15=00000000000000be] R[r 0=0000000000000000] inst=[0000ffed] DASM(0000ffed)
C0:      16256 [1] pc=[0000000080002768] W[r 0=0000000000000000][0] R[r13=0000000080022800] R[r14=0010001000000000] inst=[04e6b07b] DASM(04e6b07b)
C0:      16257 [1] pc=[000000008000276c] W[r15=00000000000000bd][1] R[r15=00000000000000be] R[r 0=0000000000000000] inst=[000037fd] DASM(000037fd)
C0:      16258 [1] pc=[000000008000276e] W[r 0=0000000000000000][0] R[r15=00000000000000bd] R[r 0=0000000000000000] inst=[0000ffed] DASM(0000ffed)
C0:      16273 [1] pc=[0000000080002768] W[r 0=0000000000000000][0] R[r13=0000000080022800] R[r14=0010001000000000] inst=[04e6b07b] DASM(04e6b07b)
C0:      16274 [1] pc=[000000008000276c] W[r15=00000000000000bc][1] R[r15=00000000000000bd] R[r 0=0000000000000000] inst=[000037fd] DASM(000037fd)
C0:      16275 [1] pc=[000000008000276e] W[r 0=0000000000000000][0] R[r15=00000000000000bc] R[r 0=0000000000000000] inst=[0000ffed] DASM(0000ffed)
C0:      16291 [1] pc=[0000000080002768] W[r 0=0000000000000000][0] R[r13=0000000080022800] R[r14=0010001000000000] inst=[04e6b07b] DASM(04e6b07b)
C0:      16292 [1] pc=[000000008000276c] W[r15=00000000000000bb][1] R[r15=00000000000000bc] R[r 0=0000000000000000] inst=[000037fd] DASM(000037fd)
C0:      16293 [1] pc=[000000008000276e] W[r 0=0000000000000000][0] R[r15=00000000000000bb] R[r 0=0000000000000000] inst=[0000ffed] DASM(0000ffed)
C0:      16309 [1] pc=[0000000080002768] W[r 0=0000000000000000][0] R[r13=0000000080022800] R[r14=0010001000000000] inst=[04e6b07b] DASM(04e6b07b)
C0:      16310 [1] pc=[000000008000276c] W[r15=00000000000000ba][1] R[r15=00000000000000bb] R[r 0=0000000000000000] inst=[000037fd] DASM(000037fd)
C0:      16311 [1] pc=[000000008000276e] W[r 0=0000000000000000][0] R[r15=00000000000000ba] R[r 0=0000000000000000] inst=[0000ffed] DASM(0000ffed)
C0:      16326 [1] pc=[0000000080002768] W[r 0=0000000000000000][0] R[r13=0000000080022800] R[r14=0010001000000000] inst=[04e6b07b] DASM(04e6b07b)
C0:      16327 [1] pc=[000000008000276c] W[r15=00000000000000b9][1] R[r15=00000000000000ba] R[r 0=0000000000000000] inst=[000037fd] DASM(000037fd)
C0:      16328 [1] pc=[000000008000276e] W[r 0=0000000000000000][0] R[r15=00000000000000b9] R[r 0=0000000000000000] inst=[0000ffed] DASM(0000ffed)
C0:      16345 [1] pc=[0000000080002768] W[r 0=0000000000000000][0] R[r13=0000000080022800] R[r14=0010001000000000] inst=[04e6b07b] DASM(04e6b07b)
C0:      16346 [1] pc=[000000008000276c] W[r15=00000000000000b8][1] R[r15=00000000000000b9] R[r 0=0000000000000000] inst=[000037fd] DASM(000037fd)
C0:      16347 [1] pc=[000000008000276e] W[r 0=0000000000000000][0] R[r15=00000000000000b8] R[r 0=0000000000000000] inst=[0000ffed] DASM(0000ffed)
C0:      16362 [1] pc=[0000000080002768] W[r 0=0000000000000000][0] R[r13=0000000080022800] R[r14=0010001000000000] inst=[04e6b07b] DASM(04e6b07b)
C0:      16363 [1] pc=[000000008000276c] W[r15=00000000000000b7][1] R[r15=00000000000000b8] R[r 0=0000000000000000] inst=[000037fd] DASM(000037fd)
C0:      16364 [1] pc=[000000008000276e] W[r 0=0000000000000000][0] R[r15=00000000000000b7] R[r 0=0000000000000000] inst=[0000ffed] DASM(0000ffed)
C0:      16380 [1] pc=[0000000080002768] W[r 0=0000000000000000][0] R[r13=0000000080022800] R[r14=0010001000000000] inst=[04e6b07b] DASM(04e6b07b)
C0:      16381 [1] pc=[000000008000276c] W[r15=00000000000000b6][1] R[r15=00000000000000b7] R[r 0=0000000000000000] inst=[000037fd] DASM(000037fd)
C0:      16382 [1] pc=[000000008000276e] W[r 0=0000000000000000][0] R[r15=00000000000000b6] R[r 0=0000000000000000] inst=[0000ffed] DASM(0000ffed)
C0:      16398 [1] pc=[0000000080002768] W[r 0=0000000000000000][0] R[r13=0000000080022800] R[r14=0010001000000000] inst=[04e6b07b] DASM(04e6b07b)
C0:      16399 [1] pc=[000000008000276c] W[r15=00000000000000b5][1] R[r15=00000000000000b6] R[r 0=0000000000000000] inst=[000037fd] DASM(000037fd)
C0:      16400 [1] pc=[000000008000276e] W[r 0=0000000000000000][0] R[r15=00000000000000b5] R[r 0=0000000000000000] inst=[0000ffed] DASM(0000ffed)
C0:      16415 [1] pc=[0000000080002768] W[r 0=0000000000000000][0] R[r13=0000000080022800] R[r14=0010001000000000] inst=[04e6b07b] DASM(04e6b07b)
C0:      16416 [1] pc=[000000008000276c] W[r15=00000000000000b4][1] R[r15=00000000000000b5] R[r 0=0000000000000000] inst=[000037fd] DASM(000037fd)
C0:      16417 [1] pc=[000000008000276e] W[r 0=0000000000000000][0] R[r15=00000000000000b4] R[r 0=0000000000000000] inst=[0000ffed] DASM(0000ffed)
C0:      16434 [1] pc=[0000000080002768] W[r 0=0000000000000000][0] R[r13=0000000080022800] R[r14=0010001000000000] inst=[04e6b07b] DASM(04e6b07b)
C0:      16435 [1] pc=[000000008000276c] W[r15=00000000000000b3][1] R[r15=00000000000000b4] R[r 0=0000000000000000] inst=[000037fd] DASM(000037fd)
C0:      16436 [1] pc=[000000008000276e] W[r 0=0000000000000000][0] R[r15=00000000000000b3] R[r 0=0000000000000000] inst=[0000ffed] DASM(0000ffed)
C0:      16451 [1] pc=[0000000080002768] W[r 0=0000000000000000][0] R[r13=0000000080022800] R[r14=0010001000000000] inst=[04e6b07b] DASM(04e6b07b)
C0:      16452 [1] pc=[000000008000276c] W[r15=00000000000000b2][1] R[r15=00000000000000b3] R[r 0=0000000000000000] inst=[000037fd] DASM(000037fd)
C0:      16453 [1] pc=[000000008000276e] W[r 0=0000000000000000][0] R[r15=00000000000000b2] R[r 0=0000000000000000] inst=[0000ffed] DASM(0000ffed)
C0:      16469 [1] pc=[0000000080002768] W[r 0=0000000000000000][0] R[r13=0000000080022800] R[r14=0010001000000000] inst=[04e6b07b] DASM(04e6b07b)
C0:      16470 [1] pc=[000000008000276c] W[r15=00000000000000b1][1] R[r15=00000000000000b2] R[r 0=0000000000000000] inst=[000037fd] DASM(000037fd)
C0:      16471 [1] pc=[000000008000276e] W[r 0=0000000000000000][0] R[r15=00000000000000b1] R[r 0=0000000000000000] inst=[0000ffed] DASM(0000ffed)
C0:      16487 [1] pc=[0000000080002768] W[r 0=0000000000000000][0] R[r13=0000000080022800] R[r14=0010001000000000] inst=[04e6b07b] DASM(04e6b07b)
C0:      16488 [1] pc=[000000008000276c] W[r15=00000000000000b0][1] R[r15=00000000000000b1] R[r 0=0000000000000000] inst=[000037fd] DASM(000037fd)
C0:      16489 [1] pc=[000000008000276e] W[r 0=0000000000000000][0] R[r15=00000000000000b0] R[r 0=0000000000000000] inst=[0000ffed] DASM(0000ffed)
C0:      16504 [1] pc=[0000000080002768] W[r 0=0000000000000000][0] R[r13=0000000080022800] R[r14=0010001000000000] inst=[04e6b07b] DASM(04e6b07b)
C0:      16505 [1] pc=[000000008000276c] W[r15=00000000000000af][1] R[r15=00000000000000b0] R[r 0=0000000000000000] inst=[000037fd] DASM(000037fd)
C0:      16506 [1] pc=[000000008000276e] W[r 0=0000000000000000][0] R[r15=00000000000000af] R[r 0=0000000000000000] inst=[0000ffed] DASM(0000ffed)
C0:      16523 [1] pc=[0000000080002768] W[r 0=0000000000000000][0] R[r13=0000000080022800] R[r14=0010001000000000] inst=[04e6b07b] DASM(04e6b07b)
C0:      16524 [1] pc=[000000008000276c] W[r15=00000000000000ae][1] R[r15=00000000000000af] R[r 0=0000000000000000] inst=[000037fd] DASM(000037fd)
C0:      16525 [1] pc=[000000008000276e] W[r 0=0000000000000000][0] R[r15=00000000000000ae] R[r 0=0000000000000000] inst=[0000ffed] DASM(0000ffed)
C0:      16539 [1] pc=[0000000080002768] W[r 0=0000000000000000][0] R[r13=0000000080022800] R[r14=0010001000000000] inst=[04e6b07b] DASM(04e6b07b)
C0:      16540 [1] pc=[000000008000276c] W[r15=00000000000000ad][1] R[r15=00000000000000ae] R[r 0=0000000000000000] inst=[000037fd] DASM(000037fd)
C0:      16541 [1] pc=[000000008000276e] W[r 0=0000000000000000][0] R[r15=00000000000000ad] R[r 0=0000000000000000] inst=[0000ffed] DASM(0000ffed)
C0:      16558 [1] pc=[0000000080002768] W[r 0=0000000000000000][0] R[r13=0000000080022800] R[r14=0010001000000000] inst=[04e6b07b] DASM(04e6b07b)
C0:      16559 [1] pc=[000000008000276c] W[r15=00000000000000ac][1] R[r15=00000000000000ad] R[r 0=0000000000000000] inst=[000037fd] DASM(000037fd)
C0:      16560 [1] pc=[000000008000276e] W[r 0=0000000000000000][0] R[r15=00000000000000ac] R[r 0=0000000000000000] inst=[0000ffed] DASM(0000ffed)
C0:      16575 [1] pc=[0000000080002768] W[r 0=0000000000000000][0] R[r13=0000000080022800] R[r14=0010001000000000] inst=[04e6b07b] DASM(04e6b07b)
C0:      16576 [1] pc=[000000008000276c] W[r15=00000000000000ab][1] R[r15=00000000000000ac] R[r 0=0000000000000000] inst=[000037fd] DASM(000037fd)
C0:      16577 [1] pc=[000000008000276e] W[r 0=0000000000000000][0] R[r15=00000000000000ab] R[r 0=0000000000000000] inst=[0000ffed] DASM(0000ffed)
C0:      16593 [1] pc=[0000000080002768] W[r 0=0000000000000000][0] R[r13=0000000080022800] R[r14=0010001000000000] inst=[04e6b07b] DASM(04e6b07b)
C0:      16594 [1] pc=[000000008000276c] W[r15=00000000000000aa][1] R[r15=00000000000000ab] R[r 0=0000000000000000] inst=[000037fd] DASM(000037fd)
C0:      16595 [1] pc=[000000008000276e] W[r 0=0000000000000000][0] R[r15=00000000000000aa] R[r 0=0000000000000000] inst=[0000ffed] DASM(0000ffed)
C0:      16611 [1] pc=[0000000080002768] W[r 0=0000000000000000][0] R[r13=0000000080022800] R[r14=0010001000000000] inst=[04e6b07b] DASM(04e6b07b)
C0:      16612 [1] pc=[000000008000276c] W[r15=00000000000000a9][1] R[r15=00000000000000aa] R[r 0=0000000000000000] inst=[000037fd] DASM(000037fd)
C0:      16613 [1] pc=[000000008000276e] W[r 0=0000000000000000][0] R[r15=00000000000000a9] R[r 0=0000000000000000] inst=[0000ffed] DASM(0000ffed)
C0:      16628 [1] pc=[0000000080002768] W[r 0=0000000000000000][0] R[r13=0000000080022800] R[r14=0010001000000000] inst=[04e6b07b] DASM(04e6b07b)
C0:      16629 [1] pc=[000000008000276c] W[r15=00000000000000a8][1] R[r15=00000000000000a9] R[r 0=0000000000000000] inst=[000037fd] DASM(000037fd)
C0:      16630 [1] pc=[000000008000276e] W[r 0=0000000000000000][0] R[r15=00000000000000a8] R[r 0=0000000000000000] inst=[0000ffed] DASM(0000ffed)
C0:      16646 [1] pc=[0000000080002768] W[r 0=0000000000000000][0] R[r13=0000000080022800] R[r14=0010001000000000] inst=[04e6b07b] DASM(04e6b07b)
C0:      16647 [1] pc=[000000008000276c] W[r15=00000000000000a7][1] R[r15=00000000000000a8] R[r 0=0000000000000000] inst=[000037fd] DASM(000037fd)
C0:      16648 [1] pc=[000000008000276e] W[r 0=0000000000000000][0] R[r15=00000000000000a7] R[r 0=0000000000000000] inst=[0000ffed] DASM(0000ffed)
C0:      16664 [1] pc=[0000000080002768] W[r 0=0000000000000000][0] R[r13=0000000080022800] R[r14=0010001000000000] inst=[04e6b07b] DASM(04e6b07b)
C0:      16665 [1] pc=[000000008000276c] W[r15=00000000000000a6][1] R[r15=00000000000000a7] R[r 0=0000000000000000] inst=[000037fd] DASM(000037fd)
C0:      16666 [1] pc=[000000008000276e] W[r 0=0000000000000000][0] R[r15=00000000000000a6] R[r 0=0000000000000000] inst=[0000ffed] DASM(0000ffed)
C0:      16681 [1] pc=[0000000080002768] W[r 0=0000000000000000][0] R[r13=0000000080022800] R[r14=0010001000000000] inst=[04e6b07b] DASM(04e6b07b)
C0:      16682 [1] pc=[000000008000276c] W[r15=00000000000000a5][1] R[r15=00000000000000a6] R[r 0=0000000000000000] inst=[000037fd] DASM(000037fd)
C0:      16683 [1] pc=[000000008000276e] W[r 0=0000000000000000][0] R[r15=00000000000000a5] R[r 0=0000000000000000] inst=[0000ffed] DASM(0000ffed)
C0:      16700 [1] pc=[0000000080002768] W[r 0=0000000000000000][0] R[r13=0000000080022800] R[r14=0010001000000000] inst=[04e6b07b] DASM(04e6b07b)
C0:      16701 [1] pc=[000000008000276c] W[r15=00000000000000a4][1] R[r15=00000000000000a5] R[r 0=0000000000000000] inst=[000037fd] DASM(000037fd)
C0:      16702 [1] pc=[000000008000276e] W[r 0=0000000000000000][0] R[r15=00000000000000a4] R[r 0=0000000000000000] inst=[0000ffed] DASM(0000ffed)
C0:      16716 [1] pc=[0000000080002768] W[r 0=0000000000000000][0] R[r13=0000000080022800] R[r14=0010001000000000] inst=[04e6b07b] DASM(04e6b07b)
C0:      16717 [1] pc=[000000008000276c] W[r15=00000000000000a3][1] R[r15=00000000000000a4] R[r 0=0000000000000000] inst=[000037fd] DASM(000037fd)
C0:      16718 [1] pc=[000000008000276e] W[r 0=0000000000000000][0] R[r15=00000000000000a3] R[r 0=0000000000000000] inst=[0000ffed] DASM(0000ffed)
C0:      16736 [1] pc=[0000000080002768] W[r 0=0000000000000000][0] R[r13=0000000080022800] R[r14=0010001000000000] inst=[04e6b07b] DASM(04e6b07b)
C0:      16737 [1] pc=[000000008000276c] W[r15=00000000000000a2][1] R[r15=00000000000000a3] R[r 0=0000000000000000] inst=[000037fd] DASM(000037fd)
C0:      16738 [1] pc=[000000008000276e] W[r 0=0000000000000000][0] R[r15=00000000000000a2] R[r 0=0000000000000000] inst=[0000ffed] DASM(0000ffed)
C0:      16753 [1] pc=[0000000080002768] W[r 0=0000000000000000][0] R[r13=0000000080022800] R[r14=0010001000000000] inst=[04e6b07b] DASM(04e6b07b)
C0:      16754 [1] pc=[000000008000276c] W[r15=00000000000000a1][1] R[r15=00000000000000a2] R[r 0=0000000000000000] inst=[000037fd] DASM(000037fd)
C0:      16755 [1] pc=[000000008000276e] W[r 0=0000000000000000][0] R[r15=00000000000000a1] R[r 0=0000000000000000] inst=[0000ffed] DASM(0000ffed)
C0:      16771 [1] pc=[0000000080002768] W[r 0=0000000000000000][0] R[r13=0000000080022800] R[r14=0010001000000000] inst=[04e6b07b] DASM(04e6b07b)
C0:      16772 [1] pc=[000000008000276c] W[r15=00000000000000a0][1] R[r15=00000000000000a1] R[r 0=0000000000000000] inst=[000037fd] DASM(000037fd)
C0:      16773 [1] pc=[000000008000276e] W[r 0=0000000000000000][0] R[r15=00000000000000a0] R[r 0=0000000000000000] inst=[0000ffed] DASM(0000ffed)
C0:      16789 [1] pc=[0000000080002768] W[r 0=0000000000000000][0] R[r13=0000000080022800] R[r14=0010001000000000] inst=[04e6b07b] DASM(04e6b07b)
C0:      16790 [1] pc=[000000008000276c] W[r15=000000000000009f][1] R[r15=00000000000000a0] R[r 0=0000000000000000] inst=[000037fd] DASM(000037fd)
C0:      16791 [1] pc=[000000008000276e] W[r 0=0000000000000000][0] R[r15=000000000000009f] R[r 0=0000000000000000] inst=[0000ffed] DASM(0000ffed)
C0:      16806 [1] pc=[0000000080002768] W[r 0=0000000000000000][0] R[r13=0000000080022800] R[r14=0010001000000000] inst=[04e6b07b] DASM(04e6b07b)
C0:      16807 [1] pc=[000000008000276c] W[r15=000000000000009e][1] R[r15=000000000000009f] R[r 0=0000000000000000] inst=[000037fd] DASM(000037fd)
C0:      16808 [1] pc=[000000008000276e] W[r 0=0000000000000000][0] R[r15=000000000000009e] R[r 0=0000000000000000] inst=[0000ffed] DASM(0000ffed)
C0:      16825 [1] pc=[0000000080002768] W[r 0=0000000000000000][0] R[r13=0000000080022800] R[r14=0010001000000000] inst=[04e6b07b] DASM(04e6b07b)
C0:      16826 [1] pc=[000000008000276c] W[r15=000000000000009d][1] R[r15=000000000000009e] R[r 0=0000000000000000] inst=[000037fd] DASM(000037fd)
C0:      16827 [1] pc=[000000008000276e] W[r 0=0000000000000000][0] R[r15=000000000000009d] R[r 0=0000000000000000] inst=[0000ffed] DASM(0000ffed)
C0:      16842 [1] pc=[0000000080002768] W[r 0=0000000000000000][0] R[r13=0000000080022800] R[r14=0010001000000000] inst=[04e6b07b] DASM(04e6b07b)
C0:      16843 [1] pc=[000000008000276c] W[r15=000000000000009c][1] R[r15=000000000000009d] R[r 0=0000000000000000] inst=[000037fd] DASM(000037fd)
C0:      16844 [1] pc=[000000008000276e] W[r 0=0000000000000000][0] R[r15=000000000000009c] R[r 0=0000000000000000] inst=[0000ffed] DASM(0000ffed)
C0:      16860 [1] pc=[0000000080002768] W[r 0=0000000000000000][0] R[r13=0000000080022800] R[r14=0010001000000000] inst=[04e6b07b] DASM(04e6b07b)
C0:      16861 [1] pc=[000000008000276c] W[r15=000000000000009b][1] R[r15=000000000000009c] R[r 0=0000000000000000] inst=[000037fd] DASM(000037fd)
C0:      16862 [1] pc=[000000008000276e] W[r 0=0000000000000000][0] R[r15=000000000000009b] R[r 0=0000000000000000] inst=[0000ffed] DASM(0000ffed)
C0:      16878 [1] pc=[0000000080002768] W[r 0=0000000000000000][0] R[r13=0000000080022800] R[r14=0010001000000000] inst=[04e6b07b] DASM(04e6b07b)
C0:      16879 [1] pc=[000000008000276c] W[r15=000000000000009a][1] R[r15=000000000000009b] R[r 0=0000000000000000] inst=[000037fd] DASM(000037fd)
C0:      16880 [1] pc=[000000008000276e] W[r 0=0000000000000000][0] R[r15=000000000000009a] R[r 0=0000000000000000] inst=[0000ffed] DASM(0000ffed)
C0:      16895 [1] pc=[0000000080002768] W[r 0=0000000000000000][0] R[r13=0000000080022800] R[r14=0010001000000000] inst=[04e6b07b] DASM(04e6b07b)
C0:      16896 [1] pc=[000000008000276c] W[r15=0000000000000099][1] R[r15=000000000000009a] R[r 0=0000000000000000] inst=[000037fd] DASM(000037fd)
C0:      16897 [1] pc=[000000008000276e] W[r 0=0000000000000000][0] R[r15=0000000000000099] R[r 0=0000000000000000] inst=[0000ffed] DASM(0000ffed)
C0:      16914 [1] pc=[0000000080002768] W[r 0=0000000000000000][0] R[r13=0000000080022800] R[r14=0010001000000000] inst=[04e6b07b] DASM(04e6b07b)
C0:      16915 [1] pc=[000000008000276c] W[r15=0000000000000098][1] R[r15=0000000000000099] R[r 0=0000000000000000] inst=[000037fd] DASM(000037fd)
C0:      16916 [1] pc=[000000008000276e] W[r 0=0000000000000000][0] R[r15=0000000000000098] R[r 0=0000000000000000] inst=[0000ffed] DASM(0000ffed)
C0:      16931 [1] pc=[0000000080002768] W[r 0=0000000000000000][0] R[r13=0000000080022800] R[r14=0010001000000000] inst=[04e6b07b] DASM(04e6b07b)
C0:      16932 [1] pc=[000000008000276c] W[r15=0000000000000097][1] R[r15=0000000000000098] R[r 0=0000000000000000] inst=[000037fd] DASM(000037fd)
C0:      16933 [1] pc=[000000008000276e] W[r 0=0000000000000000][0] R[r15=0000000000000097] R[r 0=0000000000000000] inst=[0000ffed] DASM(0000ffed)
C0:      16949 [1] pc=[0000000080002768] W[r 0=0000000000000000][0] R[r13=0000000080022800] R[r14=0010001000000000] inst=[04e6b07b] DASM(04e6b07b)
C0:      16950 [1] pc=[000000008000276c] W[r15=0000000000000096][1] R[r15=0000000000000097] R[r 0=0000000000000000] inst=[000037fd] DASM(000037fd)
C0:      16951 [1] pc=[000000008000276e] W[r 0=0000000000000000][0] R[r15=0000000000000096] R[r 0=0000000000000000] inst=[0000ffed] DASM(0000ffed)
C0:      16967 [1] pc=[0000000080002768] W[r 0=0000000000000000][0] R[r13=0000000080022800] R[r14=0010001000000000] inst=[04e6b07b] DASM(04e6b07b)
C0:      16968 [1] pc=[000000008000276c] W[r15=0000000000000095][1] R[r15=0000000000000096] R[r 0=0000000000000000] inst=[000037fd] DASM(000037fd)
C0:      16969 [1] pc=[000000008000276e] W[r 0=0000000000000000][0] R[r15=0000000000000095] R[r 0=0000000000000000] inst=[0000ffed] DASM(0000ffed)
C0:      16984 [1] pc=[0000000080002768] W[r 0=0000000000000000][0] R[r13=0000000080022800] R[r14=0010001000000000] inst=[04e6b07b] DASM(04e6b07b)
C0:      16985 [1] pc=[000000008000276c] W[r15=0000000000000094][1] R[r15=0000000000000095] R[r 0=0000000000000000] inst=[000037fd] DASM(000037fd)
C0:      16986 [1] pc=[000000008000276e] W[r 0=0000000000000000][0] R[r15=0000000000000094] R[r 0=0000000000000000] inst=[0000ffed] DASM(0000ffed)
C0:      17003 [1] pc=[0000000080002768] W[r 0=0000000000000000][0] R[r13=0000000080022800] R[r14=0010001000000000] inst=[04e6b07b] DASM(04e6b07b)
C0:      17004 [1] pc=[000000008000276c] W[r15=0000000000000093][1] R[r15=0000000000000094] R[r 0=0000000000000000] inst=[000037fd] DASM(000037fd)
C0:      17005 [1] pc=[000000008000276e] W[r 0=0000000000000000][0] R[r15=0000000000000093] R[r 0=0000000000000000] inst=[0000ffed] DASM(0000ffed)
C0:      17019 [1] pc=[0000000080002768] W[r 0=0000000000000000][0] R[r13=0000000080022800] R[r14=0010001000000000] inst=[04e6b07b] DASM(04e6b07b)
C0:      17020 [1] pc=[000000008000276c] W[r15=0000000000000092][1] R[r15=0000000000000093] R[r 0=0000000000000000] inst=[000037fd] DASM(000037fd)
C0:      17021 [1] pc=[000000008000276e] W[r 0=0000000000000000][0] R[r15=0000000000000092] R[r 0=0000000000000000] inst=[0000ffed] DASM(0000ffed)
C0:      17038 [1] pc=[0000000080002768] W[r 0=0000000000000000][0] R[r13=0000000080022800] R[r14=0010001000000000] inst=[04e6b07b] DASM(04e6b07b)
C0:      17039 [1] pc=[000000008000276c] W[r15=0000000000000091][1] R[r15=0000000000000092] R[r 0=0000000000000000] inst=[000037fd] DASM(000037fd)
C0:      17040 [1] pc=[000000008000276e] W[r 0=0000000000000000][0] R[r15=0000000000000091] R[r 0=0000000000000000] inst=[0000ffed] DASM(0000ffed)
C0:      17055 [1] pc=[0000000080002768] W[r 0=0000000000000000][0] R[r13=0000000080022800] R[r14=0010001000000000] inst=[04e6b07b] DASM(04e6b07b)
C0:      17056 [1] pc=[000000008000276c] W[r15=0000000000000090][1] R[r15=0000000000000091] R[r 0=0000000000000000] inst=[000037fd] DASM(000037fd)
C0:      17057 [1] pc=[000000008000276e] W[r 0=0000000000000000][0] R[r15=0000000000000090] R[r 0=0000000000000000] inst=[0000ffed] DASM(0000ffed)
C0:      17073 [1] pc=[0000000080002768] W[r 0=0000000000000000][0] R[r13=0000000080022800] R[r14=0010001000000000] inst=[04e6b07b] DASM(04e6b07b)
C0:      17074 [1] pc=[000000008000276c] W[r15=000000000000008f][1] R[r15=0000000000000090] R[r 0=0000000000000000] inst=[000037fd] DASM(000037fd)
C0:      17075 [1] pc=[000000008000276e] W[r 0=0000000000000000][0] R[r15=000000000000008f] R[r 0=0000000000000000] inst=[0000ffed] DASM(0000ffed)
C0:      17091 [1] pc=[0000000080002768] W[r 0=0000000000000000][0] R[r13=0000000080022800] R[r14=0010001000000000] inst=[04e6b07b] DASM(04e6b07b)
C0:      17092 [1] pc=[000000008000276c] W[r15=000000000000008e][1] R[r15=000000000000008f] R[r 0=0000000000000000] inst=[000037fd] DASM(000037fd)
C0:      17093 [1] pc=[000000008000276e] W[r 0=0000000000000000][0] R[r15=000000000000008e] R[r 0=0000000000000000] inst=[0000ffed] DASM(0000ffed)
C0:      17108 [1] pc=[0000000080002768] W[r 0=0000000000000000][0] R[r13=0000000080022800] R[r14=0010001000000000] inst=[04e6b07b] DASM(04e6b07b)
C0:      17109 [1] pc=[000000008000276c] W[r15=000000000000008d][1] R[r15=000000000000008e] R[r 0=0000000000000000] inst=[000037fd] DASM(000037fd)
C0:      17110 [1] pc=[000000008000276e] W[r 0=0000000000000000][0] R[r15=000000000000008d] R[r 0=0000000000000000] inst=[0000ffed] DASM(0000ffed)
C0:      17126 [1] pc=[0000000080002768] W[r 0=0000000000000000][0] R[r13=0000000080022800] R[r14=0010001000000000] inst=[04e6b07b] DASM(04e6b07b)
C0:      17127 [1] pc=[000000008000276c] W[r15=000000000000008c][1] R[r15=000000000000008d] R[r 0=0000000000000000] inst=[000037fd] DASM(000037fd)
C0:      17128 [1] pc=[000000008000276e] W[r 0=0000000000000000][0] R[r15=000000000000008c] R[r 0=0000000000000000] inst=[0000ffed] DASM(0000ffed)
C0:      17144 [1] pc=[0000000080002768] W[r 0=0000000000000000][0] R[r13=0000000080022800] R[r14=0010001000000000] inst=[04e6b07b] DASM(04e6b07b)
C0:      17145 [1] pc=[000000008000276c] W[r15=000000000000008b][1] R[r15=000000000000008c] R[r 0=0000000000000000] inst=[000037fd] DASM(000037fd)
C0:      17146 [1] pc=[000000008000276e] W[r 0=0000000000000000][0] R[r15=000000000000008b] R[r 0=0000000000000000] inst=[0000ffed] DASM(0000ffed)
C0:      17161 [1] pc=[0000000080002768] W[r 0=0000000000000000][0] R[r13=0000000080022800] R[r14=0010001000000000] inst=[04e6b07b] DASM(04e6b07b)
C0:      17162 [1] pc=[000000008000276c] W[r15=000000000000008a][1] R[r15=000000000000008b] R[r 0=0000000000000000] inst=[000037fd] DASM(000037fd)
C0:      17163 [1] pc=[000000008000276e] W[r 0=0000000000000000][0] R[r15=000000000000008a] R[r 0=0000000000000000] inst=[0000ffed] DASM(0000ffed)
C0:      17180 [1] pc=[0000000080002768] W[r 0=0000000000000000][0] R[r13=0000000080022800] R[r14=0010001000000000] inst=[04e6b07b] DASM(04e6b07b)
C0:      17181 [1] pc=[000000008000276c] W[r15=0000000000000089][1] R[r15=000000000000008a] R[r 0=0000000000000000] inst=[000037fd] DASM(000037fd)
C0:      17182 [1] pc=[000000008000276e] W[r 0=0000000000000000][0] R[r15=0000000000000089] R[r 0=0000000000000000] inst=[0000ffed] DASM(0000ffed)
C0:      17196 [1] pc=[0000000080002768] W[r 0=0000000000000000][0] R[r13=0000000080022800] R[r14=0010001000000000] inst=[04e6b07b] DASM(04e6b07b)
C0:      17197 [1] pc=[000000008000276c] W[r15=0000000000000088][1] R[r15=0000000000000089] R[r 0=0000000000000000] inst=[000037fd] DASM(000037fd)
C0:      17198 [1] pc=[000000008000276e] W[r 0=0000000000000000][0] R[r15=0000000000000088] R[r 0=0000000000000000] inst=[0000ffed] DASM(0000ffed)
C0:      17216 [1] pc=[0000000080002768] W[r 0=0000000000000000][0] R[r13=0000000080022800] R[r14=0010001000000000] inst=[04e6b07b] DASM(04e6b07b)
C0:      17217 [1] pc=[000000008000276c] W[r15=0000000000000087][1] R[r15=0000000000000088] R[r 0=0000000000000000] inst=[000037fd] DASM(000037fd)
C0:      17218 [1] pc=[000000008000276e] W[r 0=0000000000000000][0] R[r15=0000000000000087] R[r 0=0000000000000000] inst=[0000ffed] DASM(0000ffed)
C0:      17233 [1] pc=[0000000080002768] W[r 0=0000000000000000][0] R[r13=0000000080022800] R[r14=0010001000000000] inst=[04e6b07b] DASM(04e6b07b)
C0:      17234 [1] pc=[000000008000276c] W[r15=0000000000000086][1] R[r15=0000000000000087] R[r 0=0000000000000000] inst=[000037fd] DASM(000037fd)
C0:      17235 [1] pc=[000000008000276e] W[r 0=0000000000000000][0] R[r15=0000000000000086] R[r 0=0000000000000000] inst=[0000ffed] DASM(0000ffed)
C0:      17251 [1] pc=[0000000080002768] W[r 0=0000000000000000][0] R[r13=0000000080022800] R[r14=0010001000000000] inst=[04e6b07b] DASM(04e6b07b)
C0:      17252 [1] pc=[000000008000276c] W[r15=0000000000000085][1] R[r15=0000000000000086] R[r 0=0000000000000000] inst=[000037fd] DASM(000037fd)
C0:      17253 [1] pc=[000000008000276e] W[r 0=0000000000000000][0] R[r15=0000000000000085] R[r 0=0000000000000000] inst=[0000ffed] DASM(0000ffed)
C0:      17269 [1] pc=[0000000080002768] W[r 0=0000000000000000][0] R[r13=0000000080022800] R[r14=0010001000000000] inst=[04e6b07b] DASM(04e6b07b)
C0:      17270 [1] pc=[000000008000276c] W[r15=0000000000000084][1] R[r15=0000000000000085] R[r 0=0000000000000000] inst=[000037fd] DASM(000037fd)
C0:      17271 [1] pc=[000000008000276e] W[r 0=0000000000000000][0] R[r15=0000000000000084] R[r 0=0000000000000000] inst=[0000ffed] DASM(0000ffed)
C0:      17286 [1] pc=[0000000080002768] W[r 0=0000000000000000][0] R[r13=0000000080022800] R[r14=0010001000000000] inst=[04e6b07b] DASM(04e6b07b)
C0:      17287 [1] pc=[000000008000276c] W[r15=0000000000000083][1] R[r15=0000000000000084] R[r 0=0000000000000000] inst=[000037fd] DASM(000037fd)
C0:      17288 [1] pc=[000000008000276e] W[r 0=0000000000000000][0] R[r15=0000000000000083] R[r 0=0000000000000000] inst=[0000ffed] DASM(0000ffed)
C0:      17305 [1] pc=[0000000080002768] W[r 0=0000000000000000][0] R[r13=0000000080022800] R[r14=0010001000000000] inst=[04e6b07b] DASM(04e6b07b)
C0:      17306 [1] pc=[000000008000276c] W[r15=0000000000000082][1] R[r15=0000000000000083] R[r 0=0000000000000000] inst=[000037fd] DASM(000037fd)
C0:      17307 [1] pc=[000000008000276e] W[r 0=0000000000000000][0] R[r15=0000000000000082] R[r 0=0000000000000000] inst=[0000ffed] DASM(0000ffed)
C0:      17322 [1] pc=[0000000080002768] W[r 0=0000000000000000][0] R[r13=0000000080022800] R[r14=0010001000000000] inst=[04e6b07b] DASM(04e6b07b)
C0:      17323 [1] pc=[000000008000276c] W[r15=0000000000000081][1] R[r15=0000000000000082] R[r 0=0000000000000000] inst=[000037fd] DASM(000037fd)
C0:      17324 [1] pc=[000000008000276e] W[r 0=0000000000000000][0] R[r15=0000000000000081] R[r 0=0000000000000000] inst=[0000ffed] DASM(0000ffed)
C0:      17340 [1] pc=[0000000080002768] W[r 0=0000000000000000][0] R[r13=0000000080022800] R[r14=0010001000000000] inst=[04e6b07b] DASM(04e6b07b)
C0:      17341 [1] pc=[000000008000276c] W[r15=0000000000000080][1] R[r15=0000000000000081] R[r 0=0000000000000000] inst=[000037fd] DASM(000037fd)
C0:      17342 [1] pc=[000000008000276e] W[r 0=0000000000000000][0] R[r15=0000000000000080] R[r 0=0000000000000000] inst=[0000ffed] DASM(0000ffed)
C0:      17358 [1] pc=[0000000080002768] W[r 0=0000000000000000][0] R[r13=0000000080022800] R[r14=0010001000000000] inst=[04e6b07b] DASM(04e6b07b)
C0:      17359 [1] pc=[000000008000276c] W[r15=000000000000007f][1] R[r15=0000000000000080] R[r 0=0000000000000000] inst=[000037fd] DASM(000037fd)
C0:      17360 [1] pc=[000000008000276e] W[r 0=0000000000000000][0] R[r15=000000000000007f] R[r 0=0000000000000000] inst=[0000ffed] DASM(0000ffed)
C0:      17375 [1] pc=[0000000080002768] W[r 0=0000000000000000][0] R[r13=0000000080022800] R[r14=0010001000000000] inst=[04e6b07b] DASM(04e6b07b)
C0:      17376 [1] pc=[000000008000276c] W[r15=000000000000007e][1] R[r15=000000000000007f] R[r 0=0000000000000000] inst=[000037fd] DASM(000037fd)
C0:      17377 [1] pc=[000000008000276e] W[r 0=0000000000000000][0] R[r15=000000000000007e] R[r 0=0000000000000000] inst=[0000ffed] DASM(0000ffed)
C0:      17394 [1] pc=[0000000080002768] W[r 0=0000000000000000][0] R[r13=0000000080022800] R[r14=0010001000000000] inst=[04e6b07b] DASM(04e6b07b)
C0:      17395 [1] pc=[000000008000276c] W[r15=000000000000007d][1] R[r15=000000000000007e] R[r 0=0000000000000000] inst=[000037fd] DASM(000037fd)
C0:      17396 [1] pc=[000000008000276e] W[r 0=0000000000000000][0] R[r15=000000000000007d] R[r 0=0000000000000000] inst=[0000ffed] DASM(0000ffed)
C0:      17411 [1] pc=[0000000080002768] W[r 0=0000000000000000][0] R[r13=0000000080022800] R[r14=0010001000000000] inst=[04e6b07b] DASM(04e6b07b)
C0:      17412 [1] pc=[000000008000276c] W[r15=000000000000007c][1] R[r15=000000000000007d] R[r 0=0000000000000000] inst=[000037fd] DASM(000037fd)
C0:      17413 [1] pc=[000000008000276e] W[r 0=0000000000000000][0] R[r15=000000000000007c] R[r 0=0000000000000000] inst=[0000ffed] DASM(0000ffed)
C0:      17429 [1] pc=[0000000080002768] W[r 0=0000000000000000][0] R[r13=0000000080022800] R[r14=0010001000000000] inst=[04e6b07b] DASM(04e6b07b)
C0:      17430 [1] pc=[000000008000276c] W[r15=000000000000007b][1] R[r15=000000000000007c] R[r 0=0000000000000000] inst=[000037fd] DASM(000037fd)
C0:      17431 [1] pc=[000000008000276e] W[r 0=0000000000000000][0] R[r15=000000000000007b] R[r 0=0000000000000000] inst=[0000ffed] DASM(0000ffed)
C0:      17447 [1] pc=[0000000080002768] W[r 0=0000000000000000][0] R[r13=0000000080022800] R[r14=0010001000000000] inst=[04e6b07b] DASM(04e6b07b)
C0:      17448 [1] pc=[000000008000276c] W[r15=000000000000007a][1] R[r15=000000000000007b] R[r 0=0000000000000000] inst=[000037fd] DASM(000037fd)
C0:      17449 [1] pc=[000000008000276e] W[r 0=0000000000000000][0] R[r15=000000000000007a] R[r 0=0000000000000000] inst=[0000ffed] DASM(0000ffed)
C0:      17464 [1] pc=[0000000080002768] W[r 0=0000000000000000][0] R[r13=0000000080022800] R[r14=0010001000000000] inst=[04e6b07b] DASM(04e6b07b)
C0:      17465 [1] pc=[000000008000276c] W[r15=0000000000000079][1] R[r15=000000000000007a] R[r 0=0000000000000000] inst=[000037fd] DASM(000037fd)
C0:      17466 [1] pc=[000000008000276e] W[r 0=0000000000000000][0] R[r15=0000000000000079] R[r 0=0000000000000000] inst=[0000ffed] DASM(0000ffed)
C0:      17483 [1] pc=[0000000080002768] W[r 0=0000000000000000][0] R[r13=0000000080022800] R[r14=0010001000000000] inst=[04e6b07b] DASM(04e6b07b)
C0:      17484 [1] pc=[000000008000276c] W[r15=0000000000000078][1] R[r15=0000000000000079] R[r 0=0000000000000000] inst=[000037fd] DASM(000037fd)
C0:      17485 [1] pc=[000000008000276e] W[r 0=0000000000000000][0] R[r15=0000000000000078] R[r 0=0000000000000000] inst=[0000ffed] DASM(0000ffed)
C0:      17499 [1] pc=[0000000080002768] W[r 0=0000000000000000][0] R[r13=0000000080022800] R[r14=0010001000000000] inst=[04e6b07b] DASM(04e6b07b)
C0:      17500 [1] pc=[000000008000276c] W[r15=0000000000000077][1] R[r15=0000000000000078] R[r 0=0000000000000000] inst=[000037fd] DASM(000037fd)
C0:      17501 [1] pc=[000000008000276e] W[r 0=0000000000000000][0] R[r15=0000000000000077] R[r 0=0000000000000000] inst=[0000ffed] DASM(0000ffed)
C0:      17518 [1] pc=[0000000080002768] W[r 0=0000000000000000][0] R[r13=0000000080022800] R[r14=0010001000000000] inst=[04e6b07b] DASM(04e6b07b)
C0:      17519 [1] pc=[000000008000276c] W[r15=0000000000000076][1] R[r15=0000000000000077] R[r 0=0000000000000000] inst=[000037fd] DASM(000037fd)
C0:      17520 [1] pc=[000000008000276e] W[r 0=0000000000000000][0] R[r15=0000000000000076] R[r 0=0000000000000000] inst=[0000ffed] DASM(0000ffed)
C0:      17535 [1] pc=[0000000080002768] W[r 0=0000000000000000][0] R[r13=0000000080022800] R[r14=0010001000000000] inst=[04e6b07b] DASM(04e6b07b)
C0:      17536 [1] pc=[000000008000276c] W[r15=0000000000000075][1] R[r15=0000000000000076] R[r 0=0000000000000000] inst=[000037fd] DASM(000037fd)
C0:      17537 [1] pc=[000000008000276e] W[r 0=0000000000000000][0] R[r15=0000000000000075] R[r 0=0000000000000000] inst=[0000ffed] DASM(0000ffed)
C0:      17553 [1] pc=[0000000080002768] W[r 0=0000000000000000][0] R[r13=0000000080022800] R[r14=0010001000000000] inst=[04e6b07b] DASM(04e6b07b)
C0:      17554 [1] pc=[000000008000276c] W[r15=0000000000000074][1] R[r15=0000000000000075] R[r 0=0000000000000000] inst=[000037fd] DASM(000037fd)
C0:      17555 [1] pc=[000000008000276e] W[r 0=0000000000000000][0] R[r15=0000000000000074] R[r 0=0000000000000000] inst=[0000ffed] DASM(0000ffed)
C0:      17571 [1] pc=[0000000080002768] W[r 0=0000000000000000][0] R[r13=0000000080022800] R[r14=0010001000000000] inst=[04e6b07b] DASM(04e6b07b)
C0:      17572 [1] pc=[000000008000276c] W[r15=0000000000000073][1] R[r15=0000000000000074] R[r 0=0000000000000000] inst=[000037fd] DASM(000037fd)
C0:      17573 [1] pc=[000000008000276e] W[r 0=0000000000000000][0] R[r15=0000000000000073] R[r 0=0000000000000000] inst=[0000ffed] DASM(0000ffed)
C0:      17588 [1] pc=[0000000080002768] W[r 0=0000000000000000][0] R[r13=0000000080022800] R[r14=0010001000000000] inst=[04e6b07b] DASM(04e6b07b)
C0:      17589 [1] pc=[000000008000276c] W[r15=0000000000000072][1] R[r15=0000000000000073] R[r 0=0000000000000000] inst=[000037fd] DASM(000037fd)
C0:      17590 [1] pc=[000000008000276e] W[r 0=0000000000000000][0] R[r15=0000000000000072] R[r 0=0000000000000000] inst=[0000ffed] DASM(0000ffed)
C0:      17606 [1] pc=[0000000080002768] W[r 0=0000000000000000][0] R[r13=0000000080022800] R[r14=0010001000000000] inst=[04e6b07b] DASM(04e6b07b)
C0:      17607 [1] pc=[000000008000276c] W[r15=0000000000000071][1] R[r15=0000000000000072] R[r 0=0000000000000000] inst=[000037fd] DASM(000037fd)
C0:      17608 [1] pc=[000000008000276e] W[r 0=0000000000000000][0] R[r15=0000000000000071] R[r 0=0000000000000000] inst=[0000ffed] DASM(0000ffed)
C0:      17624 [1] pc=[0000000080002768] W[r 0=0000000000000000][0] R[r13=0000000080022800] R[r14=0010001000000000] inst=[04e6b07b] DASM(04e6b07b)
C0:      17625 [1] pc=[000000008000276c] W[r15=0000000000000070][1] R[r15=0000000000000071] R[r 0=0000000000000000] inst=[000037fd] DASM(000037fd)
C0:      17626 [1] pc=[000000008000276e] W[r 0=0000000000000000][0] R[r15=0000000000000070] R[r 0=0000000000000000] inst=[0000ffed] DASM(0000ffed)
C0:      17641 [1] pc=[0000000080002768] W[r 0=0000000000000000][0] R[r13=0000000080022800] R[r14=0010001000000000] inst=[04e6b07b] DASM(04e6b07b)
C0:      17642 [1] pc=[000000008000276c] W[r15=000000000000006f][1] R[r15=0000000000000070] R[r 0=0000000000000000] inst=[000037fd] DASM(000037fd)
C0:      17643 [1] pc=[000000008000276e] W[r 0=0000000000000000][0] R[r15=000000000000006f] R[r 0=0000000000000000] inst=[0000ffed] DASM(0000ffed)
C0:      17660 [1] pc=[0000000080002768] W[r 0=0000000000000000][0] R[r13=0000000080022800] R[r14=0010001000000000] inst=[04e6b07b] DASM(04e6b07b)
C0:      17661 [1] pc=[000000008000276c] W[r15=000000000000006e][1] R[r15=000000000000006f] R[r 0=0000000000000000] inst=[000037fd] DASM(000037fd)
C0:      17662 [1] pc=[000000008000276e] W[r 0=0000000000000000][0] R[r15=000000000000006e] R[r 0=0000000000000000] inst=[0000ffed] DASM(0000ffed)
C0:      17676 [1] pc=[0000000080002768] W[r 0=0000000000000000][0] R[r13=0000000080022800] R[r14=0010001000000000] inst=[04e6b07b] DASM(04e6b07b)
C0:      17677 [1] pc=[000000008000276c] W[r15=000000000000006d][1] R[r15=000000000000006e] R[r 0=0000000000000000] inst=[000037fd] DASM(000037fd)
C0:      17678 [1] pc=[000000008000276e] W[r 0=0000000000000000][0] R[r15=000000000000006d] R[r 0=0000000000000000] inst=[0000ffed] DASM(0000ffed)
C0:      17696 [1] pc=[0000000080002768] W[r 0=0000000000000000][0] R[r13=0000000080022800] R[r14=0010001000000000] inst=[04e6b07b] DASM(04e6b07b)
C0:      17697 [1] pc=[000000008000276c] W[r15=000000000000006c][1] R[r15=000000000000006d] R[r 0=0000000000000000] inst=[000037fd] DASM(000037fd)
C0:      17698 [1] pc=[000000008000276e] W[r 0=0000000000000000][0] R[r15=000000000000006c] R[r 0=0000000000000000] inst=[0000ffed] DASM(0000ffed)
C0:      17713 [1] pc=[0000000080002768] W[r 0=0000000000000000][0] R[r13=0000000080022800] R[r14=0010001000000000] inst=[04e6b07b] DASM(04e6b07b)
C0:      17714 [1] pc=[000000008000276c] W[r15=000000000000006b][1] R[r15=000000000000006c] R[r 0=0000000000000000] inst=[000037fd] DASM(000037fd)
C0:      17715 [1] pc=[000000008000276e] W[r 0=0000000000000000][0] R[r15=000000000000006b] R[r 0=0000000000000000] inst=[0000ffed] DASM(0000ffed)
C0:      17731 [1] pc=[0000000080002768] W[r 0=0000000000000000][0] R[r13=0000000080022800] R[r14=0010001000000000] inst=[04e6b07b] DASM(04e6b07b)
C0:      17732 [1] pc=[000000008000276c] W[r15=000000000000006a][1] R[r15=000000000000006b] R[r 0=0000000000000000] inst=[000037fd] DASM(000037fd)
C0:      17733 [1] pc=[000000008000276e] W[r 0=0000000000000000][0] R[r15=000000000000006a] R[r 0=0000000000000000] inst=[0000ffed] DASM(0000ffed)
C0:      17749 [1] pc=[0000000080002768] W[r 0=0000000000000000][0] R[r13=0000000080022800] R[r14=0010001000000000] inst=[04e6b07b] DASM(04e6b07b)
C0:      17750 [1] pc=[000000008000276c] W[r15=0000000000000069][1] R[r15=000000000000006a] R[r 0=0000000000000000] inst=[000037fd] DASM(000037fd)
C0:      17751 [1] pc=[000000008000276e] W[r 0=0000000000000000][0] R[r15=0000000000000069] R[r 0=0000000000000000] inst=[0000ffed] DASM(0000ffed)
C0:      17766 [1] pc=[0000000080002768] W[r 0=0000000000000000][0] R[r13=0000000080022800] R[r14=0010001000000000] inst=[04e6b07b] DASM(04e6b07b)
C0:      17767 [1] pc=[000000008000276c] W[r15=0000000000000068][1] R[r15=0000000000000069] R[r 0=0000000000000000] inst=[000037fd] DASM(000037fd)
C0:      17768 [1] pc=[000000008000276e] W[r 0=0000000000000000][0] R[r15=0000000000000068] R[r 0=0000000000000000] inst=[0000ffed] DASM(0000ffed)
C0:      17785 [1] pc=[0000000080002768] W[r 0=0000000000000000][0] R[r13=0000000080022800] R[r14=0010001000000000] inst=[04e6b07b] DASM(04e6b07b)
C0:      17786 [1] pc=[000000008000276c] W[r15=0000000000000067][1] R[r15=0000000000000068] R[r 0=0000000000000000] inst=[000037fd] DASM(000037fd)
C0:      17787 [1] pc=[000000008000276e] W[r 0=0000000000000000][0] R[r15=0000000000000067] R[r 0=0000000000000000] inst=[0000ffed] DASM(0000ffed)
C0:      17802 [1] pc=[0000000080002768] W[r 0=0000000000000000][0] R[r13=0000000080022800] R[r14=0010001000000000] inst=[04e6b07b] DASM(04e6b07b)
C0:      17803 [1] pc=[000000008000276c] W[r15=0000000000000066][1] R[r15=0000000000000067] R[r 0=0000000000000000] inst=[000037fd] DASM(000037fd)
C0:      17804 [1] pc=[000000008000276e] W[r 0=0000000000000000][0] R[r15=0000000000000066] R[r 0=0000000000000000] inst=[0000ffed] DASM(0000ffed)
C0:      17820 [1] pc=[0000000080002768] W[r 0=0000000000000000][0] R[r13=0000000080022800] R[r14=0010001000000000] inst=[04e6b07b] DASM(04e6b07b)
C0:      17821 [1] pc=[000000008000276c] W[r15=0000000000000065][1] R[r15=0000000000000066] R[r 0=0000000000000000] inst=[000037fd] DASM(000037fd)
C0:      17822 [1] pc=[000000008000276e] W[r 0=0000000000000000][0] R[r15=0000000000000065] R[r 0=0000000000000000] inst=[0000ffed] DASM(0000ffed)
C0:      17838 [1] pc=[0000000080002768] W[r 0=0000000000000000][0] R[r13=0000000080022800] R[r14=0010001000000000] inst=[04e6b07b] DASM(04e6b07b)
C0:      17839 [1] pc=[000000008000276c] W[r15=0000000000000064][1] R[r15=0000000000000065] R[r 0=0000000000000000] inst=[000037fd] DASM(000037fd)
C0:      17840 [1] pc=[000000008000276e] W[r 0=0000000000000000][0] R[r15=0000000000000064] R[r 0=0000000000000000] inst=[0000ffed] DASM(0000ffed)
C0:      17855 [1] pc=[0000000080002768] W[r 0=0000000000000000][0] R[r13=0000000080022800] R[r14=0010001000000000] inst=[04e6b07b] DASM(04e6b07b)
C0:      17856 [1] pc=[000000008000276c] W[r15=0000000000000063][1] R[r15=0000000000000064] R[r 0=0000000000000000] inst=[000037fd] DASM(000037fd)
C0:      17857 [1] pc=[000000008000276e] W[r 0=0000000000000000][0] R[r15=0000000000000063] R[r 0=0000000000000000] inst=[0000ffed] DASM(0000ffed)
C0:      17874 [1] pc=[0000000080002768] W[r 0=0000000000000000][0] R[r13=0000000080022800] R[r14=0010001000000000] inst=[04e6b07b] DASM(04e6b07b)
C0:      17875 [1] pc=[000000008000276c] W[r15=0000000000000062][1] R[r15=0000000000000063] R[r 0=0000000000000000] inst=[000037fd] DASM(000037fd)
C0:      17876 [1] pc=[000000008000276e] W[r 0=0000000000000000][0] R[r15=0000000000000062] R[r 0=0000000000000000] inst=[0000ffed] DASM(0000ffed)
C0:      17891 [1] pc=[0000000080002768] W[r 0=0000000000000000][0] R[r13=0000000080022800] R[r14=0010001000000000] inst=[04e6b07b] DASM(04e6b07b)
C0:      17892 [1] pc=[000000008000276c] W[r15=0000000000000061][1] R[r15=0000000000000062] R[r 0=0000000000000000] inst=[000037fd] DASM(000037fd)
C0:      17893 [1] pc=[000000008000276e] W[r 0=0000000000000000][0] R[r15=0000000000000061] R[r 0=0000000000000000] inst=[0000ffed] DASM(0000ffed)
C0:      17909 [1] pc=[0000000080002768] W[r 0=0000000000000000][0] R[r13=0000000080022800] R[r14=0010001000000000] inst=[04e6b07b] DASM(04e6b07b)
C0:      17910 [1] pc=[000000008000276c] W[r15=0000000000000060][1] R[r15=0000000000000061] R[r 0=0000000000000000] inst=[000037fd] DASM(000037fd)
C0:      17911 [1] pc=[000000008000276e] W[r 0=0000000000000000][0] R[r15=0000000000000060] R[r 0=0000000000000000] inst=[0000ffed] DASM(0000ffed)
C0:      17927 [1] pc=[0000000080002768] W[r 0=0000000000000000][0] R[r13=0000000080022800] R[r14=0010001000000000] inst=[04e6b07b] DASM(04e6b07b)
C0:      17928 [1] pc=[000000008000276c] W[r15=000000000000005f][1] R[r15=0000000000000060] R[r 0=0000000000000000] inst=[000037fd] DASM(000037fd)
C0:      17929 [1] pc=[000000008000276e] W[r 0=0000000000000000][0] R[r15=000000000000005f] R[r 0=0000000000000000] inst=[0000ffed] DASM(0000ffed)
C0:      17944 [1] pc=[0000000080002768] W[r 0=0000000000000000][0] R[r13=0000000080022800] R[r14=0010001000000000] inst=[04e6b07b] DASM(04e6b07b)
C0:      17945 [1] pc=[000000008000276c] W[r15=000000000000005e][1] R[r15=000000000000005f] R[r 0=0000000000000000] inst=[000037fd] DASM(000037fd)
C0:      17946 [1] pc=[000000008000276e] W[r 0=0000000000000000][0] R[r15=000000000000005e] R[r 0=0000000000000000] inst=[0000ffed] DASM(0000ffed)
C0:      17963 [1] pc=[0000000080002768] W[r 0=0000000000000000][0] R[r13=0000000080022800] R[r14=0010001000000000] inst=[04e6b07b] DASM(04e6b07b)
C0:      17964 [1] pc=[000000008000276c] W[r15=000000000000005d][1] R[r15=000000000000005e] R[r 0=0000000000000000] inst=[000037fd] DASM(000037fd)
C0:      17965 [1] pc=[000000008000276e] W[r 0=0000000000000000][0] R[r15=000000000000005d] R[r 0=0000000000000000] inst=[0000ffed] DASM(0000ffed)
C0:      17979 [1] pc=[0000000080002768] W[r 0=0000000000000000][0] R[r13=0000000080022800] R[r14=0010001000000000] inst=[04e6b07b] DASM(04e6b07b)
C0:      17980 [1] pc=[000000008000276c] W[r15=000000000000005c][1] R[r15=000000000000005d] R[r 0=0000000000000000] inst=[000037fd] DASM(000037fd)
C0:      17981 [1] pc=[000000008000276e] W[r 0=0000000000000000][0] R[r15=000000000000005c] R[r 0=0000000000000000] inst=[0000ffed] DASM(0000ffed)
C0:      17998 [1] pc=[0000000080002768] W[r 0=0000000000000000][0] R[r13=0000000080022800] R[r14=0010001000000000] inst=[04e6b07b] DASM(04e6b07b)
C0:      17999 [1] pc=[000000008000276c] W[r15=000000000000005b][1] R[r15=000000000000005c] R[r 0=0000000000000000] inst=[000037fd] DASM(000037fd)
C0:      18000 [1] pc=[000000008000276e] W[r 0=0000000000000000][0] R[r15=000000000000005b] R[r 0=0000000000000000] inst=[0000ffed] DASM(0000ffed)
C0:      18015 [1] pc=[0000000080002768] W[r 0=0000000000000000][0] R[r13=0000000080022800] R[r14=0010001000000000] inst=[04e6b07b] DASM(04e6b07b)
C0:      18016 [1] pc=[000000008000276c] W[r15=000000000000005a][1] R[r15=000000000000005b] R[r 0=0000000000000000] inst=[000037fd] DASM(000037fd)
C0:      18017 [1] pc=[000000008000276e] W[r 0=0000000000000000][0] R[r15=000000000000005a] R[r 0=0000000000000000] inst=[0000ffed] DASM(0000ffed)
C0:      18033 [1] pc=[0000000080002768] W[r 0=0000000000000000][0] R[r13=0000000080022800] R[r14=0010001000000000] inst=[04e6b07b] DASM(04e6b07b)
C0:      18034 [1] pc=[000000008000276c] W[r15=0000000000000059][1] R[r15=000000000000005a] R[r 0=0000000000000000] inst=[000037fd] DASM(000037fd)
C0:      18035 [1] pc=[000000008000276e] W[r 0=0000000000000000][0] R[r15=0000000000000059] R[r 0=0000000000000000] inst=[0000ffed] DASM(0000ffed)
C0:      18051 [1] pc=[0000000080002768] W[r 0=0000000000000000][0] R[r13=0000000080022800] R[r14=0010001000000000] inst=[04e6b07b] DASM(04e6b07b)
C0:      18052 [1] pc=[000000008000276c] W[r15=0000000000000058][1] R[r15=0000000000000059] R[r 0=0000000000000000] inst=[000037fd] DASM(000037fd)
C0:      18053 [1] pc=[000000008000276e] W[r 0=0000000000000000][0] R[r15=0000000000000058] R[r 0=0000000000000000] inst=[0000ffed] DASM(0000ffed)
C0:      18068 [1] pc=[0000000080002768] W[r 0=0000000000000000][0] R[r13=0000000080022800] R[r14=0010001000000000] inst=[04e6b07b] DASM(04e6b07b)
C0:      18069 [1] pc=[000000008000276c] W[r15=0000000000000057][1] R[r15=0000000000000058] R[r 0=0000000000000000] inst=[000037fd] DASM(000037fd)
C0:      18070 [1] pc=[000000008000276e] W[r 0=0000000000000000][0] R[r15=0000000000000057] R[r 0=0000000000000000] inst=[0000ffed] DASM(0000ffed)
C0:      18086 [1] pc=[0000000080002768] W[r 0=0000000000000000][0] R[r13=0000000080022800] R[r14=0010001000000000] inst=[04e6b07b] DASM(04e6b07b)
C0:      18087 [1] pc=[000000008000276c] W[r15=0000000000000056][1] R[r15=0000000000000057] R[r 0=0000000000000000] inst=[000037fd] DASM(000037fd)
C0:      18088 [1] pc=[000000008000276e] W[r 0=0000000000000000][0] R[r15=0000000000000056] R[r 0=0000000000000000] inst=[0000ffed] DASM(0000ffed)
C0:      18104 [1] pc=[0000000080002768] W[r 0=0000000000000000][0] R[r13=0000000080022800] R[r14=0010001000000000] inst=[04e6b07b] DASM(04e6b07b)
C0:      18105 [1] pc=[000000008000276c] W[r15=0000000000000055][1] R[r15=0000000000000056] R[r 0=0000000000000000] inst=[000037fd] DASM(000037fd)
C0:      18106 [1] pc=[000000008000276e] W[r 0=0000000000000000][0] R[r15=0000000000000055] R[r 0=0000000000000000] inst=[0000ffed] DASM(0000ffed)
C0:      18121 [1] pc=[0000000080002768] W[r 0=0000000000000000][0] R[r13=0000000080022800] R[r14=0010001000000000] inst=[04e6b07b] DASM(04e6b07b)
C0:      18122 [1] pc=[000000008000276c] W[r15=0000000000000054][1] R[r15=0000000000000055] R[r 0=0000000000000000] inst=[000037fd] DASM(000037fd)
C0:      18123 [1] pc=[000000008000276e] W[r 0=0000000000000000][0] R[r15=0000000000000054] R[r 0=0000000000000000] inst=[0000ffed] DASM(0000ffed)
C0:      18140 [1] pc=[0000000080002768] W[r 0=0000000000000000][0] R[r13=0000000080022800] R[r14=0010001000000000] inst=[04e6b07b] DASM(04e6b07b)
C0:      18141 [1] pc=[000000008000276c] W[r15=0000000000000053][1] R[r15=0000000000000054] R[r 0=0000000000000000] inst=[000037fd] DASM(000037fd)
C0:      18142 [1] pc=[000000008000276e] W[r 0=0000000000000000][0] R[r15=0000000000000053] R[r 0=0000000000000000] inst=[0000ffed] DASM(0000ffed)
C0:      18156 [1] pc=[0000000080002768] W[r 0=0000000000000000][0] R[r13=0000000080022800] R[r14=0010001000000000] inst=[04e6b07b] DASM(04e6b07b)
C0:      18157 [1] pc=[000000008000276c] W[r15=0000000000000052][1] R[r15=0000000000000053] R[r 0=0000000000000000] inst=[000037fd] DASM(000037fd)
C0:      18158 [1] pc=[000000008000276e] W[r 0=0000000000000000][0] R[r15=0000000000000052] R[r 0=0000000000000000] inst=[0000ffed] DASM(0000ffed)
C0:      18176 [1] pc=[0000000080002768] W[r 0=0000000000000000][0] R[r13=0000000080022800] R[r14=0010001000000000] inst=[04e6b07b] DASM(04e6b07b)
C0:      18177 [1] pc=[000000008000276c] W[r15=0000000000000051][1] R[r15=0000000000000052] R[r 0=0000000000000000] inst=[000037fd] DASM(000037fd)
C0:      18178 [1] pc=[000000008000276e] W[r 0=0000000000000000][0] R[r15=0000000000000051] R[r 0=0000000000000000] inst=[0000ffed] DASM(0000ffed)
C0:      18193 [1] pc=[0000000080002768] W[r 0=0000000000000000][0] R[r13=0000000080022800] R[r14=0010001000000000] inst=[04e6b07b] DASM(04e6b07b)
C0:      18194 [1] pc=[000000008000276c] W[r15=0000000000000050][1] R[r15=0000000000000051] R[r 0=0000000000000000] inst=[000037fd] DASM(000037fd)
C0:      18195 [1] pc=[000000008000276e] W[r 0=0000000000000000][0] R[r15=0000000000000050] R[r 0=0000000000000000] inst=[0000ffed] DASM(0000ffed)
C0:      18211 [1] pc=[0000000080002768] W[r 0=0000000000000000][0] R[r13=0000000080022800] R[r14=0010001000000000] inst=[04e6b07b] DASM(04e6b07b)
C0:      18212 [1] pc=[000000008000276c] W[r15=000000000000004f][1] R[r15=0000000000000050] R[r 0=0000000000000000] inst=[000037fd] DASM(000037fd)
C0:      18213 [1] pc=[000000008000276e] W[r 0=0000000000000000][0] R[r15=000000000000004f] R[r 0=0000000000000000] inst=[0000ffed] DASM(0000ffed)
C0:      18229 [1] pc=[0000000080002768] W[r 0=0000000000000000][0] R[r13=0000000080022800] R[r14=0010001000000000] inst=[04e6b07b] DASM(04e6b07b)
C0:      18230 [1] pc=[000000008000276c] W[r15=000000000000004e][1] R[r15=000000000000004f] R[r 0=0000000000000000] inst=[000037fd] DASM(000037fd)
C0:      18231 [1] pc=[000000008000276e] W[r 0=0000000000000000][0] R[r15=000000000000004e] R[r 0=0000000000000000] inst=[0000ffed] DASM(0000ffed)
C0:      18246 [1] pc=[0000000080002768] W[r 0=0000000000000000][0] R[r13=0000000080022800] R[r14=0010001000000000] inst=[04e6b07b] DASM(04e6b07b)
C0:      18247 [1] pc=[000000008000276c] W[r15=000000000000004d][1] R[r15=000000000000004e] R[r 0=0000000000000000] inst=[000037fd] DASM(000037fd)
C0:      18248 [1] pc=[000000008000276e] W[r 0=0000000000000000][0] R[r15=000000000000004d] R[r 0=0000000000000000] inst=[0000ffed] DASM(0000ffed)
C0:      18265 [1] pc=[0000000080002768] W[r 0=0000000000000000][0] R[r13=0000000080022800] R[r14=0010001000000000] inst=[04e6b07b] DASM(04e6b07b)
C0:      18266 [1] pc=[000000008000276c] W[r15=000000000000004c][1] R[r15=000000000000004d] R[r 0=0000000000000000] inst=[000037fd] DASM(000037fd)
C0:      18267 [1] pc=[000000008000276e] W[r 0=0000000000000000][0] R[r15=000000000000004c] R[r 0=0000000000000000] inst=[0000ffed] DASM(0000ffed)
C0:      18282 [1] pc=[0000000080002768] W[r 0=0000000000000000][0] R[r13=0000000080022800] R[r14=0010001000000000] inst=[04e6b07b] DASM(04e6b07b)
C0:      18283 [1] pc=[000000008000276c] W[r15=000000000000004b][1] R[r15=000000000000004c] R[r 0=0000000000000000] inst=[000037fd] DASM(000037fd)
C0:      18284 [1] pc=[000000008000276e] W[r 0=0000000000000000][0] R[r15=000000000000004b] R[r 0=0000000000000000] inst=[0000ffed] DASM(0000ffed)
C0:      18300 [1] pc=[0000000080002768] W[r 0=0000000000000000][0] R[r13=0000000080022800] R[r14=0010001000000000] inst=[04e6b07b] DASM(04e6b07b)
C0:      18301 [1] pc=[000000008000276c] W[r15=000000000000004a][1] R[r15=000000000000004b] R[r 0=0000000000000000] inst=[000037fd] DASM(000037fd)
C0:      18302 [1] pc=[000000008000276e] W[r 0=0000000000000000][0] R[r15=000000000000004a] R[r 0=0000000000000000] inst=[0000ffed] DASM(0000ffed)
C0:      18318 [1] pc=[0000000080002768] W[r 0=0000000000000000][0] R[r13=0000000080022800] R[r14=0010001000000000] inst=[04e6b07b] DASM(04e6b07b)
C0:      18319 [1] pc=[000000008000276c] W[r15=0000000000000049][1] R[r15=000000000000004a] R[r 0=0000000000000000] inst=[000037fd] DASM(000037fd)
C0:      18320 [1] pc=[000000008000276e] W[r 0=0000000000000000][0] R[r15=0000000000000049] R[r 0=0000000000000000] inst=[0000ffed] DASM(0000ffed)
C0:      18335 [1] pc=[0000000080002768] W[r 0=0000000000000000][0] R[r13=0000000080022800] R[r14=0010001000000000] inst=[04e6b07b] DASM(04e6b07b)
C0:      18336 [1] pc=[000000008000276c] W[r15=0000000000000048][1] R[r15=0000000000000049] R[r 0=0000000000000000] inst=[000037fd] DASM(000037fd)
C0:      18337 [1] pc=[000000008000276e] W[r 0=0000000000000000][0] R[r15=0000000000000048] R[r 0=0000000000000000] inst=[0000ffed] DASM(0000ffed)
C0:      18354 [1] pc=[0000000080002768] W[r 0=0000000000000000][0] R[r13=0000000080022800] R[r14=0010001000000000] inst=[04e6b07b] DASM(04e6b07b)
C0:      18355 [1] pc=[000000008000276c] W[r15=0000000000000047][1] R[r15=0000000000000048] R[r 0=0000000000000000] inst=[000037fd] DASM(000037fd)
C0:      18356 [1] pc=[000000008000276e] W[r 0=0000000000000000][0] R[r15=0000000000000047] R[r 0=0000000000000000] inst=[0000ffed] DASM(0000ffed)
C0:      18371 [1] pc=[0000000080002768] W[r 0=0000000000000000][0] R[r13=0000000080022800] R[r14=0010001000000000] inst=[04e6b07b] DASM(04e6b07b)
C0:      18372 [1] pc=[000000008000276c] W[r15=0000000000000046][1] R[r15=0000000000000047] R[r 0=0000000000000000] inst=[000037fd] DASM(000037fd)
C0:      18373 [1] pc=[000000008000276e] W[r 0=0000000000000000][0] R[r15=0000000000000046] R[r 0=0000000000000000] inst=[0000ffed] DASM(0000ffed)
C0:      18389 [1] pc=[0000000080002768] W[r 0=0000000000000000][0] R[r13=0000000080022800] R[r14=0010001000000000] inst=[04e6b07b] DASM(04e6b07b)
C0:      18390 [1] pc=[000000008000276c] W[r15=0000000000000045][1] R[r15=0000000000000046] R[r 0=0000000000000000] inst=[000037fd] DASM(000037fd)
C0:      18391 [1] pc=[000000008000276e] W[r 0=0000000000000000][0] R[r15=0000000000000045] R[r 0=0000000000000000] inst=[0000ffed] DASM(0000ffed)
C0:      18407 [1] pc=[0000000080002768] W[r 0=0000000000000000][0] R[r13=0000000080022800] R[r14=0010001000000000] inst=[04e6b07b] DASM(04e6b07b)
C0:      18408 [1] pc=[000000008000276c] W[r15=0000000000000044][1] R[r15=0000000000000045] R[r 0=0000000000000000] inst=[000037fd] DASM(000037fd)
C0:      18409 [1] pc=[000000008000276e] W[r 0=0000000000000000][0] R[r15=0000000000000044] R[r 0=0000000000000000] inst=[0000ffed] DASM(0000ffed)
C0:      18424 [1] pc=[0000000080002768] W[r 0=0000000000000000][0] R[r13=0000000080022800] R[r14=0010001000000000] inst=[04e6b07b] DASM(04e6b07b)
C0:      18425 [1] pc=[000000008000276c] W[r15=0000000000000043][1] R[r15=0000000000000044] R[r 0=0000000000000000] inst=[000037fd] DASM(000037fd)
C0:      18426 [1] pc=[000000008000276e] W[r 0=0000000000000000][0] R[r15=0000000000000043] R[r 0=0000000000000000] inst=[0000ffed] DASM(0000ffed)
C0:      18443 [1] pc=[0000000080002768] W[r 0=0000000000000000][0] R[r13=0000000080022800] R[r14=0010001000000000] inst=[04e6b07b] DASM(04e6b07b)
C0:      18444 [1] pc=[000000008000276c] W[r15=0000000000000042][1] R[r15=0000000000000043] R[r 0=0000000000000000] inst=[000037fd] DASM(000037fd)
C0:      18445 [1] pc=[000000008000276e] W[r 0=0000000000000000][0] R[r15=0000000000000042] R[r 0=0000000000000000] inst=[0000ffed] DASM(0000ffed)
C0:      18459 [1] pc=[0000000080002768] W[r 0=0000000000000000][0] R[r13=0000000080022800] R[r14=0010001000000000] inst=[04e6b07b] DASM(04e6b07b)
C0:      18460 [1] pc=[000000008000276c] W[r15=0000000000000041][1] R[r15=0000000000000042] R[r 0=0000000000000000] inst=[000037fd] DASM(000037fd)
C0:      18461 [1] pc=[000000008000276e] W[r 0=0000000000000000][0] R[r15=0000000000000041] R[r 0=0000000000000000] inst=[0000ffed] DASM(0000ffed)
C0:      18478 [1] pc=[0000000080002768] W[r 0=0000000000000000][0] R[r13=0000000080022800] R[r14=0010001000000000] inst=[04e6b07b] DASM(04e6b07b)
C0:      18479 [1] pc=[000000008000276c] W[r15=0000000000000040][1] R[r15=0000000000000041] R[r 0=0000000000000000] inst=[000037fd] DASM(000037fd)
C0:      18480 [1] pc=[000000008000276e] W[r 0=0000000000000000][0] R[r15=0000000000000040] R[r 0=0000000000000000] inst=[0000ffed] DASM(0000ffed)
C0:      18495 [1] pc=[0000000080002768] W[r 0=0000000000000000][0] R[r13=0000000080022800] R[r14=0010001000000000] inst=[04e6b07b] DASM(04e6b07b)
C0:      18496 [1] pc=[000000008000276c] W[r15=000000000000003f][1] R[r15=0000000000000040] R[r 0=0000000000000000] inst=[000037fd] DASM(000037fd)
C0:      18497 [1] pc=[000000008000276e] W[r 0=0000000000000000][0] R[r15=000000000000003f] R[r 0=0000000000000000] inst=[0000ffed] DASM(0000ffed)
C0:      18513 [1] pc=[0000000080002768] W[r 0=0000000000000000][0] R[r13=0000000080022800] R[r14=0010001000000000] inst=[04e6b07b] DASM(04e6b07b)
C0:      18514 [1] pc=[000000008000276c] W[r15=000000000000003e][1] R[r15=000000000000003f] R[r 0=0000000000000000] inst=[000037fd] DASM(000037fd)
C0:      18515 [1] pc=[000000008000276e] W[r 0=0000000000000000][0] R[r15=000000000000003e] R[r 0=0000000000000000] inst=[0000ffed] DASM(0000ffed)
C0:      18531 [1] pc=[0000000080002768] W[r 0=0000000000000000][0] R[r13=0000000080022800] R[r14=0010001000000000] inst=[04e6b07b] DASM(04e6b07b)
C0:      18532 [1] pc=[000000008000276c] W[r15=000000000000003d][1] R[r15=000000000000003e] R[r 0=0000000000000000] inst=[000037fd] DASM(000037fd)
C0:      18533 [1] pc=[000000008000276e] W[r 0=0000000000000000][0] R[r15=000000000000003d] R[r 0=0000000000000000] inst=[0000ffed] DASM(0000ffed)
C0:      18548 [1] pc=[0000000080002768] W[r 0=0000000000000000][0] R[r13=0000000080022800] R[r14=0010001000000000] inst=[04e6b07b] DASM(04e6b07b)
C0:      18549 [1] pc=[000000008000276c] W[r15=000000000000003c][1] R[r15=000000000000003d] R[r 0=0000000000000000] inst=[000037fd] DASM(000037fd)
C0:      18550 [1] pc=[000000008000276e] W[r 0=0000000000000000][0] R[r15=000000000000003c] R[r 0=0000000000000000] inst=[0000ffed] DASM(0000ffed)
C0:      18566 [1] pc=[0000000080002768] W[r 0=0000000000000000][0] R[r13=0000000080022800] R[r14=0010001000000000] inst=[04e6b07b] DASM(04e6b07b)
C0:      18567 [1] pc=[000000008000276c] W[r15=000000000000003b][1] R[r15=000000000000003c] R[r 0=0000000000000000] inst=[000037fd] DASM(000037fd)
C0:      18568 [1] pc=[000000008000276e] W[r 0=0000000000000000][0] R[r15=000000000000003b] R[r 0=0000000000000000] inst=[0000ffed] DASM(0000ffed)
C0:      18584 [1] pc=[0000000080002768] W[r 0=0000000000000000][0] R[r13=0000000080022800] R[r14=0010001000000000] inst=[04e6b07b] DASM(04e6b07b)
C0:      18585 [1] pc=[000000008000276c] W[r15=000000000000003a][1] R[r15=000000000000003b] R[r 0=0000000000000000] inst=[000037fd] DASM(000037fd)
C0:      18586 [1] pc=[000000008000276e] W[r 0=0000000000000000][0] R[r15=000000000000003a] R[r 0=0000000000000000] inst=[0000ffed] DASM(0000ffed)
C0:      18601 [1] pc=[0000000080002768] W[r 0=0000000000000000][0] R[r13=0000000080022800] R[r14=0010001000000000] inst=[04e6b07b] DASM(04e6b07b)
C0:      18602 [1] pc=[000000008000276c] W[r15=0000000000000039][1] R[r15=000000000000003a] R[r 0=0000000000000000] inst=[000037fd] DASM(000037fd)
C0:      18603 [1] pc=[000000008000276e] W[r 0=0000000000000000][0] R[r15=0000000000000039] R[r 0=0000000000000000] inst=[0000ffed] DASM(0000ffed)
C0:      18620 [1] pc=[0000000080002768] W[r 0=0000000000000000][0] R[r13=0000000080022800] R[r14=0010001000000000] inst=[04e6b07b] DASM(04e6b07b)
C0:      18621 [1] pc=[000000008000276c] W[r15=0000000000000038][1] R[r15=0000000000000039] R[r 0=0000000000000000] inst=[000037fd] DASM(000037fd)
C0:      18622 [1] pc=[000000008000276e] W[r 0=0000000000000000][0] R[r15=0000000000000038] R[r 0=0000000000000000] inst=[0000ffed] DASM(0000ffed)
C0:      18636 [1] pc=[0000000080002768] W[r 0=0000000000000000][0] R[r13=0000000080022800] R[r14=0010001000000000] inst=[04e6b07b] DASM(04e6b07b)
C0:      18637 [1] pc=[000000008000276c] W[r15=0000000000000037][1] R[r15=0000000000000038] R[r 0=0000000000000000] inst=[000037fd] DASM(000037fd)
C0:      18638 [1] pc=[000000008000276e] W[r 0=0000000000000000][0] R[r15=0000000000000037] R[r 0=0000000000000000] inst=[0000ffed] DASM(0000ffed)
C0:      18656 [1] pc=[0000000080002768] W[r 0=0000000000000000][0] R[r13=0000000080022800] R[r14=0010001000000000] inst=[04e6b07b] DASM(04e6b07b)
C0:      18657 [1] pc=[000000008000276c] W[r15=0000000000000036][1] R[r15=0000000000000037] R[r 0=0000000000000000] inst=[000037fd] DASM(000037fd)
C0:      18658 [1] pc=[000000008000276e] W[r 0=0000000000000000][0] R[r15=0000000000000036] R[r 0=0000000000000000] inst=[0000ffed] DASM(0000ffed)
C0:      18673 [1] pc=[0000000080002768] W[r 0=0000000000000000][0] R[r13=0000000080022800] R[r14=0010001000000000] inst=[04e6b07b] DASM(04e6b07b)
C0:      18674 [1] pc=[000000008000276c] W[r15=0000000000000035][1] R[r15=0000000000000036] R[r 0=0000000000000000] inst=[000037fd] DASM(000037fd)
C0:      18675 [1] pc=[000000008000276e] W[r 0=0000000000000000][0] R[r15=0000000000000035] R[r 0=0000000000000000] inst=[0000ffed] DASM(0000ffed)
C0:      18691 [1] pc=[0000000080002768] W[r 0=0000000000000000][0] R[r13=0000000080022800] R[r14=0010001000000000] inst=[04e6b07b] DASM(04e6b07b)
C0:      18692 [1] pc=[000000008000276c] W[r15=0000000000000034][1] R[r15=0000000000000035] R[r 0=0000000000000000] inst=[000037fd] DASM(000037fd)
C0:      18693 [1] pc=[000000008000276e] W[r 0=0000000000000000][0] R[r15=0000000000000034] R[r 0=0000000000000000] inst=[0000ffed] DASM(0000ffed)
C0:      18709 [1] pc=[0000000080002768] W[r 0=0000000000000000][0] R[r13=0000000080022800] R[r14=0010001000000000] inst=[04e6b07b] DASM(04e6b07b)
C0:      18710 [1] pc=[000000008000276c] W[r15=0000000000000033][1] R[r15=0000000000000034] R[r 0=0000000000000000] inst=[000037fd] DASM(000037fd)
C0:      18711 [1] pc=[000000008000276e] W[r 0=0000000000000000][0] R[r15=0000000000000033] R[r 0=0000000000000000] inst=[0000ffed] DASM(0000ffed)
C0:      18726 [1] pc=[0000000080002768] W[r 0=0000000000000000][0] R[r13=0000000080022800] R[r14=0010001000000000] inst=[04e6b07b] DASM(04e6b07b)
C0:      18727 [1] pc=[000000008000276c] W[r15=0000000000000032][1] R[r15=0000000000000033] R[r 0=0000000000000000] inst=[000037fd] DASM(000037fd)
C0:      18728 [1] pc=[000000008000276e] W[r 0=0000000000000000][0] R[r15=0000000000000032] R[r 0=0000000000000000] inst=[0000ffed] DASM(0000ffed)
C0:      18745 [1] pc=[0000000080002768] W[r 0=0000000000000000][0] R[r13=0000000080022800] R[r14=0010001000000000] inst=[04e6b07b] DASM(04e6b07b)
C0:      18746 [1] pc=[000000008000276c] W[r15=0000000000000031][1] R[r15=0000000000000032] R[r 0=0000000000000000] inst=[000037fd] DASM(000037fd)
C0:      18747 [1] pc=[000000008000276e] W[r 0=0000000000000000][0] R[r15=0000000000000031] R[r 0=0000000000000000] inst=[0000ffed] DASM(0000ffed)
C0:      18762 [1] pc=[0000000080002768] W[r 0=0000000000000000][0] R[r13=0000000080022800] R[r14=0010001000000000] inst=[04e6b07b] DASM(04e6b07b)
C0:      18763 [1] pc=[000000008000276c] W[r15=0000000000000030][1] R[r15=0000000000000031] R[r 0=0000000000000000] inst=[000037fd] DASM(000037fd)
C0:      18764 [1] pc=[000000008000276e] W[r 0=0000000000000000][0] R[r15=0000000000000030] R[r 0=0000000000000000] inst=[0000ffed] DASM(0000ffed)
C0:      18780 [1] pc=[0000000080002768] W[r 0=0000000000000000][0] R[r13=0000000080022800] R[r14=0010001000000000] inst=[04e6b07b] DASM(04e6b07b)
C0:      18781 [1] pc=[000000008000276c] W[r15=000000000000002f][1] R[r15=0000000000000030] R[r 0=0000000000000000] inst=[000037fd] DASM(000037fd)
C0:      18782 [1] pc=[000000008000276e] W[r 0=0000000000000000][0] R[r15=000000000000002f] R[r 0=0000000000000000] inst=[0000ffed] DASM(0000ffed)
C0:      18798 [1] pc=[0000000080002768] W[r 0=0000000000000000][0] R[r13=0000000080022800] R[r14=0010001000000000] inst=[04e6b07b] DASM(04e6b07b)
C0:      18799 [1] pc=[000000008000276c] W[r15=000000000000002e][1] R[r15=000000000000002f] R[r 0=0000000000000000] inst=[000037fd] DASM(000037fd)
C0:      18800 [1] pc=[000000008000276e] W[r 0=0000000000000000][0] R[r15=000000000000002e] R[r 0=0000000000000000] inst=[0000ffed] DASM(0000ffed)
C0:      18815 [1] pc=[0000000080002768] W[r 0=0000000000000000][0] R[r13=0000000080022800] R[r14=0010001000000000] inst=[04e6b07b] DASM(04e6b07b)
C0:      18816 [1] pc=[000000008000276c] W[r15=000000000000002d][1] R[r15=000000000000002e] R[r 0=0000000000000000] inst=[000037fd] DASM(000037fd)
C0:      18817 [1] pc=[000000008000276e] W[r 0=0000000000000000][0] R[r15=000000000000002d] R[r 0=0000000000000000] inst=[0000ffed] DASM(0000ffed)
C0:      18834 [1] pc=[0000000080002768] W[r 0=0000000000000000][0] R[r13=0000000080022800] R[r14=0010001000000000] inst=[04e6b07b] DASM(04e6b07b)
C0:      18835 [1] pc=[000000008000276c] W[r15=000000000000002c][1] R[r15=000000000000002d] R[r 0=0000000000000000] inst=[000037fd] DASM(000037fd)
C0:      18836 [1] pc=[000000008000276e] W[r 0=0000000000000000][0] R[r15=000000000000002c] R[r 0=0000000000000000] inst=[0000ffed] DASM(0000ffed)
C0:      18851 [1] pc=[0000000080002768] W[r 0=0000000000000000][0] R[r13=0000000080022800] R[r14=0010001000000000] inst=[04e6b07b] DASM(04e6b07b)
C0:      18852 [1] pc=[000000008000276c] W[r15=000000000000002b][1] R[r15=000000000000002c] R[r 0=0000000000000000] inst=[000037fd] DASM(000037fd)
C0:      18853 [1] pc=[000000008000276e] W[r 0=0000000000000000][0] R[r15=000000000000002b] R[r 0=0000000000000000] inst=[0000ffed] DASM(0000ffed)
C0:      18869 [1] pc=[0000000080002768] W[r 0=0000000000000000][0] R[r13=0000000080022800] R[r14=0010001000000000] inst=[04e6b07b] DASM(04e6b07b)
C0:      18870 [1] pc=[000000008000276c] W[r15=000000000000002a][1] R[r15=000000000000002b] R[r 0=0000000000000000] inst=[000037fd] DASM(000037fd)
C0:      18871 [1] pc=[000000008000276e] W[r 0=0000000000000000][0] R[r15=000000000000002a] R[r 0=0000000000000000] inst=[0000ffed] DASM(0000ffed)
C0:      18887 [1] pc=[0000000080002768] W[r 0=0000000000000000][0] R[r13=0000000080022800] R[r14=0010001000000000] inst=[04e6b07b] DASM(04e6b07b)
C0:      18888 [1] pc=[000000008000276c] W[r15=0000000000000029][1] R[r15=000000000000002a] R[r 0=0000000000000000] inst=[000037fd] DASM(000037fd)
C0:      18889 [1] pc=[000000008000276e] W[r 0=0000000000000000][0] R[r15=0000000000000029] R[r 0=0000000000000000] inst=[0000ffed] DASM(0000ffed)
C0:      18904 [1] pc=[0000000080002768] W[r 0=0000000000000000][0] R[r13=0000000080022800] R[r14=0010001000000000] inst=[04e6b07b] DASM(04e6b07b)
C0:      18905 [1] pc=[000000008000276c] W[r15=0000000000000028][1] R[r15=0000000000000029] R[r 0=0000000000000000] inst=[000037fd] DASM(000037fd)
C0:      18906 [1] pc=[000000008000276e] W[r 0=0000000000000000][0] R[r15=0000000000000028] R[r 0=0000000000000000] inst=[0000ffed] DASM(0000ffed)
C0:      18923 [1] pc=[0000000080002768] W[r 0=0000000000000000][0] R[r13=0000000080022800] R[r14=0010001000000000] inst=[04e6b07b] DASM(04e6b07b)
C0:      18924 [1] pc=[000000008000276c] W[r15=0000000000000027][1] R[r15=0000000000000028] R[r 0=0000000000000000] inst=[000037fd] DASM(000037fd)
C0:      18925 [1] pc=[000000008000276e] W[r 0=0000000000000000][0] R[r15=0000000000000027] R[r 0=0000000000000000] inst=[0000ffed] DASM(0000ffed)
C0:      18939 [1] pc=[0000000080002768] W[r 0=0000000000000000][0] R[r13=0000000080022800] R[r14=0010001000000000] inst=[04e6b07b] DASM(04e6b07b)
C0:      18940 [1] pc=[000000008000276c] W[r15=0000000000000026][1] R[r15=0000000000000027] R[r 0=0000000000000000] inst=[000037fd] DASM(000037fd)
C0:      18941 [1] pc=[000000008000276e] W[r 0=0000000000000000][0] R[r15=0000000000000026] R[r 0=0000000000000000] inst=[0000ffed] DASM(0000ffed)
C0:      18958 [1] pc=[0000000080002768] W[r 0=0000000000000000][0] R[r13=0000000080022800] R[r14=0010001000000000] inst=[04e6b07b] DASM(04e6b07b)
C0:      18959 [1] pc=[000000008000276c] W[r15=0000000000000025][1] R[r15=0000000000000026] R[r 0=0000000000000000] inst=[000037fd] DASM(000037fd)
C0:      18960 [1] pc=[000000008000276e] W[r 0=0000000000000000][0] R[r15=0000000000000025] R[r 0=0000000000000000] inst=[0000ffed] DASM(0000ffed)
C0:      18975 [1] pc=[0000000080002768] W[r 0=0000000000000000][0] R[r13=0000000080022800] R[r14=0010001000000000] inst=[04e6b07b] DASM(04e6b07b)
C0:      18976 [1] pc=[000000008000276c] W[r15=0000000000000024][1] R[r15=0000000000000025] R[r 0=0000000000000000] inst=[000037fd] DASM(000037fd)
C0:      18977 [1] pc=[000000008000276e] W[r 0=0000000000000000][0] R[r15=0000000000000024] R[r 0=0000000000000000] inst=[0000ffed] DASM(0000ffed)
C0:      18993 [1] pc=[0000000080002768] W[r 0=0000000000000000][0] R[r13=0000000080022800] R[r14=0010001000000000] inst=[04e6b07b] DASM(04e6b07b)
C0:      18994 [1] pc=[000000008000276c] W[r15=0000000000000023][1] R[r15=0000000000000024] R[r 0=0000000000000000] inst=[000037fd] DASM(000037fd)
C0:      18995 [1] pc=[000000008000276e] W[r 0=0000000000000000][0] R[r15=0000000000000023] R[r 0=0000000000000000] inst=[0000ffed] DASM(0000ffed)
C0:      19011 [1] pc=[0000000080002768] W[r 0=0000000000000000][0] R[r13=0000000080022800] R[r14=0010001000000000] inst=[04e6b07b] DASM(04e6b07b)
C0:      19012 [1] pc=[000000008000276c] W[r15=0000000000000022][1] R[r15=0000000000000023] R[r 0=0000000000000000] inst=[000037fd] DASM(000037fd)
C0:      19013 [1] pc=[000000008000276e] W[r 0=0000000000000000][0] R[r15=0000000000000022] R[r 0=0000000000000000] inst=[0000ffed] DASM(0000ffed)
C0:      19028 [1] pc=[0000000080002768] W[r 0=0000000000000000][0] R[r13=0000000080022800] R[r14=0010001000000000] inst=[04e6b07b] DASM(04e6b07b)
C0:      19029 [1] pc=[000000008000276c] W[r15=0000000000000021][1] R[r15=0000000000000022] R[r 0=0000000000000000] inst=[000037fd] DASM(000037fd)
C0:      19030 [1] pc=[000000008000276e] W[r 0=0000000000000000][0] R[r15=0000000000000021] R[r 0=0000000000000000] inst=[0000ffed] DASM(0000ffed)
C0:      19046 [1] pc=[0000000080002768] W[r 0=0000000000000000][0] R[r13=0000000080022800] R[r14=0010001000000000] inst=[04e6b07b] DASM(04e6b07b)
C0:      19047 [1] pc=[000000008000276c] W[r15=0000000000000020][1] R[r15=0000000000000021] R[r 0=0000000000000000] inst=[000037fd] DASM(000037fd)
C0:      19048 [1] pc=[000000008000276e] W[r 0=0000000000000000][0] R[r15=0000000000000020] R[r 0=0000000000000000] inst=[0000ffed] DASM(0000ffed)
C0:      19064 [1] pc=[0000000080002768] W[r 0=0000000000000000][0] R[r13=0000000080022800] R[r14=0010001000000000] inst=[04e6b07b] DASM(04e6b07b)
C0:      19065 [1] pc=[000000008000276c] W[r15=000000000000001f][1] R[r15=0000000000000020] R[r 0=0000000000000000] inst=[000037fd] DASM(000037fd)
C0:      19066 [1] pc=[000000008000276e] W[r 0=0000000000000000][0] R[r15=000000000000001f] R[r 0=0000000000000000] inst=[0000ffed] DASM(0000ffed)
C0:      19081 [1] pc=[0000000080002768] W[r 0=0000000000000000][0] R[r13=0000000080022800] R[r14=0010001000000000] inst=[04e6b07b] DASM(04e6b07b)
C0:      19082 [1] pc=[000000008000276c] W[r15=000000000000001e][1] R[r15=000000000000001f] R[r 0=0000000000000000] inst=[000037fd] DASM(000037fd)
C0:      19083 [1] pc=[000000008000276e] W[r 0=0000000000000000][0] R[r15=000000000000001e] R[r 0=0000000000000000] inst=[0000ffed] DASM(0000ffed)
C0:      19100 [1] pc=[0000000080002768] W[r 0=0000000000000000][0] R[r13=0000000080022800] R[r14=0010001000000000] inst=[04e6b07b] DASM(04e6b07b)
C0:      19101 [1] pc=[000000008000276c] W[r15=000000000000001d][1] R[r15=000000000000001e] R[r 0=0000000000000000] inst=[000037fd] DASM(000037fd)
C0:      19102 [1] pc=[000000008000276e] W[r 0=0000000000000000][0] R[r15=000000000000001d] R[r 0=0000000000000000] inst=[0000ffed] DASM(0000ffed)
C0:      19116 [1] pc=[0000000080002768] W[r 0=0000000000000000][0] R[r13=0000000080022800] R[r14=0010001000000000] inst=[04e6b07b] DASM(04e6b07b)
C0:      19117 [1] pc=[000000008000276c] W[r15=000000000000001c][1] R[r15=000000000000001d] R[r 0=0000000000000000] inst=[000037fd] DASM(000037fd)
C0:      19118 [1] pc=[000000008000276e] W[r 0=0000000000000000][0] R[r15=000000000000001c] R[r 0=0000000000000000] inst=[0000ffed] DASM(0000ffed)
C0:      19136 [1] pc=[0000000080002768] W[r 0=0000000000000000][0] R[r13=0000000080022800] R[r14=0010001000000000] inst=[04e6b07b] DASM(04e6b07b)
C0:      19137 [1] pc=[000000008000276c] W[r15=000000000000001b][1] R[r15=000000000000001c] R[r 0=0000000000000000] inst=[000037fd] DASM(000037fd)
C0:      19138 [1] pc=[000000008000276e] W[r 0=0000000000000000][0] R[r15=000000000000001b] R[r 0=0000000000000000] inst=[0000ffed] DASM(0000ffed)
C0:      19153 [1] pc=[0000000080002768] W[r 0=0000000000000000][0] R[r13=0000000080022800] R[r14=0010001000000000] inst=[04e6b07b] DASM(04e6b07b)
C0:      19154 [1] pc=[000000008000276c] W[r15=000000000000001a][1] R[r15=000000000000001b] R[r 0=0000000000000000] inst=[000037fd] DASM(000037fd)
C0:      19155 [1] pc=[000000008000276e] W[r 0=0000000000000000][0] R[r15=000000000000001a] R[r 0=0000000000000000] inst=[0000ffed] DASM(0000ffed)
C0:      19171 [1] pc=[0000000080002768] W[r 0=0000000000000000][0] R[r13=0000000080022800] R[r14=0010001000000000] inst=[04e6b07b] DASM(04e6b07b)
C0:      19172 [1] pc=[000000008000276c] W[r15=0000000000000019][1] R[r15=000000000000001a] R[r 0=0000000000000000] inst=[000037fd] DASM(000037fd)
C0:      19173 [1] pc=[000000008000276e] W[r 0=0000000000000000][0] R[r15=0000000000000019] R[r 0=0000000000000000] inst=[0000ffed] DASM(0000ffed)
C0:      19189 [1] pc=[0000000080002768] W[r 0=0000000000000000][0] R[r13=0000000080022800] R[r14=0010001000000000] inst=[04e6b07b] DASM(04e6b07b)
C0:      19190 [1] pc=[000000008000276c] W[r15=0000000000000018][1] R[r15=0000000000000019] R[r 0=0000000000000000] inst=[000037fd] DASM(000037fd)
C0:      19191 [1] pc=[000000008000276e] W[r 0=0000000000000000][0] R[r15=0000000000000018] R[r 0=0000000000000000] inst=[0000ffed] DASM(0000ffed)
C0:      19206 [1] pc=[0000000080002768] W[r 0=0000000000000000][0] R[r13=0000000080022800] R[r14=0010001000000000] inst=[04e6b07b] DASM(04e6b07b)
C0:      19207 [1] pc=[000000008000276c] W[r15=0000000000000017][1] R[r15=0000000000000018] R[r 0=0000000000000000] inst=[000037fd] DASM(000037fd)
C0:      19208 [1] pc=[000000008000276e] W[r 0=0000000000000000][0] R[r15=0000000000000017] R[r 0=0000000000000000] inst=[0000ffed] DASM(0000ffed)
C0:      19225 [1] pc=[0000000080002768] W[r 0=0000000000000000][0] R[r13=0000000080022800] R[r14=0010001000000000] inst=[04e6b07b] DASM(04e6b07b)
C0:      19226 [1] pc=[000000008000276c] W[r15=0000000000000016][1] R[r15=0000000000000017] R[r 0=0000000000000000] inst=[000037fd] DASM(000037fd)
C0:      19227 [1] pc=[000000008000276e] W[r 0=0000000000000000][0] R[r15=0000000000000016] R[r 0=0000000000000000] inst=[0000ffed] DASM(0000ffed)
C0:      19242 [1] pc=[0000000080002768] W[r 0=0000000000000000][0] R[r13=0000000080022800] R[r14=0010001000000000] inst=[04e6b07b] DASM(04e6b07b)
C0:      19243 [1] pc=[000000008000276c] W[r15=0000000000000015][1] R[r15=0000000000000016] R[r 0=0000000000000000] inst=[000037fd] DASM(000037fd)
C0:      19244 [1] pc=[000000008000276e] W[r 0=0000000000000000][0] R[r15=0000000000000015] R[r 0=0000000000000000] inst=[0000ffed] DASM(0000ffed)
C0:      19260 [1] pc=[0000000080002768] W[r 0=0000000000000000][0] R[r13=0000000080022800] R[r14=0010001000000000] inst=[04e6b07b] DASM(04e6b07b)
C0:      19261 [1] pc=[000000008000276c] W[r15=0000000000000014][1] R[r15=0000000000000015] R[r 0=0000000000000000] inst=[000037fd] DASM(000037fd)
C0:      19262 [1] pc=[000000008000276e] W[r 0=0000000000000000][0] R[r15=0000000000000014] R[r 0=0000000000000000] inst=[0000ffed] DASM(0000ffed)
C0:      19278 [1] pc=[0000000080002768] W[r 0=0000000000000000][0] R[r13=0000000080022800] R[r14=0010001000000000] inst=[04e6b07b] DASM(04e6b07b)
C0:      19279 [1] pc=[000000008000276c] W[r15=0000000000000013][1] R[r15=0000000000000014] R[r 0=0000000000000000] inst=[000037fd] DASM(000037fd)
C0:      19280 [1] pc=[000000008000276e] W[r 0=0000000000000000][0] R[r15=0000000000000013] R[r 0=0000000000000000] inst=[0000ffed] DASM(0000ffed)
C0:      19295 [1] pc=[0000000080002768] W[r 0=0000000000000000][0] R[r13=0000000080022800] R[r14=0010001000000000] inst=[04e6b07b] DASM(04e6b07b)
C0:      19296 [1] pc=[000000008000276c] W[r15=0000000000000012][1] R[r15=0000000000000013] R[r 0=0000000000000000] inst=[000037fd] DASM(000037fd)
C0:      19297 [1] pc=[000000008000276e] W[r 0=0000000000000000][0] R[r15=0000000000000012] R[r 0=0000000000000000] inst=[0000ffed] DASM(0000ffed)
C0:      19314 [1] pc=[0000000080002768] W[r 0=0000000000000000][0] R[r13=0000000080022800] R[r14=0010001000000000] inst=[04e6b07b] DASM(04e6b07b)
C0:      19315 [1] pc=[000000008000276c] W[r15=0000000000000011][1] R[r15=0000000000000012] R[r 0=0000000000000000] inst=[000037fd] DASM(000037fd)
C0:      19316 [1] pc=[000000008000276e] W[r 0=0000000000000000][0] R[r15=0000000000000011] R[r 0=0000000000000000] inst=[0000ffed] DASM(0000ffed)
C0:      19331 [1] pc=[0000000080002768] W[r 0=0000000000000000][0] R[r13=0000000080022800] R[r14=0010001000000000] inst=[04e6b07b] DASM(04e6b07b)
C0:      19332 [1] pc=[000000008000276c] W[r15=0000000000000010][1] R[r15=0000000000000011] R[r 0=0000000000000000] inst=[000037fd] DASM(000037fd)
C0:      19333 [1] pc=[000000008000276e] W[r 0=0000000000000000][0] R[r15=0000000000000010] R[r 0=0000000000000000] inst=[0000ffed] DASM(0000ffed)
C0:      19349 [1] pc=[0000000080002768] W[r 0=0000000000000000][0] R[r13=0000000080022800] R[r14=0010001000000000] inst=[04e6b07b] DASM(04e6b07b)
C0:      19350 [1] pc=[000000008000276c] W[r15=000000000000000f][1] R[r15=0000000000000010] R[r 0=0000000000000000] inst=[000037fd] DASM(000037fd)
C0:      19351 [1] pc=[000000008000276e] W[r 0=0000000000000000][0] R[r15=000000000000000f] R[r 0=0000000000000000] inst=[0000ffed] DASM(0000ffed)
C0:      19367 [1] pc=[0000000080002768] W[r 0=0000000000000000][0] R[r13=0000000080022800] R[r14=0010001000000000] inst=[04e6b07b] DASM(04e6b07b)
C0:      19368 [1] pc=[000000008000276c] W[r15=000000000000000e][1] R[r15=000000000000000f] R[r 0=0000000000000000] inst=[000037fd] DASM(000037fd)
C0:      19369 [1] pc=[000000008000276e] W[r 0=0000000000000000][0] R[r15=000000000000000e] R[r 0=0000000000000000] inst=[0000ffed] DASM(0000ffed)
C0:      19384 [1] pc=[0000000080002768] W[r 0=0000000000000000][0] R[r13=0000000080022800] R[r14=0010001000000000] inst=[04e6b07b] DASM(04e6b07b)
C0:      19385 [1] pc=[000000008000276c] W[r15=000000000000000d][1] R[r15=000000000000000e] R[r 0=0000000000000000] inst=[000037fd] DASM(000037fd)
C0:      19386 [1] pc=[000000008000276e] W[r 0=0000000000000000][0] R[r15=000000000000000d] R[r 0=0000000000000000] inst=[0000ffed] DASM(0000ffed)
C0:      19403 [1] pc=[0000000080002768] W[r 0=0000000000000000][0] R[r13=0000000080022800] R[r14=0010001000000000] inst=[04e6b07b] DASM(04e6b07b)
C0:      19404 [1] pc=[000000008000276c] W[r15=000000000000000c][1] R[r15=000000000000000d] R[r 0=0000000000000000] inst=[000037fd] DASM(000037fd)
C0:      19405 [1] pc=[000000008000276e] W[r 0=0000000000000000][0] R[r15=000000000000000c] R[r 0=0000000000000000] inst=[0000ffed] DASM(0000ffed)
C0:      19419 [1] pc=[0000000080002768] W[r 0=0000000000000000][0] R[r13=0000000080022800] R[r14=0010001000000000] inst=[04e6b07b] DASM(04e6b07b)
C0:      19420 [1] pc=[000000008000276c] W[r15=000000000000000b][1] R[r15=000000000000000c] R[r 0=0000000000000000] inst=[000037fd] DASM(000037fd)
C0:      19421 [1] pc=[000000008000276e] W[r 0=0000000000000000][0] R[r15=000000000000000b] R[r 0=0000000000000000] inst=[0000ffed] DASM(0000ffed)
C0:      19438 [1] pc=[0000000080002768] W[r 0=0000000000000000][0] R[r13=0000000080022800] R[r14=0010001000000000] inst=[04e6b07b] DASM(04e6b07b)
C0:      19439 [1] pc=[000000008000276c] W[r15=000000000000000a][1] R[r15=000000000000000b] R[r 0=0000000000000000] inst=[000037fd] DASM(000037fd)
C0:      19440 [1] pc=[000000008000276e] W[r 0=0000000000000000][0] R[r15=000000000000000a] R[r 0=0000000000000000] inst=[0000ffed] DASM(0000ffed)
C0:      19455 [1] pc=[0000000080002768] W[r 0=0000000000000000][0] R[r13=0000000080022800] R[r14=0010001000000000] inst=[04e6b07b] DASM(04e6b07b)
C0:      19456 [1] pc=[000000008000276c] W[r15=0000000000000009][1] R[r15=000000000000000a] R[r 0=0000000000000000] inst=[000037fd] DASM(000037fd)
C0:      19457 [1] pc=[000000008000276e] W[r 0=0000000000000000][0] R[r15=0000000000000009] R[r 0=0000000000000000] inst=[0000ffed] DASM(0000ffed)
C0:      19473 [1] pc=[0000000080002768] W[r 0=0000000000000000][0] R[r13=0000000080022800] R[r14=0010001000000000] inst=[04e6b07b] DASM(04e6b07b)
C0:      19474 [1] pc=[000000008000276c] W[r15=0000000000000008][1] R[r15=0000000000000009] R[r 0=0000000000000000] inst=[000037fd] DASM(000037fd)
C0:      19475 [1] pc=[000000008000276e] W[r 0=0000000000000000][0] R[r15=0000000000000008] R[r 0=0000000000000000] inst=[0000ffed] DASM(0000ffed)
C0:      19491 [1] pc=[0000000080002768] W[r 0=0000000000000000][0] R[r13=0000000080022800] R[r14=0010001000000000] inst=[04e6b07b] DASM(04e6b07b)
C0:      19492 [1] pc=[000000008000276c] W[r15=0000000000000007][1] R[r15=0000000000000008] R[r 0=0000000000000000] inst=[000037fd] DASM(000037fd)
C0:      19493 [1] pc=[000000008000276e] W[r 0=0000000000000000][0] R[r15=0000000000000007] R[r 0=0000000000000000] inst=[0000ffed] DASM(0000ffed)
C0:      19508 [1] pc=[0000000080002768] W[r 0=0000000000000000][0] R[r13=0000000080022800] R[r14=0010001000000000] inst=[04e6b07b] DASM(04e6b07b)
C0:      19509 [1] pc=[000000008000276c] W[r15=0000000000000006][1] R[r15=0000000000000007] R[r 0=0000000000000000] inst=[000037fd] DASM(000037fd)
C0:      19510 [1] pc=[000000008000276e] W[r 0=0000000000000000][0] R[r15=0000000000000006] R[r 0=0000000000000000] inst=[0000ffed] DASM(0000ffed)
C0:      19526 [1] pc=[0000000080002768] W[r 0=0000000000000000][0] R[r13=0000000080022800] R[r14=0010001000000000] inst=[04e6b07b] DASM(04e6b07b)
C0:      19527 [1] pc=[000000008000276c] W[r15=0000000000000005][1] R[r15=0000000000000006] R[r 0=0000000000000000] inst=[000037fd] DASM(000037fd)
C0:      19528 [1] pc=[000000008000276e] W[r 0=0000000000000000][0] R[r15=0000000000000005] R[r 0=0000000000000000] inst=[0000ffed] DASM(0000ffed)
C0:      19544 [1] pc=[0000000080002768] W[r 0=0000000000000000][0] R[r13=0000000080022800] R[r14=0010001000000000] inst=[04e6b07b] DASM(04e6b07b)
C0:      19545 [1] pc=[000000008000276c] W[r15=0000000000000004][1] R[r15=0000000000000005] R[r 0=0000000000000000] inst=[000037fd] DASM(000037fd)
C0:      19546 [1] pc=[000000008000276e] W[r 0=0000000000000000][0] R[r15=0000000000000004] R[r 0=0000000000000000] inst=[0000ffed] DASM(0000ffed)
C0:      19561 [1] pc=[0000000080002768] W[r 0=0000000000000000][0] R[r13=0000000080022800] R[r14=0010001000000000] inst=[04e6b07b] DASM(04e6b07b)
C0:      19562 [1] pc=[000000008000276c] W[r15=0000000000000003][1] R[r15=0000000000000004] R[r 0=0000000000000000] inst=[000037fd] DASM(000037fd)
C0:      19563 [1] pc=[000000008000276e] W[r 0=0000000000000000][0] R[r15=0000000000000003] R[r 0=0000000000000000] inst=[0000ffed] DASM(0000ffed)
C0:      19580 [1] pc=[0000000080002768] W[r 0=0000000000000000][0] R[r13=0000000080022800] R[r14=0010001000000000] inst=[04e6b07b] DASM(04e6b07b)
C0:      19581 [1] pc=[000000008000276c] W[r15=0000000000000002][1] R[r15=0000000000000003] R[r 0=0000000000000000] inst=[000037fd] DASM(000037fd)
C0:      19582 [1] pc=[000000008000276e] W[r 0=0000000000000000][0] R[r15=0000000000000002] R[r 0=0000000000000000] inst=[0000ffed] DASM(0000ffed)
C0:      19596 [1] pc=[0000000080002768] W[r 0=0000000000000000][0] R[r13=0000000080022800] R[r14=0010001000000000] inst=[04e6b07b] DASM(04e6b07b)
C0:      19597 [1] pc=[000000008000276c] W[r15=0000000000000001][1] R[r15=0000000000000002] R[r 0=0000000000000000] inst=[000037fd] DASM(000037fd)
C0:      19598 [1] pc=[000000008000276e] W[r 0=0000000000000000][0] R[r15=0000000000000001] R[r 0=0000000000000000] inst=[0000ffed] DASM(0000ffed)
C0:      19616 [1] pc=[0000000080002768] W[r 0=0000000000000000][0] R[r13=0000000080022800] R[r14=0010001000000000] inst=[04e6b07b] DASM(04e6b07b)
C0:      19617 [1] pc=[000000008000276c] W[r15=0000000000000000][1] R[r15=0000000000000001] R[r 0=0000000000000000] inst=[000037fd] DASM(000037fd)
C0:      19618 [1] pc=[000000008000276e] W[r 0=0000000000000000][0] R[r15=0000000000000000] R[r 0=0000000000000000] inst=[0000ffed] DASM(0000ffed)
C0:      19929 [1] pc=[0000000080002770] W[r 0=0000000000000000][0] R[r 0=0000000000000000] R[r 0=0000000000000000] inst=[0ff0000f] DASM(0ff0000f)
C0:      19930 [1] pc=[0000000080002774] W[r 8=0000000000004dda][1] R[r 0=0000000000000000] R[r 0=0000000000000000] inst=[c0002473] DASM(c0002473)
C0:      19931 [1] pc=[0000000080002778] W[r10=0000000080002778][1] R[r 0=0000000000000000] R[r 0=0000000000000000] inst=[00000517] DASM(00000517)
C0:      19932 [1] pc=[000000008000277c] W[r10=00000000800027b8][1] R[r10=0000000080002778] R[r 0=0000000000000000] inst=[04050513] DASM(04050513)
C0:      19962 [1] pc=[0000000080002780] W[r 8=00000000000045d3][1] R[r 8=0000000000004dda] R[r12=0000000000000807] inst=[00008c11] DASM(00008c11)
C0:      19963 [1] pc=[0000000080002782] W[r 1=0000000080002786][1] R[r 0=0000000000000000] R[r 0=0000000000000000] inst=[d17ff0ef] DASM(d17ff0ef)
C0:      19994 [1] pc=[0000000080002498] W[r 2=00000000800227a0][1] R[r 2=0000000080022800] R[r 0=0000000000000000] inst=[0000711d] DASM(0000711d)
C0:      19995 [1] pc=[000000008000249a] W[r 6=00000000800227c8][1] R[r 2=00000000800227a0] R[r 0=0000000000000000] inst=[02810313] DASM(02810313)
C0:      19996 [1] pc=[000000008000249e] W[r28=00000000800027b8][1] R[r 0=0000000000000000] R[r10=00000000800027b8] inst=[00008e2a] DASM(00008e2a)
C0:      20020 [1] pc=[00000000800024a0] W[r 0=0000000000000000][0] R[r 2=00000000800227a0] R[r11=00000000000000d1] inst=[0000f42e] DASM(0000f42e)
C0:      20021 [1] pc=[00000000800024a2] W[r 0=0000000000000000][0] R[r 2=00000000800227a0] R[r12=0000000000000807] inst=[0000f832] DASM(0000f832)
C0:      20022 [1] pc=[00000000800024a4] W[r 0=0000000000000000][0] R[r 2=00000000800227a0] R[r13=0000000080022800] inst=[0000fc36] DASM(0000fc36)
C0:      20023 [1] pc=[00000000800024a6] W[r10=00000000800024a6][1] R[r 0=0000000000000000] R[r 0=0000000000000000] inst=[00000517] DASM(00000517)
C0:      20024 [1] pc=[00000000800024aa] W[r10=000000008000230e][1] R[r10=00000000800024a6] R[r 0=0000000000000000] inst=[e6850513] DASM(e6850513)
C0:      20025 [1] pc=[00000000800024ae] W[r13=00000000800227c8][1] R[r 0=0000000000000000] R[r 6=00000000800227c8] inst=[0000869a] DASM(0000869a)
C0:      20026 [1] pc=[00000000800024b0] W[r12=00000000800027b8][1] R[r 0=0000000000000000] R[r28=00000000800027b8] inst=[00008672] DASM(00008672)
C0:      20027 [1] pc=[00000000800024b2] W[r11=0000000000000000][1] R[r 0=0000000000000000] R[r 0=0000000000000000] inst=[00004581] DASM(00004581)
C0:      20051 [1] pc=[00000000800024b4] W[r 0=0000000000000000][0] R[r 2=00000000800227a0] R[r 1=0000000080002786] inst=[0000ec06] DASM(0000ec06)
C0:      20052 [1] pc=[00000000800024b6] W[r 0=0000000000000000][0] R[r 2=00000000800227a0] R[r14=0010001000000000] inst=[0000e0ba] DASM(0000e0ba)
C0:      20053 [1] pc=[00000000800024b8] W[r 0=0000000000000000][0] R[r 2=00000000800227a0] R[r15=0000000000000000] inst=[0000e4be] DASM(0000e4be)
C0:      20054 [1] pc=[00000000800024ba] W[r 0=0000000000000000][0] R[r 2=00000000800227a0] R[r16=0000000000000000] inst=[0000e8c2] DASM(0000e8c2)
C0:      20055 [1] pc=[00000000800024bc] W[r 0=0000000000000000][0] R[r 2=00000000800227a0] R[r17=0000000000000000] inst=[0000ecc6] DASM(0000ecc6)
C0:      20056 [1] pc=[00000000800024be] W[r 0=0000000000000000][0] R[r 2=00000000800227a0] R[r 6=00000000800227c8] inst=[0000e41a] DASM(0000e41a)
C0:      20086 [1] pc=[00000000800024c0] W[r 1=00000000800024c4][1] R[r 0=0000000000000000] R[r 0=0000000000000000] inst=[b65ff0ef] DASM(b65ff0ef)
C0:      20117 [1] pc=[0000000080002024] W[r 2=0000000080022630][1] R[r 2=00000000800227a0] R[r 0=0000000000000000] inst=[00007149] DASM(00007149)
C0:      20118 [1] pc=[0000000080002026] W[r 0=0000000000000000][0] R[r 2=0000000080022630] R[r 8=00000000000045d3] inst=[0000f2a2] DASM(0000f2a2)
C0:      20119 [1] pc=[0000000080002028] W[r 0=0000000000000000][0] R[r 2=0000000080022630] R[r 9=0000000000000000] inst=[0000eea6] DASM(0000eea6)
C0:      20120 [1] pc=[000000008000202a] W[r 0=0000000000000000][0] R[r 2=0000000080022630] R[r18=0000000000000001] inst=[0000eaca] DASM(0000eaca)
C0:      20144 [1] pc=[000000008000202c] W[r 0=0000000000000000][0] R[r 2=0000000080022630] R[r20=00000000800029c0] inst=[0000e2d2] DASM(0000e2d2)
C0:      20145 [1] pc=[000000008000202e] W[r 0=0000000000000000][0] R[r 2=0000000080022630] R[r21=00000000800029c0] inst=[0000fe56] DASM(0000fe56)
C0:      20146 [1] pc=[0000000080002030] W[r 0=0000000000000000][0] R[r 2=0000000080022630] R[r22=0000000000000000] inst=[0000fa5a] DASM(0000fa5a)
C0:      20147 [1] pc=[0000000080002032] W[r 0=0000000000000000][0] R[r 2=0000000080022630] R[r23=0000000000000000] inst=[0000f65e] DASM(0000f65e)
C0:      20148 [1] pc=[0000000080002034] W[r 0=0000000000000000][0] R[r 2=0000000080022630] R[r 1=00000000800024c4] inst=[0000f686] DASM(0000f686)
C0:      20149 [1] pc=[0000000080002036] W[r 0=0000000000000000][0] R[r 2=0000000080022630] R[r19=0000000000000000] inst=[0000e6ce] DASM(0000e6ce)
C0:      20150 [1] pc=[0000000080002038] W[r 0=0000000000000000][0] R[r 2=0000000080022630] R[r24=0000000000000000] inst=[0000f262] DASM(0000f262)
C0:      20151 [1] pc=[000000008000203a] W[r 0=0000000000000000][0] R[r 2=0000000080022630] R[r25=0000000000000000] inst=[0000ee66] DASM(0000ee66)
C0:      20152 [1] pc=[000000008000203c] W[r 0=0000000000000000][0] R[r 2=0000000080022630] R[r26=0000000000000000] inst=[0000ea6a] DASM(0000ea6a)
C0:      20176 [1] pc=[000000008000203e] W[r 0=0000000000000000][0] R[r 2=0000000080022630] R[r27=0000000000000000] inst=[0000e66e] DASM(0000e66e)
C0:      20187 [1] pc=[0000000080002040] W[r18=000000008000230e][1] R[r 0=0000000000000000] R[r10=000000008000230e] inst=[0000892a] DASM(0000892a)
C0:      20188 [1] pc=[0000000080002042] W[r 9=0000000000000000][1] R[r 0=0000000000000000] R[r11=0000000000000000] inst=[000084ae] DASM(000084ae)
C0:      20189 [1] pc=[0000000080002044] W[r 8=00000000800027b8][1] R[r 0=0000000000000000] R[r12=00000000800027b8] inst=[00008432] DASM(00008432)
C0:      20190 [1] pc=[0000000080002046] W[r21=00000000800227c8][1] R[r 0=0000000000000000] R[r13=00000000800227c8] inst=[00008ab6] DASM(00008ab6)
C0:      20191 [1] pc=[0000000080002048] W[r20=0000000000000025][1] R[r 0=0000000000000000] R[r 0=0000000000000000] inst=[02500a13] DASM(02500a13)
C0:      20192 [1] pc=[000000008000204c] W[r23=0000000000000055][1] R[r 0=0000000000000000] R[r 0=0000000000000000] inst=[05500b93] DASM(05500b93)
C0:      20193 [1] pc=[0000000080002050] W[r22=0000000080002050][1] R[r 0=0000000000000000] R[r 0=0000000000000000] inst=[00000b17] DASM(00000b17)
C0:      20194 [1] pc=[0000000080002054] W[r22=000000008000282c][1] R[r22=0000000080002050] R[r 0=0000000000000000] inst=[7dcb0b13] DASM(7dcb0b13)
C0:      20195 [1] pc=[0000000080002058] W[r 0=000000008000205a][1] R[r 0=0000000000000000] R[r 0=0000000000000000] inst=[0000a029] DASM(0000a029)
C0:      20210 [1] pc=[0000000080002062] W[r10=0000000000000050][1] R[r 8=00000000800027b8] R[r 0=0000000000000000] inst=[00044503] DASM(00044503)
C0:      20213 [1] pc=[0000000080002066] W[r 0=0000000000000000][0] R[r10=0000000000000050] R[r20=0000000000000025] inst=[ff451ae3] DASM(ff451ae3)
C0:      20214 [1] pc=[000000008000205a] W[r 0=0000000000000000][0] R[r10=0000000000000050] R[r 0=0000000000000000] inst=[0000cd1d] DASM(0000cd1d)
C0:      20215 [1] pc=[000000008000205c] W[r11=0000000000000000][1] R[r 0=0000000000000000] R[r 9=0000000000000000] inst=[000085a6] DASM(000085a6)
C0:      20216 [1] pc=[000000008000205e] W[r 8=00000000800027b9][1] R[r 8=00000000800027b8] R[r 0=0000000000000000] inst=[00000405] DASM(00000405)
C0:      20217 [1] pc=[0000000080002060] W[r 1=0000000080002062][1] R[r18=000000008000230e] R[r 0=0000000000000000] inst=[00009902] DASM(00009902)
C0:      20251 [1] pc=[000000008000230e] W[r16=0000000000000000][1] R[r 4=00000000800029c0] R[r 0=0000000000000000] inst=[04022803] DASM(04022803)
C0:      20252 [1] pc=[0000000080002312] W[r15=00000000800029c0][1] R[r 4=00000000800029c0] R[r 0=0000000000000000] inst=[00020793] DASM(00020793)
C0:      20253 [1] pc=[0000000080002316] W[r15=00000000800029c0][1] R[r15=00000000800029c0] R[r16=0000000000000000] inst=[000097c2] DASM(000097c2)
C0:      20254 [1] pc=[0000000080002318] W[r 2=00000000800225c0][1] R[r 2=0000000080022630] R[r 0=0000000000000000] inst=[00007159] DASM(00007159)
C0:      20255 [1] pc=[000000008000231a] W[r13=0000000000000001][1] R[r16=0000000000000000] R[r 0=0000000000000000] inst=[0018069b] DASM(0018069b)
C0:      20256 [1] pc=[000000008000231e] W[r 0=0000000000000000][0] R[r 4=00000000800029c0] R[r13=0000000000000001] inst=[04d22023] DASM(04d22023)
C0:      20257 [1] pc=[0000000080002322] W[r 0=0000000000000000][0] R[r15=00000000800029c0] R[r10=0000000000000050] inst=[00a78023] DASM(00a78023)
C0:      20258 [1] pc=[0000000080002326] W[r14=00000000800225ff][1] R[r 2=00000000800225c0] R[r 0=0000000000000000] inst=[03f10713] DASM(03f10713)
C0:      20259 [1] pc=[000000008000232a] W[r15=000000000000000a][1] R[r 0=0000000000000000] R[r 0=0000000000000000] inst=[000047a9] DASM(000047a9)
C0:      20260 [1] pc=[000000008000232c] W[r14=00000000800225c0][1] R[r14=00000000800225ff] R[r 0=0000000000000000] inst=[fc077713] DASM(fc077713)
C0:      20261 [1] pc=[0000000080002330] W[r 0=0000000000000000][0] R[r10=0000000000000050] R[r15=000000000000000a] inst=[00f50963] DASM(00f50963)
C0:      20262 [1] pc=[0000000080002334] W[r15=0000000000000040][1] R[r 0=0000000000000000] R[r 0=0000000000000000] inst=[04000793] DASM(04000793)
C0:      20263 [1] pc=[0000000080002338] W[r 0=0000000000000000][0] R[r13=0000000000000001] R[r15=0000000000000040] inst=[00f68563] DASM(00f68563)
C0:      20264 [1] pc=[000000008000233c] W[r10=0000000000000000][1] R[r 0=0000000000000000] R[r 0=0000000000000000] inst=[00004501] DASM(00004501)
C0:      20265 [1] pc=[000000008000233e] W[r 2=0000000080022630][1] R[r 2=00000000800225c0] R[r 0=0000000000000000] inst=[00006165] DASM(00006165)
C0:      20295 [1] pc=[0000000080002340] W[r 0=0000000080002342][1] R[r 1=0000000080002062] R[r 0=0000000000000000] inst=[00008082] DASM(00008082)
C0:      20298 [1] pc=[0000000080002062] W[r10=0000000000000072][1] R[r 8=00000000800027b9] R[r 0=0000000000000000] inst=[00044503] DASM(00044503)
C0:      20301 [1] pc=[0000000080002066] W[r 0=0000000000000000][0] R[r10=0000000000000072] R[r20=0000000000000025] inst=[ff451ae3] DASM(ff451ae3)
C0:      20302 [1] pc=[000000008000205a] W[r 0=0000000000000000][0] R[r10=0000000000000072] R[r 0=0000000000000000] inst=[0000cd1d] DASM(0000cd1d)
C0:      20303 [1] pc=[000000008000205c] W[r11=0000000000000000][1] R[r 0=0000000000000000] R[r 9=0000000000000000] inst=[000085a6] DASM(000085a6)
C0:      20304 [1] pc=[000000008000205e] W[r 8=00000000800027ba][1] R[r 8=00000000800027b9] R[r 0=0000000000000000] inst=[00000405] DASM(00000405)
C0:      20305 [1] pc=[0000000080002060] W[r 1=0000000080002062][1] R[r18=000000008000230e] R[r 0=0000000000000000] inst=[00009902] DASM(00009902)
C0:      20306 [1] pc=[000000008000230e] W[r16=0000000000000001][1] R[r 4=00000000800029c0] R[r 0=0000000000000000] inst=[04022803] DASM(04022803)
C0:      20307 [1] pc=[0000000080002312] W[r15=00000000800029c0][1] R[r 4=00000000800029c0] R[r 0=0000000000000000] inst=[00020793] DASM(00020793)
C0:      20308 [1] pc=[0000000080002316] W[r15=00000000800029c1][1] R[r15=00000000800029c0] R[r16=0000000000000001] inst=[000097c2] DASM(000097c2)
C0:      20309 [1] pc=[0000000080002318] W[r 2=00000000800225c0][1] R[r 2=0000000080022630] R[r 0=0000000000000000] inst=[00007159] DASM(00007159)
C0:      20310 [1] pc=[000000008000231a] W[r13=0000000000000002][1] R[r16=0000000000000001] R[r 0=0000000000000000] inst=[0018069b] DASM(0018069b)
C0:      20311 [1] pc=[000000008000231e] W[r 0=0000000000000000][0] R[r 4=00000000800029c0] R[r13=0000000000000002] inst=[04d22023] DASM(04d22023)
C0:      20312 [1] pc=[0000000080002322] W[r 0=0000000000000000][0] R[r15=00000000800029c1] R[r10=0000000000000072] inst=[00a78023] DASM(00a78023)
C0:      20313 [1] pc=[0000000080002326] W[r14=00000000800225ff][1] R[r 2=00000000800225c0] R[r 0=0000000000000000] inst=[03f10713] DASM(03f10713)
C0:      20314 [1] pc=[000000008000232a] W[r15=000000000000000a][1] R[r 0=0000000000000000] R[r 0=0000000000000000] inst=[000047a9] DASM(000047a9)
C0:      20315 [1] pc=[000000008000232c] W[r14=00000000800225c0][1] R[r14=00000000800225ff] R[r 0=0000000000000000] inst=[fc077713] DASM(fc077713)
C0:      20316 [1] pc=[0000000080002330] W[r 0=0000000000000000][0] R[r10=0000000000000072] R[r15=000000000000000a] inst=[00f50963] DASM(00f50963)
C0:      20317 [1] pc=[0000000080002334] W[r15=0000000000000040][1] R[r 0=0000000000000000] R[r 0=0000000000000000] inst=[04000793] DASM(04000793)
C0:      20318 [1] pc=[0000000080002338] W[r 0=0000000000000000][0] R[r13=0000000000000002] R[r15=0000000000000040] inst=[00f68563] DASM(00f68563)
C0:      20319 [1] pc=[000000008000233c] W[r10=0000000000000000][1] R[r 0=0000000000000000] R[r 0=0000000000000000] inst=[00004501] DASM(00004501)
C0:      20320 [1] pc=[000000008000233e] W[r 2=0000000080022630][1] R[r 2=00000000800225c0] R[r 0=0000000000000000] inst=[00006165] DASM(00006165)
C0:      20321 [1] pc=[0000000080002340] W[r 0=0000000080002342][1] R[r 1=0000000080002062] R[r 0=0000000000000000] inst=[00008082] DASM(00008082)
C0:      20322 [1] pc=[0000000080002062] W[r10=0000000000000065][1] R[r 8=00000000800027ba] R[r 0=0000000000000000] inst=[00044503] DASM(00044503)
C0:      20325 [1] pc=[0000000080002066] W[r 0=0000000000000000][0] R[r10=0000000000000065] R[r20=0000000000000025] inst=[ff451ae3] DASM(ff451ae3)
C0:      20326 [1] pc=[000000008000205a] W[r 0=0000000000000000][0] R[r10=0000000000000065] R[r 0=0000000000000000] inst=[0000cd1d] DASM(0000cd1d)
C0:      20327 [1] pc=[000000008000205c] W[r11=0000000000000000][1] R[r 0=0000000000000000] R[r 9=0000000000000000] inst=[000085a6] DASM(000085a6)
C0:      20328 [1] pc=[000000008000205e] W[r 8=00000000800027bb][1] R[r 8=00000000800027ba] R[r 0=0000000000000000] inst=[00000405] DASM(00000405)
C0:      20329 [1] pc=[0000000080002060] W[r 1=0000000080002062][1] R[r18=000000008000230e] R[r 0=0000000000000000] inst=[00009902] DASM(00009902)
C0:      20330 [1] pc=[000000008000230e] W[r16=0000000000000002][1] R[r 4=00000000800029c0] R[r 0=0000000000000000] inst=[04022803] DASM(04022803)
C0:      20331 [1] pc=[0000000080002312] W[r15=00000000800029c0][1] R[r 4=00000000800029c0] R[r 0=0000000000000000] inst=[00020793] DASM(00020793)
C0:      20332 [1] pc=[0000000080002316] W[r15=00000000800029c2][1] R[r15=00000000800029c0] R[r16=0000000000000002] inst=[000097c2] DASM(000097c2)
C0:      20333 [1] pc=[0000000080002318] W[r 2=00000000800225c0][1] R[r 2=0000000080022630] R[r 0=0000000000000000] inst=[00007159] DASM(00007159)
C0:      20334 [1] pc=[000000008000231a] W[r13=0000000000000003][1] R[r16=0000000000000002] R[r 0=0000000000000000] inst=[0018069b] DASM(0018069b)
C0:      20335 [1] pc=[000000008000231e] W[r 0=0000000000000000][0] R[r 4=00000000800029c0] R[r13=0000000000000003] inst=[04d22023] DASM(04d22023)
C0:      20336 [1] pc=[0000000080002322] W[r 0=0000000000000000][0] R[r15=00000000800029c2] R[r10=0000000000000065] inst=[00a78023] DASM(00a78023)
C0:      20337 [1] pc=[0000000080002326] W[r14=00000000800225ff][1] R[r 2=00000000800225c0] R[r 0=0000000000000000] inst=[03f10713] DASM(03f10713)
C0:      20338 [1] pc=[000000008000232a] W[r15=000000000000000a][1] R[r 0=0000000000000000] R[r 0=0000000000000000] inst=[000047a9] DASM(000047a9)
C0:      20339 [1] pc=[000000008000232c] W[r14=00000000800225c0][1] R[r14=00000000800225ff] R[r 0=0000000000000000] inst=[fc077713] DASM(fc077713)
C0:      20340 [1] pc=[0000000080002330] W[r 0=0000000000000000][0] R[r10=0000000000000065] R[r15=000000000000000a] inst=[00f50963] DASM(00f50963)
C0:      20341 [1] pc=[0000000080002334] W[r15=0000000000000040][1] R[r 0=0000000000000000] R[r 0=0000000000000000] inst=[04000793] DASM(04000793)
C0:      20342 [1] pc=[0000000080002338] W[r 0=0000000000000000][0] R[r13=0000000000000003] R[r15=0000000000000040] inst=[00f68563] DASM(00f68563)
C0:      20343 [1] pc=[000000008000233c] W[r10=0000000000000000][1] R[r 0=0000000000000000] R[r 0=0000000000000000] inst=[00004501] DASM(00004501)
C0:      20344 [1] pc=[000000008000233e] W[r 2=0000000080022630][1] R[r 2=00000000800225c0] R[r 0=0000000000000000] inst=[00006165] DASM(00006165)
C0:      20345 [1] pc=[0000000080002340] W[r 0=0000000080002342][1] R[r 1=0000000080002062] R[r 0=0000000000000000] inst=[00008082] DASM(00008082)
C0:      20346 [1] pc=[0000000080002062] W[r10=0000000000000020][1] R[r 8=00000000800027bb] R[r 0=0000000000000000] inst=[00044503] DASM(00044503)
C0:      20349 [1] pc=[0000000080002066] W[r 0=0000000000000000][0] R[r10=0000000000000020] R[r20=0000000000000025] inst=[ff451ae3] DASM(ff451ae3)
C0:      20350 [1] pc=[000000008000205a] W[r 0=0000000000000000][0] R[r10=0000000000000020] R[r 0=0000000000000000] inst=[0000cd1d] DASM(0000cd1d)
C0:      20351 [1] pc=[000000008000205c] W[r11=0000000000000000][1] R[r 0=0000000000000000] R[r 9=0000000000000000] inst=[000085a6] DASM(000085a6)
C0:      20352 [1] pc=[000000008000205e] W[r 8=00000000800027bc][1] R[r 8=00000000800027bb] R[r 0=0000000000000000] inst=[00000405] DASM(00000405)
C0:      20353 [1] pc=[0000000080002060] W[r 1=0000000080002062][1] R[r18=000000008000230e] R[r 0=0000000000000000] inst=[00009902] DASM(00009902)
C0:      20354 [1] pc=[000000008000230e] W[r16=0000000000000003][1] R[r 4=00000000800029c0] R[r 0=0000000000000000] inst=[04022803] DASM(04022803)
C0:      20355 [1] pc=[0000000080002312] W[r15=00000000800029c0][1] R[r 4=00000000800029c0] R[r 0=0000000000000000] inst=[00020793] DASM(00020793)
C0:      20356 [1] pc=[0000000080002316] W[r15=00000000800029c3][1] R[r15=00000000800029c0] R[r16=0000000000000003] inst=[000097c2] DASM(000097c2)
C0:      20357 [1] pc=[0000000080002318] W[r 2=00000000800225c0][1] R[r 2=0000000080022630] R[r 0=0000000000000000] inst=[00007159] DASM(00007159)
C0:      20358 [1] pc=[000000008000231a] W[r13=0000000000000004][1] R[r16=0000000000000003] R[r 0=0000000000000000] inst=[0018069b] DASM(0018069b)
C0:      20359 [1] pc=[000000008000231e] W[r 0=0000000000000000][0] R[r 4=00000000800029c0] R[r13=0000000000000004] inst=[04d22023] DASM(04d22023)
C0:      20360 [1] pc=[0000000080002322] W[r 0=0000000000000000][0] R[r15=00000000800029c3] R[r10=0000000000000020] inst=[00a78023] DASM(00a78023)
C0:      20361 [1] pc=[0000000080002326] W[r14=00000000800225ff][1] R[r 2=00000000800225c0] R[r 0=0000000000000000] inst=[03f10713] DASM(03f10713)
C0:      20362 [1] pc=[000000008000232a] W[r15=000000000000000a][1] R[r 0=0000000000000000] R[r 0=0000000000000000] inst=[000047a9] DASM(000047a9)
C0:      20363 [1] pc=[000000008000232c] W[r14=00000000800225c0][1] R[r14=00000000800225ff] R[r 0=0000000000000000] inst=[fc077713] DASM(fc077713)
C0:      20364 [1] pc=[0000000080002330] W[r 0=0000000000000000][0] R[r10=0000000000000020] R[r15=000000000000000a] inst=[00f50963] DASM(00f50963)
C0:      20365 [1] pc=[0000000080002334] W[r15=0000000000000040][1] R[r 0=0000000000000000] R[r 0=0000000000000000] inst=[04000793] DASM(04000793)
C0:      20366 [1] pc=[0000000080002338] W[r 0=0000000000000000][0] R[r13=0000000000000004] R[r15=0000000000000040] inst=[00f68563] DASM(00f68563)
C0:      20367 [1] pc=[000000008000233c] W[r10=0000000000000000][1] R[r 0=0000000000000000] R[r 0=0000000000000000] inst=[00004501] DASM(00004501)
C0:      20368 [1] pc=[000000008000233e] W[r 2=0000000080022630][1] R[r 2=00000000800225c0] R[r 0=0000000000000000] inst=[00006165] DASM(00006165)
C0:      20369 [1] pc=[0000000080002340] W[r 0=0000000080002342][1] R[r 1=0000000080002062] R[r 0=0000000000000000] inst=[00008082] DASM(00008082)
C0:      20370 [1] pc=[0000000080002062] W[r10=0000000000000063][1] R[r 8=00000000800027bc] R[r 0=0000000000000000] inst=[00044503] DASM(00044503)
C0:      20373 [1] pc=[0000000080002066] W[r 0=0000000000000000][0] R[r10=0000000000000063] R[r20=0000000000000025] inst=[ff451ae3] DASM(ff451ae3)
C0:      20374 [1] pc=[000000008000205a] W[r 0=0000000000000000][0] R[r10=0000000000000063] R[r 0=0000000000000000] inst=[0000cd1d] DASM(0000cd1d)
C0:      20375 [1] pc=[000000008000205c] W[r11=0000000000000000][1] R[r 0=0000000000000000] R[r 9=0000000000000000] inst=[000085a6] DASM(000085a6)
C0:      20376 [1] pc=[000000008000205e] W[r 8=00000000800027bd][1] R[r 8=00000000800027bc] R[r 0=0000000000000000] inst=[00000405] DASM(00000405)
C0:      20377 [1] pc=[0000000080002060] W[r 1=0000000080002062][1] R[r18=000000008000230e] R[r 0=0000000000000000] inst=[00009902] DASM(00009902)
C0:      20378 [1] pc=[000000008000230e] W[r16=0000000000000004][1] R[r 4=00000000800029c0] R[r 0=0000000000000000] inst=[04022803] DASM(04022803)
C0:      20379 [1] pc=[0000000080002312] W[r15=00000000800029c0][1] R[r 4=00000000800029c0] R[r 0=0000000000000000] inst=[00020793] DASM(00020793)
C0:      20380 [1] pc=[0000000080002316] W[r15=00000000800029c4][1] R[r15=00000000800029c0] R[r16=0000000000000004] inst=[000097c2] DASM(000097c2)
C0:      20381 [1] pc=[0000000080002318] W[r 2=00000000800225c0][1] R[r 2=0000000080022630] R[r 0=0000000000000000] inst=[00007159] DASM(00007159)
C0:      20382 [1] pc=[000000008000231a] W[r13=0000000000000005][1] R[r16=0000000000000004] R[r 0=0000000000000000] inst=[0018069b] DASM(0018069b)
C0:      20383 [1] pc=[000000008000231e] W[r 0=0000000000000000][0] R[r 4=00000000800029c0] R[r13=0000000000000005] inst=[04d22023] DASM(04d22023)
C0:      20384 [1] pc=[0000000080002322] W[r 0=0000000000000000][0] R[r15=00000000800029c4] R[r10=0000000000000063] inst=[00a78023] DASM(00a78023)
C0:      20385 [1] pc=[0000000080002326] W[r14=00000000800225ff][1] R[r 2=00000000800225c0] R[r 0=0000000000000000] inst=[03f10713] DASM(03f10713)
C0:      20386 [1] pc=[000000008000232a] W[r15=000000000000000a][1] R[r 0=0000000000000000] R[r 0=0000000000000000] inst=[000047a9] DASM(000047a9)
C0:      20387 [1] pc=[000000008000232c] W[r14=00000000800225c0][1] R[r14=00000000800225ff] R[r 0=0000000000000000] inst=[fc077713] DASM(fc077713)
C0:      20388 [1] pc=[0000000080002330] W[r 0=0000000000000000][0] R[r10=0000000000000063] R[r15=000000000000000a] inst=[00f50963] DASM(00f50963)
C0:      20389 [1] pc=[0000000080002334] W[r15=0000000000000040][1] R[r 0=0000000000000000] R[r 0=0000000000000000] inst=[04000793] DASM(04000793)
C0:      20390 [1] pc=[0000000080002338] W[r 0=0000000000000000][0] R[r13=0000000000000005] R[r15=0000000000000040] inst=[00f68563] DASM(00f68563)
C0:      20391 [1] pc=[000000008000233c] W[r10=0000000000000000][1] R[r 0=0000000000000000] R[r 0=0000000000000000] inst=[00004501] DASM(00004501)
C0:      20392 [1] pc=[000000008000233e] W[r 2=0000000080022630][1] R[r 2=00000000800225c0] R[r 0=0000000000000000] inst=[00006165] DASM(00006165)
C0:      20393 [1] pc=[0000000080002340] W[r 0=0000000080002342][1] R[r 1=0000000080002062] R[r 0=0000000000000000] inst=[00008082] DASM(00008082)
C0:      20394 [1] pc=[0000000080002062] W[r10=0000000000000079][1] R[r 8=00000000800027bd] R[r 0=0000000000000000] inst=[00044503] DASM(00044503)
C0:      20397 [1] pc=[0000000080002066] W[r 0=0000000000000000][0] R[r10=0000000000000079] R[r20=0000000000000025] inst=[ff451ae3] DASM(ff451ae3)
C0:      20398 [1] pc=[000000008000205a] W[r 0=0000000000000000][0] R[r10=0000000000000079] R[r 0=0000000000000000] inst=[0000cd1d] DASM(0000cd1d)
C0:      20399 [1] pc=[000000008000205c] W[r11=0000000000000000][1] R[r 0=0000000000000000] R[r 9=0000000000000000] inst=[000085a6] DASM(000085a6)
C0:      20400 [1] pc=[000000008000205e] W[r 8=00000000800027be][1] R[r 8=00000000800027bd] R[r 0=0000000000000000] inst=[00000405] DASM(00000405)
C0:      20401 [1] pc=[0000000080002060] W[r 1=0000000080002062][1] R[r18=000000008000230e] R[r 0=0000000000000000] inst=[00009902] DASM(00009902)
C0:      20402 [1] pc=[000000008000230e] W[r16=0000000000000005][1] R[r 4=00000000800029c0] R[r 0=0000000000000000] inst=[04022803] DASM(04022803)
C0:      20403 [1] pc=[0000000080002312] W[r15=00000000800029c0][1] R[r 4=00000000800029c0] R[r 0=0000000000000000] inst=[00020793] DASM(00020793)
C0:      20404 [1] pc=[0000000080002316] W[r15=00000000800029c5][1] R[r15=00000000800029c0] R[r16=0000000000000005] inst=[000097c2] DASM(000097c2)
C0:      20405 [1] pc=[0000000080002318] W[r 2=00000000800225c0][1] R[r 2=0000000080022630] R[r 0=0000000000000000] inst=[00007159] DASM(00007159)
C0:      20406 [1] pc=[000000008000231a] W[r13=0000000000000006][1] R[r16=0000000000000005] R[r 0=0000000000000000] inst=[0018069b] DASM(0018069b)
C0:      20407 [1] pc=[000000008000231e] W[r 0=0000000000000000][0] R[r 4=00000000800029c0] R[r13=0000000000000006] inst=[04d22023] DASM(04d22023)
C0:      20408 [1] pc=[0000000080002322] W[r 0=0000000000000000][0] R[r15=00000000800029c5] R[r10=0000000000000079] inst=[00a78023] DASM(00a78023)
C0:      20409 [1] pc=[0000000080002326] W[r14=00000000800225ff][1] R[r 2=00000000800225c0] R[r 0=0000000000000000] inst=[03f10713] DASM(03f10713)
C0:      20410 [1] pc=[000000008000232a] W[r15=000000000000000a][1] R[r 0=0000000000000000] R[r 0=0000000000000000] inst=[000047a9] DASM(000047a9)
C0:      20411 [1] pc=[000000008000232c] W[r14=00000000800225c0][1] R[r14=00000000800225ff] R[r 0=0000000000000000] inst=[fc077713] DASM(fc077713)
C0:      20412 [1] pc=[0000000080002330] W[r 0=0000000000000000][0] R[r10=0000000000000079] R[r15=000000000000000a] inst=[00f50963] DASM(00f50963)
C0:      20413 [1] pc=[0000000080002334] W[r15=0000000000000040][1] R[r 0=0000000000000000] R[r 0=0000000000000000] inst=[04000793] DASM(04000793)
C0:      20414 [1] pc=[0000000080002338] W[r 0=0000000000000000][0] R[r13=0000000000000006] R[r15=0000000000000040] inst=[00f68563] DASM(00f68563)
C0:      20415 [1] pc=[000000008000233c] W[r10=0000000000000000][1] R[r 0=0000000000000000] R[r 0=0000000000000000] inst=[00004501] DASM(00004501)
C0:      20416 [1] pc=[000000008000233e] W[r 2=0000000080022630][1] R[r 2=00000000800225c0] R[r 0=0000000000000000] inst=[00006165] DASM(00006165)
C0:      20417 [1] pc=[0000000080002340] W[r 0=0000000080002342][1] R[r 1=0000000080002062] R[r 0=0000000000000000] inst=[00008082] DASM(00008082)
C0:      20418 [1] pc=[0000000080002062] W[r10=0000000000000063][1] R[r 8=00000000800027be] R[r 0=0000000000000000] inst=[00044503] DASM(00044503)
C0:      20421 [1] pc=[0000000080002066] W[r 0=0000000000000000][0] R[r10=0000000000000063] R[r20=0000000000000025] inst=[ff451ae3] DASM(ff451ae3)
C0:      20422 [1] pc=[000000008000205a] W[r 0=0000000000000000][0] R[r10=0000000000000063] R[r 0=0000000000000000] inst=[0000cd1d] DASM(0000cd1d)
C0:      20423 [1] pc=[000000008000205c] W[r11=0000000000000000][1] R[r 0=0000000000000000] R[r 9=0000000000000000] inst=[000085a6] DASM(000085a6)
C0:      20424 [1] pc=[000000008000205e] W[r 8=00000000800027bf][1] R[r 8=00000000800027be] R[r 0=0000000000000000] inst=[00000405] DASM(00000405)
C0:      20425 [1] pc=[0000000080002060] W[r 1=0000000080002062][1] R[r18=000000008000230e] R[r 0=0000000000000000] inst=[00009902] DASM(00009902)
C0:      20426 [1] pc=[000000008000230e] W[r16=0000000000000006][1] R[r 4=00000000800029c0] R[r 0=0000000000000000] inst=[04022803] DASM(04022803)
C0:      20427 [1] pc=[0000000080002312] W[r15=00000000800029c0][1] R[r 4=00000000800029c0] R[r 0=0000000000000000] inst=[00020793] DASM(00020793)
C0:      20428 [1] pc=[0000000080002316] W[r15=00000000800029c6][1] R[r15=00000000800029c0] R[r16=0000000000000006] inst=[000097c2] DASM(000097c2)
C0:      20429 [1] pc=[0000000080002318] W[r 2=00000000800225c0][1] R[r 2=0000000080022630] R[r 0=0000000000000000] inst=[00007159] DASM(00007159)
C0:      20430 [1] pc=[000000008000231a] W[r13=0000000000000007][1] R[r16=0000000000000006] R[r 0=0000000000000000] inst=[0018069b] DASM(0018069b)
C0:      20431 [1] pc=[000000008000231e] W[r 0=0000000000000000][0] R[r 4=00000000800029c0] R[r13=0000000000000007] inst=[04d22023] DASM(04d22023)
C0:      20432 [1] pc=[0000000080002322] W[r 0=0000000000000000][0] R[r15=00000000800029c6] R[r10=0000000000000063] inst=[00a78023] DASM(00a78023)
C0:      20433 [1] pc=[0000000080002326] W[r14=00000000800225ff][1] R[r 2=00000000800225c0] R[r 0=0000000000000000] inst=[03f10713] DASM(03f10713)
C0:      20434 [1] pc=[000000008000232a] W[r15=000000000000000a][1] R[r 0=0000000000000000] R[r 0=0000000000000000] inst=[000047a9] DASM(000047a9)
C0:      20435 [1] pc=[000000008000232c] W[r14=00000000800225c0][1] R[r14=00000000800225ff] R[r 0=0000000000000000] inst=[fc077713] DASM(fc077713)
C0:      20436 [1] pc=[0000000080002330] W[r 0=0000000000000000][0] R[r10=0000000000000063] R[r15=000000000000000a] inst=[00f50963] DASM(00f50963)
C0:      20437 [1] pc=[0000000080002334] W[r15=0000000000000040][1] R[r 0=0000000000000000] R[r 0=0000000000000000] inst=[04000793] DASM(04000793)
C0:      20438 [1] pc=[0000000080002338] W[r 0=0000000000000000][0] R[r13=0000000000000007] R[r15=0000000000000040] inst=[00f68563] DASM(00f68563)
C0:      20439 [1] pc=[000000008000233c] W[r10=0000000000000000][1] R[r 0=0000000000000000] R[r 0=0000000000000000] inst=[00004501] DASM(00004501)
C0:      20440 [1] pc=[000000008000233e] W[r 2=0000000080022630][1] R[r 2=00000000800225c0] R[r 0=0000000000000000] inst=[00006165] DASM(00006165)
C0:      20441 [1] pc=[0000000080002340] W[r 0=0000000080002342][1] R[r 1=0000000080002062] R[r 0=0000000000000000] inst=[00008082] DASM(00008082)
C0:      20442 [1] pc=[0000000080002062] W[r10=000000000000006c][1] R[r 8=00000000800027bf] R[r 0=0000000000000000] inst=[00044503] DASM(00044503)
C0:      20445 [1] pc=[0000000080002066] W[r 0=0000000000000000][0] R[r10=000000000000006c] R[r20=0000000000000025] inst=[ff451ae3] DASM(ff451ae3)
C0:      20446 [1] pc=[000000008000205a] W[r 0=0000000000000000][0] R[r10=000000000000006c] R[r 0=0000000000000000] inst=[0000cd1d] DASM(0000cd1d)
C0:      20447 [1] pc=[000000008000205c] W[r11=0000000000000000][1] R[r 0=0000000000000000] R[r 9=0000000000000000] inst=[000085a6] DASM(000085a6)
C0:      20448 [1] pc=[000000008000205e] W[r 8=00000000800027c0][1] R[r 8=00000000800027bf] R[r 0=0000000000000000] inst=[00000405] DASM(00000405)
C0:      20449 [1] pc=[0000000080002060] W[r 1=0000000080002062][1] R[r18=000000008000230e] R[r 0=0000000000000000] inst=[00009902] DASM(00009902)
C0:      20450 [1] pc=[000000008000230e] W[r16=0000000000000007][1] R[r 4=00000000800029c0] R[r 0=0000000000000000] inst=[04022803] DASM(04022803)
C0:      20451 [1] pc=[0000000080002312] W[r15=00000000800029c0][1] R[r 4=00000000800029c0] R[r 0=0000000000000000] inst=[00020793] DASM(00020793)
C0:      20452 [1] pc=[0000000080002316] W[r15=00000000800029c7][1] R[r15=00000000800029c0] R[r16=0000000000000007] inst=[000097c2] DASM(000097c2)
C0:      20453 [1] pc=[0000000080002318] W[r 2=00000000800225c0][1] R[r 2=0000000080022630] R[r 0=0000000000000000] inst=[00007159] DASM(00007159)
C0:      20454 [1] pc=[000000008000231a] W[r13=0000000000000008][1] R[r16=0000000000000007] R[r 0=0000000000000000] inst=[0018069b] DASM(0018069b)
C0:      20455 [1] pc=[000000008000231e] W[r 0=0000000000000000][0] R[r 4=00000000800029c0] R[r13=0000000000000008] inst=[04d22023] DASM(04d22023)
C0:      20456 [1] pc=[0000000080002322] W[r 0=0000000000000000][0] R[r15=00000000800029c7] R[r10=000000000000006c] inst=[00a78023] DASM(00a78023)
C0:      20457 [1] pc=[0000000080002326] W[r14=00000000800225ff][1] R[r 2=00000000800225c0] R[r 0=0000000000000000] inst=[03f10713] DASM(03f10713)
C0:      20458 [1] pc=[000000008000232a] W[r15=000000000000000a][1] R[r 0=0000000000000000] R[r 0=0000000000000000] inst=[000047a9] DASM(000047a9)
C0:      20459 [1] pc=[000000008000232c] W[r14=00000000800225c0][1] R[r14=00000000800225ff] R[r 0=0000000000000000] inst=[fc077713] DASM(fc077713)
C0:      20460 [1] pc=[0000000080002330] W[r 0=0000000000000000][0] R[r10=000000000000006c] R[r15=000000000000000a] inst=[00f50963] DASM(00f50963)
C0:      20461 [1] pc=[0000000080002334] W[r15=0000000000000040][1] R[r 0=0000000000000000] R[r 0=0000000000000000] inst=[04000793] DASM(04000793)
C0:      20462 [1] pc=[0000000080002338] W[r 0=0000000000000000][0] R[r13=0000000000000008] R[r15=0000000000000040] inst=[00f68563] DASM(00f68563)
C0:      20463 [1] pc=[000000008000233c] W[r10=0000000000000000][1] R[r 0=0000000000000000] R[r 0=0000000000000000] inst=[00004501] DASM(00004501)
C0:      20464 [1] pc=[000000008000233e] W[r 2=0000000080022630][1] R[r 2=00000000800225c0] R[r 0=0000000000000000] inst=[00006165] DASM(00006165)
C0:      20465 [1] pc=[0000000080002340] W[r 0=0000000080002342][1] R[r 1=0000000080002062] R[r 0=0000000000000000] inst=[00008082] DASM(00008082)
C0:      20500 [1] pc=[0000000080002062] W[r10=0000000000000065][1] R[r 8=00000000800027c0] R[r 0=0000000000000000] inst=[00044503] DASM(00044503)
C0:      20503 [1] pc=[0000000080002066] W[r 0=0000000000000000][0] R[r10=0000000000000065] R[r20=0000000000000025] inst=[ff451ae3] DASM(ff451ae3)
C0:      20504 [1] pc=[000000008000205a] W[r 0=0000000000000000][0] R[r10=0000000000000065] R[r 0=0000000000000000] inst=[0000cd1d] DASM(0000cd1d)
C0:      20505 [1] pc=[000000008000205c] W[r11=0000000000000000][1] R[r 0=0000000000000000] R[r 9=0000000000000000] inst=[000085a6] DASM(000085a6)
C0:      20506 [1] pc=[000000008000205e] W[r 8=00000000800027c1][1] R[r 8=00000000800027c0] R[r 0=0000000000000000] inst=[00000405] DASM(00000405)
C0:      20507 [1] pc=[0000000080002060] W[r 1=0000000080002062][1] R[r18=000000008000230e] R[r 0=0000000000000000] inst=[00009902] DASM(00009902)
C0:      20508 [1] pc=[000000008000230e] W[r16=0000000000000008][1] R[r 4=00000000800029c0] R[r 0=0000000000000000] inst=[04022803] DASM(04022803)
C0:      20509 [1] pc=[0000000080002312] W[r15=00000000800029c0][1] R[r 4=00000000800029c0] R[r 0=0000000000000000] inst=[00020793] DASM(00020793)
C0:      20510 [1] pc=[0000000080002316] W[r15=00000000800029c8][1] R[r15=00000000800029c0] R[r16=0000000000000008] inst=[000097c2] DASM(000097c2)
C0:      20511 [1] pc=[0000000080002318] W[r 2=00000000800225c0][1] R[r 2=0000000080022630] R[r 0=0000000000000000] inst=[00007159] DASM(00007159)
C0:      20512 [1] pc=[000000008000231a] W[r13=0000000000000009][1] R[r16=0000000000000008] R[r 0=0000000000000000] inst=[0018069b] DASM(0018069b)
C0:      20513 [1] pc=[000000008000231e] W[r 0=0000000000000000][0] R[r 4=00000000800029c0] R[r13=0000000000000009] inst=[04d22023] DASM(04d22023)
C0:      20514 [1] pc=[0000000080002322] W[r 0=0000000000000000][0] R[r15=00000000800029c8] R[r10=0000000000000065] inst=[00a78023] DASM(00a78023)
C0:      20515 [1] pc=[0000000080002326] W[r14=00000000800225ff][1] R[r 2=00000000800225c0] R[r 0=0000000000000000] inst=[03f10713] DASM(03f10713)
C0:      20516 [1] pc=[000000008000232a] W[r15=000000000000000a][1] R[r 0=0000000000000000] R[r 0=0000000000000000] inst=[000047a9] DASM(000047a9)
C0:      20517 [1] pc=[000000008000232c] W[r14=00000000800225c0][1] R[r14=00000000800225ff] R[r 0=0000000000000000] inst=[fc077713] DASM(fc077713)
C0:      20518 [1] pc=[0000000080002330] W[r 0=0000000000000000][0] R[r10=0000000000000065] R[r15=000000000000000a] inst=[00f50963] DASM(00f50963)
C0:      20519 [1] pc=[0000000080002334] W[r15=0000000000000040][1] R[r 0=0000000000000000] R[r 0=0000000000000000] inst=[04000793] DASM(04000793)
C0:      20520 [1] pc=[0000000080002338] W[r 0=0000000000000000][0] R[r13=0000000000000009] R[r15=0000000000000040] inst=[00f68563] DASM(00f68563)
C0:      20521 [1] pc=[000000008000233c] W[r10=0000000000000000][1] R[r 0=0000000000000000] R[r 0=0000000000000000] inst=[00004501] DASM(00004501)
C0:      20522 [1] pc=[000000008000233e] W[r 2=0000000080022630][1] R[r 2=00000000800225c0] R[r 0=0000000000000000] inst=[00006165] DASM(00006165)
C0:      20523 [1] pc=[0000000080002340] W[r 0=0000000080002342][1] R[r 1=0000000080002062] R[r 0=0000000000000000] inst=[00008082] DASM(00008082)
C0:      20524 [1] pc=[0000000080002062] W[r10=0000000000000073][1] R[r 8=00000000800027c1] R[r 0=0000000000000000] inst=[00044503] DASM(00044503)
C0:      20527 [1] pc=[0000000080002066] W[r 0=0000000000000000][0] R[r10=0000000000000073] R[r20=0000000000000025] inst=[ff451ae3] DASM(ff451ae3)
C0:      20528 [1] pc=[000000008000205a] W[r 0=0000000000000000][0] R[r10=0000000000000073] R[r 0=0000000000000000] inst=[0000cd1d] DASM(0000cd1d)
C0:      20529 [1] pc=[000000008000205c] W[r11=0000000000000000][1] R[r 0=0000000000000000] R[r 9=0000000000000000] inst=[000085a6] DASM(000085a6)
C0:      20530 [1] pc=[000000008000205e] W[r 8=00000000800027c2][1] R[r 8=00000000800027c1] R[r 0=0000000000000000] inst=[00000405] DASM(00000405)
C0:      20531 [1] pc=[0000000080002060] W[r 1=0000000080002062][1] R[r18=000000008000230e] R[r 0=0000000000000000] inst=[00009902] DASM(00009902)
C0:      20532 [1] pc=[000000008000230e] W[r16=0000000000000009][1] R[r 4=00000000800029c0] R[r 0=0000000000000000] inst=[04022803] DASM(04022803)
C0:      20533 [1] pc=[0000000080002312] W[r15=00000000800029c0][1] R[r 4=00000000800029c0] R[r 0=0000000000000000] inst=[00020793] DASM(00020793)
C0:      20534 [1] pc=[0000000080002316] W[r15=00000000800029c9][1] R[r15=00000000800029c0] R[r16=0000000000000009] inst=[000097c2] DASM(000097c2)
C0:      20535 [1] pc=[0000000080002318] W[r 2=00000000800225c0][1] R[r 2=0000000080022630] R[r 0=0000000000000000] inst=[00007159] DASM(00007159)
C0:      20536 [1] pc=[000000008000231a] W[r13=000000000000000a][1] R[r16=0000000000000009] R[r 0=0000000000000000] inst=[0018069b] DASM(0018069b)
C0:      20537 [1] pc=[000000008000231e] W[r 0=0000000000000000][0] R[r 4=00000000800029c0] R[r13=000000000000000a] inst=[04d22023] DASM(04d22023)
C0:      20538 [1] pc=[0000000080002322] W[r 0=0000000000000000][0] R[r15=00000000800029c9] R[r10=0000000000000073] inst=[00a78023] DASM(00a78023)
C0:      20539 [1] pc=[0000000080002326] W[r14=00000000800225ff][1] R[r 2=00000000800225c0] R[r 0=0000000000000000] inst=[03f10713] DASM(03f10713)
C0:      20540 [1] pc=[000000008000232a] W[r15=000000000000000a][1] R[r 0=0000000000000000] R[r 0=0000000000000000] inst=[000047a9] DASM(000047a9)
C0:      20541 [1] pc=[000000008000232c] W[r14=00000000800225c0][1] R[r14=00000000800225ff] R[r 0=0000000000000000] inst=[fc077713] DASM(fc077713)
C0:      20542 [1] pc=[0000000080002330] W[r 0=0000000000000000][0] R[r10=0000000000000073] R[r15=000000000000000a] inst=[00f50963] DASM(00f50963)
C0:      20543 [1] pc=[0000000080002334] W[r15=0000000000000040][1] R[r 0=0000000000000000] R[r 0=0000000000000000] inst=[04000793] DASM(04000793)
C0:      20544 [1] pc=[0000000080002338] W[r 0=0000000000000000][0] R[r13=000000000000000a] R[r15=0000000000000040] inst=[00f68563] DASM(00f68563)
C0:      20545 [1] pc=[000000008000233c] W[r10=0000000000000000][1] R[r 0=0000000000000000] R[r 0=0000000000000000] inst=[00004501] DASM(00004501)
C0:      20546 [1] pc=[000000008000233e] W[r 2=0000000080022630][1] R[r 2=00000000800225c0] R[r 0=0000000000000000] inst=[00006165] DASM(00006165)
C0:      20547 [1] pc=[0000000080002340] W[r 0=0000000080002342][1] R[r 1=0000000080002062] R[r 0=0000000000000000] inst=[00008082] DASM(00008082)
C0:      20548 [1] pc=[0000000080002062] W[r10=0000000000000020][1] R[r 8=00000000800027c2] R[r 0=0000000000000000] inst=[00044503] DASM(00044503)
C0:      20551 [1] pc=[0000000080002066] W[r 0=0000000000000000][0] R[r10=0000000000000020] R[r20=0000000000000025] inst=[ff451ae3] DASM(ff451ae3)
C0:      20552 [1] pc=[000000008000205a] W[r 0=0000000000000000][0] R[r10=0000000000000020] R[r 0=0000000000000000] inst=[0000cd1d] DASM(0000cd1d)
C0:      20553 [1] pc=[000000008000205c] W[r11=0000000000000000][1] R[r 0=0000000000000000] R[r 9=0000000000000000] inst=[000085a6] DASM(000085a6)
C0:      20554 [1] pc=[000000008000205e] W[r 8=00000000800027c3][1] R[r 8=00000000800027c2] R[r 0=0000000000000000] inst=[00000405] DASM(00000405)
C0:      20555 [1] pc=[0000000080002060] W[r 1=0000000080002062][1] R[r18=000000008000230e] R[r 0=0000000000000000] inst=[00009902] DASM(00009902)
C0:      20556 [1] pc=[000000008000230e] W[r16=000000000000000a][1] R[r 4=00000000800029c0] R[r 0=0000000000000000] inst=[04022803] DASM(04022803)
C0:      20557 [1] pc=[0000000080002312] W[r15=00000000800029c0][1] R[r 4=00000000800029c0] R[r 0=0000000000000000] inst=[00020793] DASM(00020793)
C0:      20558 [1] pc=[0000000080002316] W[r15=00000000800029ca][1] R[r15=00000000800029c0] R[r16=000000000000000a] inst=[000097c2] DASM(000097c2)
C0:      20559 [1] pc=[0000000080002318] W[r 2=00000000800225c0][1] R[r 2=0000000080022630] R[r 0=0000000000000000] inst=[00007159] DASM(00007159)
C0:      20560 [1] pc=[000000008000231a] W[r13=000000000000000b][1] R[r16=000000000000000a] R[r 0=0000000000000000] inst=[0018069b] DASM(0018069b)
C0:      20561 [1] pc=[000000008000231e] W[r 0=0000000000000000][0] R[r 4=00000000800029c0] R[r13=000000000000000b] inst=[04d22023] DASM(04d22023)
C0:      20562 [1] pc=[0000000080002322] W[r 0=0000000000000000][0] R[r15=00000000800029ca] R[r10=0000000000000020] inst=[00a78023] DASM(00a78023)
C0:      20563 [1] pc=[0000000080002326] W[r14=00000000800225ff][1] R[r 2=00000000800225c0] R[r 0=0000000000000000] inst=[03f10713] DASM(03f10713)
C0:      20564 [1] pc=[000000008000232a] W[r15=000000000000000a][1] R[r 0=0000000000000000] R[r 0=0000000000000000] inst=[000047a9] DASM(000047a9)
C0:      20565 [1] pc=[000000008000232c] W[r14=00000000800225c0][1] R[r14=00000000800225ff] R[r 0=0000000000000000] inst=[fc077713] DASM(fc077713)
C0:      20566 [1] pc=[0000000080002330] W[r 0=0000000000000000][0] R[r10=0000000000000020] R[r15=000000000000000a] inst=[00f50963] DASM(00f50963)
C0:      20567 [1] pc=[0000000080002334] W[r15=0000000000000040][1] R[r 0=0000000000000000] R[r 0=0000000000000000] inst=[04000793] DASM(04000793)
C0:      20568 [1] pc=[0000000080002338] W[r 0=0000000000000000][0] R[r13=000000000000000b] R[r15=0000000000000040] inst=[00f68563] DASM(00f68563)
C0:      20569 [1] pc=[000000008000233c] W[r10=0000000000000000][1] R[r 0=0000000000000000] R[r 0=0000000000000000] inst=[00004501] DASM(00004501)
C0:      20570 [1] pc=[000000008000233e] W[r 2=0000000080022630][1] R[r 2=00000000800225c0] R[r 0=0000000000000000] inst=[00006165] DASM(00006165)
C0:      20571 [1] pc=[0000000080002340] W[r 0=0000000080002342][1] R[r 1=0000000080002062] R[r 0=0000000000000000] inst=[00008082] DASM(00008082)
C0:      20572 [1] pc=[0000000080002062] W[r10=0000000000000074][1] R[r 8=00000000800027c3] R[r 0=0000000000000000] inst=[00044503] DASM(00044503)
C0:      20575 [1] pc=[0000000080002066] W[r 0=0000000000000000][0] R[r10=0000000000000074] R[r20=0000000000000025] inst=[ff451ae3] DASM(ff451ae3)
C0:      20576 [1] pc=[000000008000205a] W[r 0=0000000000000000][0] R[r10=0000000000000074] R[r 0=0000000000000000] inst=[0000cd1d] DASM(0000cd1d)
C0:      20577 [1] pc=[000000008000205c] W[r11=0000000000000000][1] R[r 0=0000000000000000] R[r 9=0000000000000000] inst=[000085a6] DASM(000085a6)
C0:      20578 [1] pc=[000000008000205e] W[r 8=00000000800027c4][1] R[r 8=00000000800027c3] R[r 0=0000000000000000] inst=[00000405] DASM(00000405)
C0:      20579 [1] pc=[0000000080002060] W[r 1=0000000080002062][1] R[r18=000000008000230e] R[r 0=0000000000000000] inst=[00009902] DASM(00009902)
C0:      20580 [1] pc=[000000008000230e] W[r16=000000000000000b][1] R[r 4=00000000800029c0] R[r 0=0000000000000000] inst=[04022803] DASM(04022803)
C0:      20581 [1] pc=[0000000080002312] W[r15=00000000800029c0][1] R[r 4=00000000800029c0] R[r 0=0000000000000000] inst=[00020793] DASM(00020793)
C0:      20582 [1] pc=[0000000080002316] W[r15=00000000800029cb][1] R[r15=00000000800029c0] R[r16=000000000000000b] inst=[000097c2] DASM(000097c2)
C0:      20583 [1] pc=[0000000080002318] W[r 2=00000000800225c0][1] R[r 2=0000000080022630] R[r 0=0000000000000000] inst=[00007159] DASM(00007159)
C0:      20584 [1] pc=[000000008000231a] W[r13=000000000000000c][1] R[r16=000000000000000b] R[r 0=0000000000000000] inst=[0018069b] DASM(0018069b)
C0:      20585 [1] pc=[000000008000231e] W[r 0=0000000000000000][0] R[r 4=00000000800029c0] R[r13=000000000000000c] inst=[04d22023] DASM(04d22023)
C0:      20586 [1] pc=[0000000080002322] W[r 0=0000000000000000][0] R[r15=00000000800029cb] R[r10=0000000000000074] inst=[00a78023] DASM(00a78023)
C0:      20587 [1] pc=[0000000080002326] W[r14=00000000800225ff][1] R[r 2=00000000800225c0] R[r 0=0000000000000000] inst=[03f10713] DASM(03f10713)
C0:      20588 [1] pc=[000000008000232a] W[r15=000000000000000a][1] R[r 0=0000000000000000] R[r 0=0000000000000000] inst=[000047a9] DASM(000047a9)
C0:      20589 [1] pc=[000000008000232c] W[r14=00000000800225c0][1] R[r14=00000000800225ff] R[r 0=0000000000000000] inst=[fc077713] DASM(fc077713)
C0:      20590 [1] pc=[0000000080002330] W[r 0=0000000000000000][0] R[r10=0000000000000074] R[r15=000000000000000a] inst=[00f50963] DASM(00f50963)
C0:      20591 [1] pc=[0000000080002334] W[r15=0000000000000040][1] R[r 0=0000000000000000] R[r 0=0000000000000000] inst=[04000793] DASM(04000793)
C0:      20592 [1] pc=[0000000080002338] W[r 0=0000000000000000][0] R[r13=000000000000000c] R[r15=0000000000000040] inst=[00f68563] DASM(00f68563)
C0:      20593 [1] pc=[000000008000233c] W[r10=0000000000000000][1] R[r 0=0000000000000000] R[r 0=0000000000000000] inst=[00004501] DASM(00004501)
C0:      20594 [1] pc=[000000008000233e] W[r 2=0000000080022630][1] R[r 2=00000000800225c0] R[r 0=0000000000000000] inst=[00006165] DASM(00006165)
C0:      20595 [1] pc=[0000000080002340] W[r 0=0000000080002342][1] R[r 1=0000000080002062] R[r 0=0000000000000000] inst=[00008082] DASM(00008082)
C0:      20596 [1] pc=[0000000080002062] W[r10=0000000000000061][1] R[r 8=00000000800027c4] R[r 0=0000000000000000] inst=[00044503] DASM(00044503)
C0:      20599 [1] pc=[0000000080002066] W[r 0=0000000000000000][0] R[r10=0000000000000061] R[r20=0000000000000025] inst=[ff451ae3] DASM(ff451ae3)
C0:      20600 [1] pc=[000000008000205a] W[r 0=0000000000000000][0] R[r10=0000000000000061] R[r 0=0000000000000000] inst=[0000cd1d] DASM(0000cd1d)
C0:      20601 [1] pc=[000000008000205c] W[r11=0000000000000000][1] R[r 0=0000000000000000] R[r 9=0000000000000000] inst=[000085a6] DASM(000085a6)
C0:      20602 [1] pc=[000000008000205e] W[r 8=00000000800027c5][1] R[r 8=00000000800027c4] R[r 0=0000000000000000] inst=[00000405] DASM(00000405)
C0:      20603 [1] pc=[0000000080002060] W[r 1=0000000080002062][1] R[r18=000000008000230e] R[r 0=0000000000000000] inst=[00009902] DASM(00009902)
C0:      20604 [1] pc=[000000008000230e] W[r16=000000000000000c][1] R[r 4=00000000800029c0] R[r 0=0000000000000000] inst=[04022803] DASM(04022803)
C0:      20605 [1] pc=[0000000080002312] W[r15=00000000800029c0][1] R[r 4=00000000800029c0] R[r 0=0000000000000000] inst=[00020793] DASM(00020793)
C0:      20606 [1] pc=[0000000080002316] W[r15=00000000800029cc][1] R[r15=00000000800029c0] R[r16=000000000000000c] inst=[000097c2] DASM(000097c2)
C0:      20607 [1] pc=[0000000080002318] W[r 2=00000000800225c0][1] R[r 2=0000000080022630] R[r 0=0000000000000000] inst=[00007159] DASM(00007159)
C0:      20608 [1] pc=[000000008000231a] W[r13=000000000000000d][1] R[r16=000000000000000c] R[r 0=0000000000000000] inst=[0018069b] DASM(0018069b)
C0:      20609 [1] pc=[000000008000231e] W[r 0=0000000000000000][0] R[r 4=00000000800029c0] R[r13=000000000000000d] inst=[04d22023] DASM(04d22023)
C0:      20610 [1] pc=[0000000080002322] W[r 0=0000000000000000][0] R[r15=00000000800029cc] R[r10=0000000000000061] inst=[00a78023] DASM(00a78023)
C0:      20611 [1] pc=[0000000080002326] W[r14=00000000800225ff][1] R[r 2=00000000800225c0] R[r 0=0000000000000000] inst=[03f10713] DASM(03f10713)
C0:      20612 [1] pc=[000000008000232a] W[r15=000000000000000a][1] R[r 0=0000000000000000] R[r 0=0000000000000000] inst=[000047a9] DASM(000047a9)
C0:      20613 [1] pc=[000000008000232c] W[r14=00000000800225c0][1] R[r14=00000000800225ff] R[r 0=0000000000000000] inst=[fc077713] DASM(fc077713)
C0:      20614 [1] pc=[0000000080002330] W[r 0=0000000000000000][0] R[r10=0000000000000061] R[r15=000000000000000a] inst=[00f50963] DASM(00f50963)
C0:      20615 [1] pc=[0000000080002334] W[r15=0000000000000040][1] R[r 0=0000000000000000] R[r 0=0000000000000000] inst=[04000793] DASM(04000793)
C0:      20616 [1] pc=[0000000080002338] W[r 0=0000000000000000][0] R[r13=000000000000000d] R[r15=0000000000000040] inst=[00f68563] DASM(00f68563)
C0:      20617 [1] pc=[000000008000233c] W[r10=0000000000000000][1] R[r 0=0000000000000000] R[r 0=0000000000000000] inst=[00004501] DASM(00004501)
C0:      20618 [1] pc=[000000008000233e] W[r 2=0000000080022630][1] R[r 2=00000000800225c0] R[r 0=0000000000000000] inst=[00006165] DASM(00006165)
C0:      20619 [1] pc=[0000000080002340] W[r 0=0000000080002342][1] R[r 1=0000000080002062] R[r 0=0000000000000000] inst=[00008082] DASM(00008082)
C0:      20620 [1] pc=[0000000080002062] W[r10=000000000000006b][1] R[r 8=00000000800027c5] R[r 0=0000000000000000] inst=[00044503] DASM(00044503)
C0:      20623 [1] pc=[0000000080002066] W[r 0=0000000000000000][0] R[r10=000000000000006b] R[r20=0000000000000025] inst=[ff451ae3] DASM(ff451ae3)
C0:      20624 [1] pc=[000000008000205a] W[r 0=0000000000000000][0] R[r10=000000000000006b] R[r 0=0000000000000000] inst=[0000cd1d] DASM(0000cd1d)
C0:      20625 [1] pc=[000000008000205c] W[r11=0000000000000000][1] R[r 0=0000000000000000] R[r 9=0000000000000000] inst=[000085a6] DASM(000085a6)
C0:      20626 [1] pc=[000000008000205e] W[r 8=00000000800027c6][1] R[r 8=00000000800027c5] R[r 0=0000000000000000] inst=[00000405] DASM(00000405)
C0:      20627 [1] pc=[0000000080002060] W[r 1=0000000080002062][1] R[r18=000000008000230e] R[r 0=0000000000000000] inst=[00009902] DASM(00009902)
C0:      20628 [1] pc=[000000008000230e] W[r16=000000000000000d][1] R[r 4=00000000800029c0] R[r 0=0000000000000000] inst=[04022803] DASM(04022803)
C0:      20629 [1] pc=[0000000080002312] W[r15=00000000800029c0][1] R[r 4=00000000800029c0] R[r 0=0000000000000000] inst=[00020793] DASM(00020793)
C0:      20630 [1] pc=[0000000080002316] W[r15=00000000800029cd][1] R[r15=00000000800029c0] R[r16=000000000000000d] inst=[000097c2] DASM(000097c2)
C0:      20631 [1] pc=[0000000080002318] W[r 2=00000000800225c0][1] R[r 2=0000000080022630] R[r 0=0000000000000000] inst=[00007159] DASM(00007159)
C0:      20632 [1] pc=[000000008000231a] W[r13=000000000000000e][1] R[r16=000000000000000d] R[r 0=0000000000000000] inst=[0018069b] DASM(0018069b)
C0:      20633 [1] pc=[000000008000231e] W[r 0=0000000000000000][0] R[r 4=00000000800029c0] R[r13=000000000000000e] inst=[04d22023] DASM(04d22023)
C0:      20634 [1] pc=[0000000080002322] W[r 0=0000000000000000][0] R[r15=00000000800029cd] R[r10=000000000000006b] inst=[00a78023] DASM(00a78023)
C0:      20635 [1] pc=[0000000080002326] W[r14=00000000800225ff][1] R[r 2=00000000800225c0] R[r 0=0000000000000000] inst=[03f10713] DASM(03f10713)
C0:      20636 [1] pc=[000000008000232a] W[r15=000000000000000a][1] R[r 0=0000000000000000] R[r 0=0000000000000000] inst=[000047a9] DASM(000047a9)
C0:      20637 [1] pc=[000000008000232c] W[r14=00000000800225c0][1] R[r14=00000000800225ff] R[r 0=0000000000000000] inst=[fc077713] DASM(fc077713)
C0:      20638 [1] pc=[0000000080002330] W[r 0=0000000000000000][0] R[r10=000000000000006b] R[r15=000000000000000a] inst=[00f50963] DASM(00f50963)
C0:      20639 [1] pc=[0000000080002334] W[r15=0000000000000040][1] R[r 0=0000000000000000] R[r 0=0000000000000000] inst=[04000793] DASM(04000793)
C0:      20640 [1] pc=[0000000080002338] W[r 0=0000000000000000][0] R[r13=000000000000000e] R[r15=0000000000000040] inst=[00f68563] DASM(00f68563)
C0:      20641 [1] pc=[000000008000233c] W[r10=0000000000000000][1] R[r 0=0000000000000000] R[r 0=0000000000000000] inst=[00004501] DASM(00004501)
C0:      20642 [1] pc=[000000008000233e] W[r 2=0000000080022630][1] R[r 2=00000000800225c0] R[r 0=0000000000000000] inst=[00006165] DASM(00006165)
C0:      20643 [1] pc=[0000000080002340] W[r 0=0000000080002342][1] R[r 1=0000000080002062] R[r 0=0000000000000000] inst=[00008082] DASM(00008082)
C0:      20644 [1] pc=[0000000080002062] W[r10=0000000000000065][1] R[r 8=00000000800027c6] R[r 0=0000000000000000] inst=[00044503] DASM(00044503)
C0:      20647 [1] pc=[0000000080002066] W[r 0=0000000000000000][0] R[r10=0000000000000065] R[r20=0000000000000025] inst=[ff451ae3] DASM(ff451ae3)
C0:      20648 [1] pc=[000000008000205a] W[r 0=0000000000000000][0] R[r10=0000000000000065] R[r 0=0000000000000000] inst=[0000cd1d] DASM(0000cd1d)
C0:      20649 [1] pc=[000000008000205c] W[r11=0000000000000000][1] R[r 0=0000000000000000] R[r 9=0000000000000000] inst=[000085a6] DASM(000085a6)
C0:      20650 [1] pc=[000000008000205e] W[r 8=00000000800027c7][1] R[r 8=00000000800027c6] R[r 0=0000000000000000] inst=[00000405] DASM(00000405)
C0:      20651 [1] pc=[0000000080002060] W[r 1=0000000080002062][1] R[r18=000000008000230e] R[r 0=0000000000000000] inst=[00009902] DASM(00009902)
C0:      20652 [1] pc=[000000008000230e] W[r16=000000000000000e][1] R[r 4=00000000800029c0] R[r 0=0000000000000000] inst=[04022803] DASM(04022803)
C0:      20653 [1] pc=[0000000080002312] W[r15=00000000800029c0][1] R[r 4=00000000800029c0] R[r 0=0000000000000000] inst=[00020793] DASM(00020793)
C0:      20654 [1] pc=[0000000080002316] W[r15=00000000800029ce][1] R[r15=00000000800029c0] R[r16=000000000000000e] inst=[000097c2] DASM(000097c2)
C0:      20655 [1] pc=[0000000080002318] W[r 2=00000000800225c0][1] R[r 2=0000000080022630] R[r 0=0000000000000000] inst=[00007159] DASM(00007159)
C0:      20656 [1] pc=[000000008000231a] W[r13=000000000000000f][1] R[r16=000000000000000e] R[r 0=0000000000000000] inst=[0018069b] DASM(0018069b)
C0:      20657 [1] pc=[000000008000231e] W[r 0=0000000000000000][0] R[r 4=00000000800029c0] R[r13=000000000000000f] inst=[04d22023] DASM(04d22023)
C0:      20658 [1] pc=[0000000080002322] W[r 0=0000000000000000][0] R[r15=00000000800029ce] R[r10=0000000000000065] inst=[00a78023] DASM(00a78023)
C0:      20659 [1] pc=[0000000080002326] W[r14=00000000800225ff][1] R[r 2=00000000800225c0] R[r 0=0000000000000000] inst=[03f10713] DASM(03f10713)
C0:      20660 [1] pc=[000000008000232a] W[r15=000000000000000a][1] R[r 0=0000000000000000] R[r 0=0000000000000000] inst=[000047a9] DASM(000047a9)
C0:      20661 [1] pc=[000000008000232c] W[r14=00000000800225c0][1] R[r14=00000000800225ff] R[r 0=0000000000000000] inst=[fc077713] DASM(fc077713)
C0:      20662 [1] pc=[0000000080002330] W[r 0=0000000000000000][0] R[r10=0000000000000065] R[r15=000000000000000a] inst=[00f50963] DASM(00f50963)
C0:      20663 [1] pc=[0000000080002334] W[r15=0000000000000040][1] R[r 0=0000000000000000] R[r 0=0000000000000000] inst=[04000793] DASM(04000793)
C0:      20664 [1] pc=[0000000080002338] W[r 0=0000000000000000][0] R[r13=000000000000000f] R[r15=0000000000000040] inst=[00f68563] DASM(00f68563)
C0:      20665 [1] pc=[000000008000233c] W[r10=0000000000000000][1] R[r 0=0000000000000000] R[r 0=0000000000000000] inst=[00004501] DASM(00004501)
C0:      20666 [1] pc=[000000008000233e] W[r 2=0000000080022630][1] R[r 2=00000000800225c0] R[r 0=0000000000000000] inst=[00006165] DASM(00006165)
C0:      20667 [1] pc=[0000000080002340] W[r 0=0000000080002342][1] R[r 1=0000000080002062] R[r 0=0000000000000000] inst=[00008082] DASM(00008082)
C0:      20668 [1] pc=[0000000080002062] W[r10=000000000000006e][1] R[r 8=00000000800027c7] R[r 0=0000000000000000] inst=[00044503] DASM(00044503)
C0:      20671 [1] pc=[0000000080002066] W[r 0=0000000000000000][0] R[r10=000000000000006e] R[r20=0000000000000025] inst=[ff451ae3] DASM(ff451ae3)
C0:      20672 [1] pc=[000000008000205a] W[r 0=0000000000000000][0] R[r10=000000000000006e] R[r 0=0000000000000000] inst=[0000cd1d] DASM(0000cd1d)
C0:      20673 [1] pc=[000000008000205c] W[r11=0000000000000000][1] R[r 0=0000000000000000] R[r 9=0000000000000000] inst=[000085a6] DASM(000085a6)
C0:      20674 [1] pc=[000000008000205e] W[r 8=00000000800027c8][1] R[r 8=00000000800027c7] R[r 0=0000000000000000] inst=[00000405] DASM(00000405)
C0:      20675 [1] pc=[0000000080002060] W[r 1=0000000080002062][1] R[r18=000000008000230e] R[r 0=0000000000000000] inst=[00009902] DASM(00009902)
C0:      20676 [1] pc=[000000008000230e] W[r16=000000000000000f][1] R[r 4=00000000800029c0] R[r 0=0000000000000000] inst=[04022803] DASM(04022803)
C0:      20677 [1] pc=[0000000080002312] W[r15=00000000800029c0][1] R[r 4=00000000800029c0] R[r 0=0000000000000000] inst=[00020793] DASM(00020793)
C0:      20678 [1] pc=[0000000080002316] W[r15=00000000800029cf][1] R[r15=00000000800029c0] R[r16=000000000000000f] inst=[000097c2] DASM(000097c2)
C0:      20679 [1] pc=[0000000080002318] W[r 2=00000000800225c0][1] R[r 2=0000000080022630] R[r 0=0000000000000000] inst=[00007159] DASM(00007159)
C0:      20680 [1] pc=[000000008000231a] W[r13=0000000000000010][1] R[r16=000000000000000f] R[r 0=0000000000000000] inst=[0018069b] DASM(0018069b)
C0:      20681 [1] pc=[000000008000231e] W[r 0=0000000000000000][0] R[r 4=00000000800029c0] R[r13=0000000000000010] inst=[04d22023] DASM(04d22023)
C0:      20682 [1] pc=[0000000080002322] W[r 0=0000000000000000][0] R[r15=00000000800029cf] R[r10=000000000000006e] inst=[00a78023] DASM(00a78023)
C0:      20683 [1] pc=[0000000080002326] W[r14=00000000800225ff][1] R[r 2=00000000800225c0] R[r 0=0000000000000000] inst=[03f10713] DASM(03f10713)
C0:      20684 [1] pc=[000000008000232a] W[r15=000000000000000a][1] R[r 0=0000000000000000] R[r 0=0000000000000000] inst=[000047a9] DASM(000047a9)
C0:      20685 [1] pc=[000000008000232c] W[r14=00000000800225c0][1] R[r14=00000000800225ff] R[r 0=0000000000000000] inst=[fc077713] DASM(fc077713)
C0:      20686 [1] pc=[0000000080002330] W[r 0=0000000000000000][0] R[r10=000000000000006e] R[r15=000000000000000a] inst=[00f50963] DASM(00f50963)
C0:      20687 [1] pc=[0000000080002334] W[r15=0000000000000040][1] R[r 0=0000000000000000] R[r 0=0000000000000000] inst=[04000793] DASM(04000793)
C0:      20688 [1] pc=[0000000080002338] W[r 0=0000000000000000][0] R[r13=0000000000000010] R[r15=0000000000000040] inst=[00f68563] DASM(00f68563)
C0:      20689 [1] pc=[000000008000233c] W[r10=0000000000000000][1] R[r 0=0000000000000000] R[r 0=0000000000000000] inst=[00004501] DASM(00004501)
C0:      20690 [1] pc=[000000008000233e] W[r 2=0000000080022630][1] R[r 2=00000000800225c0] R[r 0=0000000000000000] inst=[00006165] DASM(00006165)
C0:      20691 [1] pc=[0000000080002340] W[r 0=0000000080002342][1] R[r 1=0000000080002062] R[r 0=0000000000000000] inst=[00008082] DASM(00008082)
C0:      20692 [1] pc=[0000000080002062] W[r10=000000000000003a][1] R[r 8=00000000800027c8] R[r 0=0000000000000000] inst=[00044503] DASM(00044503)
C0:      20695 [1] pc=[0000000080002066] W[r 0=0000000000000000][0] R[r10=000000000000003a] R[r20=0000000000000025] inst=[ff451ae3] DASM(ff451ae3)
C0:      20696 [1] pc=[000000008000205a] W[r 0=0000000000000000][0] R[r10=000000000000003a] R[r 0=0000000000000000] inst=[0000cd1d] DASM(0000cd1d)
C0:      20697 [1] pc=[000000008000205c] W[r11=0000000000000000][1] R[r 0=0000000000000000] R[r 9=0000000000000000] inst=[000085a6] DASM(000085a6)
C0:      20698 [1] pc=[000000008000205e] W[r 8=00000000800027c9][1] R[r 8=00000000800027c8] R[r 0=0000000000000000] inst=[00000405] DASM(00000405)
C0:      20699 [1] pc=[0000000080002060] W[r 1=0000000080002062][1] R[r18=000000008000230e] R[r 0=0000000000000000] inst=[00009902] DASM(00009902)
C0:      20700 [1] pc=[000000008000230e] W[r16=0000000000000010][1] R[r 4=00000000800029c0] R[r 0=0000000000000000] inst=[04022803] DASM(04022803)
C0:      20701 [1] pc=[0000000080002312] W[r15=00000000800029c0][1] R[r 4=00000000800029c0] R[r 0=0000000000000000] inst=[00020793] DASM(00020793)
C0:      20702 [1] pc=[0000000080002316] W[r15=00000000800029d0][1] R[r15=00000000800029c0] R[r16=0000000000000010] inst=[000097c2] DASM(000097c2)
C0:      20703 [1] pc=[0000000080002318] W[r 2=00000000800225c0][1] R[r 2=0000000080022630] R[r 0=0000000000000000] inst=[00007159] DASM(00007159)
C0:      20704 [1] pc=[000000008000231a] W[r13=0000000000000011][1] R[r16=0000000000000010] R[r 0=0000000000000000] inst=[0018069b] DASM(0018069b)
C0:      20705 [1] pc=[000000008000231e] W[r 0=0000000000000000][0] R[r 4=00000000800029c0] R[r13=0000000000000011] inst=[04d22023] DASM(04d22023)
C0:      20706 [1] pc=[0000000080002322] W[r 0=0000000000000000][0] R[r15=00000000800029d0] R[r10=000000000000003a] inst=[00a78023] DASM(00a78023)
C0:      20707 [1] pc=[0000000080002326] W[r14=00000000800225ff][1] R[r 2=00000000800225c0] R[r 0=0000000000000000] inst=[03f10713] DASM(03f10713)
C0:      20708 [1] pc=[000000008000232a] W[r15=000000000000000a][1] R[r 0=0000000000000000] R[r 0=0000000000000000] inst=[000047a9] DASM(000047a9)
C0:      20709 [1] pc=[000000008000232c] W[r14=00000000800225c0][1] R[r14=00000000800225ff] R[r 0=0000000000000000] inst=[fc077713] DASM(fc077713)
C0:      20710 [1] pc=[0000000080002330] W[r 0=0000000000000000][0] R[r10=000000000000003a] R[r15=000000000000000a] inst=[00f50963] DASM(00f50963)
C0:      20711 [1] pc=[0000000080002334] W[r15=0000000000000040][1] R[r 0=0000000000000000] R[r 0=0000000000000000] inst=[04000793] DASM(04000793)
C0:      20712 [1] pc=[0000000080002338] W[r 0=0000000000000000][0] R[r13=0000000000000011] R[r15=0000000000000040] inst=[00f68563] DASM(00f68563)
C0:      20713 [1] pc=[000000008000233c] W[r10=0000000000000000][1] R[r 0=0000000000000000] R[r 0=0000000000000000] inst=[00004501] DASM(00004501)
C0:      20714 [1] pc=[000000008000233e] W[r 2=0000000080022630][1] R[r 2=00000000800225c0] R[r 0=0000000000000000] inst=[00006165] DASM(00006165)
C0:      20715 [1] pc=[0000000080002340] W[r 0=0000000080002342][1] R[r 1=0000000080002062] R[r 0=0000000000000000] inst=[00008082] DASM(00008082)
C0:      20716 [1] pc=[0000000080002062] W[r10=0000000000000020][1] R[r 8=00000000800027c9] R[r 0=0000000000000000] inst=[00044503] DASM(00044503)
C0:      20719 [1] pc=[0000000080002066] W[r 0=0000000000000000][0] R[r10=0000000000000020] R[r20=0000000000000025] inst=[ff451ae3] DASM(ff451ae3)
C0:      20720 [1] pc=[000000008000205a] W[r 0=0000000000000000][0] R[r10=0000000000000020] R[r 0=0000000000000000] inst=[0000cd1d] DASM(0000cd1d)
C0:      20721 [1] pc=[000000008000205c] W[r11=0000000000000000][1] R[r 0=0000000000000000] R[r 9=0000000000000000] inst=[000085a6] DASM(000085a6)
C0:      20722 [1] pc=[000000008000205e] W[r 8=00000000800027ca][1] R[r 8=00000000800027c9] R[r 0=0000000000000000] inst=[00000405] DASM(00000405)
C0:      20723 [1] pc=[0000000080002060] W[r 1=0000000080002062][1] R[r18=000000008000230e] R[r 0=0000000000000000] inst=[00009902] DASM(00009902)
C0:      20724 [1] pc=[000000008000230e] W[r16=0000000000000011][1] R[r 4=00000000800029c0] R[r 0=0000000000000000] inst=[04022803] DASM(04022803)
C0:      20725 [1] pc=[0000000080002312] W[r15=00000000800029c0][1] R[r 4=00000000800029c0] R[r 0=0000000000000000] inst=[00020793] DASM(00020793)
C0:      20726 [1] pc=[0000000080002316] W[r15=00000000800029d1][1] R[r15=00000000800029c0] R[r16=0000000000000011] inst=[000097c2] DASM(000097c2)
C0:      20727 [1] pc=[0000000080002318] W[r 2=00000000800225c0][1] R[r 2=0000000080022630] R[r 0=0000000000000000] inst=[00007159] DASM(00007159)
C0:      20728 [1] pc=[000000008000231a] W[r13=0000000000000012][1] R[r16=0000000000000011] R[r 0=0000000000000000] inst=[0018069b] DASM(0018069b)
C0:      20729 [1] pc=[000000008000231e] W[r 0=0000000000000000][0] R[r 4=00000000800029c0] R[r13=0000000000000012] inst=[04d22023] DASM(04d22023)
C0:      20730 [1] pc=[0000000080002322] W[r 0=0000000000000000][0] R[r15=00000000800029d1] R[r10=0000000000000020] inst=[00a78023] DASM(00a78023)
C0:      20731 [1] pc=[0000000080002326] W[r14=00000000800225ff][1] R[r 2=00000000800225c0] R[r 0=0000000000000000] inst=[03f10713] DASM(03f10713)
C0:      20732 [1] pc=[000000008000232a] W[r15=000000000000000a][1] R[r 0=0000000000000000] R[r 0=0000000000000000] inst=[000047a9] DASM(000047a9)
C0:      20733 [1] pc=[000000008000232c] W[r14=00000000800225c0][1] R[r14=00000000800225ff] R[r 0=0000000000000000] inst=[fc077713] DASM(fc077713)
C0:      20734 [1] pc=[0000000080002330] W[r 0=0000000000000000][0] R[r10=0000000000000020] R[r15=000000000000000a] inst=[00f50963] DASM(00f50963)
C0:      20735 [1] pc=[0000000080002334] W[r15=0000000000000040][1] R[r 0=0000000000000000] R[r 0=0000000000000000] inst=[04000793] DASM(04000793)
C0:      20736 [1] pc=[0000000080002338] W[r 0=0000000000000000][0] R[r13=0000000000000012] R[r15=0000000000000040] inst=[00f68563] DASM(00f68563)
C0:      20737 [1] pc=[000000008000233c] W[r10=0000000000000000][1] R[r 0=0000000000000000] R[r 0=0000000000000000] inst=[00004501] DASM(00004501)
C0:      20738 [1] pc=[000000008000233e] W[r 2=0000000080022630][1] R[r 2=00000000800225c0] R[r 0=0000000000000000] inst=[00006165] DASM(00006165)
C0:      20739 [1] pc=[0000000080002340] W[r 0=0000000080002342][1] R[r 1=0000000080002062] R[r 0=0000000000000000] inst=[00008082] DASM(00008082)
C0:      20740 [1] pc=[0000000080002062] W[r10=0000000000000025][1] R[r 8=00000000800027ca] R[r 0=0000000000000000] inst=[00044503] DASM(00044503)
C0:      20743 [1] pc=[0000000080002066] W[r 0=0000000000000000][0] R[r10=0000000000000025] R[r20=0000000000000025] inst=[ff451ae3] DASM(ff451ae3)
C0:      20748 [1] pc=[000000008000206a] W[r13=0000000000000075][1] R[r 8=00000000800027ca] R[r 0=0000000000000000] inst=[00144683] DASM(00144683)
C0:      20749 [1] pc=[000000008000206e] W[r19=00000000800027cb][1] R[r 8=00000000800027ca] R[r 0=0000000000000000] inst=[00140993] DASM(00140993)
C0:      20750 [1] pc=[0000000080002072] W[r14=00000000800027cb][1] R[r 0=0000000000000000] R[r19=00000000800027cb] inst=[0000874e] DASM(0000874e)
C0:      20751 [1] pc=[0000000080002074] W[r25=0000000000000020][1] R[r 0=0000000000000000] R[r 0=0000000000000000] inst=[02000c93] DASM(02000c93)
C0:      20752 [1] pc=[0000000080002078] W[r24=ffffffffffffffff][1] R[r 0=0000000000000000] R[r 0=0000000000000000] inst=[00005c7d] DASM(00005c7d)
C0:      20753 [1] pc=[000000008000207a] W[r27=ffffffffffffffff][1] R[r 0=0000000000000000] R[r 0=0000000000000000] inst=[00005dfd] DASM(00005dfd)
C0:      20754 [1] pc=[000000008000207c] W[r12=0000000000000000][1] R[r 0=0000000000000000] R[r 0=0000000000000000] inst=[00004601] DASM(00004601)
C0:      20785 [1] pc=[000000008000207e] W[r15=0000000000000052][1] R[r13=0000000000000075] R[r 0=0000000000000000] inst=[fdd6879b] DASM(fdd6879b)
C0:      20786 [1] pc=[0000000080002082] W[r15=0000000000000052][1] R[r15=0000000000000052] R[r 0=0000000000000000] inst=[0ff7f793] DASM(0ff7f793)
C0:      20787 [1] pc=[0000000080002086] W[r 8=00000000800027cc][1] R[r14=00000000800027cb] R[r 0=0000000000000000] inst=[00170413] DASM(00170413)
C0:      20788 [1] pc=[000000008000208a] W[r 0=0000000000000000][0] R[r23=0000000000000055] R[r15=0000000000000052] inst=[04fbe263] DASM(04fbe263)
C0:      20789 [1] pc=[000000008000208e] W[r15=0000000000000148][1] R[r15=0000000000000052] R[r 0=0000000000000000] inst=[0000078a] DASM(0000078a)
C0:      20790 [1] pc=[0000000080002090] W[r15=0000000080002974][1] R[r15=0000000000000148] R[r22=000000008000282c] inst=[000097da] DASM(000097da)
C0:      20814 [1] pc=[0000000080002092] W[r15=fffffffffffffab6][1] R[r15=0000000080002974] R[r 0=0000000000000000] inst=[0000439c] DASM(0000439c)
C0:      20816 [1] pc=[0000000080002094] W[r15=00000000800022e2][1] R[r15=fffffffffffffab6] R[r22=000000008000282c] inst=[000097da] DASM(000097da)
C0:      20817 [1] pc=[0000000080002096] W[r 0=0000000080002098][1] R[r15=00000000800022e2] R[r 0=0000000000000000] inst=[00008782] DASM(00008782)
C0:      20850 [1] pc=[00000000800022e2] W[r13=000000000000000a][1] R[r 0=0000000000000000] R[r 0=0000000000000000] inst=[000046a9] DASM(000046a9)
C0:      20851 [1] pc=[00000000800022e4] W[r 0=00000000800022e6][1] R[r 0=0000000000000000] R[r 0=0000000000000000] inst=[0000b739] DASM(0000b739)
C0:      20882 [1] pc=[00000000800021f2] W[r15=0000000000000001][1] R[r 0=0000000000000000] R[r 0=0000000000000000] inst=[00004785] DASM(00004785)
C0:      20883 [1] pc=[00000000800021f4] W[r14=00000000800227d0][1] R[r21=00000000800227c8] R[r 0=0000000000000000] inst=[008a8713] DASM(008a8713)
C0:      20884 [1] pc=[00000000800021f8] W[r 0=0000000000000000][0] R[r15=0000000000000001] R[r12=0000000000000000] inst=[f6c7c0e3] DASM(f6c7c0e3)
C0:      20885 [1] pc=[00000000800021fc] W[r 0=0000000000000000][0] R[r12=0000000000000000] R[r 0=0000000000000000] inst=[0000fe31] DASM(0000fe31)
C0:      20940 [1] pc=[00000000800021fe] W[r15=00000000000000d1][1] R[r21=00000000800227c8] R[r 0=0000000000000000] inst=[000ae783] DASM(000ae783)
C0:      20941 [1] pc=[0000000080002202] W[r21=00000000800227d0][1] R[r 0=0000000000000000] R[r14=00000000800227d0] inst=[00008aba] DASM(00008aba)
C0:      20942 [1] pc=[0000000080002204] W[r 0=0000000080002206][1] R[r 0=0000000000000000] R[r 0=0000000000000000] inst=[0000bfa9] DASM(0000bfa9)
C0:      20973 [1] pc=[000000008000215e] W[r11=0000000000000000][0] R[r15=00000000000000d1] R[r13=000000000000000a] inst=[02d7f5b3] DASM(02d7f5b3)
C0:      20974 [1] pc=[0000000080002162] W[r19=0000000000000020][1] R[r25=0000000000000020] R[r 0=0000000000000000] inst=[000c899b] DASM(000c899b)
C0:      20975 [1] pc=[0000000080002166] W[r12=0000000080022634][1] R[r 2=0000000080022630] R[r 0=0000000000000000] inst=[00000050] DASM(00000050)
C0:      20976 [1] pc=[0000000080002168] W[r14=0000000000000001][1] R[r 0=0000000000000000] R[r 0=0000000000000000] inst=[00004705] DASM(00004705)
C0:      21005 [1] pc=[000000008000216a] W[r 0=0000000000000000][0] R[r 2=0000000080022630] R[r11=0000000000000009] inst=[0000c02e] DASM(0000c02e)
C0:      21006 [1] pc=[000000008000216c] W[r 0=0000000000000000][0] R[r15=00000000000000d1] R[r13=000000000000000a] inst=[16d7e663] DASM(16d7e663)
C0:      21007 [1] pc=[0000000080002170] W[r15=0000000000000000][0] R[r15=00000000000000d1] R[r13=000000000000000a] inst=[02d7d7b3] DASM(02d7d7b3)
C0:      21008 [1] pc=[0000000080002174] W[r12=0000000080022638][1] R[r12=0000000080022634] R[r 0=0000000000000000] inst=[00000611] DASM(00000611)
C0:      21009 [1] pc=[0000000080002176] W[r24=0000000000000001][1] R[r 0=0000000000000000] R[r14=0000000000000001] inst=[00008c3a] DASM(00008c3a)
C0:      21010 [1] pc=[0000000080002178] W[r14=0000000000000002][1] R[r14=0000000000000001] R[r 0=0000000000000000] inst=[00002705] DASM(00002705)
C0:      21016 [1] pc=[000000008000217a] W[r11=0000000000000000][0] R[r15=0000000000000014] R[r13=000000000000000a] inst=[02d7f5b3] DASM(02d7f5b3)
C0:      21047 [1] pc=[000000008000217e] W[r 0=0000000000000000][0] R[r12=0000000080022638] R[r11=0000000000000000] inst=[feb62e23] DASM(feb62e23)
C0:      21048 [1] pc=[0000000080002182] W[r 0=0000000000000000][0] R[r15=0000000000000014] R[r13=000000000000000a] inst=[fed7f7e3] DASM(fed7f7e3)
C0:      21052 [1] pc=[0000000080002170] W[r15=0000000000000000][0] R[r15=0000000000000014] R[r13=000000000000000a] inst=[02d7d7b3] DASM(02d7d7b3)
C0:      21053 [1] pc=[0000000080002174] W[r12=000000008002263c][1] R[r12=0000000080022638] R[r 0=0000000000000000] inst=[00000611] DASM(00000611)
C0:      21054 [1] pc=[0000000080002176] W[r24=0000000000000002][1] R[r 0=0000000000000000] R[r14=0000000000000002] inst=[00008c3a] DASM(00008c3a)
C0:      21055 [1] pc=[0000000080002178] W[r14=0000000000000003][1] R[r14=0000000000000002] R[r 0=0000000000000000] inst=[00002705] DASM(00002705)
C0:      21059 [1] pc=[000000008000217a] W[r11=0000000000000000][0] R[r15=0000000000000002] R[r13=000000000000000a] inst=[02d7f5b3] DASM(02d7f5b3)
C0:      21126 [1] pc=[000000008000217e] W[r 0=0000000000000000][0] R[r12=000000008002263c] R[r11=0000000000000002] inst=[feb62e23] DASM(feb62e23)
C0:      21127 [1] pc=[0000000080002182] W[r 0=0000000000000000][0] R[r15=0000000000000002] R[r13=000000000000000a] inst=[fed7f7e3] DASM(fed7f7e3)
C0:      21128 [1] pc=[0000000080002186] W[r25=fffffffffffffffe][1] R[r27=ffffffffffffffff] R[r 0=0000000000000000] inst=[fffd8c9b] DASM(fffd8c9b)
C0:      21129 [1] pc=[000000008000218a] W[r26=0000000000000002][1] R[r14=0000000000000003] R[r 0=0000000000000000] inst=[fff70d1b] DASM(fff70d1b)
C0:      21130 [1] pc=[000000008000218e] W[r 0=0000000000000000][0] R[r14=0000000000000003] R[r27=ffffffffffffffff] inst=[01b75863] DASM(01b75863)
C0:      21134 [1] pc=[000000008000219e] W[r24=0000000000000008][1] R[r24=0000000000000002] R[r 0=0000000000000000] inst=[00000c0a] DASM(00000c0a)
C0:      21135 [1] pc=[00000000800021a0] W[r19=0000000080022638][1] R[r 2=0000000080022630] R[r24=0000000000000008] inst=[018109b3] DASM(018109b3)
C0:      21136 [1] pc=[00000000800021a4] W[r25=000000008002262c][1] R[r 2=0000000080022630] R[r 0=0000000000000000] inst=[ffc10c93] DASM(ffc10c93)
C0:      21137 [1] pc=[00000000800021a8] W[r24=0000000000000009][1] R[r 0=0000000000000000] R[r 0=0000000000000000] inst=[00004c25] DASM(00004c25)
C0:      21138 [1] pc=[00000000800021aa] W[r15=0000000000000002][1] R[r19=0000000080022638] R[r 0=0000000000000000] inst=[0009a783] DASM(0009a783)
C0:      21139 [1] pc=[00000000800021ae] W[r10=0000000000000057][1] R[r 0=0000000000000000] R[r 0=0000000000000000] inst=[05700513] DASM(05700513)
C0:      21140 [1] pc=[00000000800021b2] W[r 0=0000000000000000][0] R[r24=0000000000000009] R[r15=0000000000000002] inst=[00fc6463] DASM(00fc6463)
C0:      21141 [1] pc=[00000000800021b6] W[r10=0000000000000030][1] R[r 0=0000000000000000] R[r 0=0000000000000000] inst=[03000513] DASM(03000513)
C0:      21142 [1] pc=[00000000800021ba] W[r19=0000000080022634][1] R[r19=0000000080022638] R[r 0=0000000000000000] inst=[000019f1] DASM(000019f1)
C0:      21143 [1] pc=[00000000800021bc] W[r11=0000000000000000][1] R[r 0=0000000000000000] R[r 9=0000000000000000] inst=[000085a6] DASM(000085a6)
C0:      21144 [1] pc=[00000000800021be] W[r10=0000000000000032][1] R[r10=0000000000000030] R[r15=0000000000000002] inst=[00009d3d] DASM(00009d3d)
C0:      21145 [1] pc=[00000000800021c0] W[r 1=00000000800021c2][1] R[r18=000000008000230e] R[r 0=0000000000000000] inst=[00009902] DASM(00009902)
C0:      21150 [1] pc=[000000008000230e] W[r16=0000000000000012][1] R[r 4=00000000800029c0] R[r 0=0000000000000000] inst=[04022803] DASM(04022803)
C0:      21151 [1] pc=[0000000080002312] W[r15=00000000800029c0][1] R[r 4=00000000800029c0] R[r 0=0000000000000000] inst=[00020793] DASM(00020793)
C0:      21152 [1] pc=[0000000080002316] W[r15=00000000800029d2][1] R[r15=00000000800029c0] R[r16=0000000000000012] inst=[000097c2] DASM(000097c2)
C0:      21153 [1] pc=[0000000080002318] W[r 2=00000000800225c0][1] R[r 2=0000000080022630] R[r 0=0000000000000000] inst=[00007159] DASM(00007159)
C0:      21154 [1] pc=[000000008000231a] W[r13=0000000000000013][1] R[r16=0000000000000012] R[r 0=0000000000000000] inst=[0018069b] DASM(0018069b)
C0:      21155 [1] pc=[000000008000231e] W[r 0=0000000000000000][0] R[r 4=00000000800029c0] R[r13=0000000000000013] inst=[04d22023] DASM(04d22023)
C0:      21156 [1] pc=[0000000080002322] W[r 0=0000000000000000][0] R[r15=00000000800029d2] R[r10=0000000000000032] inst=[00a78023] DASM(00a78023)
C0:      21157 [1] pc=[0000000080002326] W[r14=00000000800225ff][1] R[r 2=00000000800225c0] R[r 0=0000000000000000] inst=[03f10713] DASM(03f10713)
C0:      21158 [1] pc=[000000008000232a] W[r15=000000000000000a][1] R[r 0=0000000000000000] R[r 0=0000000000000000] inst=[000047a9] DASM(000047a9)
C0:      21159 [1] pc=[000000008000232c] W[r14=00000000800225c0][1] R[r14=00000000800225ff] R[r 0=0000000000000000] inst=[fc077713] DASM(fc077713)
C0:      21160 [1] pc=[0000000080002330] W[r 0=0000000000000000][0] R[r10=0000000000000032] R[r15=000000000000000a] inst=[00f50963] DASM(00f50963)
C0:      21161 [1] pc=[0000000080002334] W[r15=0000000000000040][1] R[r 0=0000000000000000] R[r 0=0000000000000000] inst=[04000793] DASM(04000793)
C0:      21162 [1] pc=[0000000080002338] W[r 0=0000000000000000][0] R[r13=0000000000000013] R[r15=0000000000000040] inst=[00f68563] DASM(00f68563)
C0:      21163 [1] pc=[000000008000233c] W[r10=0000000000000000][1] R[r 0=0000000000000000] R[r 0=0000000000000000] inst=[00004501] DASM(00004501)
C0:      21164 [1] pc=[000000008000233e] W[r 2=0000000080022630][1] R[r 2=00000000800225c0] R[r 0=0000000000000000] inst=[00006165] DASM(00006165)
C0:      21165 [1] pc=[0000000080002340] W[r 0=0000000080002342][1] R[r 1=00000000800021c2] R[r 0=0000000000000000] inst=[00008082] DASM(00008082)
C0:      21166 [1] pc=[00000000800021c2] W[r 0=0000000000000000][0] R[r25=000000008002262c] R[r19=0000000080022634] inst=[ff3c94e3] DASM(ff3c94e3)
C0:      21171 [1] pc=[00000000800021aa] W[r15=0000000000000000][1] R[r19=0000000080022634] R[r 0=0000000000000000] inst=[0009a783] DASM(0009a783)
C0:      21172 [1] pc=[00000000800021ae] W[r10=0000000000000057][1] R[r 0=0000000000000000] R[r 0=0000000000000000] inst=[05700513] DASM(05700513)
C0:      21173 [1] pc=[00000000800021b2] W[r 0=0000000000000000][0] R[r24=0000000000000009] R[r15=0000000000000000] inst=[00fc6463] DASM(00fc6463)
C0:      21174 [1] pc=[00000000800021b6] W[r10=0000000000000030][1] R[r 0=0000000000000000] R[r 0=0000000000000000] inst=[03000513] DASM(03000513)
C0:      21175 [1] pc=[00000000800021ba] W[r19=0000000080022630][1] R[r19=0000000080022634] R[r 0=0000000000000000] inst=[000019f1] DASM(000019f1)
C0:      21176 [1] pc=[00000000800021bc] W[r11=0000000000000000][1] R[r 0=0000000000000000] R[r 9=0000000000000000] inst=[000085a6] DASM(000085a6)
C0:      21177 [1] pc=[00000000800021be] W[r10=0000000000000030][1] R[r10=0000000000000030] R[r15=0000000000000000] inst=[00009d3d] DASM(00009d3d)
C0:      21178 [1] pc=[00000000800021c0] W[r 1=00000000800021c2][1] R[r18=000000008000230e] R[r 0=0000000000000000] inst=[00009902] DASM(00009902)
C0:      21179 [1] pc=[000000008000230e] W[r16=0000000000000013][1] R[r 4=00000000800029c0] R[r 0=0000000000000000] inst=[04022803] DASM(04022803)
C0:      21180 [1] pc=[0000000080002312] W[r15=00000000800029c0][1] R[r 4=00000000800029c0] R[r 0=0000000000000000] inst=[00020793] DASM(00020793)
C0:      21181 [1] pc=[0000000080002316] W[r15=00000000800029d3][1] R[r15=00000000800029c0] R[r16=0000000000000013] inst=[000097c2] DASM(000097c2)
C0:      21182 [1] pc=[0000000080002318] W[r 2=00000000800225c0][1] R[r 2=0000000080022630] R[r 0=0000000000000000] inst=[00007159] DASM(00007159)
C0:      21183 [1] pc=[000000008000231a] W[r13=0000000000000014][1] R[r16=0000000000000013] R[r 0=0000000000000000] inst=[0018069b] DASM(0018069b)
C0:      21184 [1] pc=[000000008000231e] W[r 0=0000000000000000][0] R[r 4=00000000800029c0] R[r13=0000000000000014] inst=[04d22023] DASM(04d22023)
C0:      21185 [1] pc=[0000000080002322] W[r 0=0000000000000000][0] R[r15=00000000800029d3] R[r10=0000000000000030] inst=[00a78023] DASM(00a78023)
C0:      21186 [1] pc=[0000000080002326] W[r14=00000000800225ff][1] R[r 2=00000000800225c0] R[r 0=0000000000000000] inst=[03f10713] DASM(03f10713)
C0:      21187 [1] pc=[000000008000232a] W[r15=000000000000000a][1] R[r 0=0000000000000000] R[r 0=0000000000000000] inst=[000047a9] DASM(000047a9)
C0:      21188 [1] pc=[000000008000232c] W[r14=00000000800225c0][1] R[r14=00000000800225ff] R[r 0=0000000000000000] inst=[fc077713] DASM(fc077713)
C0:      21189 [1] pc=[0000000080002330] W[r 0=0000000000000000][0] R[r10=0000000000000030] R[r15=000000000000000a] inst=[00f50963] DASM(00f50963)
C0:      21190 [1] pc=[0000000080002334] W[r15=0000000000000040][1] R[r 0=0000000000000000] R[r 0=0000000000000000] inst=[04000793] DASM(04000793)
C0:      21191 [1] pc=[0000000080002338] W[r 0=0000000000000000][0] R[r13=0000000000000014] R[r15=0000000000000040] inst=[00f68563] DASM(00f68563)
C0:      21192 [1] pc=[000000008000233c] W[r10=0000000000000000][1] R[r 0=0000000000000000] R[r 0=0000000000000000] inst=[00004501] DASM(00004501)
C0:      21193 [1] pc=[000000008000233e] W[r 2=0000000080022630][1] R[r 2=00000000800225c0] R[r 0=0000000000000000] inst=[00006165] DASM(00006165)
C0:      21194 [1] pc=[0000000080002340] W[r 0=0000000080002342][1] R[r 1=00000000800021c2] R[r 0=0000000000000000] inst=[00008082] DASM(00008082)
C0:      21195 [1] pc=[00000000800021c2] W[r 0=0000000000000000][0] R[r25=000000008002262c] R[r19=0000000080022630] inst=[ff3c94e3] DASM(ff3c94e3)
C0:      21200 [1] pc=[00000000800021aa] W[r15=0000000000000009][1] R[r19=0000000080022630] R[r 0=0000000000000000] inst=[0009a783] DASM(0009a783)
C0:      21201 [1] pc=[00000000800021ae] W[r10=0000000000000057][1] R[r 0=0000000000000000] R[r 0=0000000000000000] inst=[05700513] DASM(05700513)
C0:      21202 [1] pc=[00000000800021b2] W[r 0=0000000000000000][0] R[r24=0000000000000009] R[r15=0000000000000009] inst=[00fc6463] DASM(00fc6463)
C0:      21203 [1] pc=[00000000800021b6] W[r10=0000000000000030][1] R[r 0=0000000000000000] R[r 0=0000000000000000] inst=[03000513] DASM(03000513)
C0:      21204 [1] pc=[00000000800021ba] W[r19=000000008002262c][1] R[r19=0000000080022630] R[r 0=0000000000000000] inst=[000019f1] DASM(000019f1)
C0:      21205 [1] pc=[00000000800021bc] W[r11=0000000000000000][1] R[r 0=0000000000000000] R[r 9=0000000000000000] inst=[000085a6] DASM(000085a6)
C0:      21206 [1] pc=[00000000800021be] W[r10=0000000000000039][1] R[r10=0000000000000030] R[r15=0000000000000009] inst=[00009d3d] DASM(00009d3d)
C0:      21207 [1] pc=[00000000800021c0] W[r 1=00000000800021c2][1] R[r18=000000008000230e] R[r 0=0000000000000000] inst=[00009902] DASM(00009902)
C0:      21208 [1] pc=[000000008000230e] W[r16=0000000000000014][1] R[r 4=00000000800029c0] R[r 0=0000000000000000] inst=[04022803] DASM(04022803)
C0:      21209 [1] pc=[0000000080002312] W[r15=00000000800029c0][1] R[r 4=00000000800029c0] R[r 0=0000000000000000] inst=[00020793] DASM(00020793)
C0:      21210 [1] pc=[0000000080002316] W[r15=00000000800029d4][1] R[r15=00000000800029c0] R[r16=0000000000000014] inst=[000097c2] DASM(000097c2)
C0:      21211 [1] pc=[0000000080002318] W[r 2=00000000800225c0][1] R[r 2=0000000080022630] R[r 0=0000000000000000] inst=[00007159] DASM(00007159)
C0:      21212 [1] pc=[000000008000231a] W[r13=0000000000000015][1] R[r16=0000000000000014] R[r 0=0000000000000000] inst=[0018069b] DASM(0018069b)
C0:      21213 [1] pc=[000000008000231e] W[r 0=0000000000000000][0] R[r 4=00000000800029c0] R[r13=0000000000000015] inst=[04d22023] DASM(04d22023)
C0:      21214 [1] pc=[0000000080002322] W[r 0=0000000000000000][0] R[r15=00000000800029d4] R[r10=0000000000000039] inst=[00a78023] DASM(00a78023)
C0:      21215 [1] pc=[0000000080002326] W[r14=00000000800225ff][1] R[r 2=00000000800225c0] R[r 0=0000000000000000] inst=[03f10713] DASM(03f10713)
C0:      21216 [1] pc=[000000008000232a] W[r15=000000000000000a][1] R[r 0=0000000000000000] R[r 0=0000000000000000] inst=[000047a9] DASM(000047a9)
C0:      21217 [1] pc=[000000008000232c] W[r14=00000000800225c0][1] R[r14=00000000800225ff] R[r 0=0000000000000000] inst=[fc077713] DASM(fc077713)
C0:      21218 [1] pc=[0000000080002330] W[r 0=0000000000000000][0] R[r10=0000000000000039] R[r15=000000000000000a] inst=[00f50963] DASM(00f50963)
C0:      21219 [1] pc=[0000000080002334] W[r15=0000000000000040][1] R[r 0=0000000000000000] R[r 0=0000000000000000] inst=[04000793] DASM(04000793)
C0:      21220 [1] pc=[0000000080002338] W[r 0=0000000000000000][0] R[r13=0000000000000015] R[r15=0000000000000040] inst=[00f68563] DASM(00f68563)
C0:      21221 [1] pc=[000000008000233c] W[r10=0000000000000000][1] R[r 0=0000000000000000] R[r 0=0000000000000000] inst=[00004501] DASM(00004501)
C0:      21222 [1] pc=[000000008000233e] W[r 2=0000000080022630][1] R[r 2=00000000800225c0] R[r 0=0000000000000000] inst=[00006165] DASM(00006165)
C0:      21223 [1] pc=[0000000080002340] W[r 0=0000000080002342][1] R[r 1=00000000800021c2] R[r 0=0000000000000000] inst=[00008082] DASM(00008082)
C0:      21224 [1] pc=[00000000800021c2] W[r 0=0000000000000000][0] R[r25=000000008002262c] R[r19=000000008002262c] inst=[ff3c94e3] DASM(ff3c94e3)
C0:      21228 [1] pc=[00000000800021c6] W[r 0=00000000800021c8][1] R[r 0=0000000000000000] R[r 0=0000000000000000] inst=[0000bd71] DASM(0000bd71)
C0:      21231 [1] pc=[0000000080002062] W[r10=000000000000000a][1] R[r 8=00000000800027cc] R[r 0=0000000000000000] inst=[00044503] DASM(00044503)
C0:      21234 [1] pc=[0000000080002066] W[r 0=0000000000000000][0] R[r10=000000000000000a] R[r20=0000000000000025] inst=[ff451ae3] DASM(ff451ae3)
C0:      21235 [1] pc=[000000008000205a] W[r 0=0000000000000000][0] R[r10=000000000000000a] R[r 0=0000000000000000] inst=[0000cd1d] DASM(0000cd1d)
C0:      21236 [1] pc=[000000008000205c] W[r11=0000000000000000][1] R[r 0=0000000000000000] R[r 9=0000000000000000] inst=[000085a6] DASM(000085a6)
C0:      21237 [1] pc=[000000008000205e] W[r 8=00000000800027cd][1] R[r 8=00000000800027cc] R[r 0=0000000000000000] inst=[00000405] DASM(00000405)
C0:      21238 [1] pc=[0000000080002060] W[r 1=0000000080002062][1] R[r18=000000008000230e] R[r 0=0000000000000000] inst=[00009902] DASM(00009902)
C0:      21239 [1] pc=[000000008000230e] W[r16=0000000000000015][1] R[r 4=00000000800029c0] R[r 0=0000000000000000] inst=[04022803] DASM(04022803)
C0:      21240 [1] pc=[0000000080002312] W[r15=00000000800029c0][1] R[r 4=00000000800029c0] R[r 0=0000000000000000] inst=[00020793] DASM(00020793)
C0:      21241 [1] pc=[0000000080002316] W[r15=00000000800029d5][1] R[r15=00000000800029c0] R[r16=0000000000000015] inst=[000097c2] DASM(000097c2)
C0:      21242 [1] pc=[0000000080002318] W[r 2=00000000800225c0][1] R[r 2=0000000080022630] R[r 0=0000000000000000] inst=[00007159] DASM(00007159)
C0:      21243 [1] pc=[000000008000231a] W[r13=0000000000000016][1] R[r16=0000000000000015] R[r 0=0000000000000000] inst=[0018069b] DASM(0018069b)
C0:      21244 [1] pc=[000000008000231e] W[r 0=0000000000000000][0] R[r 4=00000000800029c0] R[r13=0000000000000016] inst=[04d22023] DASM(04d22023)
C0:      21245 [1] pc=[0000000080002322] W[r 0=0000000000000000][0] R[r15=00000000800029d5] R[r10=000000000000000a] inst=[00a78023] DASM(00a78023)
C0:      21246 [1] pc=[0000000080002326] W[r14=00000000800225ff][1] R[r 2=00000000800225c0] R[r 0=0000000000000000] inst=[03f10713] DASM(03f10713)
C0:      21247 [1] pc=[000000008000232a] W[r15=000000000000000a][1] R[r 0=0000000000000000] R[r 0=0000000000000000] inst=[000047a9] DASM(000047a9)
C0:      21248 [1] pc=[000000008000232c] W[r14=00000000800225c0][1] R[r14=00000000800225ff] R[r 0=0000000000000000] inst=[fc077713] DASM(fc077713)
C0:      21249 [1] pc=[0000000080002330] W[r 0=0000000000000000][0] R[r10=000000000000000a] R[r15=000000000000000a] inst=[00f50963] DASM(00f50963)
C0:      21254 [1] pc=[0000000080002342] W[r15=0000000000000040][1] R[r 0=0000000000000000] R[r 0=0000000000000000] inst=[04000793] DASM(04000793)
C0:      21278 [1] pc=[0000000080002346] W[r 0=0000000000000000][0] R[r14=00000000800225c0] R[r15=0000000000000040] inst=[0000e31c] DASM(0000e31c)
C0:      21279 [1] pc=[0000000080002348] W[r15=0000000000000001][1] R[r 0=0000000000000000] R[r 0=0000000000000000] inst=[00004785] DASM(00004785)
C0:      21280 [1] pc=[000000008000234a] W[r 0=0000000000000000][0] R[r14=00000000800225c0] R[r15=0000000000000001] inst=[0000e71c] DASM(0000e71c)
C0:      21281 [1] pc=[000000008000234c] W[r12=00000000800029c0][1] R[r 4=00000000800029c0] R[r 0=0000000000000000] inst=[00020613] DASM(00020613)
C0:      21282 [1] pc=[0000000080002350] W[r 0=0000000000000000][0] R[r14=00000000800225c0] R[r12=00000000800029c0] inst=[0000eb10] DASM(0000eb10)
C0:      21283 [1] pc=[0000000080002352] W[r 0=0000000000000000][0] R[r14=00000000800225c0] R[r13=0000000000000016] inst=[0000ef14] DASM(0000ef14)
C0:      21284 [1] pc=[0000000080002354] W[r 0=0000000000000000][0] R[r 0=0000000000000000] R[r 0=0000000000000000] inst=[0ff0000f] DASM(0ff0000f)
C0:      21285 [1] pc=[0000000080002358] W[r13=0000000080001358][1] R[r 0=0000000000000000] R[r 0=0000000000000000] inst=[fffff697] DASM(fffff697)
C0:      21286 [1] pc=[000000008000235c] W[r13=0000000080001040][1] R[r13=0000000080001358] R[r 0=0000000000000000] inst=[ce868693] DASM(ce868693)
C0:      21287 [1] pc=[0000000080002360] W[r15=0000000080001360][1] R[r 0=0000000000000000] R[r 0=0000000000000000] inst=[fffff797] DASM(fffff797)
C0:      21300 [1] pc=[0000000080002364] W[r 0=0000000000000000][0] R[r15=0000000080001360] R[r14=00000000800225c0] inst=[cae7b023] DASM(cae7b023)
C0:      21325 [1] pc=[0000000080002368] W[r15=0000000000000000][1] R[r13=0000000080001040] R[r 0=0000000000000000] inst=[0000629c] DASM(0000629c)
C0:      21327 [1] pc=[000000008000236a] W[r 0=0000000000000000][0] R[r15=0000000000000000] R[r 0=0000000000000000] inst=[0000dffd] DASM(0000dffd)
C0:      21328 [1] pc=[0000000080002368] W[r15=0000000000000000][1] R[r13=0000000080001040] R[r 0=0000000000000000] inst=[0000629c] DASM(0000629c)
C0:      21330 [1] pc=[000000008000236a] W[r 0=0000000000000000][0] R[r15=0000000000000000] R[r 0=0000000000000000] inst=[0000dffd] DASM(0000dffd)
C0:      21334 [1] pc=[0000000080002368] W[r15=0000000000000000][1] R[r13=0000000080001040] R[r 0=0000000000000000] inst=[0000629c] DASM(0000629c)
C0:      21336 [1] pc=[000000008000236a] W[r 0=0000000000000000][0] R[r15=0000000000000000] R[r 0=0000000000000000] inst=[0000dffd] DASM(0000dffd)
C0:      21337 [1] pc=[0000000080002368] W[r15=0000000000000000][1] R[r13=0000000080001040] R[r 0=0000000000000000] inst=[0000629c] DASM(0000629c)
C0:      21339 [1] pc=[000000008000236a] W[r 0=0000000000000000][0] R[r15=0000000000000000] R[r 0=0000000000000000] inst=[0000dffd] DASM(0000dffd)
C0:      21340 [1] pc=[0000000080002368] W[r15=0000000000000000][1] R[r13=0000000080001040] R[r 0=0000000000000000] inst=[0000629c] DASM(0000629c)
C0:      21342 [1] pc=[000000008000236a] W[r 0=0000000000000000][0] R[r15=0000000000000000] R[r 0=0000000000000000] inst=[0000dffd] DASM(0000dffd)
C0:      21343 [1] pc=[0000000080002368] W[r15=0000000000000000][1] R[r13=0000000080001040] R[r 0=0000000000000000] inst=[0000629c] DASM(0000629c)
C0:      21345 [1] pc=[000000008000236a] W[r 0=0000000000000000][0] R[r15=0000000000000000] R[r 0=0000000000000000] inst=[0000dffd] DASM(0000dffd)
C0:      21349 [1] pc=[0000000080002368] W[r15=0000000000000000][1] R[r13=0000000080001040] R[r 0=0000000000000000] inst=[0000629c] DASM(0000629c)
C0:      21351 [1] pc=[000000008000236a] W[r 0=0000000000000000][0] R[r15=0000000000000000] R[r 0=0000000000000000] inst=[0000dffd] DASM(0000dffd)
C0:      21352 [1] pc=[0000000080002368] W[r15=0000000000000000][1] R[r13=0000000080001040] R[r 0=0000000000000000] inst=[0000629c] DASM(0000629c)
C0:      21354 [1] pc=[000000008000236a] W[r 0=0000000000000000][0] R[r15=0000000000000000] R[r 0=0000000000000000] inst=[0000dffd] DASM(0000dffd)
C0:      21360 [1] pc=[0000000080002368] W[r15=0000000000000000][1] R[r13=0000000080001040] R[r 0=0000000000000000] inst=[0000629c] DASM(0000629c)
C0:      21362 [1] pc=[000000008000236a] W[r 0=0000000000000000][0] R[r15=0000000000000000] R[r 0=0000000000000000] inst=[0000dffd] DASM(0000dffd)
C0:      21363 [1] pc=[0000000080002368] W[r15=0000000000000000][1] R[r13=0000000080001040] R[r 0=0000000000000000] inst=[0000629c] DASM(0000629c)
C0:      21365 [1] pc=[000000008000236a] W[r 0=0000000000000000][0] R[r15=0000000000000000] R[r 0=0000000000000000] inst=[0000dffd] DASM(0000dffd)
C0:      21366 [1] pc=[0000000080002368] W[r15=0000000000000000][1] R[r13=0000000080001040] R[r 0=0000000000000000] inst=[0000629c] DASM(0000629c)
C0:      21368 [1] pc=[000000008000236a] W[r 0=0000000000000000][0] R[r15=0000000000000000] R[r 0=0000000000000000] inst=[0000dffd] DASM(0000dffd)
C0:      21369 [1] pc=[0000000080002368] W[r15=0000000000000000][1] R[r13=0000000080001040] R[r 0=0000000000000000] inst=[0000629c] DASM(0000629c)
C0:      21371 [1] pc=[000000008000236a] W[r 0=0000000000000000][0] R[r15=0000000000000000] R[r 0=0000000000000000] inst=[0000dffd] DASM(0000dffd)
C0:      21372 [1] pc=[0000000080002368] W[r15=0000000000000000][1] R[r13=0000000080001040] R[r 0=0000000000000000] inst=[0000629c] DASM(0000629c)
C0:      21374 [1] pc=[000000008000236a] W[r 0=0000000000000000][0] R[r15=0000000000000000] R[r 0=0000000000000000] inst=[0000dffd] DASM(0000dffd)
C0:      21375 [1] pc=[0000000080002368] W[r15=0000000000000000][1] R[r13=0000000080001040] R[r 0=0000000000000000] inst=[0000629c] DASM(0000629c)
C0:      21377 [1] pc=[000000008000236a] W[r 0=0000000000000000][0] R[r15=0000000000000000] R[r 0=0000000000000000] inst=[0000dffd] DASM(0000dffd)
C0:      21378 [1] pc=[0000000080002368] W[r15=0000000000000000][1] R[r13=0000000080001040] R[r 0=0000000000000000] inst=[0000629c] DASM(0000629c)
C0:      21380 [1] pc=[000000008000236a] W[r 0=0000000000000000][0] R[r15=0000000000000000] R[r 0=0000000000000000] inst=[0000dffd] DASM(0000dffd)
C0:      21381 [1] pc=[0000000080002368] W[r15=0000000000000000][1] R[r13=0000000080001040] R[r 0=0000000000000000] inst=[0000629c] DASM(0000629c)
C0:      21383 [1] pc=[000000008000236a] W[r 0=0000000000000000][0] R[r15=0000000000000000] R[r 0=0000000000000000] inst=[0000dffd] DASM(0000dffd)
C0:      21384 [1] pc=[0000000080002368] W[r15=0000000000000000][1] R[r13=0000000080001040] R[r 0=0000000000000000] inst=[0000629c] DASM(0000629c)
C0:      21386 [1] pc=[000000008000236a] W[r 0=0000000000000000][0] R[r15=0000000000000000] R[r 0=0000000000000000] inst=[0000dffd] DASM(0000dffd)
C0:      21387 [1] pc=[0000000080002368] W[r15=0000000000000000][1] R[r13=0000000080001040] R[r 0=0000000000000000] inst=[0000629c] DASM(0000629c)
C0:      21389 [1] pc=[000000008000236a] W[r 0=0000000000000000][0] R[r15=0000000000000000] R[r 0=0000000000000000] inst=[0000dffd] DASM(0000dffd)
C0:      21402 [1] pc=[0000000080002368] W[r15=0000000000000000][1] R[r13=0000000080001040] R[r 0=0000000000000000] inst=[0000629c] DASM(0000629c)
C0:      21404 [1] pc=[000000008000236a] W[r 0=0000000000000000][0] R[r15=0000000000000000] R[r 0=0000000000000000] inst=[0000dffd] DASM(0000dffd)
C0:      21405 [1] pc=[0000000080002368] W[r15=0000000000000000][1] R[r13=0000000080001040] R[r 0=0000000000000000] inst=[0000629c] DASM(0000629c)
C0:      21407 [1] pc=[000000008000236a] W[r 0=0000000000000000][0] R[r15=0000000000000000] R[r 0=0000000000000000] inst=[0000dffd] DASM(0000dffd)
C0:      21408 [1] pc=[0000000080002368] W[r15=0000000000000000][1] R[r13=0000000080001040] R[r 0=0000000000000000] inst=[0000629c] DASM(0000629c)
C0:      21410 [1] pc=[000000008000236a] W[r 0=0000000000000000][0] R[r15=0000000000000000] R[r 0=0000000000000000] inst=[0000dffd] DASM(0000dffd)
C0:      21411 [1] pc=[0000000080002368] W[r15=0000000000000000][1] R[r13=0000000080001040] R[r 0=0000000000000000] inst=[0000629c] DASM(0000629c)
C0:      21413 [1] pc=[000000008000236a] W[r 0=0000000000000000][0] R[r15=0000000000000000] R[r 0=0000000000000000] inst=[0000dffd] DASM(0000dffd)
C0:      21414 [1] pc=[0000000080002368] W[r15=0000000000000000][1] R[r13=0000000080001040] R[r 0=0000000000000000] inst=[0000629c] DASM(0000629c)
C0:      21416 [1] pc=[000000008000236a] W[r 0=0000000000000000][0] R[r15=0000000000000000] R[r 0=0000000000000000] inst=[0000dffd] DASM(0000dffd)
C0:      21417 [1] pc=[0000000080002368] W[r15=0000000000000000][1] R[r13=0000000080001040] R[r 0=0000000000000000] inst=[0000629c] DASM(0000629c)
C0:      21419 [1] pc=[000000008000236a] W[r 0=0000000000000000][0] R[r15=0000000000000000] R[r 0=0000000000000000] inst=[0000dffd] DASM(0000dffd)
C0:      21420 [1] pc=[0000000080002368] W[r15=0000000000000000][1] R[r13=0000000080001040] R[r 0=0000000000000000] inst=[0000629c] DASM(0000629c)
C0:      21422 [1] pc=[000000008000236a] W[r 0=0000000000000000][0] R[r15=0000000000000000] R[r 0=0000000000000000] inst=[0000dffd] DASM(0000dffd)
C0:      21423 [1] pc=[0000000080002368] W[r15=0000000000000000][1] R[r13=0000000080001040] R[r 0=0000000000000000] inst=[0000629c] DASM(0000629c)
C0:      21425 [1] pc=[000000008000236a] W[r 0=0000000000000000][0] R[r15=0000000000000000] R[r 0=0000000000000000] inst=[0000dffd] DASM(0000dffd)
C0:      21426 [1] pc=[0000000080002368] W[r15=0000000000000000][1] R[r13=0000000080001040] R[r 0=0000000000000000] inst=[0000629c] DASM(0000629c)
C0:      21428 [1] pc=[000000008000236a] W[r 0=0000000000000000][0] R[r15=0000000000000000] R[r 0=0000000000000000] inst=[0000dffd] DASM(0000dffd)
C0:      21429 [1] pc=[0000000080002368] W[r15=0000000000000000][1] R[r13=0000000080001040] R[r 0=0000000000000000] inst=[0000629c] DASM(0000629c)
C0:      21431 [1] pc=[000000008000236a] W[r 0=0000000000000000][0] R[r15=0000000000000000] R[r 0=0000000000000000] inst=[0000dffd] DASM(0000dffd)
C0:      21432 [1] pc=[0000000080002368] W[r15=0000000000000000][1] R[r13=0000000080001040] R[r 0=0000000000000000] inst=[0000629c] DASM(0000629c)
C0:      21434 [1] pc=[000000008000236a] W[r 0=0000000000000000][0] R[r15=0000000000000000] R[r 0=0000000000000000] inst=[0000dffd] DASM(0000dffd)
C0:      21435 [1] pc=[0000000080002368] W[r15=0000000000000000][1] R[r13=0000000080001040] R[r 0=0000000000000000] inst=[0000629c] DASM(0000629c)
C0:      21437 [1] pc=[000000008000236a] W[r 0=0000000000000000][0] R[r15=0000000000000000] R[r 0=0000000000000000] inst=[0000dffd] DASM(0000dffd)
C0:      21438 [1] pc=[0000000080002368] W[r15=0000000000000000][1] R[r13=0000000080001040] R[r 0=0000000000000000] inst=[0000629c] DASM(0000629c)
C0:      21440 [1] pc=[000000008000236a] W[r 0=0000000000000000][0] R[r15=0000000000000000] R[r 0=0000000000000000] inst=[0000dffd] DASM(0000dffd)
C0:      21441 [1] pc=[0000000080002368] W[r15=0000000000000000][1] R[r13=0000000080001040] R[r 0=0000000000000000] inst=[0000629c] DASM(0000629c)
C0:      21443 [1] pc=[000000008000236a] W[r 0=0000000000000000][0] R[r15=0000000000000000] R[r 0=0000000000000000] inst=[0000dffd] DASM(0000dffd)
C0:      21444 [1] pc=[0000000080002368] W[r15=0000000000000000][1] R[r13=0000000080001040] R[r 0=0000000000000000] inst=[0000629c] DASM(0000629c)
C0:      21446 [1] pc=[000000008000236a] W[r 0=0000000000000000][0] R[r15=0000000000000000] R[r 0=0000000000000000] inst=[0000dffd] DASM(0000dffd)
C0:      21447 [1] pc=[0000000080002368] W[r15=0000000000000000][1] R[r13=0000000080001040] R[r 0=0000000000000000] inst=[0000629c] DASM(0000629c)
C0:      21449 [1] pc=[000000008000236a] W[r 0=0000000000000000][0] R[r15=0000000000000000] R[r 0=0000000000000000] inst=[0000dffd] DASM(0000dffd)
C0:      21450 [1] pc=[0000000080002368] W[r15=0000000000000000][1] R[r13=0000000080001040] R[r 0=0000000000000000] inst=[0000629c] DASM(0000629c)
C0:      21452 [1] pc=[000000008000236a] W[r 0=0000000000000000][0] R[r15=0000000000000000] R[r 0=0000000000000000] inst=[0000dffd] DASM(0000dffd)
C0:      21453 [1] pc=[0000000080002368] W[r15=0000000000000000][1] R[r13=0000000080001040] R[r 0=0000000000000000] inst=[0000629c] DASM(0000629c)
C0:      21455 [1] pc=[000000008000236a] W[r 0=0000000000000000][0] R[r15=0000000000000000] R[r 0=0000000000000000] inst=[0000dffd] DASM(0000dffd)
C0:      21456 [1] pc=[0000000080002368] W[r15=0000000000000000][1] R[r13=0000000080001040] R[r 0=0000000000000000] inst=[0000629c] DASM(0000629c)
C0:      21458 [1] pc=[000000008000236a] W[r 0=0000000000000000][0] R[r15=0000000000000000] R[r 0=0000000000000000] inst=[0000dffd] DASM(0000dffd)
C0:      21459 [1] pc=[0000000080002368] W[r15=0000000000000000][1] R[r13=0000000080001040] R[r 0=0000000000000000] inst=[0000629c] DASM(0000629c)
C0:      21461 [1] pc=[000000008000236a] W[r 0=0000000000000000][0] R[r15=0000000000000000] R[r 0=0000000000000000] inst=[0000dffd] DASM(0000dffd)
C0:      21462 [1] pc=[0000000080002368] W[r15=0000000000000000][1] R[r13=0000000080001040] R[r 0=0000000000000000] inst=[0000629c] DASM(0000629c)
C0:      21464 [1] pc=[000000008000236a] W[r 0=0000000000000000][0] R[r15=0000000000000000] R[r 0=0000000000000000] inst=[0000dffd] DASM(0000dffd)
C0:      21465 [1] pc=[0000000080002368] W[r15=0000000000000000][1] R[r13=0000000080001040] R[r 0=0000000000000000] inst=[0000629c] DASM(0000629c)
C0:      21467 [1] pc=[000000008000236a] W[r 0=0000000000000000][0] R[r15=0000000000000000] R[r 0=0000000000000000] inst=[0000dffd] DASM(0000dffd)
C0:      21468 [1] pc=[0000000080002368] W[r15=0000000000000000][1] R[r13=0000000080001040] R[r 0=0000000000000000] inst=[0000629c] DASM(0000629c)
C0:      21470 [1] pc=[000000008000236a] W[r 0=0000000000000000][0] R[r15=0000000000000000] R[r 0=0000000000000000] inst=[0000dffd] DASM(0000dffd)
C0:      21471 [1] pc=[0000000080002368] W[r15=0000000000000000][1] R[r13=0000000080001040] R[r 0=0000000000000000] inst=[0000629c] DASM(0000629c)
C0:      21473 [1] pc=[000000008000236a] W[r 0=0000000000000000][0] R[r15=0000000000000000] R[r 0=0000000000000000] inst=[0000dffd] DASM(0000dffd)
C0:      21474 [1] pc=[0000000080002368] W[r15=0000000000000000][1] R[r13=0000000080001040] R[r 0=0000000000000000] inst=[0000629c] DASM(0000629c)
C0:      21476 [1] pc=[000000008000236a] W[r 0=0000000000000000][0] R[r15=0000000000000000] R[r 0=0000000000000000] inst=[0000dffd] DASM(0000dffd)
C0:      21477 [1] pc=[0000000080002368] W[r15=0000000000000000][1] R[r13=0000000080001040] R[r 0=0000000000000000] inst=[0000629c] DASM(0000629c)
C0:      21479 [1] pc=[000000008000236a] W[r 0=0000000000000000][0] R[r15=0000000000000000] R[r 0=0000000000000000] inst=[0000dffd] DASM(0000dffd)
C0:      21480 [1] pc=[0000000080002368] W[r15=0000000000000000][1] R[r13=0000000080001040] R[r 0=0000000000000000] inst=[0000629c] DASM(0000629c)
C0:      21482 [1] pc=[000000008000236a] W[r 0=0000000000000000][0] R[r15=0000000000000000] R[r 0=0000000000000000] inst=[0000dffd] DASM(0000dffd)
C0:      21483 [1] pc=[0000000080002368] W[r15=0000000000000000][1] R[r13=0000000080001040] R[r 0=0000000000000000] inst=[0000629c] DASM(0000629c)
C0:      21485 [1] pc=[000000008000236a] W[r 0=0000000000000000][0] R[r15=0000000000000000] R[r 0=0000000000000000] inst=[0000dffd] DASM(0000dffd)
C0:      21486 [1] pc=[0000000080002368] W[r15=0000000000000000][1] R[r13=0000000080001040] R[r 0=0000000000000000] inst=[0000629c] DASM(0000629c)
C0:      21488 [1] pc=[000000008000236a] W[r 0=0000000000000000][0] R[r15=0000000000000000] R[r 0=0000000000000000] inst=[0000dffd] DASM(0000dffd)
C0:      21489 [1] pc=[0000000080002368] W[r15=0000000000000000][1] R[r13=0000000080001040] R[r 0=0000000000000000] inst=[0000629c] DASM(0000629c)
C0:      21491 [1] pc=[000000008000236a] W[r 0=0000000000000000][0] R[r15=0000000000000000] R[r 0=0000000000000000] inst=[0000dffd] DASM(0000dffd)
C0:      21492 [1] pc=[0000000080002368] W[r15=0000000000000000][1] R[r13=0000000080001040] R[r 0=0000000000000000] inst=[0000629c] DASM(0000629c)
C0:      21494 [1] pc=[000000008000236a] W[r 0=0000000000000000][0] R[r15=0000000000000000] R[r 0=0000000000000000] inst=[0000dffd] DASM(0000dffd)
C0:      21495 [1] pc=[0000000080002368] W[r15=0000000000000000][1] R[r13=0000000080001040] R[r 0=0000000000000000] inst=[0000629c] DASM(0000629c)
C0:      21497 [1] pc=[000000008000236a] W[r 0=0000000000000000][0] R[r15=0000000000000000] R[r 0=0000000000000000] inst=[0000dffd] DASM(0000dffd)
C0:      21498 [1] pc=[0000000080002368] W[r15=0000000000000000][1] R[r13=0000000080001040] R[r 0=0000000000000000] inst=[0000629c] DASM(0000629c)
C0:      21500 [1] pc=[000000008000236a] W[r 0=0000000000000000][0] R[r15=0000000000000000] R[r 0=0000000000000000] inst=[0000dffd] DASM(0000dffd)
C0:      21501 [1] pc=[0000000080002368] W[r15=0000000000000000][1] R[r13=0000000080001040] R[r 0=0000000000000000] inst=[0000629c] DASM(0000629c)
C0:      21503 [1] pc=[000000008000236a] W[r 0=0000000000000000][0] R[r15=0000000000000000] R[r 0=0000000000000000] inst=[0000dffd] DASM(0000dffd)
C0:      21504 [1] pc=[0000000080002368] W[r15=0000000000000000][1] R[r13=0000000080001040] R[r 0=0000000000000000] inst=[0000629c] DASM(0000629c)
C0:      21506 [1] pc=[000000008000236a] W[r 0=0000000000000000][0] R[r15=0000000000000000] R[r 0=0000000000000000] inst=[0000dffd] DASM(0000dffd)
C0:      21507 [1] pc=[0000000080002368] W[r15=0000000000000000][1] R[r13=0000000080001040] R[r 0=0000000000000000] inst=[0000629c] DASM(0000629c)
C0:      21509 [1] pc=[000000008000236a] W[r 0=0000000000000000][0] R[r15=0000000000000000] R[r 0=0000000000000000] inst=[0000dffd] DASM(0000dffd)
C0:      21510 [1] pc=[0000000080002368] W[r15=0000000000000000][1] R[r13=0000000080001040] R[r 0=0000000000000000] inst=[0000629c] DASM(0000629c)
C0:      21512 [1] pc=[000000008000236a] W[r 0=0000000000000000][0] R[r15=0000000000000000] R[r 0=0000000000000000] inst=[0000dffd] DASM(0000dffd)
C0:      21513 [1] pc=[0000000080002368] W[r15=0000000000000000][1] R[r13=0000000080001040] R[r 0=0000000000000000] inst=[0000629c] DASM(0000629c)
C0:      21515 [1] pc=[000000008000236a] W[r 0=0000000000000000][0] R[r15=0000000000000000] R[r 0=0000000000000000] inst=[0000dffd] DASM(0000dffd)
C0:      21516 [1] pc=[0000000080002368] W[r15=0000000000000000][1] R[r13=0000000080001040] R[r 0=0000000000000000] inst=[0000629c] DASM(0000629c)
C0:      21518 [1] pc=[000000008000236a] W[r 0=0000000000000000][0] R[r15=0000000000000000] R[r 0=0000000000000000] inst=[0000dffd] DASM(0000dffd)
C0:      21519 [1] pc=[0000000080002368] W[r15=0000000000000000][1] R[r13=0000000080001040] R[r 0=0000000000000000] inst=[0000629c] DASM(0000629c)
C0:      21521 [1] pc=[000000008000236a] W[r 0=0000000000000000][0] R[r15=0000000000000000] R[r 0=0000000000000000] inst=[0000dffd] DASM(0000dffd)
C0:      21522 [1] pc=[0000000080002368] W[r15=0000000000000000][1] R[r13=0000000080001040] R[r 0=0000000000000000] inst=[0000629c] DASM(0000629c)
C0:      21524 [1] pc=[000000008000236a] W[r 0=0000000000000000][0] R[r15=0000000000000000] R[r 0=0000000000000000] inst=[0000dffd] DASM(0000dffd)
C0:      21525 [1] pc=[0000000080002368] W[r15=0000000000000000][1] R[r13=0000000080001040] R[r 0=0000000000000000] inst=[0000629c] DASM(0000629c)
C0:      21527 [1] pc=[000000008000236a] W[r 0=0000000000000000][0] R[r15=0000000000000000] R[r 0=0000000000000000] inst=[0000dffd] DASM(0000dffd)
C0:      21528 [1] pc=[0000000080002368] W[r15=0000000000000000][1] R[r13=0000000080001040] R[r 0=0000000000000000] inst=[0000629c] DASM(0000629c)
C0:      21530 [1] pc=[000000008000236a] W[r 0=0000000000000000][0] R[r15=0000000000000000] R[r 0=0000000000000000] inst=[0000dffd] DASM(0000dffd)
C0:      21531 [1] pc=[0000000080002368] W[r15=0000000000000000][1] R[r13=0000000080001040] R[r 0=0000000000000000] inst=[0000629c] DASM(0000629c)
C0:      21533 [1] pc=[000000008000236a] W[r 0=0000000000000000][0] R[r15=0000000000000000] R[r 0=0000000000000000] inst=[0000dffd] DASM(0000dffd)
C0:      21534 [1] pc=[0000000080002368] W[r15=0000000000000000][1] R[r13=0000000080001040] R[r 0=0000000000000000] inst=[0000629c] DASM(0000629c)
C0:      21536 [1] pc=[000000008000236a] W[r 0=0000000000000000][0] R[r15=0000000000000000] R[r 0=0000000000000000] inst=[0000dffd] DASM(0000dffd)
C0:      21537 [1] pc=[0000000080002368] W[r15=0000000000000000][1] R[r13=0000000080001040] R[r 0=0000000000000000] inst=[0000629c] DASM(0000629c)
C0:      21539 [1] pc=[000000008000236a] W[r 0=0000000000000000][0] R[r15=0000000000000000] R[r 0=0000000000000000] inst=[0000dffd] DASM(0000dffd)
C0:      21540 [1] pc=[0000000080002368] W[r15=0000000000000000][1] R[r13=0000000080001040] R[r 0=0000000000000000] inst=[0000629c] DASM(0000629c)
C0:      21542 [1] pc=[000000008000236a] W[r 0=0000000000000000][0] R[r15=0000000000000000] R[r 0=0000000000000000] inst=[0000dffd] DASM(0000dffd)
C0:      21543 [1] pc=[0000000080002368] W[r15=0000000000000000][1] R[r13=0000000080001040] R[r 0=0000000000000000] inst=[0000629c] DASM(0000629c)
C0:      21545 [1] pc=[000000008000236a] W[r 0=0000000000000000][0] R[r15=0000000000000000] R[r 0=0000000000000000] inst=[0000dffd] DASM(0000dffd)
C0:      21546 [1] pc=[0000000080002368] W[r15=0000000000000000][1] R[r13=0000000080001040] R[r 0=0000000000000000] inst=[0000629c] DASM(0000629c)
C0:      21548 [1] pc=[000000008000236a] W[r 0=0000000000000000][0] R[r15=0000000000000000] R[r 0=0000000000000000] inst=[0000dffd] DASM(0000dffd)
C0:      21549 [1] pc=[0000000080002368] W[r15=0000000000000000][1] R[r13=0000000080001040] R[r 0=0000000000000000] inst=[0000629c] DASM(0000629c)
C0:      21551 [1] pc=[000000008000236a] W[r 0=0000000000000000][0] R[r15=0000000000000000] R[r 0=0000000000000000] inst=[0000dffd] DASM(0000dffd)
C0:      21552 [1] pc=[0000000080002368] W[r15=0000000000000000][1] R[r13=0000000080001040] R[r 0=0000000000000000] inst=[0000629c] DASM(0000629c)
C0:      21554 [1] pc=[000000008000236a] W[r 0=0000000000000000][0] R[r15=0000000000000000] R[r 0=0000000000000000] inst=[0000dffd] DASM(0000dffd)
C0:      21555 [1] pc=[0000000080002368] W[r15=0000000000000000][1] R[r13=0000000080001040] R[r 0=0000000000000000] inst=[0000629c] DASM(0000629c)
C0:      21557 [1] pc=[000000008000236a] W[r 0=0000000000000000][0] R[r15=0000000000000000] R[r 0=0000000000000000] inst=[0000dffd] DASM(0000dffd)
C0:      21558 [1] pc=[0000000080002368] W[r15=0000000000000000][1] R[r13=0000000080001040] R[r 0=0000000000000000] inst=[0000629c] DASM(0000629c)
C0:      21560 [1] pc=[000000008000236a] W[r 0=0000000000000000][0] R[r15=0000000000000000] R[r 0=0000000000000000] inst=[0000dffd] DASM(0000dffd)
C0:      21561 [1] pc=[0000000080002368] W[r15=0000000000000000][1] R[r13=0000000080001040] R[r 0=0000000000000000] inst=[0000629c] DASM(0000629c)
C0:      21563 [1] pc=[000000008000236a] W[r 0=0000000000000000][0] R[r15=0000000000000000] R[r 0=0000000000000000] inst=[0000dffd] DASM(0000dffd)
C0:      21564 [1] pc=[0000000080002368] W[r15=0000000000000000][1] R[r13=0000000080001040] R[r 0=0000000000000000] inst=[0000629c] DASM(0000629c)
C0:      21566 [1] pc=[000000008000236a] W[r 0=0000000000000000][0] R[r15=0000000000000000] R[r 0=0000000000000000] inst=[0000dffd] DASM(0000dffd)
C0:      21567 [1] pc=[0000000080002368] W[r15=0000000000000000][1] R[r13=0000000080001040] R[r 0=0000000000000000] inst=[0000629c] DASM(0000629c)
C0:      21569 [1] pc=[000000008000236a] W[r 0=0000000000000000][0] R[r15=0000000000000000] R[r 0=0000000000000000] inst=[0000dffd] DASM(0000dffd)
C0:      21570 [1] pc=[0000000080002368] W[r15=0000000000000000][1] R[r13=0000000080001040] R[r 0=0000000000000000] inst=[0000629c] DASM(0000629c)
C0:      21572 [1] pc=[000000008000236a] W[r 0=0000000000000000][0] R[r15=0000000000000000] R[r 0=0000000000000000] inst=[0000dffd] DASM(0000dffd)
C0:      21573 [1] pc=[0000000080002368] W[r15=0000000000000000][1] R[r13=0000000080001040] R[r 0=0000000000000000] inst=[0000629c] DASM(0000629c)
C0:      21575 [1] pc=[000000008000236a] W[r 0=0000000000000000][0] R[r15=0000000000000000] R[r 0=0000000000000000] inst=[0000dffd] DASM(0000dffd)
C0:      21576 [1] pc=[0000000080002368] W[r15=0000000000000000][1] R[r13=0000000080001040] R[r 0=0000000000000000] inst=[0000629c] DASM(0000629c)
C0:      21578 [1] pc=[000000008000236a] W[r 0=0000000000000000][0] R[r15=0000000000000000] R[r 0=0000000000000000] inst=[0000dffd] DASM(0000dffd)
C0:      21579 [1] pc=[0000000080002368] W[r15=0000000000000000][1] R[r13=0000000080001040] R[r 0=0000000000000000] inst=[0000629c] DASM(0000629c)
C0:      21581 [1] pc=[000000008000236a] W[r 0=0000000000000000][0] R[r15=0000000000000000] R[r 0=0000000000000000] inst=[0000dffd] DASM(0000dffd)
C0:      21582 [1] pc=[0000000080002368] W[r15=0000000000000000][1] R[r13=0000000080001040] R[r 0=0000000000000000] inst=[0000629c] DASM(0000629c)
C0:      21584 [1] pc=[000000008000236a] W[r 0=0000000000000000][0] R[r15=0000000000000000] R[r 0=0000000000000000] inst=[0000dffd] DASM(0000dffd)
C0:      21585 [1] pc=[0000000080002368] W[r15=0000000000000000][1] R[r13=0000000080001040] R[r 0=0000000000000000] inst=[0000629c] DASM(0000629c)
C0:      21587 [1] pc=[000000008000236a] W[r 0=0000000000000000][0] R[r15=0000000000000000] R[r 0=0000000000000000] inst=[0000dffd] DASM(0000dffd)
C0:      21588 [1] pc=[0000000080002368] W[r15=0000000000000000][1] R[r13=0000000080001040] R[r 0=0000000000000000] inst=[0000629c] DASM(0000629c)
C0:      21590 [1] pc=[000000008000236a] W[r 0=0000000000000000][0] R[r15=0000000000000000] R[r 0=0000000000000000] inst=[0000dffd] DASM(0000dffd)
C0:      21591 [1] pc=[0000000080002368] W[r15=0000000000000000][1] R[r13=0000000080001040] R[r 0=0000000000000000] inst=[0000629c] DASM(0000629c)
C0:      21593 [1] pc=[000000008000236a] W[r 0=0000000000000000][0] R[r15=0000000000000000] R[r 0=0000000000000000] inst=[0000dffd] DASM(0000dffd)
C0:      21594 [1] pc=[0000000080002368] W[r15=0000000000000000][1] R[r13=0000000080001040] R[r 0=0000000000000000] inst=[0000629c] DASM(0000629c)
C0:      21596 [1] pc=[000000008000236a] W[r 0=0000000000000000][0] R[r15=0000000000000000] R[r 0=0000000000000000] inst=[0000dffd] DASM(0000dffd)
C0:      21597 [1] pc=[0000000080002368] W[r15=0000000000000000][1] R[r13=0000000080001040] R[r 0=0000000000000000] inst=[0000629c] DASM(0000629c)
C0:      21599 [1] pc=[000000008000236a] W[r 0=0000000000000000][0] R[r15=0000000000000000] R[r 0=0000000000000000] inst=[0000dffd] DASM(0000dffd)
C0:      21600 [1] pc=[0000000080002368] W[r15=0000000000000000][1] R[r13=0000000080001040] R[r 0=0000000000000000] inst=[0000629c] DASM(0000629c)
C0:      21602 [1] pc=[000000008000236a] W[r 0=0000000000000000][0] R[r15=0000000000000000] R[r 0=0000000000000000] inst=[0000dffd] DASM(0000dffd)
C0:      21603 [1] pc=[0000000080002368] W[r15=0000000000000000][1] R[r13=0000000080001040] R[r 0=0000000000000000] inst=[0000629c] DASM(0000629c)
C0:      21605 [1] pc=[000000008000236a] W[r 0=0000000000000000][0] R[r15=0000000000000000] R[r 0=0000000000000000] inst=[0000dffd] DASM(0000dffd)
C0:      21606 [1] pc=[0000000080002368] W[r15=0000000000000000][1] R[r13=0000000080001040] R[r 0=0000000000000000] inst=[0000629c] DASM(0000629c)
C0:      21608 [1] pc=[000000008000236a] W[r 0=0000000000000000][0] R[r15=0000000000000000] R[r 0=0000000000000000] inst=[0000dffd] DASM(0000dffd)
C0:      21609 [1] pc=[0000000080002368] W[r15=0000000000000000][1] R[r13=0000000080001040] R[r 0=0000000000000000] inst=[0000629c] DASM(0000629c)
C0:      21611 [1] pc=[000000008000236a] W[r 0=0000000000000000][0] R[r15=0000000000000000] R[r 0=0000000000000000] inst=[0000dffd] DASM(0000dffd)
C0:      21612 [1] pc=[0000000080002368] W[r15=0000000000000000][1] R[r13=0000000080001040] R[r 0=0000000000000000] inst=[0000629c] DASM(0000629c)
C0:      21614 [1] pc=[000000008000236a] W[r 0=0000000000000000][0] R[r15=0000000000000000] R[r 0=0000000000000000] inst=[0000dffd] DASM(0000dffd)
C0:      21615 [1] pc=[0000000080002368] W[r15=0000000000000000][1] R[r13=0000000080001040] R[r 0=0000000000000000] inst=[0000629c] DASM(0000629c)
C0:      21617 [1] pc=[000000008000236a] W[r 0=0000000000000000][0] R[r15=0000000000000000] R[r 0=0000000000000000] inst=[0000dffd] DASM(0000dffd)
C0:      21618 [1] pc=[0000000080002368] W[r15=0000000000000000][1] R[r13=0000000080001040] R[r 0=0000000000000000] inst=[0000629c] DASM(0000629c)
C0:      21620 [1] pc=[000000008000236a] W[r 0=0000000000000000][0] R[r15=0000000000000000] R[r 0=0000000000000000] inst=[0000dffd] DASM(0000dffd)
C0:      21621 [1] pc=[0000000080002368] W[r15=0000000000000000][1] R[r13=0000000080001040] R[r 0=0000000000000000] inst=[0000629c] DASM(0000629c)
C0:      21623 [1] pc=[000000008000236a] W[r 0=0000000000000000][0] R[r15=0000000000000000] R[r 0=0000000000000000] inst=[0000dffd] DASM(0000dffd)
C0:      21624 [1] pc=[0000000080002368] W[r15=0000000000000000][1] R[r13=0000000080001040] R[r 0=0000000000000000] inst=[0000629c] DASM(0000629c)
C0:      21626 [1] pc=[000000008000236a] W[r 0=0000000000000000][0] R[r15=0000000000000000] R[r 0=0000000000000000] inst=[0000dffd] DASM(0000dffd)
C0:      21639 [1] pc=[0000000080002368] W[r15=0000000000000000][1] R[r13=0000000080001040] R[r 0=0000000000000000] inst=[0000629c] DASM(0000629c)
C0:      21641 [1] pc=[000000008000236a] W[r 0=0000000000000000][0] R[r15=0000000000000000] R[r 0=0000000000000000] inst=[0000dffd] DASM(0000dffd)
C0:      21642 [1] pc=[0000000080002368] W[r15=0000000000000000][1] R[r13=0000000080001040] R[r 0=0000000000000000] inst=[0000629c] DASM(0000629c)
C0:      21644 [1] pc=[000000008000236a] W[r 0=0000000000000000][0] R[r15=0000000000000000] R[r 0=0000000000000000] inst=[0000dffd] DASM(0000dffd)
C0:      21645 [1] pc=[0000000080002368] W[r15=0000000000000000][1] R[r13=0000000080001040] R[r 0=0000000000000000] inst=[0000629c] DASM(0000629c)
C0:      21647 [1] pc=[000000008000236a] W[r 0=0000000000000000][0] R[r15=0000000000000000] R[r 0=0000000000000000] inst=[0000dffd] DASM(0000dffd)
C0:      21648 [1] pc=[0000000080002368] W[r15=0000000000000000][1] R[r13=0000000080001040] R[r 0=0000000000000000] inst=[0000629c] DASM(0000629c)
C0:      21650 [1] pc=[000000008000236a] W[r 0=0000000000000000][0] R[r15=0000000000000000] R[r 0=0000000000000000] inst=[0000dffd] DASM(0000dffd)
C0:      21651 [1] pc=[0000000080002368] W[r15=0000000000000000][1] R[r13=0000000080001040] R[r 0=0000000000000000] inst=[0000629c] DASM(0000629c)
C0:      21653 [1] pc=[000000008000236a] W[r 0=0000000000000000][0] R[r15=0000000000000000] R[r 0=0000000000000000] inst=[0000dffd] DASM(0000dffd)
C0:      21654 [1] pc=[0000000080002368] W[r15=0000000000000000][1] R[r13=0000000080001040] R[r 0=0000000000000000] inst=[0000629c] DASM(0000629c)
C0:      21656 [1] pc=[000000008000236a] W[r 0=0000000000000000][0] R[r15=0000000000000000] R[r 0=0000000000000000] inst=[0000dffd] DASM(0000dffd)
C0:      21657 [1] pc=[0000000080002368] W[r15=0000000000000000][1] R[r13=0000000080001040] R[r 0=0000000000000000] inst=[0000629c] DASM(0000629c)
C0:      21659 [1] pc=[000000008000236a] W[r 0=0000000000000000][0] R[r15=0000000000000000] R[r 0=0000000000000000] inst=[0000dffd] DASM(0000dffd)
C0:      21660 [1] pc=[0000000080002368] W[r15=0000000000000000][1] R[r13=0000000080001040] R[r 0=0000000000000000] inst=[0000629c] DASM(0000629c)
C0:      21662 [1] pc=[000000008000236a] W[r 0=0000000000000000][0] R[r15=0000000000000000] R[r 0=0000000000000000] inst=[0000dffd] DASM(0000dffd)
C0:      21663 [1] pc=[0000000080002368] W[r15=0000000000000000][1] R[r13=0000000080001040] R[r 0=0000000000000000] inst=[0000629c] DASM(0000629c)
C0:      21665 [1] pc=[000000008000236a] W[r 0=0000000000000000][0] R[r15=0000000000000000] R[r 0=0000000000000000] inst=[0000dffd] DASM(0000dffd)
C0:      21666 [1] pc=[0000000080002368] W[r15=0000000000000000][1] R[r13=0000000080001040] R[r 0=0000000000000000] inst=[0000629c] DASM(0000629c)
C0:      21668 [1] pc=[000000008000236a] W[r 0=0000000000000000][0] R[r15=0000000000000000] R[r 0=0000000000000000] inst=[0000dffd] DASM(0000dffd)
C0:      21669 [1] pc=[0000000080002368] W[r15=0000000000000000][1] R[r13=0000000080001040] R[r 0=0000000000000000] inst=[0000629c] DASM(0000629c)
C0:      21671 [1] pc=[000000008000236a] W[r 0=0000000000000000][0] R[r15=0000000000000000] R[r 0=0000000000000000] inst=[0000dffd] DASM(0000dffd)
C0:      21672 [1] pc=[0000000080002368] W[r15=0000000000000000][1] R[r13=0000000080001040] R[r 0=0000000000000000] inst=[0000629c] DASM(0000629c)
C0:      21674 [1] pc=[000000008000236a] W[r 0=0000000000000000][0] R[r15=0000000000000000] R[r 0=0000000000000000] inst=[0000dffd] DASM(0000dffd)
C0:      21675 [1] pc=[0000000080002368] W[r15=0000000000000000][1] R[r13=0000000080001040] R[r 0=0000000000000000] inst=[0000629c] DASM(0000629c)
C0:      21677 [1] pc=[000000008000236a] W[r 0=0000000000000000][0] R[r15=0000000000000000] R[r 0=0000000000000000] inst=[0000dffd] DASM(0000dffd)
C0:      21678 [1] pc=[0000000080002368] W[r15=0000000000000000][1] R[r13=0000000080001040] R[r 0=0000000000000000] inst=[0000629c] DASM(0000629c)
C0:      21680 [1] pc=[000000008000236a] W[r 0=0000000000000000][0] R[r15=0000000000000000] R[r 0=0000000000000000] inst=[0000dffd] DASM(0000dffd)
C0:      21681 [1] pc=[0000000080002368] W[r15=0000000000000000][1] R[r13=0000000080001040] R[r 0=0000000000000000] inst=[0000629c] DASM(0000629c)
C0:      21683 [1] pc=[000000008000236a] W[r 0=0000000000000000][0] R[r15=0000000000000000] R[r 0=0000000000000000] inst=[0000dffd] DASM(0000dffd)
C0:      21684 [1] pc=[0000000080002368] W[r15=0000000000000000][1] R[r13=0000000080001040] R[r 0=0000000000000000] inst=[0000629c] DASM(0000629c)
C0:      21686 [1] pc=[000000008000236a] W[r 0=0000000000000000][0] R[r15=0000000000000000] R[r 0=0000000000000000] inst=[0000dffd] DASM(0000dffd)
C0:      21687 [1] pc=[0000000080002368] W[r15=0000000000000000][1] R[r13=0000000080001040] R[r 0=0000000000000000] inst=[0000629c] DASM(0000629c)
C0:      21689 [1] pc=[000000008000236a] W[r 0=0000000000000000][0] R[r15=0000000000000000] R[r 0=0000000000000000] inst=[0000dffd] DASM(0000dffd)
C0:      21690 [1] pc=[0000000080002368] W[r15=0000000000000000][1] R[r13=0000000080001040] R[r 0=0000000000000000] inst=[0000629c] DASM(0000629c)
C0:      21692 [1] pc=[000000008000236a] W[r 0=0000000000000000][0] R[r15=0000000000000000] R[r 0=0000000000000000] inst=[0000dffd] DASM(0000dffd)
C0:      21693 [1] pc=[0000000080002368] W[r15=0000000000000000][1] R[r13=0000000080001040] R[r 0=0000000000000000] inst=[0000629c] DASM(0000629c)
C0:      21695 [1] pc=[000000008000236a] W[r 0=0000000000000000][0] R[r15=0000000000000000] R[r 0=0000000000000000] inst=[0000dffd] DASM(0000dffd)
C0:      21696 [1] pc=[0000000080002368] W[r15=0000000000000000][1] R[r13=0000000080001040] R[r 0=0000000000000000] inst=[0000629c] DASM(0000629c)
C0:      21698 [1] pc=[000000008000236a] W[r 0=0000000000000000][0] R[r15=0000000000000000] R[r 0=0000000000000000] inst=[0000dffd] DASM(0000dffd)
C0:      21699 [1] pc=[0000000080002368] W[r15=0000000000000000][1] R[r13=0000000080001040] R[r 0=0000000000000000] inst=[0000629c] DASM(0000629c)
C0:      21701 [1] pc=[000000008000236a] W[r 0=0000000000000000][0] R[r15=0000000000000000] R[r 0=0000000000000000] inst=[0000dffd] DASM(0000dffd)
C0:      21702 [1] pc=[0000000080002368] W[r15=0000000000000000][1] R[r13=0000000080001040] R[r 0=0000000000000000] inst=[0000629c] DASM(0000629c)
C0:      21704 [1] pc=[000000008000236a] W[r 0=0000000000000000][0] R[r15=0000000000000000] R[r 0=0000000000000000] inst=[0000dffd] DASM(0000dffd)
C0:      21705 [1] pc=[0000000080002368] W[r15=0000000000000000][1] R[r13=0000000080001040] R[r 0=0000000000000000] inst=[0000629c] DASM(0000629c)
C0:      21707 [1] pc=[000000008000236a] W[r 0=0000000000000000][0] R[r15=0000000000000000] R[r 0=0000000000000000] inst=[0000dffd] DASM(0000dffd)
C0:      21708 [1] pc=[0000000080002368] W[r15=0000000000000000][1] R[r13=0000000080001040] R[r 0=0000000000000000] inst=[0000629c] DASM(0000629c)
C0:      21710 [1] pc=[000000008000236a] W[r 0=0000000000000000][0] R[r15=0000000000000000] R[r 0=0000000000000000] inst=[0000dffd] DASM(0000dffd)
C0:      21711 [1] pc=[0000000080002368] W[r15=0000000000000000][1] R[r13=0000000080001040] R[r 0=0000000000000000] inst=[0000629c] DASM(0000629c)
C0:      21713 [1] pc=[000000008000236a] W[r 0=0000000000000000][0] R[r15=0000000000000000] R[r 0=0000000000000000] inst=[0000dffd] DASM(0000dffd)
C0:      21714 [1] pc=[0000000080002368] W[r15=0000000000000000][1] R[r13=0000000080001040] R[r 0=0000000000000000] inst=[0000629c] DASM(0000629c)
C0:      21716 [1] pc=[000000008000236a] W[r 0=0000000000000000][0] R[r15=0000000000000000] R[r 0=0000000000000000] inst=[0000dffd] DASM(0000dffd)
C0:      21717 [1] pc=[0000000080002368] W[r15=0000000000000000][1] R[r13=0000000080001040] R[r 0=0000000000000000] inst=[0000629c] DASM(0000629c)
C0:      21719 [1] pc=[000000008000236a] W[r 0=0000000000000000][0] R[r15=0000000000000000] R[r 0=0000000000000000] inst=[0000dffd] DASM(0000dffd)
C0:      21720 [1] pc=[0000000080002368] W[r15=0000000000000000][1] R[r13=0000000080001040] R[r 0=0000000000000000] inst=[0000629c] DASM(0000629c)
C0:      21722 [1] pc=[000000008000236a] W[r 0=0000000000000000][0] R[r15=0000000000000000] R[r 0=0000000000000000] inst=[0000dffd] DASM(0000dffd)
C0:      21723 [1] pc=[0000000080002368] W[r15=0000000000000000][1] R[r13=0000000080001040] R[r 0=0000000000000000] inst=[0000629c] DASM(0000629c)
C0:      21725 [1] pc=[000000008000236a] W[r 0=0000000000000000][0] R[r15=0000000000000000] R[r 0=0000000000000000] inst=[0000dffd] DASM(0000dffd)
C0:      21726 [1] pc=[0000000080002368] W[r15=0000000000000000][1] R[r13=0000000080001040] R[r 0=0000000000000000] inst=[0000629c] DASM(0000629c)
C0:      21728 [1] pc=[000000008000236a] W[r 0=0000000000000000][0] R[r15=0000000000000000] R[r 0=0000000000000000] inst=[0000dffd] DASM(0000dffd)
C0:      21729 [1] pc=[0000000080002368] W[r15=0000000000000000][1] R[r13=0000000080001040] R[r 0=0000000000000000] inst=[0000629c] DASM(0000629c)
C0:      21731 [1] pc=[000000008000236a] W[r 0=0000000000000000][0] R[r15=0000000000000000] R[r 0=0000000000000000] inst=[0000dffd] DASM(0000dffd)
C0:      21732 [1] pc=[0000000080002368] W[r15=0000000000000000][1] R[r13=0000000080001040] R[r 0=0000000000000000] inst=[0000629c] DASM(0000629c)
Pre cycles taken: 209
C0:      21734 [1] pc=[000000008000236a] W[r 0=0000000000000000][0] R[r15=0000000000000000] R[r 0=0000000000000000] inst=[0000dffd] DASM(0000dffd)
C0:      21735 [1] pc=[0000000080002368] W[r15=0000000000000000][1] R[r13=0000000080001040] R[r 0=0000000000000000] inst=[0000629c] DASM(0000629c)
C0:      21737 [1] pc=[000000008000236a] W[r 0=0000000000000000][0] R[r15=0000000000000000] R[r 0=0000000000000000] inst=[0000dffd] DASM(0000dffd)
C0:      21738 [1] pc=[0000000080002368] W[r15=0000000000000000][1] R[r13=0000000080001040] R[r 0=0000000000000000] inst=[0000629c] DASM(0000629c)
C0:      21740 [1] pc=[000000008000236a] W[r 0=0000000000000000][0] R[r15=0000000000000000] R[r 0=0000000000000000] inst=[0000dffd] DASM(0000dffd)
C0:      21741 [1] pc=[0000000080002368] W[r15=0000000000000000][1] R[r13=0000000080001040] R[r 0=0000000000000000] inst=[0000629c] DASM(0000629c)
C0:      21743 [1] pc=[000000008000236a] W[r 0=0000000000000000][0] R[r15=0000000000000000] R[r 0=0000000000000000] inst=[0000dffd] DASM(0000dffd)
C0:      21744 [1] pc=[0000000080002368] W[r15=0000000000000000][1] R[r13=0000000080001040] R[r 0=0000000000000000] inst=[0000629c] DASM(0000629c)
C0:      21746 [1] pc=[000000008000236a] W[r 0=0000000000000000][0] R[r15=0000000000000000] R[r 0=0000000000000000] inst=[0000dffd] DASM(0000dffd)
C0:      21747 [1] pc=[0000000080002368] W[r15=0000000000000000][1] R[r13=0000000080001040] R[r 0=0000000000000000] inst=[0000629c] DASM(0000629c)
C0:      21749 [1] pc=[000000008000236a] W[r 0=0000000000000000][0] R[r15=0000000000000000] R[r 0=0000000000000000] inst=[0000dffd] DASM(0000dffd)
C0:      21750 [1] pc=[0000000080002368] W[r15=0000000000000000][1] R[r13=0000000080001040] R[r 0=0000000000000000] inst=[0000629c] DASM(0000629c)
C0:      21752 [1] pc=[000000008000236a] W[r 0=0000000000000000][0] R[r15=0000000000000000] R[r 0=0000000000000000] inst=[0000dffd] DASM(0000dffd)
C0:      21753 [1] pc=[0000000080002368] W[r15=0000000000000000][1] R[r13=0000000080001040] R[r 0=0000000000000000] inst=[0000629c] DASM(0000629c)
C0:      21755 [1] pc=[000000008000236a] W[r 0=0000000000000000][0] R[r15=0000000000000000] R[r 0=0000000000000000] inst=[0000dffd] DASM(0000dffd)
C0:      21761 [1] pc=[0000000080002368] W[r15=0000000000000000][1] R[r13=0000000080001040] R[r 0=0000000000000000] inst=[0000629c] DASM(0000629c)
C0:      21763 [1] pc=[000000008000236a] W[r 0=0000000000000000][0] R[r15=0000000000000000] R[r 0=0000000000000000] inst=[0000dffd] DASM(0000dffd)
C0:      21764 [1] pc=[0000000080002368] W[r15=0000000000000000][1] R[r13=0000000080001040] R[r 0=0000000000000000] inst=[0000629c] DASM(0000629c)
C0:      21766 [1] pc=[000000008000236a] W[r 0=0000000000000000][0] R[r15=0000000000000000] R[r 0=0000000000000000] inst=[0000dffd] DASM(0000dffd)
C0:      21767 [1] pc=[0000000080002368] W[r15=0000000000000000][1] R[r13=0000000080001040] R[r 0=0000000000000000] inst=[0000629c] DASM(0000629c)
C0:      21769 [1] pc=[000000008000236a] W[r 0=0000000000000000][0] R[r15=0000000000000000] R[r 0=0000000000000000] inst=[0000dffd] DASM(0000dffd)
C0:      21770 [1] pc=[0000000080002368] W[r15=0000000000000000][1] R[r13=0000000080001040] R[r 0=0000000000000000] inst=[0000629c] DASM(0000629c)
C0:      21772 [1] pc=[000000008000236a] W[r 0=0000000000000000][0] R[r15=0000000000000000] R[r 0=0000000000000000] inst=[0000dffd] DASM(0000dffd)
C0:      21773 [1] pc=[0000000080002368] W[r15=0000000000000000][1] R[r13=0000000080001040] R[r 0=0000000000000000] inst=[0000629c] DASM(0000629c)
C0:      21775 [1] pc=[000000008000236a] W[r 0=0000000000000000][0] R[r15=0000000000000000] R[r 0=0000000000000000] inst=[0000dffd] DASM(0000dffd)
C0:      21776 [1] pc=[0000000080002368] W[r15=0000000000000000][1] R[r13=0000000080001040] R[r 0=0000000000000000] inst=[0000629c] DASM(0000629c)
C0:      21778 [1] pc=[000000008000236a] W[r 0=0000000000000000][0] R[r15=0000000000000000] R[r 0=0000000000000000] inst=[0000dffd] DASM(0000dffd)
C0:      21779 [1] pc=[0000000080002368] W[r15=0000000000000000][1] R[r13=0000000080001040] R[r 0=0000000000000000] inst=[0000629c] DASM(0000629c)
C0:      21781 [1] pc=[000000008000236a] W[r 0=0000000000000000][0] R[r15=0000000000000000] R[r 0=0000000000000000] inst=[0000dffd] DASM(0000dffd)
C0:      21782 [1] pc=[0000000080002368] W[r15=0000000000000000][1] R[r13=0000000080001040] R[r 0=0000000000000000] inst=[0000629c] DASM(0000629c)
C0:      21784 [1] pc=[000000008000236a] W[r 0=0000000000000000][0] R[r15=0000000000000000] R[r 0=0000000000000000] inst=[0000dffd] DASM(0000dffd)
C0:      21785 [1] pc=[0000000080002368] W[r15=0000000000000000][1] R[r13=0000000080001040] R[r 0=0000000000000000] inst=[0000629c] DASM(0000629c)
C0:      21787 [1] pc=[000000008000236a] W[r 0=0000000000000000][0] R[r15=0000000000000000] R[r 0=0000000000000000] inst=[0000dffd] DASM(0000dffd)
C0:      21788 [1] pc=[0000000080002368] W[r15=0000000000000000][1] R[r13=0000000080001040] R[r 0=0000000000000000] inst=[0000629c] DASM(0000629c)
C0:      21790 [1] pc=[000000008000236a] W[r 0=0000000000000000][0] R[r15=0000000000000000] R[r 0=0000000000000000] inst=[0000dffd] DASM(0000dffd)
C0:      21791 [1] pc=[0000000080002368] W[r15=0000000000000000][1] R[r13=0000000080001040] R[r 0=0000000000000000] inst=[0000629c] DASM(0000629c)
C0:      21793 [1] pc=[000000008000236a] W[r 0=0000000000000000][0] R[r15=0000000000000000] R[r 0=0000000000000000] inst=[0000dffd] DASM(0000dffd)
C0:      21794 [1] pc=[0000000080002368] W[r15=0000000000000000][1] R[r13=0000000080001040] R[r 0=0000000000000000] inst=[0000629c] DASM(0000629c)
C0:      21796 [1] pc=[000000008000236a] W[r 0=0000000000000000][0] R[r15=0000000000000000] R[r 0=0000000000000000] inst=[0000dffd] DASM(0000dffd)
C0:      21797 [1] pc=[0000000080002368] W[r15=0000000000000000][1] R[r13=0000000080001040] R[r 0=0000000000000000] inst=[0000629c] DASM(0000629c)
C0:      21799 [1] pc=[000000008000236a] W[r 0=0000000000000000][0] R[r15=0000000000000000] R[r 0=0000000000000000] inst=[0000dffd] DASM(0000dffd)
C0:      21800 [1] pc=[0000000080002368] W[r15=0000000000000000][1] R[r13=0000000080001040] R[r 0=0000000000000000] inst=[0000629c] DASM(0000629c)
C0:      21802 [1] pc=[000000008000236a] W[r 0=0000000000000000][0] R[r15=0000000000000000] R[r 0=0000000000000000] inst=[0000dffd] DASM(0000dffd)
C0:      21803 [1] pc=[0000000080002368] W[r15=0000000000000000][1] R[r13=0000000080001040] R[r 0=0000000000000000] inst=[0000629c] DASM(0000629c)
C0:      21805 [1] pc=[000000008000236a] W[r 0=0000000000000000][0] R[r15=0000000000000000] R[r 0=0000000000000000] inst=[0000dffd] DASM(0000dffd)
C0:      21806 [1] pc=[0000000080002368] W[r15=0000000000000000][1] R[r13=0000000080001040] R[r 0=0000000000000000] inst=[0000629c] DASM(0000629c)
C0:      21808 [1] pc=[000000008000236a] W[r 0=0000000000000000][0] R[r15=0000000000000000] R[r 0=0000000000000000] inst=[0000dffd] DASM(0000dffd)
C0:      21809 [1] pc=[0000000080002368] W[r15=0000000000000000][1] R[r13=0000000080001040] R[r 0=0000000000000000] inst=[0000629c] DASM(0000629c)
C0:      21811 [1] pc=[000000008000236a] W[r 0=0000000000000000][0] R[r15=0000000000000000] R[r 0=0000000000000000] inst=[0000dffd] DASM(0000dffd)
C0:      21812 [1] pc=[0000000080002368] W[r15=0000000000000000][1] R[r13=0000000080001040] R[r 0=0000000000000000] inst=[0000629c] DASM(0000629c)
C0:      21814 [1] pc=[000000008000236a] W[r 0=0000000000000000][0] R[r15=0000000000000000] R[r 0=0000000000000000] inst=[0000dffd] DASM(0000dffd)
C0:      21815 [1] pc=[0000000080002368] W[r15=0000000000000000][1] R[r13=0000000080001040] R[r 0=0000000000000000] inst=[0000629c] DASM(0000629c)
C0:      21817 [1] pc=[000000008000236a] W[r 0=0000000000000000][0] R[r15=0000000000000000] R[r 0=0000000000000000] inst=[0000dffd] DASM(0000dffd)
C0:      21818 [1] pc=[0000000080002368] W[r15=0000000000000000][1] R[r13=0000000080001040] R[r 0=0000000000000000] inst=[0000629c] DASM(0000629c)
C0:      21820 [1] pc=[000000008000236a] W[r 0=0000000000000000][0] R[r15=0000000000000000] R[r 0=0000000000000000] inst=[0000dffd] DASM(0000dffd)
C0:      21821 [1] pc=[0000000080002368] W[r15=0000000000000000][1] R[r13=0000000080001040] R[r 0=0000000000000000] inst=[0000629c] DASM(0000629c)
C0:      21823 [1] pc=[000000008000236a] W[r 0=0000000000000000][0] R[r15=0000000000000000] R[r 0=0000000000000000] inst=[0000dffd] DASM(0000dffd)
C0:      21824 [1] pc=[0000000080002368] W[r15=0000000000000000][1] R[r13=0000000080001040] R[r 0=0000000000000000] inst=[0000629c] DASM(0000629c)
C0:      21826 [1] pc=[000000008000236a] W[r 0=0000000000000000][0] R[r15=0000000000000000] R[r 0=0000000000000000] inst=[0000dffd] DASM(0000dffd)
C0:      21827 [1] pc=[0000000080002368] W[r15=0000000000000000][1] R[r13=0000000080001040] R[r 0=0000000000000000] inst=[0000629c] DASM(0000629c)
C0:      21829 [1] pc=[000000008000236a] W[r 0=0000000000000000][0] R[r15=0000000000000000] R[r 0=0000000000000000] inst=[0000dffd] DASM(0000dffd)
C0:      21830 [1] pc=[0000000080002368] W[r15=0000000000000000][1] R[r13=0000000080001040] R[r 0=0000000000000000] inst=[0000629c] DASM(0000629c)
C0:      21832 [1] pc=[000000008000236a] W[r 0=0000000000000000][0] R[r15=0000000000000000] R[r 0=0000000000000000] inst=[0000dffd] DASM(0000dffd)
C0:      21833 [1] pc=[0000000080002368] W[r15=0000000000000000][1] R[r13=0000000080001040] R[r 0=0000000000000000] inst=[0000629c] DASM(0000629c)
C0:      21835 [1] pc=[000000008000236a] W[r 0=0000000000000000][0] R[r15=0000000000000000] R[r 0=0000000000000000] inst=[0000dffd] DASM(0000dffd)
C0:      21836 [1] pc=[0000000080002368] W[r15=0000000000000000][1] R[r13=0000000080001040] R[r 0=0000000000000000] inst=[0000629c] DASM(0000629c)
C0:      21838 [1] pc=[000000008000236a] W[r 0=0000000000000000][0] R[r15=0000000000000000] R[r 0=0000000000000000] inst=[0000dffd] DASM(0000dffd)
C0:      21839 [1] pc=[0000000080002368] W[r15=0000000000000000][1] R[r13=0000000080001040] R[r 0=0000000000000000] inst=[0000629c] DASM(0000629c)
C0:      21841 [1] pc=[000000008000236a] W[r 0=0000000000000000][0] R[r15=0000000000000000] R[r 0=0000000000000000] inst=[0000dffd] DASM(0000dffd)
C0:      21842 [1] pc=[0000000080002368] W[r15=0000000000000000][1] R[r13=0000000080001040] R[r 0=0000000000000000] inst=[0000629c] DASM(0000629c)
C0:      21844 [1] pc=[000000008000236a] W[r 0=0000000000000000][0] R[r15=0000000000000000] R[r 0=0000000000000000] inst=[0000dffd] DASM(0000dffd)
C0:      21845 [1] pc=[0000000080002368] W[r15=0000000000000000][1] R[r13=0000000080001040] R[r 0=0000000000000000] inst=[0000629c] DASM(0000629c)
C0:      21847 [1] pc=[000000008000236a] W[r 0=0000000000000000][0] R[r15=0000000000000000] R[r 0=0000000000000000] inst=[0000dffd] DASM(0000dffd)
C0:      21848 [1] pc=[0000000080002368] W[r15=0000000000000000][1] R[r13=0000000080001040] R[r 0=0000000000000000] inst=[0000629c] DASM(0000629c)
C0:      21850 [1] pc=[000000008000236a] W[r 0=0000000000000000][0] R[r15=0000000000000000] R[r 0=0000000000000000] inst=[0000dffd] DASM(0000dffd)
C0:      21851 [1] pc=[0000000080002368] W[r15=0000000000000000][1] R[r13=0000000080001040] R[r 0=0000000000000000] inst=[0000629c] DASM(0000629c)
C0:      21853 [1] pc=[000000008000236a] W[r 0=0000000000000000][0] R[r15=0000000000000000] R[r 0=0000000000000000] inst=[0000dffd] DASM(0000dffd)
C0:      21854 [1] pc=[0000000080002368] W[r15=0000000000000000][1] R[r13=0000000080001040] R[r 0=0000000000000000] inst=[0000629c] DASM(0000629c)
C0:      21856 [1] pc=[000000008000236a] W[r 0=0000000000000000][0] R[r15=0000000000000000] R[r 0=0000000000000000] inst=[0000dffd] DASM(0000dffd)
C0:      21857 [1] pc=[0000000080002368] W[r15=0000000000000000][1] R[r13=0000000080001040] R[r 0=0000000000000000] inst=[0000629c] DASM(0000629c)
C0:      21859 [1] pc=[000000008000236a] W[r 0=0000000000000000][0] R[r15=0000000000000000] R[r 0=0000000000000000] inst=[0000dffd] DASM(0000dffd)
C0:      21860 [1] pc=[0000000080002368] W[r15=0000000000000000][1] R[r13=0000000080001040] R[r 0=0000000000000000] inst=[0000629c] DASM(0000629c)
C0:      21862 [1] pc=[000000008000236a] W[r 0=0000000000000000][0] R[r15=0000000000000000] R[r 0=0000000000000000] inst=[0000dffd] DASM(0000dffd)
C0:      21863 [1] pc=[0000000080002368] W[r15=0000000000000000][1] R[r13=0000000080001040] R[r 0=0000000000000000] inst=[0000629c] DASM(0000629c)
C0:      21865 [1] pc=[000000008000236a] W[r 0=0000000000000000][0] R[r15=0000000000000000] R[r 0=0000000000000000] inst=[0000dffd] DASM(0000dffd)
C0:      21866 [1] pc=[0000000080002368] W[r15=0000000000000000][1] R[r13=0000000080001040] R[r 0=0000000000000000] inst=[0000629c] DASM(0000629c)
C0:      21868 [1] pc=[000000008000236a] W[r 0=0000000000000000][0] R[r15=0000000000000000] R[r 0=0000000000000000] inst=[0000dffd] DASM(0000dffd)
C0:      21869 [1] pc=[0000000080002368] W[r15=0000000000000000][1] R[r13=0000000080001040] R[r 0=0000000000000000] inst=[0000629c] DASM(0000629c)
C0:      21871 [1] pc=[000000008000236a] W[r 0=0000000000000000][0] R[r15=0000000000000000] R[r 0=0000000000000000] inst=[0000dffd] DASM(0000dffd)
C0:      21872 [1] pc=[0000000080002368] W[r15=0000000000000000][1] R[r13=0000000080001040] R[r 0=0000000000000000] inst=[0000629c] DASM(0000629c)
C0:      21874 [1] pc=[000000008000236a] W[r 0=0000000000000000][0] R[r15=0000000000000000] R[r 0=0000000000000000] inst=[0000dffd] DASM(0000dffd)
C0:      21875 [1] pc=[0000000080002368] W[r15=0000000000000000][1] R[r13=0000000080001040] R[r 0=0000000000000000] inst=[0000629c] DASM(0000629c)
C0:      21877 [1] pc=[000000008000236a] W[r 0=0000000000000000][0] R[r15=0000000000000000] R[r 0=0000000000000000] inst=[0000dffd] DASM(0000dffd)
C0:      21878 [1] pc=[0000000080002368] W[r15=0000000000000000][1] R[r13=0000000080001040] R[r 0=0000000000000000] inst=[0000629c] DASM(0000629c)
C0:      21880 [1] pc=[000000008000236a] W[r 0=0000000000000000][0] R[r15=0000000000000000] R[r 0=0000000000000000] inst=[0000dffd] DASM(0000dffd)
C0:      21881 [1] pc=[0000000080002368] W[r15=0000000000000000][1] R[r13=0000000080001040] R[r 0=0000000000000000] inst=[0000629c] DASM(0000629c)
C0:      21883 [1] pc=[000000008000236a] W[r 0=0000000000000000][0] R[r15=0000000000000000] R[r 0=0000000000000000] inst=[0000dffd] DASM(0000dffd)
C0:      21884 [1] pc=[0000000080002368] W[r15=0000000000000000][1] R[r13=0000000080001040] R[r 0=0000000000000000] inst=[0000629c] DASM(0000629c)
C0:      21886 [1] pc=[000000008000236a] W[r 0=0000000000000000][0] R[r15=0000000000000000] R[r 0=0000000000000000] inst=[0000dffd] DASM(0000dffd)
C0:      21887 [1] pc=[0000000080002368] W[r15=0000000000000000][1] R[r13=0000000080001040] R[r 0=0000000000000000] inst=[0000629c] DASM(0000629c)
C0:      21889 [1] pc=[000000008000236a] W[r 0=0000000000000000][0] R[r15=0000000000000000] R[r 0=0000000000000000] inst=[0000dffd] DASM(0000dffd)
C0:      21890 [1] pc=[0000000080002368] W[r15=0000000000000000][1] R[r13=0000000080001040] R[r 0=0000000000000000] inst=[0000629c] DASM(0000629c)
C0:      21892 [1] pc=[000000008000236a] W[r 0=0000000000000000][0] R[r15=0000000000000000] R[r 0=0000000000000000] inst=[0000dffd] DASM(0000dffd)
C0:      21893 [1] pc=[0000000080002368] W[r15=0000000000000000][1] R[r13=0000000080001040] R[r 0=0000000000000000] inst=[0000629c] DASM(0000629c)
C0:      21895 [1] pc=[000000008000236a] W[r 0=0000000000000000][0] R[r15=0000000000000000] R[r 0=0000000000000000] inst=[0000dffd] DASM(0000dffd)
C0:      21896 [1] pc=[0000000080002368] W[r15=0000000000000000][1] R[r13=0000000080001040] R[r 0=0000000000000000] inst=[0000629c] DASM(0000629c)
C0:      21898 [1] pc=[000000008000236a] W[r 0=0000000000000000][0] R[r15=0000000000000000] R[r 0=0000000000000000] inst=[0000dffd] DASM(0000dffd)
C0:      21899 [1] pc=[0000000080002368] W[r15=0000000000000000][1] R[r13=0000000080001040] R[r 0=0000000000000000] inst=[0000629c] DASM(0000629c)
C0:      21901 [1] pc=[000000008000236a] W[r 0=0000000000000000][0] R[r15=0000000000000000] R[r 0=0000000000000000] inst=[0000dffd] DASM(0000dffd)
C0:      21902 [1] pc=[0000000080002368] W[r15=0000000000000000][1] R[r13=0000000080001040] R[r 0=0000000000000000] inst=[0000629c] DASM(0000629c)
C0:      21904 [1] pc=[000000008000236a] W[r 0=0000000000000000][0] R[r15=0000000000000000] R[r 0=0000000000000000] inst=[0000dffd] DASM(0000dffd)
C0:      21905 [1] pc=[0000000080002368] W[r15=0000000000000000][1] R[r13=0000000080001040] R[r 0=0000000000000000] inst=[0000629c] DASM(0000629c)
C0:      21907 [1] pc=[000000008000236a] W[r 0=0000000000000000][0] R[r15=0000000000000000] R[r 0=0000000000000000] inst=[0000dffd] DASM(0000dffd)
C0:      21908 [1] pc=[0000000080002368] W[r15=0000000000000000][1] R[r13=0000000080001040] R[r 0=0000000000000000] inst=[0000629c] DASM(0000629c)
C0:      21910 [1] pc=[000000008000236a] W[r 0=0000000000000000][0] R[r15=0000000000000000] R[r 0=0000000000000000] inst=[0000dffd] DASM(0000dffd)
C0:      21911 [1] pc=[0000000080002368] W[r15=0000000000000000][1] R[r13=0000000080001040] R[r 0=0000000000000000] inst=[0000629c] DASM(0000629c)
C0:      21913 [1] pc=[000000008000236a] W[r 0=0000000000000000][0] R[r15=0000000000000000] R[r 0=0000000000000000] inst=[0000dffd] DASM(0000dffd)
C0:      21914 [1] pc=[0000000080002368] W[r15=0000000000000000][1] R[r13=0000000080001040] R[r 0=0000000000000000] inst=[0000629c] DASM(0000629c)
C0:      21916 [1] pc=[000000008000236a] W[r 0=0000000000000000][0] R[r15=0000000000000000] R[r 0=0000000000000000] inst=[0000dffd] DASM(0000dffd)
C0:      21917 [1] pc=[0000000080002368] W[r15=0000000000000000][1] R[r13=0000000080001040] R[r 0=0000000000000000] inst=[0000629c] DASM(0000629c)
C0:      21919 [1] pc=[000000008000236a] W[r 0=0000000000000000][0] R[r15=0000000000000000] R[r 0=0000000000000000] inst=[0000dffd] DASM(0000dffd)
C0:      21920 [1] pc=[0000000080002368] W[r15=0000000000000000][1] R[r13=0000000080001040] R[r 0=0000000000000000] inst=[0000629c] DASM(0000629c)
C0:      21922 [1] pc=[000000008000236a] W[r 0=0000000000000000][0] R[r15=0000000000000000] R[r 0=0000000000000000] inst=[0000dffd] DASM(0000dffd)
C0:      21923 [1] pc=[0000000080002368] W[r15=0000000000000000][1] R[r13=0000000080001040] R[r 0=0000000000000000] inst=[0000629c] DASM(0000629c)
C0:      21925 [1] pc=[000000008000236a] W[r 0=0000000000000000][0] R[r15=0000000000000000] R[r 0=0000000000000000] inst=[0000dffd] DASM(0000dffd)
C0:      21926 [1] pc=[0000000080002368] W[r15=0000000000000000][1] R[r13=0000000080001040] R[r 0=0000000000000000] inst=[0000629c] DASM(0000629c)
C0:      21928 [1] pc=[000000008000236a] W[r 0=0000000000000000][0] R[r15=0000000000000000] R[r 0=0000000000000000] inst=[0000dffd] DASM(0000dffd)
C0:      21929 [1] pc=[0000000080002368] W[r15=0000000000000000][1] R[r13=0000000080001040] R[r 0=0000000000000000] inst=[0000629c] DASM(0000629c)
C0:      21931 [1] pc=[000000008000236a] W[r 0=0000000000000000][0] R[r15=0000000000000000] R[r 0=0000000000000000] inst=[0000dffd] DASM(0000dffd)
C0:      21932 [1] pc=[0000000080002368] W[r15=0000000000000000][1] R[r13=0000000080001040] R[r 0=0000000000000000] inst=[0000629c] DASM(0000629c)
C0:      21934 [1] pc=[000000008000236a] W[r 0=0000000000000000][0] R[r15=0000000000000000] R[r 0=0000000000000000] inst=[0000dffd] DASM(0000dffd)
C0:      21935 [1] pc=[0000000080002368] W[r15=0000000000000000][1] R[r13=0000000080001040] R[r 0=0000000000000000] inst=[0000629c] DASM(0000629c)
C0:      21937 [1] pc=[000000008000236a] W[r 0=0000000000000000][0] R[r15=0000000000000000] R[r 0=0000000000000000] inst=[0000dffd] DASM(0000dffd)
C0:      21938 [1] pc=[0000000080002368] W[r15=0000000000000000][1] R[r13=0000000080001040] R[r 0=0000000000000000] inst=[0000629c] DASM(0000629c)
C0:      21940 [1] pc=[000000008000236a] W[r 0=0000000000000000][0] R[r15=0000000000000000] R[r 0=0000000000000000] inst=[0000dffd] DASM(0000dffd)
C0:      21941 [1] pc=[0000000080002368] W[r15=0000000000000000][1] R[r13=0000000080001040] R[r 0=0000000000000000] inst=[0000629c] DASM(0000629c)
C0:      21943 [1] pc=[000000008000236a] W[r 0=0000000000000000][0] R[r15=0000000000000000] R[r 0=0000000000000000] inst=[0000dffd] DASM(0000dffd)
C0:      21944 [1] pc=[0000000080002368] W[r15=0000000000000000][1] R[r13=0000000080001040] R[r 0=0000000000000000] inst=[0000629c] DASM(0000629c)
C0:      21946 [1] pc=[000000008000236a] W[r 0=0000000000000000][0] R[r15=0000000000000000] R[r 0=0000000000000000] inst=[0000dffd] DASM(0000dffd)
C0:      21947 [1] pc=[0000000080002368] W[r15=0000000000000000][1] R[r13=0000000080001040] R[r 0=0000000000000000] inst=[0000629c] DASM(0000629c)
C0:      21949 [1] pc=[000000008000236a] W[r 0=0000000000000000][0] R[r15=0000000000000000] R[r 0=0000000000000000] inst=[0000dffd] DASM(0000dffd)
C0:      21950 [1] pc=[0000000080002368] W[r15=0000000000000000][1] R[r13=0000000080001040] R[r 0=0000000000000000] inst=[0000629c] DASM(0000629c)
C0:      21952 [1] pc=[000000008000236a] W[r 0=0000000000000000][0] R[r15=0000000000000000] R[r 0=0000000000000000] inst=[0000dffd] DASM(0000dffd)
C0:      21953 [1] pc=[0000000080002368] W[r15=0000000000000000][1] R[r13=0000000080001040] R[r 0=0000000000000000] inst=[0000629c] DASM(0000629c)
C0:      21955 [1] pc=[000000008000236a] W[r 0=0000000000000000][0] R[r15=0000000000000000] R[r 0=0000000000000000] inst=[0000dffd] DASM(0000dffd)
C0:      21956 [1] pc=[0000000080002368] W[r15=0000000000000000][1] R[r13=0000000080001040] R[r 0=0000000000000000] inst=[0000629c] DASM(0000629c)
C0:      21958 [1] pc=[000000008000236a] W[r 0=0000000000000000][0] R[r15=0000000000000000] R[r 0=0000000000000000] inst=[0000dffd] DASM(0000dffd)
C0:      21959 [1] pc=[0000000080002368] W[r15=0000000000000000][1] R[r13=0000000080001040] R[r 0=0000000000000000] inst=[0000629c] DASM(0000629c)
C0:      21961 [1] pc=[000000008000236a] W[r 0=0000000000000000][0] R[r15=0000000000000000] R[r 0=0000000000000000] inst=[0000dffd] DASM(0000dffd)
C0:      21962 [1] pc=[0000000080002368] W[r15=0000000000000000][1] R[r13=0000000080001040] R[r 0=0000000000000000] inst=[0000629c] DASM(0000629c)
C0:      21964 [1] pc=[000000008000236a] W[r 0=0000000000000000][0] R[r15=0000000000000000] R[r 0=0000000000000000] inst=[0000dffd] DASM(0000dffd)
C0:      21965 [1] pc=[0000000080002368] W[r15=0000000000000000][1] R[r13=0000000080001040] R[r 0=0000000000000000] inst=[0000629c] DASM(0000629c)
C0:      21967 [1] pc=[000000008000236a] W[r 0=0000000000000000][0] R[r15=0000000000000000] R[r 0=0000000000000000] inst=[0000dffd] DASM(0000dffd)
C0:      21968 [1] pc=[0000000080002368] W[r15=0000000000000000][1] R[r13=0000000080001040] R[r 0=0000000000000000] inst=[0000629c] DASM(0000629c)
C0:      21970 [1] pc=[000000008000236a] W[r 0=0000000000000000][0] R[r15=0000000000000000] R[r 0=0000000000000000] inst=[0000dffd] DASM(0000dffd)
C0:      21971 [1] pc=[0000000080002368] W[r15=0000000000000000][1] R[r13=0000000080001040] R[r 0=0000000000000000] inst=[0000629c] DASM(0000629c)
C0:      21973 [1] pc=[000000008000236a] W[r 0=0000000000000000][0] R[r15=0000000000000000] R[r 0=0000000000000000] inst=[0000dffd] DASM(0000dffd)
C0:      21974 [1] pc=[0000000080002368] W[r15=0000000000000000][1] R[r13=0000000080001040] R[r 0=0000000000000000] inst=[0000629c] DASM(0000629c)
C0:      21976 [1] pc=[000000008000236a] W[r 0=0000000000000000][0] R[r15=0000000000000000] R[r 0=0000000000000000] inst=[0000dffd] DASM(0000dffd)
C0:      21977 [1] pc=[0000000080002368] W[r15=0000000000000000][1] R[r13=0000000080001040] R[r 0=0000000000000000] inst=[0000629c] DASM(0000629c)
C0:      21979 [1] pc=[000000008000236a] W[r 0=0000000000000000][0] R[r15=0000000000000000] R[r 0=0000000000000000] inst=[0000dffd] DASM(0000dffd)
C0:      21980 [1] pc=[0000000080002368] W[r15=0000000000000000][1] R[r13=0000000080001040] R[r 0=0000000000000000] inst=[0000629c] DASM(0000629c)
C0:      21982 [1] pc=[000000008000236a] W[r 0=0000000000000000][0] R[r15=0000000000000000] R[r 0=0000000000000000] inst=[0000dffd] DASM(0000dffd)
C0:      21983 [1] pc=[0000000080002368] W[r15=0000000000000000][1] R[r13=0000000080001040] R[r 0=0000000000000000] inst=[0000629c] DASM(0000629c)
C0:      21985 [1] pc=[000000008000236a] W[r 0=0000000000000000][0] R[r15=0000000000000000] R[r 0=0000000000000000] inst=[0000dffd] DASM(0000dffd)
C0:      21986 [1] pc=[0000000080002368] W[r15=0000000000000000][1] R[r13=0000000080001040] R[r 0=0000000000000000] inst=[0000629c] DASM(0000629c)
C0:      21988 [1] pc=[000000008000236a] W[r 0=0000000000000000][0] R[r15=0000000000000000] R[r 0=0000000000000000] inst=[0000dffd] DASM(0000dffd)
C0:      21994 [1] pc=[0000000080002368] W[r15=0000000000000000][1] R[r13=0000000080001040] R[r 0=0000000000000000] inst=[0000629c] DASM(0000629c)
C0:      21996 [1] pc=[000000008000236a] W[r 0=0000000000000000][0] R[r15=0000000000000000] R[r 0=0000000000000000] inst=[0000dffd] DASM(0000dffd)
C0:      21997 [1] pc=[0000000080002368] W[r15=0000000000000000][1] R[r13=0000000080001040] R[r 0=0000000000000000] inst=[0000629c] DASM(0000629c)
C0:      21999 [1] pc=[000000008000236a] W[r 0=0000000000000000][0] R[r15=0000000000000000] R[r 0=0000000000000000] inst=[0000dffd] DASM(0000dffd)
C0:      22000 [1] pc=[0000000080002368] W[r15=0000000000000000][1] R[r13=0000000080001040] R[r 0=0000000000000000] inst=[0000629c] DASM(0000629c)
C0:      22002 [1] pc=[000000008000236a] W[r 0=0000000000000000][0] R[r15=0000000000000000] R[r 0=0000000000000000] inst=[0000dffd] DASM(0000dffd)
C0:      22003 [1] pc=[0000000080002368] W[r15=0000000000000000][1] R[r13=0000000080001040] R[r 0=0000000000000000] inst=[0000629c] DASM(0000629c)
C0:      22005 [1] pc=[000000008000236a] W[r 0=0000000000000000][0] R[r15=0000000000000000] R[r 0=0000000000000000] inst=[0000dffd] DASM(0000dffd)
C0:      22006 [1] pc=[0000000080002368] W[r15=0000000000000000][1] R[r13=0000000080001040] R[r 0=0000000000000000] inst=[0000629c] DASM(0000629c)
C0:      22008 [1] pc=[000000008000236a] W[r 0=0000000000000000][0] R[r15=0000000000000000] R[r 0=0000000000000000] inst=[0000dffd] DASM(0000dffd)
C0:      22009 [1] pc=[0000000080002368] W[r15=0000000000000000][1] R[r13=0000000080001040] R[r 0=0000000000000000] inst=[0000629c] DASM(0000629c)
C0:      22011 [1] pc=[000000008000236a] W[r 0=0000000000000000][0] R[r15=0000000000000000] R[r 0=0000000000000000] inst=[0000dffd] DASM(0000dffd)
C0:      22012 [1] pc=[0000000080002368] W[r15=0000000000000000][1] R[r13=0000000080001040] R[r 0=0000000000000000] inst=[0000629c] DASM(0000629c)
C0:      22014 [1] pc=[000000008000236a] W[r 0=0000000000000000][0] R[r15=0000000000000000] R[r 0=0000000000000000] inst=[0000dffd] DASM(0000dffd)
C0:      22015 [1] pc=[0000000080002368] W[r15=0000000000000000][1] R[r13=0000000080001040] R[r 0=0000000000000000] inst=[0000629c] DASM(0000629c)
C0:      22017 [1] pc=[000000008000236a] W[r 0=0000000000000000][0] R[r15=0000000000000000] R[r 0=0000000000000000] inst=[0000dffd] DASM(0000dffd)
C0:      22018 [1] pc=[0000000080002368] W[r15=0000000000000000][1] R[r13=0000000080001040] R[r 0=0000000000000000] inst=[0000629c] DASM(0000629c)
C0:      22020 [1] pc=[000000008000236a] W[r 0=0000000000000000][0] R[r15=0000000000000000] R[r 0=0000000000000000] inst=[0000dffd] DASM(0000dffd)
C0:      22021 [1] pc=[0000000080002368] W[r15=0000000000000000][1] R[r13=0000000080001040] R[r 0=0000000000000000] inst=[0000629c] DASM(0000629c)
C0:      22023 [1] pc=[000000008000236a] W[r 0=0000000000000000][0] R[r15=0000000000000000] R[r 0=0000000000000000] inst=[0000dffd] DASM(0000dffd)
C0:      22024 [1] pc=[0000000080002368] W[r15=0000000000000000][1] R[r13=0000000080001040] R[r 0=0000000000000000] inst=[0000629c] DASM(0000629c)
C0:      22026 [1] pc=[000000008000236a] W[r 0=0000000000000000][0] R[r15=0000000000000000] R[r 0=0000000000000000] inst=[0000dffd] DASM(0000dffd)
C0:      22044 [1] pc=[0000000080002368] W[r15=0000000000000001][1] R[r13=0000000080001040] R[r 0=0000000000000000] inst=[0000629c] DASM(0000629c)
C0:      22046 [1] pc=[000000008000236a] W[r 0=0000000000000000][0] R[r15=0000000000000001] R[r 0=0000000000000000] inst=[0000dffd] DASM(0000dffd)
C0:      22050 [1] pc=[000000008000236c] W[r15=000000008000136c][1] R[r 0=0000000000000000] R[r 0=0000000000000000] inst=[fffff797] DASM(fffff797)
C0:      22051 [1] pc=[0000000080002370] W[r 0=0000000000000000][0] R[r15=000000008000136c] R[r 0=0000000000000000] inst=[cc07ba23] DASM(cc07ba23)
C0:      22052 [1] pc=[0000000080002374] W[r 0=0000000000000000][0] R[r 0=0000000000000000] R[r 0=0000000000000000] inst=[0ff0000f] DASM(0ff0000f)
C0:      22055 [1] pc=[0000000080002378] W[r 0=0000000000000000][0] R[r 4=00000000800029c0] R[r 0=0000000000000000] inst=[04022023] DASM(04022023)
C0:      22069 [1] pc=[000000008000237c] W[r15=0000000000000016][1] R[r14=00000000800225c0] R[r 0=0000000000000000] inst=[0000631c] DASM(0000631c)
C0:      22070 [1] pc=[000000008000237e] W[r10=0000000000000000][1] R[r 0=0000000000000000] R[r 0=0000000000000000] inst=[00004501] DASM(00004501)
C0:      22085 [1] pc=[0000000080002380] W[r 2=0000000080022630][1] R[r 2=00000000800225c0] R[r 0=0000000000000000] inst=[00006165] DASM(00006165)
C0:      22086 [1] pc=[0000000080002382] W[r 0=0000000080002384][1] R[r 1=0000000080002062] R[r 0=0000000000000000] inst=[00008082] DASM(00008082)
C0:      22088 [1] pc=[0000000080002062] W[r10=0000000000000000][1] R[r 8=00000000800027cd] R[r 0=0000000000000000] inst=[00044503] DASM(00044503)
C0:      22091 [1] pc=[0000000080002066] W[r 0=0000000000000000][0] R[r10=0000000000000000] R[r20=0000000000000025] inst=[ff451ae3] DASM(ff451ae3)
C0:      22092 [1] pc=[000000008000205a] W[r 0=0000000000000000][0] R[r10=0000000000000000] R[r 0=0000000000000000] inst=[0000cd1d] DASM(0000cd1d)
C0:      22096 [1] pc=[0000000080002098] W[r 1=00000000800024c4][1] R[r 2=0000000080022630] R[r 0=0000000000000000] inst=[000070b6] DASM(000070b6)
C0:      22097 [1] pc=[000000008000209a] W[r 8=00000000000045d3][1] R[r 2=0000000080022630] R[r 0=0000000000000000] inst=[00007416] DASM(00007416)
C0:      22098 [1] pc=[000000008000209c] W[r 9=0000000000000000][1] R[r 2=0000000080022630] R[r 0=0000000000000000] inst=[000064f6] DASM(000064f6)
C0:      22099 [1] pc=[000000008000209e] W[r18=0000000000000001][1] R[r 2=0000000080022630] R[r 0=0000000000000000] inst=[00006956] DASM(00006956)
C0:      22100 [1] pc=[00000000800020a0] W[r19=0000000000000000][1] R[r 2=0000000080022630] R[r 0=0000000000000000] inst=[000069b6] DASM(000069b6)
C0:      22101 [1] pc=[00000000800020a2] W[r20=00000000800029c0][1] R[r 2=0000000080022630] R[r 0=0000000000000000] inst=[00006a16] DASM(00006a16)
C0:      22102 [1] pc=[00000000800020a4] W[r21=00000000800029c0][1] R[r 2=0000000080022630] R[r 0=0000000000000000] inst=[00007af2] DASM(00007af2)
C0:      22103 [1] pc=[00000000800020a6] W[r22=0000000000000000][1] R[r 2=0000000080022630] R[r 0=0000000000000000] inst=[00007b52] DASM(00007b52)
C0:      22104 [1] pc=[00000000800020a8] W[r23=0000000000000000][1] R[r 2=0000000080022630] R[r 0=0000000000000000] inst=[00007bb2] DASM(00007bb2)
C0:      22105 [1] pc=[00000000800020aa] W[r24=0000000000000000][1] R[r 2=0000000080022630] R[r 0=0000000000000000] inst=[00007c12] DASM(00007c12)
C0:      22106 [1] pc=[00000000800020ac] W[r25=0000000000000000][1] R[r 2=0000000080022630] R[r 0=0000000000000000] inst=[00006cf2] DASM(00006cf2)
C0:      22107 [1] pc=[00000000800020ae] W[r26=0000000000000000][1] R[r 2=0000000080022630] R[r 0=0000000000000000] inst=[00006d52] DASM(00006d52)
C0:      22108 [1] pc=[00000000800020b0] W[r27=0000000000000000][1] R[r 2=0000000080022630] R[r 0=0000000000000000] inst=[00006db2] DASM(00006db2)
C0:      22109 [1] pc=[00000000800020b2] W[r 2=00000000800227a0][1] R[r 2=0000000080022630] R[r 0=0000000000000000] inst=[00006175] DASM(00006175)
C0:      22110 [1] pc=[00000000800020b4] W[r 0=00000000800020b6][1] R[r 1=00000000800024c4] R[r 0=0000000000000000] inst=[00008082] DASM(00008082)
C0:      22114 [1] pc=[00000000800024c4] W[r 1=0000000080002786][1] R[r 2=00000000800227a0] R[r 0=0000000000000000] inst=[000060e2] DASM(000060e2)
C0:      22115 [1] pc=[00000000800024c6] W[r10=0000000000000000][1] R[r 0=0000000000000000] R[r 0=0000000000000000] inst=[00004501] DASM(00004501)
C0:      22116 [1] pc=[00000000800024c8] W[r 2=0000000080022800][1] R[r 2=00000000800227a0] R[r 0=0000000000000000] inst=[00006125] DASM(00006125)
C0:      22117 [1] pc=[00000000800024ca] W[r 0=00000000800024cc][1] R[r 1=0000000080002786] R[r 0=0000000000000000] inst=[00008082] DASM(00008082)
C0:      22121 [1] pc=[0000000080002786] W[r11=00000000000045d3][1] R[r 0=0000000000000000] R[r 8=00000000000045d3] inst=[000085a2] DASM(000085a2)
C0:      22122 [1] pc=[0000000080002788] W[r10=0000000080002788][1] R[r 0=0000000000000000] R[r 0=0000000000000000] inst=[00000517] DASM(00000517)
C0:      22123 [1] pc=[000000008000278c] W[r10=00000000800027d0][1] R[r10=0000000080002788] R[r 0=0000000000000000] inst=[04850513] DASM(04850513)
C0:      22124 [1] pc=[0000000080002790] W[r 1=0000000080002794][1] R[r 0=0000000000000000] R[r 0=0000000000000000] inst=[d09ff0ef] DASM(d09ff0ef)
C0:      22126 [1] pc=[0000000080002498] W[r 2=00000000800227a0][1] R[r 2=0000000080022800] R[r 0=0000000000000000] inst=[0000711d] DASM(0000711d)
C0:      22127 [1] pc=[000000008000249a] W[r 6=00000000800227c8][1] R[r 2=00000000800227a0] R[r 0=0000000000000000] inst=[02810313] DASM(02810313)
C0:      22128 [1] pc=[000000008000249e] W[r28=00000000800027d0][1] R[r 0=0000000000000000] R[r10=00000000800027d0] inst=[00008e2a] DASM(00008e2a)
C0:      22129 [1] pc=[00000000800024a0] W[r 0=0000000000000000][0] R[r 2=00000000800227a0] R[r11=00000000000045d3] inst=[0000f42e] DASM(0000f42e)
C0:      22135 [1] pc=[00000000800024a2] W[r 0=0000000000000000][0] R[r 2=00000000800227a0] R[r12=00000000800029c0] inst=[0000f832] DASM(0000f832)
C0:      22136 [1] pc=[00000000800024a4] W[r 0=0000000000000000][0] R[r 2=00000000800227a0] R[r13=0000000080001040] inst=[0000fc36] DASM(0000fc36)
C0:      22137 [1] pc=[00000000800024a6] W[r10=00000000800024a6][1] R[r 0=0000000000000000] R[r 0=0000000000000000] inst=[00000517] DASM(00000517)
C0:      22138 [1] pc=[00000000800024aa] W[r10=000000008000230e][1] R[r10=00000000800024a6] R[r 0=0000000000000000] inst=[e6850513] DASM(e6850513)
C0:      22139 [1] pc=[00000000800024ae] W[r13=00000000800227c8][1] R[r 0=0000000000000000] R[r 6=00000000800227c8] inst=[0000869a] DASM(0000869a)
C0:      22140 [1] pc=[00000000800024b0] W[r12=00000000800027d0][1] R[r 0=0000000000000000] R[r28=00000000800027d0] inst=[00008672] DASM(00008672)
C0:      22141 [1] pc=[00000000800024b2] W[r11=0000000000000000][1] R[r 0=0000000000000000] R[r 0=0000000000000000] inst=[00004581] DASM(00004581)
C0:      22142 [1] pc=[00000000800024b4] W[r 0=0000000000000000][0] R[r 2=00000000800227a0] R[r 1=0000000080002794] inst=[0000ec06] DASM(0000ec06)
C0:      22143 [1] pc=[00000000800024b6] W[r 0=0000000000000000][0] R[r 2=00000000800227a0] R[r14=00000000800225c0] inst=[0000e0ba] DASM(0000e0ba)
C0:      22144 [1] pc=[00000000800024b8] W[r 0=0000000000000000][0] R[r 2=00000000800227a0] R[r15=0000000000000016] inst=[0000e4be] DASM(0000e4be)
C0:      22145 [1] pc=[00000000800024ba] W[r 0=0000000000000000][0] R[r 2=00000000800227a0] R[r16=0000000000000015] inst=[0000e8c2] DASM(0000e8c2)
C0:      22146 [1] pc=[00000000800024bc] W[r 0=0000000000000000][0] R[r 2=00000000800227a0] R[r17=0000000000000000] inst=[0000ecc6] DASM(0000ecc6)
C0:      22147 [1] pc=[00000000800024be] W[r 0=0000000000000000][0] R[r 2=00000000800227a0] R[r 6=00000000800227c8] inst=[0000e41a] DASM(0000e41a)
C0:      22148 [1] pc=[00000000800024c0] W[r 1=00000000800024c4][1] R[r 0=0000000000000000] R[r 0=0000000000000000] inst=[b65ff0ef] DASM(b65ff0ef)
C0:      22149 [1] pc=[0000000080002024] W[r 2=0000000080022630][1] R[r 2=00000000800227a0] R[r 0=0000000000000000] inst=[00007149] DASM(00007149)
C0:      22150 [1] pc=[0000000080002026] W[r 0=0000000000000000][0] R[r 2=0000000080022630] R[r 8=00000000000045d3] inst=[0000f2a2] DASM(0000f2a2)
C0:      22151 [1] pc=[0000000080002028] W[r 0=0000000000000000][0] R[r 2=0000000080022630] R[r 9=0000000000000000] inst=[0000eea6] DASM(0000eea6)
C0:      22152 [1] pc=[000000008000202a] W[r 0=0000000000000000][0] R[r 2=0000000080022630] R[r18=0000000000000001] inst=[0000eaca] DASM(0000eaca)
C0:      22153 [1] pc=[000000008000202c] W[r 0=0000000000000000][0] R[r 2=0000000080022630] R[r20=00000000800029c0] inst=[0000e2d2] DASM(0000e2d2)
C0:      22154 [1] pc=[000000008000202e] W[r 0=0000000000000000][0] R[r 2=0000000080022630] R[r21=00000000800029c0] inst=[0000fe56] DASM(0000fe56)
C0:      22155 [1] pc=[0000000080002030] W[r 0=0000000000000000][0] R[r 2=0000000080022630] R[r22=0000000000000000] inst=[0000fa5a] DASM(0000fa5a)
C0:      22156 [1] pc=[0000000080002032] W[r 0=0000000000000000][0] R[r 2=0000000080022630] R[r23=0000000000000000] inst=[0000f65e] DASM(0000f65e)
C0:      22157 [1] pc=[0000000080002034] W[r 0=0000000000000000][0] R[r 2=0000000080022630] R[r 1=00000000800024c4] inst=[0000f686] DASM(0000f686)
C0:      22158 [1] pc=[0000000080002036] W[r 0=0000000000000000][0] R[r 2=0000000080022630] R[r19=0000000000000000] inst=[0000e6ce] DASM(0000e6ce)
C0:      22159 [1] pc=[0000000080002038] W[r 0=0000000000000000][0] R[r 2=0000000080022630] R[r24=0000000000000000] inst=[0000f262] DASM(0000f262)
C0:      22160 [1] pc=[000000008000203a] W[r 0=0000000000000000][0] R[r 2=0000000080022630] R[r25=0000000000000000] inst=[0000ee66] DASM(0000ee66)
C0:      22161 [1] pc=[000000008000203c] W[r 0=0000000000000000][0] R[r 2=0000000080022630] R[r26=0000000000000000] inst=[0000ea6a] DASM(0000ea6a)
C0:      22162 [1] pc=[000000008000203e] W[r 0=0000000000000000][0] R[r 2=0000000080022630] R[r27=0000000000000000] inst=[0000e66e] DASM(0000e66e)
C0:      22163 [1] pc=[0000000080002040] W[r18=000000008000230e][1] R[r 0=0000000000000000] R[r10=000000008000230e] inst=[0000892a] DASM(0000892a)
C0:      22164 [1] pc=[0000000080002042] W[r 9=0000000000000000][1] R[r 0=0000000000000000] R[r11=0000000000000000] inst=[000084ae] DASM(000084ae)
C0:      22165 [1] pc=[0000000080002044] W[r 8=00000000800027d0][1] R[r 0=0000000000000000] R[r12=00000000800027d0] inst=[00008432] DASM(00008432)
C0:      22166 [1] pc=[0000000080002046] W[r21=00000000800227c8][1] R[r 0=0000000000000000] R[r13=00000000800227c8] inst=[00008ab6] DASM(00008ab6)
C0:      22167 [1] pc=[0000000080002048] W[r20=0000000000000025][1] R[r 0=0000000000000000] R[r 0=0000000000000000] inst=[02500a13] DASM(02500a13)
C0:      22168 [1] pc=[000000008000204c] W[r23=0000000000000055][1] R[r 0=0000000000000000] R[r 0=0000000000000000] inst=[05500b93] DASM(05500b93)
C0:      22169 [1] pc=[0000000080002050] W[r22=0000000080002050][1] R[r 0=0000000000000000] R[r 0=0000000000000000] inst=[00000b17] DASM(00000b17)
C0:      22170 [1] pc=[0000000080002054] W[r22=000000008000282c][1] R[r22=0000000080002050] R[r 0=0000000000000000] inst=[7dcb0b13] DASM(7dcb0b13)
C0:      22171 [1] pc=[0000000080002058] W[r 0=000000008000205a][1] R[r 0=0000000000000000] R[r 0=0000000000000000] inst=[0000a029] DASM(0000a029)
C0:      22173 [1] pc=[0000000080002062] W[r10=0000000000000043][1] R[r 8=00000000800027d0] R[r 0=0000000000000000] inst=[00044503] DASM(00044503)
C0:      22176 [1] pc=[0000000080002066] W[r 0=0000000000000000][0] R[r10=0000000000000043] R[r20=0000000000000025] inst=[ff451ae3] DASM(ff451ae3)
C0:      22177 [1] pc=[000000008000205a] W[r 0=0000000000000000][0] R[r10=0000000000000043] R[r 0=0000000000000000] inst=[0000cd1d] DASM(0000cd1d)
C0:      22178 [1] pc=[000000008000205c] W[r11=0000000000000000][1] R[r 0=0000000000000000] R[r 9=0000000000000000] inst=[000085a6] DASM(000085a6)
C0:      22179 [1] pc=[000000008000205e] W[r 8=00000000800027d1][1] R[r 8=00000000800027d0] R[r 0=0000000000000000] inst=[00000405] DASM(00000405)
C0:      22180 [1] pc=[0000000080002060] W[r 1=0000000080002062][1] R[r18=000000008000230e] R[r 0=0000000000000000] inst=[00009902] DASM(00009902)
C0:      22181 [1] pc=[000000008000230e] W[r16=0000000000000000][1] R[r 4=00000000800029c0] R[r 0=0000000000000000] inst=[04022803] DASM(04022803)
C0:      22182 [1] pc=[0000000080002312] W[r15=00000000800029c0][1] R[r 4=00000000800029c0] R[r 0=0000000000000000] inst=[00020793] DASM(00020793)
C0:      22183 [1] pc=[0000000080002316] W[r15=00000000800029c0][1] R[r15=00000000800029c0] R[r16=0000000000000000] inst=[000097c2] DASM(000097c2)
C0:      22184 [1] pc=[0000000080002318] W[r 2=00000000800225c0][1] R[r 2=0000000080022630] R[r 0=0000000000000000] inst=[00007159] DASM(00007159)
C0:      22185 [1] pc=[000000008000231a] W[r13=0000000000000001][1] R[r16=0000000000000000] R[r 0=0000000000000000] inst=[0018069b] DASM(0018069b)
C0:      22186 [1] pc=[000000008000231e] W[r 0=0000000000000000][0] R[r 4=00000000800029c0] R[r13=0000000000000001] inst=[04d22023] DASM(04d22023)
C0:      22197 [1] pc=[0000000080002322] W[r 0=0000000000000000][0] R[r15=00000000800029c0] R[r10=0000000000000043] inst=[00a78023] DASM(00a78023)
C0:      22198 [1] pc=[0000000080002326] W[r14=00000000800225ff][1] R[r 2=00000000800225c0] R[r 0=0000000000000000] inst=[03f10713] DASM(03f10713)
C0:      22199 [1] pc=[000000008000232a] W[r15=000000000000000a][1] R[r 0=0000000000000000] R[r 0=0000000000000000] inst=[000047a9] DASM(000047a9)
C0:      22200 [1] pc=[000000008000232c] W[r14=00000000800225c0][1] R[r14=00000000800225ff] R[r 0=0000000000000000] inst=[fc077713] DASM(fc077713)
C0:      22201 [1] pc=[0000000080002330] W[r 0=0000000000000000][0] R[r10=0000000000000043] R[r15=000000000000000a] inst=[00f50963] DASM(00f50963)
C0:      22205 [1] pc=[0000000080002334] W[r15=0000000000000040][1] R[r 0=0000000000000000] R[r 0=0000000000000000] inst=[04000793] DASM(04000793)
C0:      22206 [1] pc=[0000000080002338] W[r 0=0000000000000000][0] R[r13=0000000000000001] R[r15=0000000000000040] inst=[00f68563] DASM(00f68563)
C0:      22207 [1] pc=[000000008000233c] W[r10=0000000000000000][1] R[r 0=0000000000000000] R[r 0=0000000000000000] inst=[00004501] DASM(00004501)
C0:      22208 [1] pc=[000000008000233e] W[r 2=0000000080022630][1] R[r 2=00000000800225c0] R[r 0=0000000000000000] inst=[00006165] DASM(00006165)
C0:      22209 [1] pc=[0000000080002340] W[r 0=0000000080002342][1] R[r 1=0000000080002062] R[r 0=0000000000000000] inst=[00008082] DASM(00008082)
C0:      22210 [1] pc=[0000000080002062] W[r10=0000000000000079][1] R[r 8=00000000800027d1] R[r 0=0000000000000000] inst=[00044503] DASM(00044503)
C0:      22213 [1] pc=[0000000080002066] W[r 0=0000000000000000][0] R[r10=0000000000000079] R[r20=0000000000000025] inst=[ff451ae3] DASM(ff451ae3)
C0:      22214 [1] pc=[000000008000205a] W[r 0=0000000000000000][0] R[r10=0000000000000079] R[r 0=0000000000000000] inst=[0000cd1d] DASM(0000cd1d)
C0:      22215 [1] pc=[000000008000205c] W[r11=0000000000000000][1] R[r 0=0000000000000000] R[r 9=0000000000000000] inst=[000085a6] DASM(000085a6)
C0:      22216 [1] pc=[000000008000205e] W[r 8=00000000800027d2][1] R[r 8=00000000800027d1] R[r 0=0000000000000000] inst=[00000405] DASM(00000405)
C0:      22217 [1] pc=[0000000080002060] W[r 1=0000000080002062][1] R[r18=000000008000230e] R[r 0=0000000000000000] inst=[00009902] DASM(00009902)
C0:      22218 [1] pc=[000000008000230e] W[r16=0000000000000001][1] R[r 4=00000000800029c0] R[r 0=0000000000000000] inst=[04022803] DASM(04022803)
C0:      22219 [1] pc=[0000000080002312] W[r15=00000000800029c0][1] R[r 4=00000000800029c0] R[r 0=0000000000000000] inst=[00020793] DASM(00020793)
C0:      22220 [1] pc=[0000000080002316] W[r15=00000000800029c1][1] R[r15=00000000800029c0] R[r16=0000000000000001] inst=[000097c2] DASM(000097c2)
C0:      22221 [1] pc=[0000000080002318] W[r 2=00000000800225c0][1] R[r 2=0000000080022630] R[r 0=0000000000000000] inst=[00007159] DASM(00007159)
C0:      22222 [1] pc=[000000008000231a] W[r13=0000000000000002][1] R[r16=0000000000000001] R[r 0=0000000000000000] inst=[0018069b] DASM(0018069b)
C0:      22223 [1] pc=[000000008000231e] W[r 0=0000000000000000][0] R[r 4=00000000800029c0] R[r13=0000000000000002] inst=[04d22023] DASM(04d22023)
C0:      22224 [1] pc=[0000000080002322] W[r 0=0000000000000000][0] R[r15=00000000800029c1] R[r10=0000000000000079] inst=[00a78023] DASM(00a78023)
C0:      22225 [1] pc=[0000000080002326] W[r14=00000000800225ff][1] R[r 2=00000000800225c0] R[r 0=0000000000000000] inst=[03f10713] DASM(03f10713)
C0:      22226 [1] pc=[000000008000232a] W[r15=000000000000000a][1] R[r 0=0000000000000000] R[r 0=0000000000000000] inst=[000047a9] DASM(000047a9)
C0:      22227 [1] pc=[000000008000232c] W[r14=00000000800225c0][1] R[r14=00000000800225ff] R[r 0=0000000000000000] inst=[fc077713] DASM(fc077713)
C0:      22228 [1] pc=[0000000080002330] W[r 0=0000000000000000][0] R[r10=0000000000000079] R[r15=000000000000000a] inst=[00f50963] DASM(00f50963)
C0:      22229 [1] pc=[0000000080002334] W[r15=0000000000000040][1] R[r 0=0000000000000000] R[r 0=0000000000000000] inst=[04000793] DASM(04000793)
C0:      22230 [1] pc=[0000000080002338] W[r 0=0000000000000000][0] R[r13=0000000000000002] R[r15=0000000000000040] inst=[00f68563] DASM(00f68563)
C0:      22231 [1] pc=[000000008000233c] W[r10=0000000000000000][1] R[r 0=0000000000000000] R[r 0=0000000000000000] inst=[00004501] DASM(00004501)
C0:      22232 [1] pc=[000000008000233e] W[r 2=0000000080022630][1] R[r 2=00000000800225c0] R[r 0=0000000000000000] inst=[00006165] DASM(00006165)
C0:      22233 [1] pc=[0000000080002340] W[r 0=0000000080002342][1] R[r 1=0000000080002062] R[r 0=0000000000000000] inst=[00008082] DASM(00008082)
C0:      22234 [1] pc=[0000000080002062] W[r10=0000000000000063][1] R[r 8=00000000800027d2] R[r 0=0000000000000000] inst=[00044503] DASM(00044503)
C0:      22237 [1] pc=[0000000080002066] W[r 0=0000000000000000][0] R[r10=0000000000000063] R[r20=0000000000000025] inst=[ff451ae3] DASM(ff451ae3)
C0:      22238 [1] pc=[000000008000205a] W[r 0=0000000000000000][0] R[r10=0000000000000063] R[r 0=0000000000000000] inst=[0000cd1d] DASM(0000cd1d)
C0:      22239 [1] pc=[000000008000205c] W[r11=0000000000000000][1] R[r 0=0000000000000000] R[r 9=0000000000000000] inst=[000085a6] DASM(000085a6)
C0:      22240 [1] pc=[000000008000205e] W[r 8=00000000800027d3][1] R[r 8=00000000800027d2] R[r 0=0000000000000000] inst=[00000405] DASM(00000405)
C0:      22241 [1] pc=[0000000080002060] W[r 1=0000000080002062][1] R[r18=000000008000230e] R[r 0=0000000000000000] inst=[00009902] DASM(00009902)
C0:      22242 [1] pc=[000000008000230e] W[r16=0000000000000002][1] R[r 4=00000000800029c0] R[r 0=0000000000000000] inst=[04022803] DASM(04022803)
C0:      22243 [1] pc=[0000000080002312] W[r15=00000000800029c0][1] R[r 4=00000000800029c0] R[r 0=0000000000000000] inst=[00020793] DASM(00020793)
C0:      22244 [1] pc=[0000000080002316] W[r15=00000000800029c2][1] R[r15=00000000800029c0] R[r16=0000000000000002] inst=[000097c2] DASM(000097c2)
C0:      22245 [1] pc=[0000000080002318] W[r 2=00000000800225c0][1] R[r 2=0000000080022630] R[r 0=0000000000000000] inst=[00007159] DASM(00007159)
C0:      22246 [1] pc=[000000008000231a] W[r13=0000000000000003][1] R[r16=0000000000000002] R[r 0=0000000000000000] inst=[0018069b] DASM(0018069b)
C0:      22247 [1] pc=[000000008000231e] W[r 0=0000000000000000][0] R[r 4=00000000800029c0] R[r13=0000000000000003] inst=[04d22023] DASM(04d22023)
C0:      22248 [1] pc=[0000000080002322] W[r 0=0000000000000000][0] R[r15=00000000800029c2] R[r10=0000000000000063] inst=[00a78023] DASM(00a78023)
C0:      22249 [1] pc=[0000000080002326] W[r14=00000000800225ff][1] R[r 2=00000000800225c0] R[r 0=0000000000000000] inst=[03f10713] DASM(03f10713)
C0:      22250 [1] pc=[000000008000232a] W[r15=000000000000000a][1] R[r 0=0000000000000000] R[r 0=0000000000000000] inst=[000047a9] DASM(000047a9)
C0:      22251 [1] pc=[000000008000232c] W[r14=00000000800225c0][1] R[r14=00000000800225ff] R[r 0=0000000000000000] inst=[fc077713] DASM(fc077713)
C0:      22252 [1] pc=[0000000080002330] W[r 0=0000000000000000][0] R[r10=0000000000000063] R[r15=000000000000000a] inst=[00f50963] DASM(00f50963)
C0:      22253 [1] pc=[0000000080002334] W[r15=0000000000000040][1] R[r 0=0000000000000000] R[r 0=0000000000000000] inst=[04000793] DASM(04000793)
C0:      22254 [1] pc=[0000000080002338] W[r 0=0000000000000000][0] R[r13=0000000000000003] R[r15=0000000000000040] inst=[00f68563] DASM(00f68563)
C0:      22255 [1] pc=[000000008000233c] W[r10=0000000000000000][1] R[r 0=0000000000000000] R[r 0=0000000000000000] inst=[00004501] DASM(00004501)
C0:      22256 [1] pc=[000000008000233e] W[r 2=0000000080022630][1] R[r 2=00000000800225c0] R[r 0=0000000000000000] inst=[00006165] DASM(00006165)
C0:      22257 [1] pc=[0000000080002340] W[r 0=0000000080002342][1] R[r 1=0000000080002062] R[r 0=0000000000000000] inst=[00008082] DASM(00008082)
C0:      22258 [1] pc=[0000000080002062] W[r10=000000000000006c][1] R[r 8=00000000800027d3] R[r 0=0000000000000000] inst=[00044503] DASM(00044503)
C0:      22261 [1] pc=[0000000080002066] W[r 0=0000000000000000][0] R[r10=000000000000006c] R[r20=0000000000000025] inst=[ff451ae3] DASM(ff451ae3)
C0:      22262 [1] pc=[000000008000205a] W[r 0=0000000000000000][0] R[r10=000000000000006c] R[r 0=0000000000000000] inst=[0000cd1d] DASM(0000cd1d)
C0:      22263 [1] pc=[000000008000205c] W[r11=0000000000000000][1] R[r 0=0000000000000000] R[r 9=0000000000000000] inst=[000085a6] DASM(000085a6)
C0:      22264 [1] pc=[000000008000205e] W[r 8=00000000800027d4][1] R[r 8=00000000800027d3] R[r 0=0000000000000000] inst=[00000405] DASM(00000405)
C0:      22265 [1] pc=[0000000080002060] W[r 1=0000000080002062][1] R[r18=000000008000230e] R[r 0=0000000000000000] inst=[00009902] DASM(00009902)
C0:      22266 [1] pc=[000000008000230e] W[r16=0000000000000003][1] R[r 4=00000000800029c0] R[r 0=0000000000000000] inst=[04022803] DASM(04022803)
C0:      22267 [1] pc=[0000000080002312] W[r15=00000000800029c0][1] R[r 4=00000000800029c0] R[r 0=0000000000000000] inst=[00020793] DASM(00020793)
C0:      22268 [1] pc=[0000000080002316] W[r15=00000000800029c3][1] R[r15=00000000800029c0] R[r16=0000000000000003] inst=[000097c2] DASM(000097c2)
C0:      22269 [1] pc=[0000000080002318] W[r 2=00000000800225c0][1] R[r 2=0000000080022630] R[r 0=0000000000000000] inst=[00007159] DASM(00007159)
C0:      22270 [1] pc=[000000008000231a] W[r13=0000000000000004][1] R[r16=0000000000000003] R[r 0=0000000000000000] inst=[0018069b] DASM(0018069b)
C0:      22271 [1] pc=[000000008000231e] W[r 0=0000000000000000][0] R[r 4=00000000800029c0] R[r13=0000000000000004] inst=[04d22023] DASM(04d22023)
C0:      22272 [1] pc=[0000000080002322] W[r 0=0000000000000000][0] R[r15=00000000800029c3] R[r10=000000000000006c] inst=[00a78023] DASM(00a78023)
C0:      22273 [1] pc=[0000000080002326] W[r14=00000000800225ff][1] R[r 2=00000000800225c0] R[r 0=0000000000000000] inst=[03f10713] DASM(03f10713)
C0:      22274 [1] pc=[000000008000232a] W[r15=000000000000000a][1] R[r 0=0000000000000000] R[r 0=0000000000000000] inst=[000047a9] DASM(000047a9)
C0:      22275 [1] pc=[000000008000232c] W[r14=00000000800225c0][1] R[r14=00000000800225ff] R[r 0=0000000000000000] inst=[fc077713] DASM(fc077713)
C0:      22276 [1] pc=[0000000080002330] W[r 0=0000000000000000][0] R[r10=000000000000006c] R[r15=000000000000000a] inst=[00f50963] DASM(00f50963)
C0:      22277 [1] pc=[0000000080002334] W[r15=0000000000000040][1] R[r 0=0000000000000000] R[r 0=0000000000000000] inst=[04000793] DASM(04000793)
C0:      22278 [1] pc=[0000000080002338] W[r 0=0000000000000000][0] R[r13=0000000000000004] R[r15=0000000000000040] inst=[00f68563] DASM(00f68563)
C0:      22279 [1] pc=[000000008000233c] W[r10=0000000000000000][1] R[r 0=0000000000000000] R[r 0=0000000000000000] inst=[00004501] DASM(00004501)
C0:      22280 [1] pc=[000000008000233e] W[r 2=0000000080022630][1] R[r 2=00000000800225c0] R[r 0=0000000000000000] inst=[00006165] DASM(00006165)
C0:      22281 [1] pc=[0000000080002340] W[r 0=0000000080002342][1] R[r 1=0000000080002062] R[r 0=0000000000000000] inst=[00008082] DASM(00008082)
C0:      22282 [1] pc=[0000000080002062] W[r10=0000000000000065][1] R[r 8=00000000800027d4] R[r 0=0000000000000000] inst=[00044503] DASM(00044503)
C0:      22285 [1] pc=[0000000080002066] W[r 0=0000000000000000][0] R[r10=0000000000000065] R[r20=0000000000000025] inst=[ff451ae3] DASM(ff451ae3)
C0:      22286 [1] pc=[000000008000205a] W[r 0=0000000000000000][0] R[r10=0000000000000065] R[r 0=0000000000000000] inst=[0000cd1d] DASM(0000cd1d)
C0:      22287 [1] pc=[000000008000205c] W[r11=0000000000000000][1] R[r 0=0000000000000000] R[r 9=0000000000000000] inst=[000085a6] DASM(000085a6)
C0:      22288 [1] pc=[000000008000205e] W[r 8=00000000800027d5][1] R[r 8=00000000800027d4] R[r 0=0000000000000000] inst=[00000405] DASM(00000405)
C0:      22289 [1] pc=[0000000080002060] W[r 1=0000000080002062][1] R[r18=000000008000230e] R[r 0=0000000000000000] inst=[00009902] DASM(00009902)
C0:      22290 [1] pc=[000000008000230e] W[r16=0000000000000004][1] R[r 4=00000000800029c0] R[r 0=0000000000000000] inst=[04022803] DASM(04022803)
C0:      22291 [1] pc=[0000000080002312] W[r15=00000000800029c0][1] R[r 4=00000000800029c0] R[r 0=0000000000000000] inst=[00020793] DASM(00020793)
C0:      22292 [1] pc=[0000000080002316] W[r15=00000000800029c4][1] R[r15=00000000800029c0] R[r16=0000000000000004] inst=[000097c2] DASM(000097c2)
C0:      22293 [1] pc=[0000000080002318] W[r 2=00000000800225c0][1] R[r 2=0000000080022630] R[r 0=0000000000000000] inst=[00007159] DASM(00007159)
C0:      22294 [1] pc=[000000008000231a] W[r13=0000000000000005][1] R[r16=0000000000000004] R[r 0=0000000000000000] inst=[0018069b] DASM(0018069b)
C0:      22295 [1] pc=[000000008000231e] W[r 0=0000000000000000][0] R[r 4=00000000800029c0] R[r13=0000000000000005] inst=[04d22023] DASM(04d22023)
C0:      22296 [1] pc=[0000000080002322] W[r 0=0000000000000000][0] R[r15=00000000800029c4] R[r10=0000000000000065] inst=[00a78023] DASM(00a78023)
C0:      22297 [1] pc=[0000000080002326] W[r14=00000000800225ff][1] R[r 2=00000000800225c0] R[r 0=0000000000000000] inst=[03f10713] DASM(03f10713)
C0:      22298 [1] pc=[000000008000232a] W[r15=000000000000000a][1] R[r 0=0000000000000000] R[r 0=0000000000000000] inst=[000047a9] DASM(000047a9)
C0:      22299 [1] pc=[000000008000232c] W[r14=00000000800225c0][1] R[r14=00000000800225ff] R[r 0=0000000000000000] inst=[fc077713] DASM(fc077713)
C0:      22300 [1] pc=[0000000080002330] W[r 0=0000000000000000][0] R[r10=0000000000000065] R[r15=000000000000000a] inst=[00f50963] DASM(00f50963)
C0:      22301 [1] pc=[0000000080002334] W[r15=0000000000000040][1] R[r 0=0000000000000000] R[r 0=0000000000000000] inst=[04000793] DASM(04000793)
C0:      22302 [1] pc=[0000000080002338] W[r 0=0000000000000000][0] R[r13=0000000000000005] R[r15=0000000000000040] inst=[00f68563] DASM(00f68563)
C0:      22303 [1] pc=[000000008000233c] W[r10=0000000000000000][1] R[r 0=0000000000000000] R[r 0=0000000000000000] inst=[00004501] DASM(00004501)
C0:      22304 [1] pc=[000000008000233e] W[r 2=0000000080022630][1] R[r 2=00000000800225c0] R[r 0=0000000000000000] inst=[00006165] DASM(00006165)
C0:      22305 [1] pc=[0000000080002340] W[r 0=0000000080002342][1] R[r 1=0000000080002062] R[r 0=0000000000000000] inst=[00008082] DASM(00008082)
C0:      22306 [1] pc=[0000000080002062] W[r10=0000000000000073][1] R[r 8=00000000800027d5] R[r 0=0000000000000000] inst=[00044503] DASM(00044503)
C0:      22309 [1] pc=[0000000080002066] W[r 0=0000000000000000][0] R[r10=0000000000000073] R[r20=0000000000000025] inst=[ff451ae3] DASM(ff451ae3)
C0:      22310 [1] pc=[000000008000205a] W[r 0=0000000000000000][0] R[r10=0000000000000073] R[r 0=0000000000000000] inst=[0000cd1d] DASM(0000cd1d)
C0:      22311 [1] pc=[000000008000205c] W[r11=0000000000000000][1] R[r 0=0000000000000000] R[r 9=0000000000000000] inst=[000085a6] DASM(000085a6)
C0:      22312 [1] pc=[000000008000205e] W[r 8=00000000800027d6][1] R[r 8=00000000800027d5] R[r 0=0000000000000000] inst=[00000405] DASM(00000405)
C0:      22313 [1] pc=[0000000080002060] W[r 1=0000000080002062][1] R[r18=000000008000230e] R[r 0=0000000000000000] inst=[00009902] DASM(00009902)
C0:      22314 [1] pc=[000000008000230e] W[r16=0000000000000005][1] R[r 4=00000000800029c0] R[r 0=0000000000000000] inst=[04022803] DASM(04022803)
C0:      22315 [1] pc=[0000000080002312] W[r15=00000000800029c0][1] R[r 4=00000000800029c0] R[r 0=0000000000000000] inst=[00020793] DASM(00020793)
C0:      22316 [1] pc=[0000000080002316] W[r15=00000000800029c5][1] R[r15=00000000800029c0] R[r16=0000000000000005] inst=[000097c2] DASM(000097c2)
C0:      22317 [1] pc=[0000000080002318] W[r 2=00000000800225c0][1] R[r 2=0000000080022630] R[r 0=0000000000000000] inst=[00007159] DASM(00007159)
C0:      22318 [1] pc=[000000008000231a] W[r13=0000000000000006][1] R[r16=0000000000000005] R[r 0=0000000000000000] inst=[0018069b] DASM(0018069b)
C0:      22319 [1] pc=[000000008000231e] W[r 0=0000000000000000][0] R[r 4=00000000800029c0] R[r13=0000000000000006] inst=[04d22023] DASM(04d22023)
C0:      22320 [1] pc=[0000000080002322] W[r 0=0000000000000000][0] R[r15=00000000800029c5] R[r10=0000000000000073] inst=[00a78023] DASM(00a78023)
C0:      22321 [1] pc=[0000000080002326] W[r14=00000000800225ff][1] R[r 2=00000000800225c0] R[r 0=0000000000000000] inst=[03f10713] DASM(03f10713)
C0:      22322 [1] pc=[000000008000232a] W[r15=000000000000000a][1] R[r 0=0000000000000000] R[r 0=0000000000000000] inst=[000047a9] DASM(000047a9)
C0:      22323 [1] pc=[000000008000232c] W[r14=00000000800225c0][1] R[r14=00000000800225ff] R[r 0=0000000000000000] inst=[fc077713] DASM(fc077713)
C0:      22324 [1] pc=[0000000080002330] W[r 0=0000000000000000][0] R[r10=0000000000000073] R[r15=000000000000000a] inst=[00f50963] DASM(00f50963)
C0:      22325 [1] pc=[0000000080002334] W[r15=0000000000000040][1] R[r 0=0000000000000000] R[r 0=0000000000000000] inst=[04000793] DASM(04000793)
C0:      22326 [1] pc=[0000000080002338] W[r 0=0000000000000000][0] R[r13=0000000000000006] R[r15=0000000000000040] inst=[00f68563] DASM(00f68563)
C0:      22327 [1] pc=[000000008000233c] W[r10=0000000000000000][1] R[r 0=0000000000000000] R[r 0=0000000000000000] inst=[00004501] DASM(00004501)
C0:      22328 [1] pc=[000000008000233e] W[r 2=0000000080022630][1] R[r 2=00000000800225c0] R[r 0=0000000000000000] inst=[00006165] DASM(00006165)
C0:      22329 [1] pc=[0000000080002340] W[r 0=0000000080002342][1] R[r 1=0000000080002062] R[r 0=0000000000000000] inst=[00008082] DASM(00008082)
C0:      22330 [1] pc=[0000000080002062] W[r10=0000000000000020][1] R[r 8=00000000800027d6] R[r 0=0000000000000000] inst=[00044503] DASM(00044503)
C0:      22333 [1] pc=[0000000080002066] W[r 0=0000000000000000][0] R[r10=0000000000000020] R[r20=0000000000000025] inst=[ff451ae3] DASM(ff451ae3)
C0:      22334 [1] pc=[000000008000205a] W[r 0=0000000000000000][0] R[r10=0000000000000020] R[r 0=0000000000000000] inst=[0000cd1d] DASM(0000cd1d)
C0:      22335 [1] pc=[000000008000205c] W[r11=0000000000000000][1] R[r 0=0000000000000000] R[r 9=0000000000000000] inst=[000085a6] DASM(000085a6)
C0:      22336 [1] pc=[000000008000205e] W[r 8=00000000800027d7][1] R[r 8=00000000800027d6] R[r 0=0000000000000000] inst=[00000405] DASM(00000405)
C0:      22337 [1] pc=[0000000080002060] W[r 1=0000000080002062][1] R[r18=000000008000230e] R[r 0=0000000000000000] inst=[00009902] DASM(00009902)
C0:      22338 [1] pc=[000000008000230e] W[r16=0000000000000006][1] R[r 4=00000000800029c0] R[r 0=0000000000000000] inst=[04022803] DASM(04022803)
C0:      22339 [1] pc=[0000000080002312] W[r15=00000000800029c0][1] R[r 4=00000000800029c0] R[r 0=0000000000000000] inst=[00020793] DASM(00020793)
C0:      22340 [1] pc=[0000000080002316] W[r15=00000000800029c6][1] R[r15=00000000800029c0] R[r16=0000000000000006] inst=[000097c2] DASM(000097c2)
C0:      22341 [1] pc=[0000000080002318] W[r 2=00000000800225c0][1] R[r 2=0000000080022630] R[r 0=0000000000000000] inst=[00007159] DASM(00007159)
C0:      22342 [1] pc=[000000008000231a] W[r13=0000000000000007][1] R[r16=0000000000000006] R[r 0=0000000000000000] inst=[0018069b] DASM(0018069b)
C0:      22343 [1] pc=[000000008000231e] W[r 0=0000000000000000][0] R[r 4=00000000800029c0] R[r13=0000000000000007] inst=[04d22023] DASM(04d22023)
C0:      22344 [1] pc=[0000000080002322] W[r 0=0000000000000000][0] R[r15=00000000800029c6] R[r10=0000000000000020] inst=[00a78023] DASM(00a78023)
C0:      22345 [1] pc=[0000000080002326] W[r14=00000000800225ff][1] R[r 2=00000000800225c0] R[r 0=0000000000000000] inst=[03f10713] DASM(03f10713)
C0:      22346 [1] pc=[000000008000232a] W[r15=000000000000000a][1] R[r 0=0000000000000000] R[r 0=0000000000000000] inst=[000047a9] DASM(000047a9)
C0:      22347 [1] pc=[000000008000232c] W[r14=00000000800225c0][1] R[r14=00000000800225ff] R[r 0=0000000000000000] inst=[fc077713] DASM(fc077713)
C0:      22348 [1] pc=[0000000080002330] W[r 0=0000000000000000][0] R[r10=0000000000000020] R[r15=000000000000000a] inst=[00f50963] DASM(00f50963)
C0:      22349 [1] pc=[0000000080002334] W[r15=0000000000000040][1] R[r 0=0000000000000000] R[r 0=0000000000000000] inst=[04000793] DASM(04000793)
C0:      22350 [1] pc=[0000000080002338] W[r 0=0000000000000000][0] R[r13=0000000000000007] R[r15=0000000000000040] inst=[00f68563] DASM(00f68563)
C0:      22351 [1] pc=[000000008000233c] W[r10=0000000000000000][1] R[r 0=0000000000000000] R[r 0=0000000000000000] inst=[00004501] DASM(00004501)
C0:      22352 [1] pc=[000000008000233e] W[r 2=0000000080022630][1] R[r 2=00000000800225c0] R[r 0=0000000000000000] inst=[00006165] DASM(00006165)
C0:      22353 [1] pc=[0000000080002340] W[r 0=0000000080002342][1] R[r 1=0000000080002062] R[r 0=0000000000000000] inst=[00008082] DASM(00008082)
C0:      22354 [1] pc=[0000000080002062] W[r10=0000000000000074][1] R[r 8=00000000800027d7] R[r 0=0000000000000000] inst=[00044503] DASM(00044503)
C0:      22357 [1] pc=[0000000080002066] W[r 0=0000000000000000][0] R[r10=0000000000000074] R[r20=0000000000000025] inst=[ff451ae3] DASM(ff451ae3)
C0:      22358 [1] pc=[000000008000205a] W[r 0=0000000000000000][0] R[r10=0000000000000074] R[r 0=0000000000000000] inst=[0000cd1d] DASM(0000cd1d)
C0:      22359 [1] pc=[000000008000205c] W[r11=0000000000000000][1] R[r 0=0000000000000000] R[r 9=0000000000000000] inst=[000085a6] DASM(000085a6)
C0:      22360 [1] pc=[000000008000205e] W[r 8=00000000800027d8][1] R[r 8=00000000800027d7] R[r 0=0000000000000000] inst=[00000405] DASM(00000405)
C0:      22361 [1] pc=[0000000080002060] W[r 1=0000000080002062][1] R[r18=000000008000230e] R[r 0=0000000000000000] inst=[00009902] DASM(00009902)
C0:      22362 [1] pc=[000000008000230e] W[r16=0000000000000007][1] R[r 4=00000000800029c0] R[r 0=0000000000000000] inst=[04022803] DASM(04022803)
C0:      22363 [1] pc=[0000000080002312] W[r15=00000000800029c0][1] R[r 4=00000000800029c0] R[r 0=0000000000000000] inst=[00020793] DASM(00020793)
C0:      22364 [1] pc=[0000000080002316] W[r15=00000000800029c7][1] R[r15=00000000800029c0] R[r16=0000000000000007] inst=[000097c2] DASM(000097c2)
C0:      22365 [1] pc=[0000000080002318] W[r 2=00000000800225c0][1] R[r 2=0000000080022630] R[r 0=0000000000000000] inst=[00007159] DASM(00007159)
C0:      22366 [1] pc=[000000008000231a] W[r13=0000000000000008][1] R[r16=0000000000000007] R[r 0=0000000000000000] inst=[0018069b] DASM(0018069b)
C0:      22367 [1] pc=[000000008000231e] W[r 0=0000000000000000][0] R[r 4=00000000800029c0] R[r13=0000000000000008] inst=[04d22023] DASM(04d22023)
C0:      22368 [1] pc=[0000000080002322] W[r 0=0000000000000000][0] R[r15=00000000800029c7] R[r10=0000000000000074] inst=[00a78023] DASM(00a78023)
C0:      22369 [1] pc=[0000000080002326] W[r14=00000000800225ff][1] R[r 2=00000000800225c0] R[r 0=0000000000000000] inst=[03f10713] DASM(03f10713)
C0:      22370 [1] pc=[000000008000232a] W[r15=000000000000000a][1] R[r 0=0000000000000000] R[r 0=0000000000000000] inst=[000047a9] DASM(000047a9)
C0:      22371 [1] pc=[000000008000232c] W[r14=00000000800225c0][1] R[r14=00000000800225ff] R[r 0=0000000000000000] inst=[fc077713] DASM(fc077713)
C0:      22372 [1] pc=[0000000080002330] W[r 0=0000000000000000][0] R[r10=0000000000000074] R[r15=000000000000000a] inst=[00f50963] DASM(00f50963)
C0:      22373 [1] pc=[0000000080002334] W[r15=0000000000000040][1] R[r 0=0000000000000000] R[r 0=0000000000000000] inst=[04000793] DASM(04000793)
C0:      22374 [1] pc=[0000000080002338] W[r 0=0000000000000000][0] R[r13=0000000000000008] R[r15=0000000000000040] inst=[00f68563] DASM(00f68563)
C0:      22375 [1] pc=[000000008000233c] W[r10=0000000000000000][1] R[r 0=0000000000000000] R[r 0=0000000000000000] inst=[00004501] DASM(00004501)
C0:      22376 [1] pc=[000000008000233e] W[r 2=0000000080022630][1] R[r 2=00000000800225c0] R[r 0=0000000000000000] inst=[00006165] DASM(00006165)
C0:      22377 [1] pc=[0000000080002340] W[r 0=0000000080002342][1] R[r 1=0000000080002062] R[r 0=0000000000000000] inst=[00008082] DASM(00008082)
C0:      22378 [1] pc=[0000000080002062] W[r10=0000000000000061][1] R[r 8=00000000800027d8] R[r 0=0000000000000000] inst=[00044503] DASM(00044503)
C0:      22381 [1] pc=[0000000080002066] W[r 0=0000000000000000][0] R[r10=0000000000000061] R[r20=0000000000000025] inst=[ff451ae3] DASM(ff451ae3)
C0:      22382 [1] pc=[000000008000205a] W[r 0=0000000000000000][0] R[r10=0000000000000061] R[r 0=0000000000000000] inst=[0000cd1d] DASM(0000cd1d)
C0:      22383 [1] pc=[000000008000205c] W[r11=0000000000000000][1] R[r 0=0000000000000000] R[r 9=0000000000000000] inst=[000085a6] DASM(000085a6)
C0:      22384 [1] pc=[000000008000205e] W[r 8=00000000800027d9][1] R[r 8=00000000800027d8] R[r 0=0000000000000000] inst=[00000405] DASM(00000405)
C0:      22385 [1] pc=[0000000080002060] W[r 1=0000000080002062][1] R[r18=000000008000230e] R[r 0=0000000000000000] inst=[00009902] DASM(00009902)
C0:      22386 [1] pc=[000000008000230e] W[r16=0000000000000008][1] R[r 4=00000000800029c0] R[r 0=0000000000000000] inst=[04022803] DASM(04022803)
C0:      22387 [1] pc=[0000000080002312] W[r15=00000000800029c0][1] R[r 4=00000000800029c0] R[r 0=0000000000000000] inst=[00020793] DASM(00020793)
C0:      22388 [1] pc=[0000000080002316] W[r15=00000000800029c8][1] R[r15=00000000800029c0] R[r16=0000000000000008] inst=[000097c2] DASM(000097c2)
C0:      22389 [1] pc=[0000000080002318] W[r 2=00000000800225c0][1] R[r 2=0000000080022630] R[r 0=0000000000000000] inst=[00007159] DASM(00007159)
C0:      22390 [1] pc=[000000008000231a] W[r13=0000000000000009][1] R[r16=0000000000000008] R[r 0=0000000000000000] inst=[0018069b] DASM(0018069b)
C0:      22391 [1] pc=[000000008000231e] W[r 0=0000000000000000][0] R[r 4=00000000800029c0] R[r13=0000000000000009] inst=[04d22023] DASM(04d22023)
C0:      22392 [1] pc=[0000000080002322] W[r 0=0000000000000000][0] R[r15=00000000800029c8] R[r10=0000000000000061] inst=[00a78023] DASM(00a78023)
C0:      22393 [1] pc=[0000000080002326] W[r14=00000000800225ff][1] R[r 2=00000000800225c0] R[r 0=0000000000000000] inst=[03f10713] DASM(03f10713)
C0:      22394 [1] pc=[000000008000232a] W[r15=000000000000000a][1] R[r 0=0000000000000000] R[r 0=0000000000000000] inst=[000047a9] DASM(000047a9)
C0:      22395 [1] pc=[000000008000232c] W[r14=00000000800225c0][1] R[r14=00000000800225ff] R[r 0=0000000000000000] inst=[fc077713] DASM(fc077713)
C0:      22396 [1] pc=[0000000080002330] W[r 0=0000000000000000][0] R[r10=0000000000000061] R[r15=000000000000000a] inst=[00f50963] DASM(00f50963)
C0:      22397 [1] pc=[0000000080002334] W[r15=0000000000000040][1] R[r 0=0000000000000000] R[r 0=0000000000000000] inst=[04000793] DASM(04000793)
C0:      22398 [1] pc=[0000000080002338] W[r 0=0000000000000000][0] R[r13=0000000000000009] R[r15=0000000000000040] inst=[00f68563] DASM(00f68563)
C0:      22399 [1] pc=[000000008000233c] W[r10=0000000000000000][1] R[r 0=0000000000000000] R[r 0=0000000000000000] inst=[00004501] DASM(00004501)
C0:      22400 [1] pc=[000000008000233e] W[r 2=0000000080022630][1] R[r 2=00000000800225c0] R[r 0=0000000000000000] inst=[00006165] DASM(00006165)
C0:      22401 [1] pc=[0000000080002340] W[r 0=0000000080002342][1] R[r 1=0000000080002062] R[r 0=0000000000000000] inst=[00008082] DASM(00008082)
C0:      22402 [1] pc=[0000000080002062] W[r10=000000000000006b][1] R[r 8=00000000800027d9] R[r 0=0000000000000000] inst=[00044503] DASM(00044503)
C0:      22405 [1] pc=[0000000080002066] W[r 0=0000000000000000][0] R[r10=000000000000006b] R[r20=0000000000000025] inst=[ff451ae3] DASM(ff451ae3)
C0:      22406 [1] pc=[000000008000205a] W[r 0=0000000000000000][0] R[r10=000000000000006b] R[r 0=0000000000000000] inst=[0000cd1d] DASM(0000cd1d)
C0:      22407 [1] pc=[000000008000205c] W[r11=0000000000000000][1] R[r 0=0000000000000000] R[r 9=0000000000000000] inst=[000085a6] DASM(000085a6)
C0:      22408 [1] pc=[000000008000205e] W[r 8=00000000800027da][1] R[r 8=00000000800027d9] R[r 0=0000000000000000] inst=[00000405] DASM(00000405)
C0:      22409 [1] pc=[0000000080002060] W[r 1=0000000080002062][1] R[r18=000000008000230e] R[r 0=0000000000000000] inst=[00009902] DASM(00009902)
C0:      22410 [1] pc=[000000008000230e] W[r16=0000000000000009][1] R[r 4=00000000800029c0] R[r 0=0000000000000000] inst=[04022803] DASM(04022803)
C0:      22411 [1] pc=[0000000080002312] W[r15=00000000800029c0][1] R[r 4=00000000800029c0] R[r 0=0000000000000000] inst=[00020793] DASM(00020793)
C0:      22412 [1] pc=[0000000080002316] W[r15=00000000800029c9][1] R[r15=00000000800029c0] R[r16=0000000000000009] inst=[000097c2] DASM(000097c2)
C0:      22413 [1] pc=[0000000080002318] W[r 2=00000000800225c0][1] R[r 2=0000000080022630] R[r 0=0000000000000000] inst=[00007159] DASM(00007159)
C0:      22414 [1] pc=[000000008000231a] W[r13=000000000000000a][1] R[r16=0000000000000009] R[r 0=0000000000000000] inst=[0018069b] DASM(0018069b)
C0:      22415 [1] pc=[000000008000231e] W[r 0=0000000000000000][0] R[r 4=00000000800029c0] R[r13=000000000000000a] inst=[04d22023] DASM(04d22023)
C0:      22416 [1] pc=[0000000080002322] W[r 0=0000000000000000][0] R[r15=00000000800029c9] R[r10=000000000000006b] inst=[00a78023] DASM(00a78023)
C0:      22417 [1] pc=[0000000080002326] W[r14=00000000800225ff][1] R[r 2=00000000800225c0] R[r 0=0000000000000000] inst=[03f10713] DASM(03f10713)
C0:      22418 [1] pc=[000000008000232a] W[r15=000000000000000a][1] R[r 0=0000000000000000] R[r 0=0000000000000000] inst=[000047a9] DASM(000047a9)
C0:      22419 [1] pc=[000000008000232c] W[r14=00000000800225c0][1] R[r14=00000000800225ff] R[r 0=0000000000000000] inst=[fc077713] DASM(fc077713)
C0:      22420 [1] pc=[0000000080002330] W[r 0=0000000000000000][0] R[r10=000000000000006b] R[r15=000000000000000a] inst=[00f50963] DASM(00f50963)
C0:      22421 [1] pc=[0000000080002334] W[r15=0000000000000040][1] R[r 0=0000000000000000] R[r 0=0000000000000000] inst=[04000793] DASM(04000793)
C0:      22422 [1] pc=[0000000080002338] W[r 0=0000000000000000][0] R[r13=000000000000000a] R[r15=0000000000000040] inst=[00f68563] DASM(00f68563)
C0:      22423 [1] pc=[000000008000233c] W[r10=0000000000000000][1] R[r 0=0000000000000000] R[r 0=0000000000000000] inst=[00004501] DASM(00004501)
C0:      22424 [1] pc=[000000008000233e] W[r 2=0000000080022630][1] R[r 2=00000000800225c0] R[r 0=0000000000000000] inst=[00006165] DASM(00006165)
C0:      22425 [1] pc=[0000000080002340] W[r 0=0000000080002342][1] R[r 1=0000000080002062] R[r 0=0000000000000000] inst=[00008082] DASM(00008082)
C0:      22426 [1] pc=[0000000080002062] W[r10=0000000000000065][1] R[r 8=00000000800027da] R[r 0=0000000000000000] inst=[00044503] DASM(00044503)
C0:      22429 [1] pc=[0000000080002066] W[r 0=0000000000000000][0] R[r10=0000000000000065] R[r20=0000000000000025] inst=[ff451ae3] DASM(ff451ae3)
C0:      22430 [1] pc=[000000008000205a] W[r 0=0000000000000000][0] R[r10=0000000000000065] R[r 0=0000000000000000] inst=[0000cd1d] DASM(0000cd1d)
C0:      22431 [1] pc=[000000008000205c] W[r11=0000000000000000][1] R[r 0=0000000000000000] R[r 9=0000000000000000] inst=[000085a6] DASM(000085a6)
C0:      22432 [1] pc=[000000008000205e] W[r 8=00000000800027db][1] R[r 8=00000000800027da] R[r 0=0000000000000000] inst=[00000405] DASM(00000405)
C0:      22433 [1] pc=[0000000080002060] W[r 1=0000000080002062][1] R[r18=000000008000230e] R[r 0=0000000000000000] inst=[00009902] DASM(00009902)
C0:      22434 [1] pc=[000000008000230e] W[r16=000000000000000a][1] R[r 4=00000000800029c0] R[r 0=0000000000000000] inst=[04022803] DASM(04022803)
C0:      22435 [1] pc=[0000000080002312] W[r15=00000000800029c0][1] R[r 4=00000000800029c0] R[r 0=0000000000000000] inst=[00020793] DASM(00020793)
C0:      22436 [1] pc=[0000000080002316] W[r15=00000000800029ca][1] R[r15=00000000800029c0] R[r16=000000000000000a] inst=[000097c2] DASM(000097c2)
C0:      22437 [1] pc=[0000000080002318] W[r 2=00000000800225c0][1] R[r 2=0000000080022630] R[r 0=0000000000000000] inst=[00007159] DASM(00007159)
C0:      22438 [1] pc=[000000008000231a] W[r13=000000000000000b][1] R[r16=000000000000000a] R[r 0=0000000000000000] inst=[0018069b] DASM(0018069b)
C0:      22439 [1] pc=[000000008000231e] W[r 0=0000000000000000][0] R[r 4=00000000800029c0] R[r13=000000000000000b] inst=[04d22023] DASM(04d22023)
C0:      22440 [1] pc=[0000000080002322] W[r 0=0000000000000000][0] R[r15=00000000800029ca] R[r10=0000000000000065] inst=[00a78023] DASM(00a78023)
C0:      22441 [1] pc=[0000000080002326] W[r14=00000000800225ff][1] R[r 2=00000000800225c0] R[r 0=0000000000000000] inst=[03f10713] DASM(03f10713)
C0:      22442 [1] pc=[000000008000232a] W[r15=000000000000000a][1] R[r 0=0000000000000000] R[r 0=0000000000000000] inst=[000047a9] DASM(000047a9)
C0:      22443 [1] pc=[000000008000232c] W[r14=00000000800225c0][1] R[r14=00000000800225ff] R[r 0=0000000000000000] inst=[fc077713] DASM(fc077713)
C0:      22444 [1] pc=[0000000080002330] W[r 0=0000000000000000][0] R[r10=0000000000000065] R[r15=000000000000000a] inst=[00f50963] DASM(00f50963)
C0:      22445 [1] pc=[0000000080002334] W[r15=0000000000000040][1] R[r 0=0000000000000000] R[r 0=0000000000000000] inst=[04000793] DASM(04000793)
C0:      22446 [1] pc=[0000000080002338] W[r 0=0000000000000000][0] R[r13=000000000000000b] R[r15=0000000000000040] inst=[00f68563] DASM(00f68563)
C0:      22447 [1] pc=[000000008000233c] W[r10=0000000000000000][1] R[r 0=0000000000000000] R[r 0=0000000000000000] inst=[00004501] DASM(00004501)
C0:      22448 [1] pc=[000000008000233e] W[r 2=0000000080022630][1] R[r 2=00000000800225c0] R[r 0=0000000000000000] inst=[00006165] DASM(00006165)
C0:      22449 [1] pc=[0000000080002340] W[r 0=0000000080002342][1] R[r 1=0000000080002062] R[r 0=0000000000000000] inst=[00008082] DASM(00008082)
C0:      22450 [1] pc=[0000000080002062] W[r10=000000000000006e][1] R[r 8=00000000800027db] R[r 0=0000000000000000] inst=[00044503] DASM(00044503)
C0:      22453 [1] pc=[0000000080002066] W[r 0=0000000000000000][0] R[r10=000000000000006e] R[r20=0000000000000025] inst=[ff451ae3] DASM(ff451ae3)
C0:      22454 [1] pc=[000000008000205a] W[r 0=0000000000000000][0] R[r10=000000000000006e] R[r 0=0000000000000000] inst=[0000cd1d] DASM(0000cd1d)
C0:      22455 [1] pc=[000000008000205c] W[r11=0000000000000000][1] R[r 0=0000000000000000] R[r 9=0000000000000000] inst=[000085a6] DASM(000085a6)
C0:      22456 [1] pc=[000000008000205e] W[r 8=00000000800027dc][1] R[r 8=00000000800027db] R[r 0=0000000000000000] inst=[00000405] DASM(00000405)
C0:      22457 [1] pc=[0000000080002060] W[r 1=0000000080002062][1] R[r18=000000008000230e] R[r 0=0000000000000000] inst=[00009902] DASM(00009902)
C0:      22458 [1] pc=[000000008000230e] W[r16=000000000000000b][1] R[r 4=00000000800029c0] R[r 0=0000000000000000] inst=[04022803] DASM(04022803)
C0:      22459 [1] pc=[0000000080002312] W[r15=00000000800029c0][1] R[r 4=00000000800029c0] R[r 0=0000000000000000] inst=[00020793] DASM(00020793)
C0:      22460 [1] pc=[0000000080002316] W[r15=00000000800029cb][1] R[r15=00000000800029c0] R[r16=000000000000000b] inst=[000097c2] DASM(000097c2)
C0:      22461 [1] pc=[0000000080002318] W[r 2=00000000800225c0][1] R[r 2=0000000080022630] R[r 0=0000000000000000] inst=[00007159] DASM(00007159)
C0:      22462 [1] pc=[000000008000231a] W[r13=000000000000000c][1] R[r16=000000000000000b] R[r 0=0000000000000000] inst=[0018069b] DASM(0018069b)
C0:      22463 [1] pc=[000000008000231e] W[r 0=0000000000000000][0] R[r 4=00000000800029c0] R[r13=000000000000000c] inst=[04d22023] DASM(04d22023)
C0:      22464 [1] pc=[0000000080002322] W[r 0=0000000000000000][0] R[r15=00000000800029cb] R[r10=000000000000006e] inst=[00a78023] DASM(00a78023)
C0:      22465 [1] pc=[0000000080002326] W[r14=00000000800225ff][1] R[r 2=00000000800225c0] R[r 0=0000000000000000] inst=[03f10713] DASM(03f10713)
C0:      22466 [1] pc=[000000008000232a] W[r15=000000000000000a][1] R[r 0=0000000000000000] R[r 0=0000000000000000] inst=[000047a9] DASM(000047a9)
C0:      22467 [1] pc=[000000008000232c] W[r14=00000000800225c0][1] R[r14=00000000800225ff] R[r 0=0000000000000000] inst=[fc077713] DASM(fc077713)
C0:      22468 [1] pc=[0000000080002330] W[r 0=0000000000000000][0] R[r10=000000000000006e] R[r15=000000000000000a] inst=[00f50963] DASM(00f50963)
C0:      22469 [1] pc=[0000000080002334] W[r15=0000000000000040][1] R[r 0=0000000000000000] R[r 0=0000000000000000] inst=[04000793] DASM(04000793)
C0:      22470 [1] pc=[0000000080002338] W[r 0=0000000000000000][0] R[r13=000000000000000c] R[r15=0000000000000040] inst=[00f68563] DASM(00f68563)
C0:      22471 [1] pc=[000000008000233c] W[r10=0000000000000000][1] R[r 0=0000000000000000] R[r 0=0000000000000000] inst=[00004501] DASM(00004501)
C0:      22472 [1] pc=[000000008000233e] W[r 2=0000000080022630][1] R[r 2=00000000800225c0] R[r 0=0000000000000000] inst=[00006165] DASM(00006165)
C0:      22473 [1] pc=[0000000080002340] W[r 0=0000000080002342][1] R[r 1=0000000080002062] R[r 0=0000000000000000] inst=[00008082] DASM(00008082)
C0:      22474 [1] pc=[0000000080002062] W[r10=000000000000003a][1] R[r 8=00000000800027dc] R[r 0=0000000000000000] inst=[00044503] DASM(00044503)
C0:      22477 [1] pc=[0000000080002066] W[r 0=0000000000000000][0] R[r10=000000000000003a] R[r20=0000000000000025] inst=[ff451ae3] DASM(ff451ae3)
C0:      22478 [1] pc=[000000008000205a] W[r 0=0000000000000000][0] R[r10=000000000000003a] R[r 0=0000000000000000] inst=[0000cd1d] DASM(0000cd1d)
C0:      22479 [1] pc=[000000008000205c] W[r11=0000000000000000][1] R[r 0=0000000000000000] R[r 9=0000000000000000] inst=[000085a6] DASM(000085a6)
C0:      22480 [1] pc=[000000008000205e] W[r 8=00000000800027dd][1] R[r 8=00000000800027dc] R[r 0=0000000000000000] inst=[00000405] DASM(00000405)
C0:      22481 [1] pc=[0000000080002060] W[r 1=0000000080002062][1] R[r18=000000008000230e] R[r 0=0000000000000000] inst=[00009902] DASM(00009902)
C0:      22482 [1] pc=[000000008000230e] W[r16=000000000000000c][1] R[r 4=00000000800029c0] R[r 0=0000000000000000] inst=[04022803] DASM(04022803)
C0:      22483 [1] pc=[0000000080002312] W[r15=00000000800029c0][1] R[r 4=00000000800029c0] R[r 0=0000000000000000] inst=[00020793] DASM(00020793)
C0:      22484 [1] pc=[0000000080002316] W[r15=00000000800029cc][1] R[r15=00000000800029c0] R[r16=000000000000000c] inst=[000097c2] DASM(000097c2)
C0:      22485 [1] pc=[0000000080002318] W[r 2=00000000800225c0][1] R[r 2=0000000080022630] R[r 0=0000000000000000] inst=[00007159] DASM(00007159)
C0:      22486 [1] pc=[000000008000231a] W[r13=000000000000000d][1] R[r16=000000000000000c] R[r 0=0000000000000000] inst=[0018069b] DASM(0018069b)
C0:      22487 [1] pc=[000000008000231e] W[r 0=0000000000000000][0] R[r 4=00000000800029c0] R[r13=000000000000000d] inst=[04d22023] DASM(04d22023)
C0:      22488 [1] pc=[0000000080002322] W[r 0=0000000000000000][0] R[r15=00000000800029cc] R[r10=000000000000003a] inst=[00a78023] DASM(00a78023)
C0:      22489 [1] pc=[0000000080002326] W[r14=00000000800225ff][1] R[r 2=00000000800225c0] R[r 0=0000000000000000] inst=[03f10713] DASM(03f10713)
C0:      22490 [1] pc=[000000008000232a] W[r15=000000000000000a][1] R[r 0=0000000000000000] R[r 0=0000000000000000] inst=[000047a9] DASM(000047a9)
C0:      22491 [1] pc=[000000008000232c] W[r14=00000000800225c0][1] R[r14=00000000800225ff] R[r 0=0000000000000000] inst=[fc077713] DASM(fc077713)
C0:      22492 [1] pc=[0000000080002330] W[r 0=0000000000000000][0] R[r10=000000000000003a] R[r15=000000000000000a] inst=[00f50963] DASM(00f50963)
C0:      22493 [1] pc=[0000000080002334] W[r15=0000000000000040][1] R[r 0=0000000000000000] R[r 0=0000000000000000] inst=[04000793] DASM(04000793)
C0:      22494 [1] pc=[0000000080002338] W[r 0=0000000000000000][0] R[r13=000000000000000d] R[r15=0000000000000040] inst=[00f68563] DASM(00f68563)
C0:      22495 [1] pc=[000000008000233c] W[r10=0000000000000000][1] R[r 0=0000000000000000] R[r 0=0000000000000000] inst=[00004501] DASM(00004501)
C0:      22496 [1] pc=[000000008000233e] W[r 2=0000000080022630][1] R[r 2=00000000800225c0] R[r 0=0000000000000000] inst=[00006165] DASM(00006165)
C0:      22497 [1] pc=[0000000080002340] W[r 0=0000000080002342][1] R[r 1=0000000080002062] R[r 0=0000000000000000] inst=[00008082] DASM(00008082)
C0:      22498 [1] pc=[0000000080002062] W[r10=0000000000000020][1] R[r 8=00000000800027dd] R[r 0=0000000000000000] inst=[00044503] DASM(00044503)
C0:      22501 [1] pc=[0000000080002066] W[r 0=0000000000000000][0] R[r10=0000000000000020] R[r20=0000000000000025] inst=[ff451ae3] DASM(ff451ae3)
C0:      22502 [1] pc=[000000008000205a] W[r 0=0000000000000000][0] R[r10=0000000000000020] R[r 0=0000000000000000] inst=[0000cd1d] DASM(0000cd1d)
C0:      22503 [1] pc=[000000008000205c] W[r11=0000000000000000][1] R[r 0=0000000000000000] R[r 9=0000000000000000] inst=[000085a6] DASM(000085a6)
C0:      22504 [1] pc=[000000008000205e] W[r 8=00000000800027de][1] R[r 8=00000000800027dd] R[r 0=0000000000000000] inst=[00000405] DASM(00000405)
C0:      22505 [1] pc=[0000000080002060] W[r 1=0000000080002062][1] R[r18=000000008000230e] R[r 0=0000000000000000] inst=[00009902] DASM(00009902)
C0:      22506 [1] pc=[000000008000230e] W[r16=000000000000000d][1] R[r 4=00000000800029c0] R[r 0=0000000000000000] inst=[04022803] DASM(04022803)
C0:      22507 [1] pc=[0000000080002312] W[r15=00000000800029c0][1] R[r 4=00000000800029c0] R[r 0=0000000000000000] inst=[00020793] DASM(00020793)
C0:      22508 [1] pc=[0000000080002316] W[r15=00000000800029cd][1] R[r15=00000000800029c0] R[r16=000000000000000d] inst=[000097c2] DASM(000097c2)
C0:      22509 [1] pc=[0000000080002318] W[r 2=00000000800225c0][1] R[r 2=0000000080022630] R[r 0=0000000000000000] inst=[00007159] DASM(00007159)
C0:      22510 [1] pc=[000000008000231a] W[r13=000000000000000e][1] R[r16=000000000000000d] R[r 0=0000000000000000] inst=[0018069b] DASM(0018069b)
C0:      22511 [1] pc=[000000008000231e] W[r 0=0000000000000000][0] R[r 4=00000000800029c0] R[r13=000000000000000e] inst=[04d22023] DASM(04d22023)
C0:      22512 [1] pc=[0000000080002322] W[r 0=0000000000000000][0] R[r15=00000000800029cd] R[r10=0000000000000020] inst=[00a78023] DASM(00a78023)
C0:      22513 [1] pc=[0000000080002326] W[r14=00000000800225ff][1] R[r 2=00000000800225c0] R[r 0=0000000000000000] inst=[03f10713] DASM(03f10713)
C0:      22514 [1] pc=[000000008000232a] W[r15=000000000000000a][1] R[r 0=0000000000000000] R[r 0=0000000000000000] inst=[000047a9] DASM(000047a9)
C0:      22515 [1] pc=[000000008000232c] W[r14=00000000800225c0][1] R[r14=00000000800225ff] R[r 0=0000000000000000] inst=[fc077713] DASM(fc077713)
C0:      22516 [1] pc=[0000000080002330] W[r 0=0000000000000000][0] R[r10=0000000000000020] R[r15=000000000000000a] inst=[00f50963] DASM(00f50963)
C0:      22517 [1] pc=[0000000080002334] W[r15=0000000000000040][1] R[r 0=0000000000000000] R[r 0=0000000000000000] inst=[04000793] DASM(04000793)
C0:      22518 [1] pc=[0000000080002338] W[r 0=0000000000000000][0] R[r13=000000000000000e] R[r15=0000000000000040] inst=[00f68563] DASM(00f68563)
C0:      22519 [1] pc=[000000008000233c] W[r10=0000000000000000][1] R[r 0=0000000000000000] R[r 0=0000000000000000] inst=[00004501] DASM(00004501)
C0:      22520 [1] pc=[000000008000233e] W[r 2=0000000080022630][1] R[r 2=00000000800225c0] R[r 0=0000000000000000] inst=[00006165] DASM(00006165)
C0:      22521 [1] pc=[0000000080002340] W[r 0=0000000080002342][1] R[r 1=0000000080002062] R[r 0=0000000000000000] inst=[00008082] DASM(00008082)
C0:      22522 [1] pc=[0000000080002062] W[r10=0000000000000025][1] R[r 8=00000000800027de] R[r 0=0000000000000000] inst=[00044503] DASM(00044503)
C0:      22525 [1] pc=[0000000080002066] W[r 0=0000000000000000][0] R[r10=0000000000000025] R[r20=0000000000000025] inst=[ff451ae3] DASM(ff451ae3)
C0:      22530 [1] pc=[000000008000206a] W[r13=0000000000000075][1] R[r 8=00000000800027de] R[r 0=0000000000000000] inst=[00144683] DASM(00144683)
C0:      22531 [1] pc=[000000008000206e] W[r19=00000000800027df][1] R[r 8=00000000800027de] R[r 0=0000000000000000] inst=[00140993] DASM(00140993)
C0:      22532 [1] pc=[0000000080002072] W[r14=00000000800027df][1] R[r 0=0000000000000000] R[r19=00000000800027df] inst=[0000874e] DASM(0000874e)
C0:      22533 [1] pc=[0000000080002074] W[r25=0000000000000020][1] R[r 0=0000000000000000] R[r 0=0000000000000000] inst=[02000c93] DASM(02000c93)
C0:      22534 [1] pc=[0000000080002078] W[r24=ffffffffffffffff][1] R[r 0=0000000000000000] R[r 0=0000000000000000] inst=[00005c7d] DASM(00005c7d)
C0:      22535 [1] pc=[000000008000207a] W[r27=ffffffffffffffff][1] R[r 0=0000000000000000] R[r 0=0000000000000000] inst=[00005dfd] DASM(00005dfd)
C0:      22536 [1] pc=[000000008000207c] W[r12=0000000000000000][1] R[r 0=0000000000000000] R[r 0=0000000000000000] inst=[00004601] DASM(00004601)
C0:      22537 [1] pc=[000000008000207e] W[r15=0000000000000052][1] R[r13=0000000000000075] R[r 0=0000000000000000] inst=[fdd6879b] DASM(fdd6879b)
C0:      22538 [1] pc=[0000000080002082] W[r15=0000000000000052][1] R[r15=0000000000000052] R[r 0=0000000000000000] inst=[0ff7f793] DASM(0ff7f793)
C0:      22539 [1] pc=[0000000080002086] W[r 8=00000000800027e0][1] R[r14=00000000800027df] R[r 0=0000000000000000] inst=[00170413] DASM(00170413)
C0:      22540 [1] pc=[000000008000208a] W[r 0=0000000000000000][0] R[r23=0000000000000055] R[r15=0000000000000052] inst=[04fbe263] DASM(04fbe263)
C0:      22541 [1] pc=[000000008000208e] W[r15=0000000000000148][1] R[r15=0000000000000052] R[r 0=0000000000000000] inst=[0000078a] DASM(0000078a)
C0:      22542 [1] pc=[0000000080002090] W[r15=0000000080002974][1] R[r15=0000000000000148] R[r22=000000008000282c] inst=[000097da] DASM(000097da)
C0:      22543 [1] pc=[0000000080002092] W[r15=fffffffffffffab6][1] R[r15=0000000080002974] R[r 0=0000000000000000] inst=[0000439c] DASM(0000439c)
C0:      22545 [1] pc=[0000000080002094] W[r15=00000000800022e2][1] R[r15=fffffffffffffab6] R[r22=000000008000282c] inst=[000097da] DASM(000097da)
C0:      22546 [1] pc=[0000000080002096] W[r 0=0000000080002098][1] R[r15=00000000800022e2] R[r 0=0000000000000000] inst=[00008782] DASM(00008782)
C0:      22550 [1] pc=[00000000800022e2] W[r13=000000000000000a][1] R[r 0=0000000000000000] R[r 0=0000000000000000] inst=[000046a9] DASM(000046a9)
C0:      22551 [1] pc=[00000000800022e4] W[r 0=00000000800022e6][1] R[r 0=0000000000000000] R[r 0=0000000000000000] inst=[0000b739] DASM(0000b739)
C0:      22553 [1] pc=[00000000800021f2] W[r15=0000000000000001][1] R[r 0=0000000000000000] R[r 0=0000000000000000] inst=[00004785] DASM(00004785)
C0:      22554 [1] pc=[00000000800021f4] W[r14=00000000800227d0][1] R[r21=00000000800227c8] R[r 0=0000000000000000] inst=[008a8713] DASM(008a8713)
C0:      22555 [1] pc=[00000000800021f8] W[r 0=0000000000000000][0] R[r15=0000000000000001] R[r12=0000000000000000] inst=[f6c7c0e3] DASM(f6c7c0e3)
C0:      22556 [1] pc=[00000000800021fc] W[r 0=0000000000000000][0] R[r12=0000000000000000] R[r 0=0000000000000000] inst=[0000fe31] DASM(0000fe31)
C0:      22557 [1] pc=[00000000800021fe] W[r15=00000000000045d3][1] R[r21=00000000800227c8] R[r 0=0000000000000000] inst=[000ae783] DASM(000ae783)
C0:      22558 [1] pc=[0000000080002202] W[r21=00000000800227d0][1] R[r 0=0000000000000000] R[r14=00000000800227d0] inst=[00008aba] DASM(00008aba)
C0:      22559 [1] pc=[0000000080002204] W[r 0=0000000080002206][1] R[r 0=0000000000000000] R[r 0=0000000000000000] inst=[0000bfa9] DASM(0000bfa9)
C0:      22560 [1] pc=[000000008000215e] W[r11=0000000000000000][0] R[r15=00000000000045d3] R[r13=000000000000000a] inst=[02d7f5b3] DASM(02d7f5b3)
C0:      22561 [1] pc=[0000000080002162] W[r19=0000000000000020][1] R[r25=0000000000000020] R[r 0=0000000000000000] inst=[000c899b] DASM(000c899b)
C0:      22562 [1] pc=[0000000080002166] W[r12=0000000080022634][1] R[r 2=0000000080022630] R[r 0=0000000000000000] inst=[00000050] DASM(00000050)
C0:      22563 [1] pc=[0000000080002168] W[r14=0000000000000001][1] R[r 0=0000000000000000] R[r 0=0000000000000000] inst=[00004705] DASM(00004705)
C0:      22576 [1] pc=[000000008000216a] W[r 0=0000000000000000][0] R[r 2=0000000080022630] R[r11=0000000000000005] inst=[0000c02e] DASM(0000c02e)
C0:      22577 [1] pc=[000000008000216c] W[r 0=0000000000000000][0] R[r15=00000000000045d3] R[r13=000000000000000a] inst=[16d7e663] DASM(16d7e663)
C0:      22578 [1] pc=[0000000080002170] W[r15=0000000000000000][0] R[r15=00000000000045d3] R[r13=000000000000000a] inst=[02d7d7b3] DASM(02d7d7b3)
C0:      22579 [1] pc=[0000000080002174] W[r12=0000000080022638][1] R[r12=0000000080022634] R[r 0=0000000000000000] inst=[00000611] DASM(00000611)
C0:      22580 [1] pc=[0000000080002176] W[r24=0000000000000001][1] R[r 0=0000000000000000] R[r14=0000000000000001] inst=[00008c3a] DASM(00008c3a)
C0:      22581 [1] pc=[0000000080002178] W[r14=0000000000000002][1] R[r14=0000000000000001] R[r 0=0000000000000000] inst=[00002705] DASM(00002705)
C0:      22594 [1] pc=[000000008000217a] W[r11=0000000000000000][0] R[r15=00000000000006fb] R[r13=000000000000000a] inst=[02d7f5b3] DASM(02d7f5b3)
C0:      22606 [1] pc=[000000008000217e] W[r 0=0000000000000000][0] R[r12=0000000080022638] R[r11=0000000000000007] inst=[feb62e23] DASM(feb62e23)
C0:      22607 [1] pc=[0000000080002182] W[r 0=0000000000000000][0] R[r15=00000000000006fb] R[r13=000000000000000a] inst=[fed7f7e3] DASM(fed7f7e3)
C0:      22608 [1] pc=[0000000080002170] W[r15=0000000000000000][0] R[r15=00000000000006fb] R[r13=000000000000000a] inst=[02d7d7b3] DASM(02d7d7b3)
C0:      22609 [1] pc=[0000000080002174] W[r12=000000008002263c][1] R[r12=0000000080022638] R[r 0=0000000000000000] inst=[00000611] DASM(00000611)
C0:      22610 [1] pc=[0000000080002176] W[r24=0000000000000002][1] R[r 0=0000000000000000] R[r14=0000000000000002] inst=[00008c3a] DASM(00008c3a)
C0:      22611 [1] pc=[0000000080002178] W[r14=0000000000000003][1] R[r14=0000000000000002] R[r 0=0000000000000000] inst=[00002705] DASM(00002705)
C0:      22620 [1] pc=[000000008000217a] W[r11=0000000000000000][0] R[r15=00000000000000b2] R[r13=000000000000000a] inst=[02d7f5b3] DASM(02d7f5b3)
C0:      22629 [1] pc=[000000008000217e] W[r 0=0000000000000000][0] R[r12=000000008002263c] R[r11=0000000000000008] inst=[feb62e23] DASM(feb62e23)
C0:      22630 [1] pc=[0000000080002182] W[r 0=0000000000000000][0] R[r15=00000000000000b2] R[r13=000000000000000a] inst=[fed7f7e3] DASM(fed7f7e3)
C0:      22634 [1] pc=[0000000080002170] W[r15=0000000000000000][0] R[r15=00000000000000b2] R[r13=000000000000000a] inst=[02d7d7b3] DASM(02d7d7b3)
C0:      22635 [1] pc=[0000000080002174] W[r12=0000000080022640][1] R[r12=000000008002263c] R[r 0=0000000000000000] inst=[00000611] DASM(00000611)
C0:      22636 [1] pc=[0000000080002176] W[r24=0000000000000003][1] R[r 0=0000000000000000] R[r14=0000000000000003] inst=[00008c3a] DASM(00008c3a)
C0:      22637 [1] pc=[0000000080002178] W[r14=0000000000000004][1] R[r14=0000000000000003] R[r 0=0000000000000000] inst=[00002705] DASM(00002705)
C0:      22643 [1] pc=[000000008000217a] W[r11=0000000000000000][0] R[r15=0000000000000011] R[r13=000000000000000a] inst=[02d7f5b3] DASM(02d7f5b3)
C0:      22649 [1] pc=[000000008000217e] W[r 0=0000000000000000][0] R[r12=0000000080022640] R[r11=0000000000000007] inst=[feb62e23] DASM(feb62e23)
C0:      22650 [1] pc=[0000000080002182] W[r 0=0000000000000000][0] R[r15=0000000000000011] R[r13=000000000000000a] inst=[fed7f7e3] DASM(fed7f7e3)
C0:      22654 [1] pc=[0000000080002170] W[r15=0000000000000000][0] R[r15=0000000000000011] R[r13=000000000000000a] inst=[02d7d7b3] DASM(02d7d7b3)
C0:      22655 [1] pc=[0000000080002174] W[r12=0000000080022644][1] R[r12=0000000080022640] R[r 0=0000000000000000] inst=[00000611] DASM(00000611)
C0:      22656 [1] pc=[0000000080002176] W[r24=0000000000000004][1] R[r 0=0000000000000000] R[r14=0000000000000004] inst=[00008c3a] DASM(00008c3a)
C0:      22657 [1] pc=[0000000080002178] W[r14=0000000000000005][1] R[r14=0000000000000004] R[r 0=0000000000000000] inst=[00002705] DASM(00002705)
C0:      22661 [1] pc=[000000008000217a] W[r11=0000000000000000][0] R[r15=0000000000000001] R[r13=000000000000000a] inst=[02d7f5b3] DASM(02d7f5b3)
C0:      22751 [1] pc=[000000008000217e] W[r 0=0000000000000000][0] R[r12=0000000080022644] R[r11=0000000000000001] inst=[feb62e23] DASM(feb62e23)
C0:      22752 [1] pc=[0000000080002182] W[r 0=0000000000000000][0] R[r15=0000000000000001] R[r13=000000000000000a] inst=[fed7f7e3] DASM(fed7f7e3)
C0:      22753 [1] pc=[0000000080002186] W[r25=fffffffffffffffe][1] R[r27=ffffffffffffffff] R[r 0=0000000000000000] inst=[fffd8c9b] DASM(fffd8c9b)
C0:      22754 [1] pc=[000000008000218a] W[r26=0000000000000004][1] R[r14=0000000000000005] R[r 0=0000000000000000] inst=[fff70d1b] DASM(fff70d1b)
C0:      22755 [1] pc=[000000008000218e] W[r 0=0000000000000000][0] R[r14=0000000000000005] R[r27=ffffffffffffffff] inst=[01b75863] DASM(01b75863)
C0:      22759 [1] pc=[000000008000219e] W[r24=0000000000000010][1] R[r24=0000000000000004] R[r 0=0000000000000000] inst=[00000c0a] DASM(00000c0a)
C0:      22760 [1] pc=[00000000800021a0] W[r19=0000000080022640][1] R[r 2=0000000080022630] R[r24=0000000000000010] inst=[018109b3] DASM(018109b3)
C0:      22761 [1] pc=[00000000800021a4] W[r25=000000008002262c][1] R[r 2=0000000080022630] R[r 0=0000000000000000] inst=[ffc10c93] DASM(ffc10c93)
C0:      22762 [1] pc=[00000000800021a8] W[r24=0000000000000009][1] R[r 0=0000000000000000] R[r 0=0000000000000000] inst=[00004c25] DASM(00004c25)
C0:      22763 [1] pc=[00000000800021aa] W[r15=0000000000000001][1] R[r19=0000000080022640] R[r 0=0000000000000000] inst=[0009a783] DASM(0009a783)
C0:      22764 [1] pc=[00000000800021ae] W[r10=0000000000000057][1] R[r 0=0000000000000000] R[r 0=0000000000000000] inst=[05700513] DASM(05700513)
C0:      22765 [1] pc=[00000000800021b2] W[r 0=0000000000000000][0] R[r24=0000000000000009] R[r15=0000000000000001] inst=[00fc6463] DASM(00fc6463)
C0:      22766 [1] pc=[00000000800021b6] W[r10=0000000000000030][1] R[r 0=0000000000000000] R[r 0=0000000000000000] inst=[03000513] DASM(03000513)
C0:      22767 [1] pc=[00000000800021ba] W[r19=000000008002263c][1] R[r19=0000000080022640] R[r 0=0000000000000000] inst=[000019f1] DASM(000019f1)
C0:      22768 [1] pc=[00000000800021bc] W[r11=0000000000000000][1] R[r 0=0000000000000000] R[r 9=0000000000000000] inst=[000085a6] DASM(000085a6)
C0:      22769 [1] pc=[00000000800021be] W[r10=0000000000000031][1] R[r10=0000000000000030] R[r15=0000000000000001] inst=[00009d3d] DASM(00009d3d)
C0:      22770 [1] pc=[00000000800021c0] W[r 1=00000000800021c2][1] R[r18=000000008000230e] R[r 0=0000000000000000] inst=[00009902] DASM(00009902)
C0:      22775 [1] pc=[000000008000230e] W[r16=000000000000000e][1] R[r 4=00000000800029c0] R[r 0=0000000000000000] inst=[04022803] DASM(04022803)
C0:      22776 [1] pc=[0000000080002312] W[r15=00000000800029c0][1] R[r 4=00000000800029c0] R[r 0=0000000000000000] inst=[00020793] DASM(00020793)
C0:      22777 [1] pc=[0000000080002316] W[r15=00000000800029ce][1] R[r15=00000000800029c0] R[r16=000000000000000e] inst=[000097c2] DASM(000097c2)
C0:      22778 [1] pc=[0000000080002318] W[r 2=00000000800225c0][1] R[r 2=0000000080022630] R[r 0=0000000000000000] inst=[00007159] DASM(00007159)
C0:      22779 [1] pc=[000000008000231a] W[r13=000000000000000f][1] R[r16=000000000000000e] R[r 0=0000000000000000] inst=[0018069b] DASM(0018069b)
C0:      22780 [1] pc=[000000008000231e] W[r 0=0000000000000000][0] R[r 4=00000000800029c0] R[r13=000000000000000f] inst=[04d22023] DASM(04d22023)
C0:      22781 [1] pc=[0000000080002322] W[r 0=0000000000000000][0] R[r15=00000000800029ce] R[r10=0000000000000031] inst=[00a78023] DASM(00a78023)
C0:      22782 [1] pc=[0000000080002326] W[r14=00000000800225ff][1] R[r 2=00000000800225c0] R[r 0=0000000000000000] inst=[03f10713] DASM(03f10713)
C0:      22783 [1] pc=[000000008000232a] W[r15=000000000000000a][1] R[r 0=0000000000000000] R[r 0=0000000000000000] inst=[000047a9] DASM(000047a9)
C0:      22784 [1] pc=[000000008000232c] W[r14=00000000800225c0][1] R[r14=00000000800225ff] R[r 0=0000000000000000] inst=[fc077713] DASM(fc077713)
C0:      22785 [1] pc=[0000000080002330] W[r 0=0000000000000000][0] R[r10=0000000000000031] R[r15=000000000000000a] inst=[00f50963] DASM(00f50963)
C0:      22786 [1] pc=[0000000080002334] W[r15=0000000000000040][1] R[r 0=0000000000000000] R[r 0=0000000000000000] inst=[04000793] DASM(04000793)
C0:      22787 [1] pc=[0000000080002338] W[r 0=0000000000000000][0] R[r13=000000000000000f] R[r15=0000000000000040] inst=[00f68563] DASM(00f68563)
C0:      22788 [1] pc=[000000008000233c] W[r10=0000000000000000][1] R[r 0=0000000000000000] R[r 0=0000000000000000] inst=[00004501] DASM(00004501)
C0:      22789 [1] pc=[000000008000233e] W[r 2=0000000080022630][1] R[r 2=00000000800225c0] R[r 0=0000000000000000] inst=[00006165] DASM(00006165)
C0:      22790 [1] pc=[0000000080002340] W[r 0=0000000080002342][1] R[r 1=00000000800021c2] R[r 0=0000000000000000] inst=[00008082] DASM(00008082)
C0:      22791 [1] pc=[00000000800021c2] W[r 0=0000000000000000][0] R[r25=000000008002262c] R[r19=000000008002263c] inst=[ff3c94e3] DASM(ff3c94e3)
C0:      22796 [1] pc=[00000000800021aa] W[r15=0000000000000007][1] R[r19=000000008002263c] R[r 0=0000000000000000] inst=[0009a783] DASM(0009a783)
C0:      22797 [1] pc=[00000000800021ae] W[r10=0000000000000057][1] R[r 0=0000000000000000] R[r 0=0000000000000000] inst=[05700513] DASM(05700513)
C0:      22798 [1] pc=[00000000800021b2] W[r 0=0000000000000000][0] R[r24=0000000000000009] R[r15=0000000000000007] inst=[00fc6463] DASM(00fc6463)
C0:      22799 [1] pc=[00000000800021b6] W[r10=0000000000000030][1] R[r 0=0000000000000000] R[r 0=0000000000000000] inst=[03000513] DASM(03000513)
C0:      22800 [1] pc=[00000000800021ba] W[r19=0000000080022638][1] R[r19=000000008002263c] R[r 0=0000000000000000] inst=[000019f1] DASM(000019f1)
C0:      22801 [1] pc=[00000000800021bc] W[r11=0000000000000000][1] R[r 0=0000000000000000] R[r 9=0000000000000000] inst=[000085a6] DASM(000085a6)
C0:      22802 [1] pc=[00000000800021be] W[r10=0000000000000037][1] R[r10=0000000000000030] R[r15=0000000000000007] inst=[00009d3d] DASM(00009d3d)
C0:      22803 [1] pc=[00000000800021c0] W[r 1=00000000800021c2][1] R[r18=000000008000230e] R[r 0=0000000000000000] inst=[00009902] DASM(00009902)
C0:      22804 [1] pc=[000000008000230e] W[r16=000000000000000f][1] R[r 4=00000000800029c0] R[r 0=0000000000000000] inst=[04022803] DASM(04022803)
C0:      22805 [1] pc=[0000000080002312] W[r15=00000000800029c0][1] R[r 4=00000000800029c0] R[r 0=0000000000000000] inst=[00020793] DASM(00020793)
C0:      22806 [1] pc=[0000000080002316] W[r15=00000000800029cf][1] R[r15=00000000800029c0] R[r16=000000000000000f] inst=[000097c2] DASM(000097c2)
C0:      22807 [1] pc=[0000000080002318] W[r 2=00000000800225c0][1] R[r 2=0000000080022630] R[r 0=0000000000000000] inst=[00007159] DASM(00007159)
C0:      22808 [1] pc=[000000008000231a] W[r13=0000000000000010][1] R[r16=000000000000000f] R[r 0=0000000000000000] inst=[0018069b] DASM(0018069b)
C0:      22809 [1] pc=[000000008000231e] W[r 0=0000000000000000][0] R[r 4=00000000800029c0] R[r13=0000000000000010] inst=[04d22023] DASM(04d22023)
C0:      22810 [1] pc=[0000000080002322] W[r 0=0000000000000000][0] R[r15=00000000800029cf] R[r10=0000000000000037] inst=[00a78023] DASM(00a78023)
C0:      22811 [1] pc=[0000000080002326] W[r14=00000000800225ff][1] R[r 2=00000000800225c0] R[r 0=0000000000000000] inst=[03f10713] DASM(03f10713)
C0:      22812 [1] pc=[000000008000232a] W[r15=000000000000000a][1] R[r 0=0000000000000000] R[r 0=0000000000000000] inst=[000047a9] DASM(000047a9)
C0:      22813 [1] pc=[000000008000232c] W[r14=00000000800225c0][1] R[r14=00000000800225ff] R[r 0=0000000000000000] inst=[fc077713] DASM(fc077713)
C0:      22814 [1] pc=[0000000080002330] W[r 0=0000000000000000][0] R[r10=0000000000000037] R[r15=000000000000000a] inst=[00f50963] DASM(00f50963)
C0:      22815 [1] pc=[0000000080002334] W[r15=0000000000000040][1] R[r 0=0000000000000000] R[r 0=0000000000000000] inst=[04000793] DASM(04000793)
C0:      22816 [1] pc=[0000000080002338] W[r 0=0000000000000000][0] R[r13=0000000000000010] R[r15=0000000000000040] inst=[00f68563] DASM(00f68563)
C0:      22817 [1] pc=[000000008000233c] W[r10=0000000000000000][1] R[r 0=0000000000000000] R[r 0=0000000000000000] inst=[00004501] DASM(00004501)
C0:      22818 [1] pc=[000000008000233e] W[r 2=0000000080022630][1] R[r 2=00000000800225c0] R[r 0=0000000000000000] inst=[00006165] DASM(00006165)
C0:      22819 [1] pc=[0000000080002340] W[r 0=0000000080002342][1] R[r 1=00000000800021c2] R[r 0=0000000000000000] inst=[00008082] DASM(00008082)
C0:      22820 [1] pc=[00000000800021c2] W[r 0=0000000000000000][0] R[r25=000000008002262c] R[r19=0000000080022638] inst=[ff3c94e3] DASM(ff3c94e3)
C0:      22822 [1] pc=[00000000800021aa] W[r15=0000000000000008][1] R[r19=0000000080022638] R[r 0=0000000000000000] inst=[0009a783] DASM(0009a783)
C0:      22823 [1] pc=[00000000800021ae] W[r10=0000000000000057][1] R[r 0=0000000000000000] R[r 0=0000000000000000] inst=[05700513] DASM(05700513)
C0:      22824 [1] pc=[00000000800021b2] W[r 0=0000000000000000][0] R[r24=0000000000000009] R[r15=0000000000000008] inst=[00fc6463] DASM(00fc6463)
C0:      22825 [1] pc=[00000000800021b6] W[r10=0000000000000030][1] R[r 0=0000000000000000] R[r 0=0000000000000000] inst=[03000513] DASM(03000513)
C0:      22826 [1] pc=[00000000800021ba] W[r19=0000000080022634][1] R[r19=0000000080022638] R[r 0=0000000000000000] inst=[000019f1] DASM(000019f1)
C0:      22827 [1] pc=[00000000800021bc] W[r11=0000000000000000][1] R[r 0=0000000000000000] R[r 9=0000000000000000] inst=[000085a6] DASM(000085a6)
C0:      22828 [1] pc=[00000000800021be] W[r10=0000000000000038][1] R[r10=0000000000000030] R[r15=0000000000000008] inst=[00009d3d] DASM(00009d3d)
C0:      22829 [1] pc=[00000000800021c0] W[r 1=00000000800021c2][1] R[r18=000000008000230e] R[r 0=0000000000000000] inst=[00009902] DASM(00009902)
C0:      22830 [1] pc=[000000008000230e] W[r16=0000000000000010][1] R[r 4=00000000800029c0] R[r 0=0000000000000000] inst=[04022803] DASM(04022803)
C0:      22831 [1] pc=[0000000080002312] W[r15=00000000800029c0][1] R[r 4=00000000800029c0] R[r 0=0000000000000000] inst=[00020793] DASM(00020793)
C0:      22832 [1] pc=[0000000080002316] W[r15=00000000800029d0][1] R[r15=00000000800029c0] R[r16=0000000000000010] inst=[000097c2] DASM(000097c2)
C0:      22833 [1] pc=[0000000080002318] W[r 2=00000000800225c0][1] R[r 2=0000000080022630] R[r 0=0000000000000000] inst=[00007159] DASM(00007159)
C0:      22834 [1] pc=[000000008000231a] W[r13=0000000000000011][1] R[r16=0000000000000010] R[r 0=0000000000000000] inst=[0018069b] DASM(0018069b)
C0:      22835 [1] pc=[000000008000231e] W[r 0=0000000000000000][0] R[r 4=00000000800029c0] R[r13=0000000000000011] inst=[04d22023] DASM(04d22023)
C0:      22836 [1] pc=[0000000080002322] W[r 0=0000000000000000][0] R[r15=00000000800029d0] R[r10=0000000000000038] inst=[00a78023] DASM(00a78023)
C0:      22837 [1] pc=[0000000080002326] W[r14=00000000800225ff][1] R[r 2=00000000800225c0] R[r 0=0000000000000000] inst=[03f10713] DASM(03f10713)
C0:      22838 [1] pc=[000000008000232a] W[r15=000000000000000a][1] R[r 0=0000000000000000] R[r 0=0000000000000000] inst=[000047a9] DASM(000047a9)
C0:      22839 [1] pc=[000000008000232c] W[r14=00000000800225c0][1] R[r14=00000000800225ff] R[r 0=0000000000000000] inst=[fc077713] DASM(fc077713)
C0:      22840 [1] pc=[0000000080002330] W[r 0=0000000000000000][0] R[r10=0000000000000038] R[r15=000000000000000a] inst=[00f50963] DASM(00f50963)
C0:      22841 [1] pc=[0000000080002334] W[r15=0000000000000040][1] R[r 0=0000000000000000] R[r 0=0000000000000000] inst=[04000793] DASM(04000793)
C0:      22842 [1] pc=[0000000080002338] W[r 0=0000000000000000][0] R[r13=0000000000000011] R[r15=0000000000000040] inst=[00f68563] DASM(00f68563)
C0:      22843 [1] pc=[000000008000233c] W[r10=0000000000000000][1] R[r 0=0000000000000000] R[r 0=0000000000000000] inst=[00004501] DASM(00004501)
C0:      22844 [1] pc=[000000008000233e] W[r 2=0000000080022630][1] R[r 2=00000000800225c0] R[r 0=0000000000000000] inst=[00006165] DASM(00006165)
C0:      22845 [1] pc=[0000000080002340] W[r 0=0000000080002342][1] R[r 1=00000000800021c2] R[r 0=0000000000000000] inst=[00008082] DASM(00008082)
C0:      22846 [1] pc=[00000000800021c2] W[r 0=0000000000000000][0] R[r25=000000008002262c] R[r19=0000000080022634] inst=[ff3c94e3] DASM(ff3c94e3)
C0:      22848 [1] pc=[00000000800021aa] W[r15=0000000000000007][1] R[r19=0000000080022634] R[r 0=0000000000000000] inst=[0009a783] DASM(0009a783)
C0:      22849 [1] pc=[00000000800021ae] W[r10=0000000000000057][1] R[r 0=0000000000000000] R[r 0=0000000000000000] inst=[05700513] DASM(05700513)
C0:      22850 [1] pc=[00000000800021b2] W[r 0=0000000000000000][0] R[r24=0000000000000009] R[r15=0000000000000007] inst=[00fc6463] DASM(00fc6463)
C0:      22851 [1] pc=[00000000800021b6] W[r10=0000000000000030][1] R[r 0=0000000000000000] R[r 0=0000000000000000] inst=[03000513] DASM(03000513)
C0:      22852 [1] pc=[00000000800021ba] W[r19=0000000080022630][1] R[r19=0000000080022634] R[r 0=0000000000000000] inst=[000019f1] DASM(000019f1)
C0:      22853 [1] pc=[00000000800021bc] W[r11=0000000000000000][1] R[r 0=0000000000000000] R[r 9=0000000000000000] inst=[000085a6] DASM(000085a6)
C0:      22854 [1] pc=[00000000800021be] W[r10=0000000000000037][1] R[r10=0000000000000030] R[r15=0000000000000007] inst=[00009d3d] DASM(00009d3d)
C0:      22855 [1] pc=[00000000800021c0] W[r 1=00000000800021c2][1] R[r18=000000008000230e] R[r 0=0000000000000000] inst=[00009902] DASM(00009902)
C0:      22856 [1] pc=[000000008000230e] W[r16=0000000000000011][1] R[r 4=00000000800029c0] R[r 0=0000000000000000] inst=[04022803] DASM(04022803)
C0:      22857 [1] pc=[0000000080002312] W[r15=00000000800029c0][1] R[r 4=00000000800029c0] R[r 0=0000000000000000] inst=[00020793] DASM(00020793)
C0:      22858 [1] pc=[0000000080002316] W[r15=00000000800029d1][1] R[r15=00000000800029c0] R[r16=0000000000000011] inst=[000097c2] DASM(000097c2)
C0:      22859 [1] pc=[0000000080002318] W[r 2=00000000800225c0][1] R[r 2=0000000080022630] R[r 0=0000000000000000] inst=[00007159] DASM(00007159)
C0:      22860 [1] pc=[000000008000231a] W[r13=0000000000000012][1] R[r16=0000000000000011] R[r 0=0000000000000000] inst=[0018069b] DASM(0018069b)
C0:      22861 [1] pc=[000000008000231e] W[r 0=0000000000000000][0] R[r 4=00000000800029c0] R[r13=0000000000000012] inst=[04d22023] DASM(04d22023)
C0:      22862 [1] pc=[0000000080002322] W[r 0=0000000000000000][0] R[r15=00000000800029d1] R[r10=0000000000000037] inst=[00a78023] DASM(00a78023)
C0:      22863 [1] pc=[0000000080002326] W[r14=00000000800225ff][1] R[r 2=00000000800225c0] R[r 0=0000000000000000] inst=[03f10713] DASM(03f10713)
C0:      22864 [1] pc=[000000008000232a] W[r15=000000000000000a][1] R[r 0=0000000000000000] R[r 0=0000000000000000] inst=[000047a9] DASM(000047a9)
C0:      22865 [1] pc=[000000008000232c] W[r14=00000000800225c0][1] R[r14=00000000800225ff] R[r 0=0000000000000000] inst=[fc077713] DASM(fc077713)
C0:      22866 [1] pc=[0000000080002330] W[r 0=0000000000000000][0] R[r10=0000000000000037] R[r15=000000000000000a] inst=[00f50963] DASM(00f50963)
C0:      22867 [1] pc=[0000000080002334] W[r15=0000000000000040][1] R[r 0=0000000000000000] R[r 0=0000000000000000] inst=[04000793] DASM(04000793)
C0:      22868 [1] pc=[0000000080002338] W[r 0=0000000000000000][0] R[r13=0000000000000012] R[r15=0000000000000040] inst=[00f68563] DASM(00f68563)
C0:      22869 [1] pc=[000000008000233c] W[r10=0000000000000000][1] R[r 0=0000000000000000] R[r 0=0000000000000000] inst=[00004501] DASM(00004501)
C0:      22870 [1] pc=[000000008000233e] W[r 2=0000000080022630][1] R[r 2=00000000800225c0] R[r 0=0000000000000000] inst=[00006165] DASM(00006165)
C0:      22871 [1] pc=[0000000080002340] W[r 0=0000000080002342][1] R[r 1=00000000800021c2] R[r 0=0000000000000000] inst=[00008082] DASM(00008082)
C0:      22872 [1] pc=[00000000800021c2] W[r 0=0000000000000000][0] R[r25=000000008002262c] R[r19=0000000080022630] inst=[ff3c94e3] DASM(ff3c94e3)
C0:      22874 [1] pc=[00000000800021aa] W[r15=0000000000000005][1] R[r19=0000000080022630] R[r 0=0000000000000000] inst=[0009a783] DASM(0009a783)
C0:      22875 [1] pc=[00000000800021ae] W[r10=0000000000000057][1] R[r 0=0000000000000000] R[r 0=0000000000000000] inst=[05700513] DASM(05700513)
C0:      22876 [1] pc=[00000000800021b2] W[r 0=0000000000000000][0] R[r24=0000000000000009] R[r15=0000000000000005] inst=[00fc6463] DASM(00fc6463)
C0:      22877 [1] pc=[00000000800021b6] W[r10=0000000000000030][1] R[r 0=0000000000000000] R[r 0=0000000000000000] inst=[03000513] DASM(03000513)
C0:      22878 [1] pc=[00000000800021ba] W[r19=000000008002262c][1] R[r19=0000000080022630] R[r 0=0000000000000000] inst=[000019f1] DASM(000019f1)
C0:      22879 [1] pc=[00000000800021bc] W[r11=0000000000000000][1] R[r 0=0000000000000000] R[r 9=0000000000000000] inst=[000085a6] DASM(000085a6)
C0:      22880 [1] pc=[00000000800021be] W[r10=0000000000000035][1] R[r10=0000000000000030] R[r15=0000000000000005] inst=[00009d3d] DASM(00009d3d)
C0:      22881 [1] pc=[00000000800021c0] W[r 1=00000000800021c2][1] R[r18=000000008000230e] R[r 0=0000000000000000] inst=[00009902] DASM(00009902)
C0:      22882 [1] pc=[000000008000230e] W[r16=0000000000000012][1] R[r 4=00000000800029c0] R[r 0=0000000000000000] inst=[04022803] DASM(04022803)
C0:      22883 [1] pc=[0000000080002312] W[r15=00000000800029c0][1] R[r 4=00000000800029c0] R[r 0=0000000000000000] inst=[00020793] DASM(00020793)
C0:      22884 [1] pc=[0000000080002316] W[r15=00000000800029d2][1] R[r15=00000000800029c0] R[r16=0000000000000012] inst=[000097c2] DASM(000097c2)
C0:      22885 [1] pc=[0000000080002318] W[r 2=00000000800225c0][1] R[r 2=0000000080022630] R[r 0=0000000000000000] inst=[00007159] DASM(00007159)
C0:      22886 [1] pc=[000000008000231a] W[r13=0000000000000013][1] R[r16=0000000000000012] R[r 0=0000000000000000] inst=[0018069b] DASM(0018069b)
C0:      22887 [1] pc=[000000008000231e] W[r 0=0000000000000000][0] R[r 4=00000000800029c0] R[r13=0000000000000013] inst=[04d22023] DASM(04d22023)
C0:      22888 [1] pc=[0000000080002322] W[r 0=0000000000000000][0] R[r15=00000000800029d2] R[r10=0000000000000035] inst=[00a78023] DASM(00a78023)
C0:      22889 [1] pc=[0000000080002326] W[r14=00000000800225ff][1] R[r 2=00000000800225c0] R[r 0=0000000000000000] inst=[03f10713] DASM(03f10713)
C0:      22890 [1] pc=[000000008000232a] W[r15=000000000000000a][1] R[r 0=0000000000000000] R[r 0=0000000000000000] inst=[000047a9] DASM(000047a9)
C0:      22891 [1] pc=[000000008000232c] W[r14=00000000800225c0][1] R[r14=00000000800225ff] R[r 0=0000000000000000] inst=[fc077713] DASM(fc077713)
C0:      22892 [1] pc=[0000000080002330] W[r 0=0000000000000000][0] R[r10=0000000000000035] R[r15=000000000000000a] inst=[00f50963] DASM(00f50963)
C0:      22893 [1] pc=[0000000080002334] W[r15=0000000000000040][1] R[r 0=0000000000000000] R[r 0=0000000000000000] inst=[04000793] DASM(04000793)
C0:      22894 [1] pc=[0000000080002338] W[r 0=0000000000000000][0] R[r13=0000000000000013] R[r15=0000000000000040] inst=[00f68563] DASM(00f68563)
C0:      22895 [1] pc=[000000008000233c] W[r10=0000000000000000][1] R[r 0=0000000000000000] R[r 0=0000000000000000] inst=[00004501] DASM(00004501)
C0:      22896 [1] pc=[000000008000233e] W[r 2=0000000080022630][1] R[r 2=00000000800225c0] R[r 0=0000000000000000] inst=[00006165] DASM(00006165)
C0:      22897 [1] pc=[0000000080002340] W[r 0=0000000080002342][1] R[r 1=00000000800021c2] R[r 0=0000000000000000] inst=[00008082] DASM(00008082)
C0:      22898 [1] pc=[00000000800021c2] W[r 0=0000000000000000][0] R[r25=000000008002262c] R[r19=000000008002262c] inst=[ff3c94e3] DASM(ff3c94e3)
C0:      22902 [1] pc=[00000000800021c6] W[r 0=00000000800021c8][1] R[r 0=0000000000000000] R[r 0=0000000000000000] inst=[0000bd71] DASM(0000bd71)
C0:      22905 [1] pc=[0000000080002062] W[r10=000000000000000a][1] R[r 8=00000000800027e0] R[r 0=0000000000000000] inst=[00044503] DASM(00044503)
C0:      22908 [1] pc=[0000000080002066] W[r 0=0000000000000000][0] R[r10=000000000000000a] R[r20=0000000000000025] inst=[ff451ae3] DASM(ff451ae3)
C0:      22909 [1] pc=[000000008000205a] W[r 0=0000000000000000][0] R[r10=000000000000000a] R[r 0=0000000000000000] inst=[0000cd1d] DASM(0000cd1d)
C0:      22913 [1] pc=[000000008000205c] W[r11=0000000000000000][1] R[r 0=0000000000000000] R[r 9=0000000000000000] inst=[000085a6] DASM(000085a6)
C0:      22914 [1] pc=[000000008000205e] W[r 8=00000000800027e1][1] R[r 8=00000000800027e0] R[r 0=0000000000000000] inst=[00000405] DASM(00000405)
C0:      22915 [1] pc=[0000000080002060] W[r 1=0000000080002062][1] R[r18=000000008000230e] R[r 0=0000000000000000] inst=[00009902] DASM(00009902)
C0:      22916 [1] pc=[000000008000230e] W[r16=0000000000000013][1] R[r 4=00000000800029c0] R[r 0=0000000000000000] inst=[04022803] DASM(04022803)
C0:      22917 [1] pc=[0000000080002312] W[r15=00000000800029c0][1] R[r 4=00000000800029c0] R[r 0=0000000000000000] inst=[00020793] DASM(00020793)
C0:      22918 [1] pc=[0000000080002316] W[r15=00000000800029d3][1] R[r15=00000000800029c0] R[r16=0000000000000013] inst=[000097c2] DASM(000097c2)
C0:      22919 [1] pc=[0000000080002318] W[r 2=00000000800225c0][1] R[r 2=0000000080022630] R[r 0=0000000000000000] inst=[00007159] DASM(00007159)
C0:      22920 [1] pc=[000000008000231a] W[r13=0000000000000014][1] R[r16=0000000000000013] R[r 0=0000000000000000] inst=[0018069b] DASM(0018069b)
C0:      22921 [1] pc=[000000008000231e] W[r 0=0000000000000000][0] R[r 4=00000000800029c0] R[r13=0000000000000014] inst=[04d22023] DASM(04d22023)
C0:      22922 [1] pc=[0000000080002322] W[r 0=0000000000000000][0] R[r15=00000000800029d3] R[r10=000000000000000a] inst=[00a78023] DASM(00a78023)
C0:      22923 [1] pc=[0000000080002326] W[r14=00000000800225ff][1] R[r 2=00000000800225c0] R[r 0=0000000000000000] inst=[03f10713] DASM(03f10713)
C0:      22924 [1] pc=[000000008000232a] W[r15=000000000000000a][1] R[r 0=0000000000000000] R[r 0=0000000000000000] inst=[000047a9] DASM(000047a9)
C0:      22925 [1] pc=[000000008000232c] W[r14=00000000800225c0][1] R[r14=00000000800225ff] R[r 0=0000000000000000] inst=[fc077713] DASM(fc077713)
C0:      22926 [1] pc=[0000000080002330] W[r 0=0000000000000000][0] R[r10=000000000000000a] R[r15=000000000000000a] inst=[00f50963] DASM(00f50963)
C0:      22931 [1] pc=[0000000080002342] W[r15=0000000000000040][1] R[r 0=0000000000000000] R[r 0=0000000000000000] inst=[04000793] DASM(04000793)
C0:      22932 [1] pc=[0000000080002346] W[r 0=0000000000000000][0] R[r14=00000000800225c0] R[r15=0000000000000040] inst=[0000e31c] DASM(0000e31c)
C0:      22933 [1] pc=[0000000080002348] W[r15=0000000000000001][1] R[r 0=0000000000000000] R[r 0=0000000000000000] inst=[00004785] DASM(00004785)
C0:      22939 [1] pc=[000000008000234a] W[r 0=0000000000000000][0] R[r14=00000000800225c0] R[r15=0000000000000001] inst=[0000e71c] DASM(0000e71c)
C0:      22940 [1] pc=[000000008000234c] W[r12=00000000800029c0][1] R[r 4=00000000800029c0] R[r 0=0000000000000000] inst=[00020613] DASM(00020613)
C0:      22941 [1] pc=[0000000080002350] W[r 0=0000000000000000][0] R[r14=00000000800225c0] R[r12=00000000800029c0] inst=[0000eb10] DASM(0000eb10)
C0:      22942 [1] pc=[0000000080002352] W[r 0=0000000000000000][0] R[r14=00000000800225c0] R[r13=0000000000000014] inst=[0000ef14] DASM(0000ef14)
C0:      22943 [1] pc=[0000000080002354] W[r 0=0000000000000000][0] R[r 0=0000000000000000] R[r 0=0000000000000000] inst=[0ff0000f] DASM(0ff0000f)
C0:      22944 [1] pc=[0000000080002358] W[r13=0000000080001358][1] R[r 0=0000000000000000] R[r 0=0000000000000000] inst=[fffff697] DASM(fffff697)
C0:      22945 [1] pc=[000000008000235c] W[r13=0000000080001040][1] R[r13=0000000080001358] R[r 0=0000000000000000] inst=[ce868693] DASM(ce868693)
C0:      22946 [1] pc=[0000000080002360] W[r15=0000000080001360][1] R[r 0=0000000000000000] R[r 0=0000000000000000] inst=[fffff797] DASM(fffff797)
C0:      22959 [1] pc=[0000000080002364] W[r 0=0000000000000000][0] R[r15=0000000080001360] R[r14=00000000800225c0] inst=[cae7b023] DASM(cae7b023)
C0:      22960 [1] pc=[0000000080002368] W[r15=0000000000000000][1] R[r13=0000000080001040] R[r 0=0000000000000000] inst=[0000629c] DASM(0000629c)
C0:      22962 [1] pc=[000000008000236a] W[r 0=0000000000000000][0] R[r15=0000000000000000] R[r 0=0000000000000000] inst=[0000dffd] DASM(0000dffd)
C0:      22978 [1] pc=[0000000080002368] W[r15=0000000000000000][1] R[r13=0000000080001040] R[r 0=0000000000000000] inst=[0000629c] DASM(0000629c)
C0:      22980 [1] pc=[000000008000236a] W[r 0=0000000000000000][0] R[r15=0000000000000000] R[r 0=0000000000000000] inst=[0000dffd] DASM(0000dffd)
C0:      22981 [1] pc=[0000000080002368] W[r15=0000000000000000][1] R[r13=0000000080001040] R[r 0=0000000000000000] inst=[0000629c] DASM(0000629c)
C0:      22983 [1] pc=[000000008000236a] W[r 0=0000000000000000][0] R[r15=0000000000000000] R[r 0=0000000000000000] inst=[0000dffd] DASM(0000dffd)
C0:      22984 [1] pc=[0000000080002368] W[r15=0000000000000000][1] R[r13=0000000080001040] R[r 0=0000000000000000] inst=[0000629c] DASM(0000629c)
C0:      22986 [1] pc=[000000008000236a] W[r 0=0000000000000000][0] R[r15=0000000000000000] R[r 0=0000000000000000] inst=[0000dffd] DASM(0000dffd)
C0:      22990 [1] pc=[0000000080002368] W[r15=0000000000000000][1] R[r13=0000000080001040] R[r 0=0000000000000000] inst=[0000629c] DASM(0000629c)
C0:      22992 [1] pc=[000000008000236a] W[r 0=0000000000000000][0] R[r15=0000000000000000] R[r 0=0000000000000000] inst=[0000dffd] DASM(0000dffd)
C0:      22993 [1] pc=[0000000080002368] W[r15=0000000000000000][1] R[r13=0000000080001040] R[r 0=0000000000000000] inst=[0000629c] DASM(0000629c)
C0:      22995 [1] pc=[000000008000236a] W[r 0=0000000000000000][0] R[r15=0000000000000000] R[r 0=0000000000000000] inst=[0000dffd] DASM(0000dffd)
C0:      22996 [1] pc=[0000000080002368] W[r15=0000000000000000][1] R[r13=0000000080001040] R[r 0=0000000000000000] inst=[0000629c] DASM(0000629c)
C0:      22998 [1] pc=[000000008000236a] W[r 0=0000000000000000][0] R[r15=0000000000000000] R[r 0=0000000000000000] inst=[0000dffd] DASM(0000dffd)
C0:      22999 [1] pc=[0000000080002368] W[r15=0000000000000000][1] R[r13=0000000080001040] R[r 0=0000000000000000] inst=[0000629c] DASM(0000629c)
C0:      23001 [1] pc=[000000008000236a] W[r 0=0000000000000000][0] R[r15=0000000000000000] R[r 0=0000000000000000] inst=[0000dffd] DASM(0000dffd)
C0:      23005 [1] pc=[0000000080002368] W[r15=0000000000000000][1] R[r13=0000000080001040] R[r 0=0000000000000000] inst=[0000629c] DASM(0000629c)
C0:      23007 [1] pc=[000000008000236a] W[r 0=0000000000000000][0] R[r15=0000000000000000] R[r 0=0000000000000000] inst=[0000dffd] DASM(0000dffd)
C0:      23013 [1] pc=[0000000080002368] W[r15=0000000000000000][1] R[r13=0000000080001040] R[r 0=0000000000000000] inst=[0000629c] DASM(0000629c)
C0:      23015 [1] pc=[000000008000236a] W[r 0=0000000000000000][0] R[r15=0000000000000000] R[r 0=0000000000000000] inst=[0000dffd] DASM(0000dffd)
C0:      23016 [1] pc=[0000000080002368] W[r15=0000000000000000][1] R[r13=0000000080001040] R[r 0=0000000000000000] inst=[0000629c] DASM(0000629c)
C0:      23018 [1] pc=[000000008000236a] W[r 0=0000000000000000][0] R[r15=0000000000000000] R[r 0=0000000000000000] inst=[0000dffd] DASM(0000dffd)
C0:      23019 [1] pc=[0000000080002368] W[r15=0000000000000000][1] R[r13=0000000080001040] R[r 0=0000000000000000] inst=[0000629c] DASM(0000629c)
C0:      23021 [1] pc=[000000008000236a] W[r 0=0000000000000000][0] R[r15=0000000000000000] R[r 0=0000000000000000] inst=[0000dffd] DASM(0000dffd)
C0:      23022 [1] pc=[0000000080002368] W[r15=0000000000000000][1] R[r13=0000000080001040] R[r 0=0000000000000000] inst=[0000629c] DASM(0000629c)
C0:      23024 [1] pc=[000000008000236a] W[r 0=0000000000000000][0] R[r15=0000000000000000] R[r 0=0000000000000000] inst=[0000dffd] DASM(0000dffd)
C0:      23025 [1] pc=[0000000080002368] W[r15=0000000000000000][1] R[r13=0000000080001040] R[r 0=0000000000000000] inst=[0000629c] DASM(0000629c)
C0:      23027 [1] pc=[000000008000236a] W[r 0=0000000000000000][0] R[r15=0000000000000000] R[r 0=0000000000000000] inst=[0000dffd] DASM(0000dffd)
C0:      23028 [1] pc=[0000000080002368] W[r15=0000000000000000][1] R[r13=0000000080001040] R[r 0=0000000000000000] inst=[0000629c] DASM(0000629c)
C0:      23030 [1] pc=[000000008000236a] W[r 0=0000000000000000][0] R[r15=0000000000000000] R[r 0=0000000000000000] inst=[0000dffd] DASM(0000dffd)
C0:      23031 [1] pc=[0000000080002368] W[r15=0000000000000000][1] R[r13=0000000080001040] R[r 0=0000000000000000] inst=[0000629c] DASM(0000629c)
C0:      23033 [1] pc=[000000008000236a] W[r 0=0000000000000000][0] R[r15=0000000000000000] R[r 0=0000000000000000] inst=[0000dffd] DASM(0000dffd)
C0:      23034 [1] pc=[0000000080002368] W[r15=0000000000000000][1] R[r13=0000000080001040] R[r 0=0000000000000000] inst=[0000629c] DASM(0000629c)
C0:      23036 [1] pc=[000000008000236a] W[r 0=0000000000000000][0] R[r15=0000000000000000] R[r 0=0000000000000000] inst=[0000dffd] DASM(0000dffd)
C0:      23037 [1] pc=[0000000080002368] W[r15=0000000000000000][1] R[r13=0000000080001040] R[r 0=0000000000000000] inst=[0000629c] DASM(0000629c)
C0:      23039 [1] pc=[000000008000236a] W[r 0=0000000000000000][0] R[r15=0000000000000000] R[r 0=0000000000000000] inst=[0000dffd] DASM(0000dffd)
C0:      23040 [1] pc=[0000000080002368] W[r15=0000000000000000][1] R[r13=0000000080001040] R[r 0=0000000000000000] inst=[0000629c] DASM(0000629c)
C0:      23042 [1] pc=[000000008000236a] W[r 0=0000000000000000][0] R[r15=0000000000000000] R[r 0=0000000000000000] inst=[0000dffd] DASM(0000dffd)
C0:      23055 [1] pc=[0000000080002368] W[r15=0000000000000000][1] R[r13=0000000080001040] R[r 0=0000000000000000] inst=[0000629c] DASM(0000629c)
C0:      23057 [1] pc=[000000008000236a] W[r 0=0000000000000000][0] R[r15=0000000000000000] R[r 0=0000000000000000] inst=[0000dffd] DASM(0000dffd)
C0:      23058 [1] pc=[0000000080002368] W[r15=0000000000000000][1] R[r13=0000000080001040] R[r 0=0000000000000000] inst=[0000629c] DASM(0000629c)
C0:      23060 [1] pc=[000000008000236a] W[r 0=0000000000000000][0] R[r15=0000000000000000] R[r 0=0000000000000000] inst=[0000dffd] DASM(0000dffd)
C0:      23061 [1] pc=[0000000080002368] W[r15=0000000000000000][1] R[r13=0000000080001040] R[r 0=0000000000000000] inst=[0000629c] DASM(0000629c)
C0:      23063 [1] pc=[000000008000236a] W[r 0=0000000000000000][0] R[r15=0000000000000000] R[r 0=0000000000000000] inst=[0000dffd] DASM(0000dffd)
C0:      23064 [1] pc=[0000000080002368] W[r15=0000000000000000][1] R[r13=0000000080001040] R[r 0=0000000000000000] inst=[0000629c] DASM(0000629c)
C0:      23066 [1] pc=[000000008000236a] W[r 0=0000000000000000][0] R[r15=0000000000000000] R[r 0=0000000000000000] inst=[0000dffd] DASM(0000dffd)
C0:      23067 [1] pc=[0000000080002368] W[r15=0000000000000000][1] R[r13=0000000080001040] R[r 0=0000000000000000] inst=[0000629c] DASM(0000629c)
C0:      23069 [1] pc=[000000008000236a] W[r 0=0000000000000000][0] R[r15=0000000000000000] R[r 0=0000000000000000] inst=[0000dffd] DASM(0000dffd)
C0:      23070 [1] pc=[0000000080002368] W[r15=0000000000000000][1] R[r13=0000000080001040] R[r 0=0000000000000000] inst=[0000629c] DASM(0000629c)
C0:      23072 [1] pc=[000000008000236a] W[r 0=0000000000000000][0] R[r15=0000000000000000] R[r 0=0000000000000000] inst=[0000dffd] DASM(0000dffd)
C0:      23073 [1] pc=[0000000080002368] W[r15=0000000000000000][1] R[r13=0000000080001040] R[r 0=0000000000000000] inst=[0000629c] DASM(0000629c)
C0:      23075 [1] pc=[000000008000236a] W[r 0=0000000000000000][0] R[r15=0000000000000000] R[r 0=0000000000000000] inst=[0000dffd] DASM(0000dffd)
C0:      23076 [1] pc=[0000000080002368] W[r15=0000000000000000][1] R[r13=0000000080001040] R[r 0=0000000000000000] inst=[0000629c] DASM(0000629c)
C0:      23078 [1] pc=[000000008000236a] W[r 0=0000000000000000][0] R[r15=0000000000000000] R[r 0=0000000000000000] inst=[0000dffd] DASM(0000dffd)
C0:      23079 [1] pc=[0000000080002368] W[r15=0000000000000000][1] R[r13=0000000080001040] R[r 0=0000000000000000] inst=[0000629c] DASM(0000629c)
C0:      23081 [1] pc=[000000008000236a] W[r 0=0000000000000000][0] R[r15=0000000000000000] R[r 0=0000000000000000] inst=[0000dffd] DASM(0000dffd)
C0:      23082 [1] pc=[0000000080002368] W[r15=0000000000000000][1] R[r13=0000000080001040] R[r 0=0000000000000000] inst=[0000629c] DASM(0000629c)
C0:      23084 [1] pc=[000000008000236a] W[r 0=0000000000000000][0] R[r15=0000000000000000] R[r 0=0000000000000000] inst=[0000dffd] DASM(0000dffd)
C0:      23085 [1] pc=[0000000080002368] W[r15=0000000000000000][1] R[r13=0000000080001040] R[r 0=0000000000000000] inst=[0000629c] DASM(0000629c)
C0:      23087 [1] pc=[000000008000236a] W[r 0=0000000000000000][0] R[r15=0000000000000000] R[r 0=0000000000000000] inst=[0000dffd] DASM(0000dffd)
C0:      23088 [1] pc=[0000000080002368] W[r15=0000000000000000][1] R[r13=0000000080001040] R[r 0=0000000000000000] inst=[0000629c] DASM(0000629c)
C0:      23090 [1] pc=[000000008000236a] W[r 0=0000000000000000][0] R[r15=0000000000000000] R[r 0=0000000000000000] inst=[0000dffd] DASM(0000dffd)
C0:      23091 [1] pc=[0000000080002368] W[r15=0000000000000000][1] R[r13=0000000080001040] R[r 0=0000000000000000] inst=[0000629c] DASM(0000629c)
C0:      23093 [1] pc=[000000008000236a] W[r 0=0000000000000000][0] R[r15=0000000000000000] R[r 0=0000000000000000] inst=[0000dffd] DASM(0000dffd)
C0:      23094 [1] pc=[0000000080002368] W[r15=0000000000000000][1] R[r13=0000000080001040] R[r 0=0000000000000000] inst=[0000629c] DASM(0000629c)
C0:      23096 [1] pc=[000000008000236a] W[r 0=0000000000000000][0] R[r15=0000000000000000] R[r 0=0000000000000000] inst=[0000dffd] DASM(0000dffd)
C0:      23097 [1] pc=[0000000080002368] W[r15=0000000000000000][1] R[r13=0000000080001040] R[r 0=0000000000000000] inst=[0000629c] DASM(0000629c)
C0:      23099 [1] pc=[000000008000236a] W[r 0=0000000000000000][0] R[r15=0000000000000000] R[r 0=0000000000000000] inst=[0000dffd] DASM(0000dffd)
C0:      23100 [1] pc=[0000000080002368] W[r15=0000000000000000][1] R[r13=0000000080001040] R[r 0=0000000000000000] inst=[0000629c] DASM(0000629c)
C0:      23102 [1] pc=[000000008000236a] W[r 0=0000000000000000][0] R[r15=0000000000000000] R[r 0=0000000000000000] inst=[0000dffd] DASM(0000dffd)
C0:      23103 [1] pc=[0000000080002368] W[r15=0000000000000000][1] R[r13=0000000080001040] R[r 0=0000000000000000] inst=[0000629c] DASM(0000629c)
C0:      23105 [1] pc=[000000008000236a] W[r 0=0000000000000000][0] R[r15=0000000000000000] R[r 0=0000000000000000] inst=[0000dffd] DASM(0000dffd)
C0:      23106 [1] pc=[0000000080002368] W[r15=0000000000000000][1] R[r13=0000000080001040] R[r 0=0000000000000000] inst=[0000629c] DASM(0000629c)
C0:      23108 [1] pc=[000000008000236a] W[r 0=0000000000000000][0] R[r15=0000000000000000] R[r 0=0000000000000000] inst=[0000dffd] DASM(0000dffd)
C0:      23109 [1] pc=[0000000080002368] W[r15=0000000000000000][1] R[r13=0000000080001040] R[r 0=0000000000000000] inst=[0000629c] DASM(0000629c)
C0:      23111 [1] pc=[000000008000236a] W[r 0=0000000000000000][0] R[r15=0000000000000000] R[r 0=0000000000000000] inst=[0000dffd] DASM(0000dffd)
C0:      23112 [1] pc=[0000000080002368] W[r15=0000000000000000][1] R[r13=0000000080001040] R[r 0=0000000000000000] inst=[0000629c] DASM(0000629c)
C0:      23114 [1] pc=[000000008000236a] W[r 0=0000000000000000][0] R[r15=0000000000000000] R[r 0=0000000000000000] inst=[0000dffd] DASM(0000dffd)
C0:      23115 [1] pc=[0000000080002368] W[r15=0000000000000000][1] R[r13=0000000080001040] R[r 0=0000000000000000] inst=[0000629c] DASM(0000629c)
C0:      23117 [1] pc=[000000008000236a] W[r 0=0000000000000000][0] R[r15=0000000000000000] R[r 0=0000000000000000] inst=[0000dffd] DASM(0000dffd)
C0:      23118 [1] pc=[0000000080002368] W[r15=0000000000000000][1] R[r13=0000000080001040] R[r 0=0000000000000000] inst=[0000629c] DASM(0000629c)
C0:      23120 [1] pc=[000000008000236a] W[r 0=0000000000000000][0] R[r15=0000000000000000] R[r 0=0000000000000000] inst=[0000dffd] DASM(0000dffd)
C0:      23121 [1] pc=[0000000080002368] W[r15=0000000000000000][1] R[r13=0000000080001040] R[r 0=0000000000000000] inst=[0000629c] DASM(0000629c)
C0:      23123 [1] pc=[000000008000236a] W[r 0=0000000000000000][0] R[r15=0000000000000000] R[r 0=0000000000000000] inst=[0000dffd] DASM(0000dffd)
C0:      23124 [1] pc=[0000000080002368] W[r15=0000000000000000][1] R[r13=0000000080001040] R[r 0=0000000000000000] inst=[0000629c] DASM(0000629c)
C0:      23126 [1] pc=[000000008000236a] W[r 0=0000000000000000][0] R[r15=0000000000000000] R[r 0=0000000000000000] inst=[0000dffd] DASM(0000dffd)
C0:      23127 [1] pc=[0000000080002368] W[r15=0000000000000000][1] R[r13=0000000080001040] R[r 0=0000000000000000] inst=[0000629c] DASM(0000629c)
C0:      23129 [1] pc=[000000008000236a] W[r 0=0000000000000000][0] R[r15=0000000000000000] R[r 0=0000000000000000] inst=[0000dffd] DASM(0000dffd)
C0:      23130 [1] pc=[0000000080002368] W[r15=0000000000000000][1] R[r13=0000000080001040] R[r 0=0000000000000000] inst=[0000629c] DASM(0000629c)
C0:      23132 [1] pc=[000000008000236a] W[r 0=0000000000000000][0] R[r15=0000000000000000] R[r 0=0000000000000000] inst=[0000dffd] DASM(0000dffd)
C0:      23133 [1] pc=[0000000080002368] W[r15=0000000000000000][1] R[r13=0000000080001040] R[r 0=0000000000000000] inst=[0000629c] DASM(0000629c)
C0:      23135 [1] pc=[000000008000236a] W[r 0=0000000000000000][0] R[r15=0000000000000000] R[r 0=0000000000000000] inst=[0000dffd] DASM(0000dffd)
C0:      23136 [1] pc=[0000000080002368] W[r15=0000000000000000][1] R[r13=0000000080001040] R[r 0=0000000000000000] inst=[0000629c] DASM(0000629c)
C0:      23138 [1] pc=[000000008000236a] W[r 0=0000000000000000][0] R[r15=0000000000000000] R[r 0=0000000000000000] inst=[0000dffd] DASM(0000dffd)
C0:      23139 [1] pc=[0000000080002368] W[r15=0000000000000000][1] R[r13=0000000080001040] R[r 0=0000000000000000] inst=[0000629c] DASM(0000629c)
C0:      23141 [1] pc=[000000008000236a] W[r 0=0000000000000000][0] R[r15=0000000000000000] R[r 0=0000000000000000] inst=[0000dffd] DASM(0000dffd)
C0:      23142 [1] pc=[0000000080002368] W[r15=0000000000000000][1] R[r13=0000000080001040] R[r 0=0000000000000000] inst=[0000629c] DASM(0000629c)
C0:      23144 [1] pc=[000000008000236a] W[r 0=0000000000000000][0] R[r15=0000000000000000] R[r 0=0000000000000000] inst=[0000dffd] DASM(0000dffd)
C0:      23145 [1] pc=[0000000080002368] W[r15=0000000000000000][1] R[r13=0000000080001040] R[r 0=0000000000000000] inst=[0000629c] DASM(0000629c)
C0:      23147 [1] pc=[000000008000236a] W[r 0=0000000000000000][0] R[r15=0000000000000000] R[r 0=0000000000000000] inst=[0000dffd] DASM(0000dffd)
C0:      23148 [1] pc=[0000000080002368] W[r15=0000000000000000][1] R[r13=0000000080001040] R[r 0=0000000000000000] inst=[0000629c] DASM(0000629c)
C0:      23150 [1] pc=[000000008000236a] W[r 0=0000000000000000][0] R[r15=0000000000000000] R[r 0=0000000000000000] inst=[0000dffd] DASM(0000dffd)
C0:      23151 [1] pc=[0000000080002368] W[r15=0000000000000000][1] R[r13=0000000080001040] R[r 0=0000000000000000] inst=[0000629c] DASM(0000629c)
C0:      23153 [1] pc=[000000008000236a] W[r 0=0000000000000000][0] R[r15=0000000000000000] R[r 0=0000000000000000] inst=[0000dffd] DASM(0000dffd)
C0:      23154 [1] pc=[0000000080002368] W[r15=0000000000000000][1] R[r13=0000000080001040] R[r 0=0000000000000000] inst=[0000629c] DASM(0000629c)
C0:      23156 [1] pc=[000000008000236a] W[r 0=0000000000000000][0] R[r15=0000000000000000] R[r 0=0000000000000000] inst=[0000dffd] DASM(0000dffd)
C0:      23157 [1] pc=[0000000080002368] W[r15=0000000000000000][1] R[r13=0000000080001040] R[r 0=0000000000000000] inst=[0000629c] DASM(0000629c)
C0:      23159 [1] pc=[000000008000236a] W[r 0=0000000000000000][0] R[r15=0000000000000000] R[r 0=0000000000000000] inst=[0000dffd] DASM(0000dffd)
C0:      23160 [1] pc=[0000000080002368] W[r15=0000000000000000][1] R[r13=0000000080001040] R[r 0=0000000000000000] inst=[0000629c] DASM(0000629c)
C0:      23162 [1] pc=[000000008000236a] W[r 0=0000000000000000][0] R[r15=0000000000000000] R[r 0=0000000000000000] inst=[0000dffd] DASM(0000dffd)
C0:      23163 [1] pc=[0000000080002368] W[r15=0000000000000000][1] R[r13=0000000080001040] R[r 0=0000000000000000] inst=[0000629c] DASM(0000629c)
C0:      23165 [1] pc=[000000008000236a] W[r 0=0000000000000000][0] R[r15=0000000000000000] R[r 0=0000000000000000] inst=[0000dffd] DASM(0000dffd)
C0:      23166 [1] pc=[0000000080002368] W[r15=0000000000000000][1] R[r13=0000000080001040] R[r 0=0000000000000000] inst=[0000629c] DASM(0000629c)
C0:      23168 [1] pc=[000000008000236a] W[r 0=0000000000000000][0] R[r15=0000000000000000] R[r 0=0000000000000000] inst=[0000dffd] DASM(0000dffd)
C0:      23169 [1] pc=[0000000080002368] W[r15=0000000000000000][1] R[r13=0000000080001040] R[r 0=0000000000000000] inst=[0000629c] DASM(0000629c)
C0:      23171 [1] pc=[000000008000236a] W[r 0=0000000000000000][0] R[r15=0000000000000000] R[r 0=0000000000000000] inst=[0000dffd] DASM(0000dffd)
C0:      23172 [1] pc=[0000000080002368] W[r15=0000000000000000][1] R[r13=0000000080001040] R[r 0=0000000000000000] inst=[0000629c] DASM(0000629c)
C0:      23174 [1] pc=[000000008000236a] W[r 0=0000000000000000][0] R[r15=0000000000000000] R[r 0=0000000000000000] inst=[0000dffd] DASM(0000dffd)
C0:      23175 [1] pc=[0000000080002368] W[r15=0000000000000000][1] R[r13=0000000080001040] R[r 0=0000000000000000] inst=[0000629c] DASM(0000629c)
C0:      23177 [1] pc=[000000008000236a] W[r 0=0000000000000000][0] R[r15=0000000000000000] R[r 0=0000000000000000] inst=[0000dffd] DASM(0000dffd)
C0:      23178 [1] pc=[0000000080002368] W[r15=0000000000000000][1] R[r13=0000000080001040] R[r 0=0000000000000000] inst=[0000629c] DASM(0000629c)
C0:      23180 [1] pc=[000000008000236a] W[r 0=0000000000000000][0] R[r15=0000000000000000] R[r 0=0000000000000000] inst=[0000dffd] DASM(0000dffd)
C0:      23181 [1] pc=[0000000080002368] W[r15=0000000000000000][1] R[r13=0000000080001040] R[r 0=0000000000000000] inst=[0000629c] DASM(0000629c)
C0:      23183 [1] pc=[000000008000236a] W[r 0=0000000000000000][0] R[r15=0000000000000000] R[r 0=0000000000000000] inst=[0000dffd] DASM(0000dffd)
C0:      23184 [1] pc=[0000000080002368] W[r15=0000000000000000][1] R[r13=0000000080001040] R[r 0=0000000000000000] inst=[0000629c] DASM(0000629c)
C0:      23186 [1] pc=[000000008000236a] W[r 0=0000000000000000][0] R[r15=0000000000000000] R[r 0=0000000000000000] inst=[0000dffd] DASM(0000dffd)
C0:      23187 [1] pc=[0000000080002368] W[r15=0000000000000000][1] R[r13=0000000080001040] R[r 0=0000000000000000] inst=[0000629c] DASM(0000629c)
C0:      23189 [1] pc=[000000008000236a] W[r 0=0000000000000000][0] R[r15=0000000000000000] R[r 0=0000000000000000] inst=[0000dffd] DASM(0000dffd)
C0:      23190 [1] pc=[0000000080002368] W[r15=0000000000000000][1] R[r13=0000000080001040] R[r 0=0000000000000000] inst=[0000629c] DASM(0000629c)
C0:      23192 [1] pc=[000000008000236a] W[r 0=0000000000000000][0] R[r15=0000000000000000] R[r 0=0000000000000000] inst=[0000dffd] DASM(0000dffd)
C0:      23193 [1] pc=[0000000080002368] W[r15=0000000000000000][1] R[r13=0000000080001040] R[r 0=0000000000000000] inst=[0000629c] DASM(0000629c)
C0:      23195 [1] pc=[000000008000236a] W[r 0=0000000000000000][0] R[r15=0000000000000000] R[r 0=0000000000000000] inst=[0000dffd] DASM(0000dffd)
C0:      23196 [1] pc=[0000000080002368] W[r15=0000000000000000][1] R[r13=0000000080001040] R[r 0=0000000000000000] inst=[0000629c] DASM(0000629c)
C0:      23198 [1] pc=[000000008000236a] W[r 0=0000000000000000][0] R[r15=0000000000000000] R[r 0=0000000000000000] inst=[0000dffd] DASM(0000dffd)
C0:      23199 [1] pc=[0000000080002368] W[r15=0000000000000000][1] R[r13=0000000080001040] R[r 0=0000000000000000] inst=[0000629c] DASM(0000629c)
C0:      23201 [1] pc=[000000008000236a] W[r 0=0000000000000000][0] R[r15=0000000000000000] R[r 0=0000000000000000] inst=[0000dffd] DASM(0000dffd)
C0:      23202 [1] pc=[0000000080002368] W[r15=0000000000000000][1] R[r13=0000000080001040] R[r 0=0000000000000000] inst=[0000629c] DASM(0000629c)
C0:      23204 [1] pc=[000000008000236a] W[r 0=0000000000000000][0] R[r15=0000000000000000] R[r 0=0000000000000000] inst=[0000dffd] DASM(0000dffd)
C0:      23205 [1] pc=[0000000080002368] W[r15=0000000000000000][1] R[r13=0000000080001040] R[r 0=0000000000000000] inst=[0000629c] DASM(0000629c)
C0:      23207 [1] pc=[000000008000236a] W[r 0=0000000000000000][0] R[r15=0000000000000000] R[r 0=0000000000000000] inst=[0000dffd] DASM(0000dffd)
C0:      23208 [1] pc=[0000000080002368] W[r15=0000000000000000][1] R[r13=0000000080001040] R[r 0=0000000000000000] inst=[0000629c] DASM(0000629c)
C0:      23210 [1] pc=[000000008000236a] W[r 0=0000000000000000][0] R[r15=0000000000000000] R[r 0=0000000000000000] inst=[0000dffd] DASM(0000dffd)
C0:      23211 [1] pc=[0000000080002368] W[r15=0000000000000000][1] R[r13=0000000080001040] R[r 0=0000000000000000] inst=[0000629c] DASM(0000629c)
C0:      23213 [1] pc=[000000008000236a] W[r 0=0000000000000000][0] R[r15=0000000000000000] R[r 0=0000000000000000] inst=[0000dffd] DASM(0000dffd)
C0:      23214 [1] pc=[0000000080002368] W[r15=0000000000000000][1] R[r13=0000000080001040] R[r 0=0000000000000000] inst=[0000629c] DASM(0000629c)
C0:      23216 [1] pc=[000000008000236a] W[r 0=0000000000000000][0] R[r15=0000000000000000] R[r 0=0000000000000000] inst=[0000dffd] DASM(0000dffd)
C0:      23217 [1] pc=[0000000080002368] W[r15=0000000000000000][1] R[r13=0000000080001040] R[r 0=0000000000000000] inst=[0000629c] DASM(0000629c)
C0:      23219 [1] pc=[000000008000236a] W[r 0=0000000000000000][0] R[r15=0000000000000000] R[r 0=0000000000000000] inst=[0000dffd] DASM(0000dffd)
C0:      23220 [1] pc=[0000000080002368] W[r15=0000000000000000][1] R[r13=0000000080001040] R[r 0=0000000000000000] inst=[0000629c] DASM(0000629c)
C0:      23222 [1] pc=[000000008000236a] W[r 0=0000000000000000][0] R[r15=0000000000000000] R[r 0=0000000000000000] inst=[0000dffd] DASM(0000dffd)
C0:      23223 [1] pc=[0000000080002368] W[r15=0000000000000000][1] R[r13=0000000080001040] R[r 0=0000000000000000] inst=[0000629c] DASM(0000629c)
C0:      23225 [1] pc=[000000008000236a] W[r 0=0000000000000000][0] R[r15=0000000000000000] R[r 0=0000000000000000] inst=[0000dffd] DASM(0000dffd)
C0:      23226 [1] pc=[0000000080002368] W[r15=0000000000000000][1] R[r13=0000000080001040] R[r 0=0000000000000000] inst=[0000629c] DASM(0000629c)
C0:      23228 [1] pc=[000000008000236a] W[r 0=0000000000000000][0] R[r15=0000000000000000] R[r 0=0000000000000000] inst=[0000dffd] DASM(0000dffd)
C0:      23229 [1] pc=[0000000080002368] W[r15=0000000000000000][1] R[r13=0000000080001040] R[r 0=0000000000000000] inst=[0000629c] DASM(0000629c)
C0:      23231 [1] pc=[000000008000236a] W[r 0=0000000000000000][0] R[r15=0000000000000000] R[r 0=0000000000000000] inst=[0000dffd] DASM(0000dffd)
C0:      23232 [1] pc=[0000000080002368] W[r15=0000000000000000][1] R[r13=0000000080001040] R[r 0=0000000000000000] inst=[0000629c] DASM(0000629c)
C0:      23234 [1] pc=[000000008000236a] W[r 0=0000000000000000][0] R[r15=0000000000000000] R[r 0=0000000000000000] inst=[0000dffd] DASM(0000dffd)
C0:      23235 [1] pc=[0000000080002368] W[r15=0000000000000000][1] R[r13=0000000080001040] R[r 0=0000000000000000] inst=[0000629c] DASM(0000629c)
C0:      23237 [1] pc=[000000008000236a] W[r 0=0000000000000000][0] R[r15=0000000000000000] R[r 0=0000000000000000] inst=[0000dffd] DASM(0000dffd)
C0:      23238 [1] pc=[0000000080002368] W[r15=0000000000000000][1] R[r13=0000000080001040] R[r 0=0000000000000000] inst=[0000629c] DASM(0000629c)
C0:      23240 [1] pc=[000000008000236a] W[r 0=0000000000000000][0] R[r15=0000000000000000] R[r 0=0000000000000000] inst=[0000dffd] DASM(0000dffd)
C0:      23241 [1] pc=[0000000080002368] W[r15=0000000000000000][1] R[r13=0000000080001040] R[r 0=0000000000000000] inst=[0000629c] DASM(0000629c)
C0:      23243 [1] pc=[000000008000236a] W[r 0=0000000000000000][0] R[r15=0000000000000000] R[r 0=0000000000000000] inst=[0000dffd] DASM(0000dffd)
C0:      23244 [1] pc=[0000000080002368] W[r15=0000000000000000][1] R[r13=0000000080001040] R[r 0=0000000000000000] inst=[0000629c] DASM(0000629c)
C0:      23246 [1] pc=[000000008000236a] W[r 0=0000000000000000][0] R[r15=0000000000000000] R[r 0=0000000000000000] inst=[0000dffd] DASM(0000dffd)
C0:      23247 [1] pc=[0000000080002368] W[r15=0000000000000000][1] R[r13=0000000080001040] R[r 0=0000000000000000] inst=[0000629c] DASM(0000629c)
C0:      23249 [1] pc=[000000008000236a] W[r 0=0000000000000000][0] R[r15=0000000000000000] R[r 0=0000000000000000] inst=[0000dffd] DASM(0000dffd)
C0:      23250 [1] pc=[0000000080002368] W[r15=0000000000000000][1] R[r13=0000000080001040] R[r 0=0000000000000000] inst=[0000629c] DASM(0000629c)
C0:      23252 [1] pc=[000000008000236a] W[r 0=0000000000000000][0] R[r15=0000000000000000] R[r 0=0000000000000000] inst=[0000dffd] DASM(0000dffd)
C0:      23253 [1] pc=[0000000080002368] W[r15=0000000000000000][1] R[r13=0000000080001040] R[r 0=0000000000000000] inst=[0000629c] DASM(0000629c)
C0:      23255 [1] pc=[000000008000236a] W[r 0=0000000000000000][0] R[r15=0000000000000000] R[r 0=0000000000000000] inst=[0000dffd] DASM(0000dffd)
C0:      23256 [1] pc=[0000000080002368] W[r15=0000000000000000][1] R[r13=0000000080001040] R[r 0=0000000000000000] inst=[0000629c] DASM(0000629c)
C0:      23258 [1] pc=[000000008000236a] W[r 0=0000000000000000][0] R[r15=0000000000000000] R[r 0=0000000000000000] inst=[0000dffd] DASM(0000dffd)
C0:      23259 [1] pc=[0000000080002368] W[r15=0000000000000000][1] R[r13=0000000080001040] R[r 0=0000000000000000] inst=[0000629c] DASM(0000629c)
C0:      23261 [1] pc=[000000008000236a] W[r 0=0000000000000000][0] R[r15=0000000000000000] R[r 0=0000000000000000] inst=[0000dffd] DASM(0000dffd)
C0:      23262 [1] pc=[0000000080002368] W[r15=0000000000000000][1] R[r13=0000000080001040] R[r 0=0000000000000000] inst=[0000629c] DASM(0000629c)
C0:      23264 [1] pc=[000000008000236a] W[r 0=0000000000000000][0] R[r15=0000000000000000] R[r 0=0000000000000000] inst=[0000dffd] DASM(0000dffd)
C0:      23265 [1] pc=[0000000080002368] W[r15=0000000000000000][1] R[r13=0000000080001040] R[r 0=0000000000000000] inst=[0000629c] DASM(0000629c)
C0:      23267 [1] pc=[000000008000236a] W[r 0=0000000000000000][0] R[r15=0000000000000000] R[r 0=0000000000000000] inst=[0000dffd] DASM(0000dffd)
C0:      23268 [1] pc=[0000000080002368] W[r15=0000000000000000][1] R[r13=0000000080001040] R[r 0=0000000000000000] inst=[0000629c] DASM(0000629c)
C0:      23270 [1] pc=[000000008000236a] W[r 0=0000000000000000][0] R[r15=0000000000000000] R[r 0=0000000000000000] inst=[0000dffd] DASM(0000dffd)
C0:      23271 [1] pc=[0000000080002368] W[r15=0000000000000000][1] R[r13=0000000080001040] R[r 0=0000000000000000] inst=[0000629c] DASM(0000629c)
C0:      23273 [1] pc=[000000008000236a] W[r 0=0000000000000000][0] R[r15=0000000000000000] R[r 0=0000000000000000] inst=[0000dffd] DASM(0000dffd)
C0:      23274 [1] pc=[0000000080002368] W[r15=0000000000000000][1] R[r13=0000000080001040] R[r 0=0000000000000000] inst=[0000629c] DASM(0000629c)
C0:      23276 [1] pc=[000000008000236a] W[r 0=0000000000000000][0] R[r15=0000000000000000] R[r 0=0000000000000000] inst=[0000dffd] DASM(0000dffd)
C0:      23277 [1] pc=[0000000080002368] W[r15=0000000000000000][1] R[r13=0000000080001040] R[r 0=0000000000000000] inst=[0000629c] DASM(0000629c)
C0:      23279 [1] pc=[000000008000236a] W[r 0=0000000000000000][0] R[r15=0000000000000000] R[r 0=0000000000000000] inst=[0000dffd] DASM(0000dffd)
C0:      23292 [1] pc=[0000000080002368] W[r15=0000000000000000][1] R[r13=0000000080001040] R[r 0=0000000000000000] inst=[0000629c] DASM(0000629c)
C0:      23294 [1] pc=[000000008000236a] W[r 0=0000000000000000][0] R[r15=0000000000000000] R[r 0=0000000000000000] inst=[0000dffd] DASM(0000dffd)
C0:      23295 [1] pc=[0000000080002368] W[r15=0000000000000000][1] R[r13=0000000080001040] R[r 0=0000000000000000] inst=[0000629c] DASM(0000629c)
C0:      23297 [1] pc=[000000008000236a] W[r 0=0000000000000000][0] R[r15=0000000000000000] R[r 0=0000000000000000] inst=[0000dffd] DASM(0000dffd)
C0:      23298 [1] pc=[0000000080002368] W[r15=0000000000000000][1] R[r13=0000000080001040] R[r 0=0000000000000000] inst=[0000629c] DASM(0000629c)
C0:      23300 [1] pc=[000000008000236a] W[r 0=0000000000000000][0] R[r15=0000000000000000] R[r 0=0000000000000000] inst=[0000dffd] DASM(0000dffd)
C0:      23301 [1] pc=[0000000080002368] W[r15=0000000000000000][1] R[r13=0000000080001040] R[r 0=0000000000000000] inst=[0000629c] DASM(0000629c)
C0:      23303 [1] pc=[000000008000236a] W[r 0=0000000000000000][0] R[r15=0000000000000000] R[r 0=0000000000000000] inst=[0000dffd] DASM(0000dffd)
C0:      23304 [1] pc=[0000000080002368] W[r15=0000000000000000][1] R[r13=0000000080001040] R[r 0=0000000000000000] inst=[0000629c] DASM(0000629c)
C0:      23306 [1] pc=[000000008000236a] W[r 0=0000000000000000][0] R[r15=0000000000000000] R[r 0=0000000000000000] inst=[0000dffd] DASM(0000dffd)
C0:      23307 [1] pc=[0000000080002368] W[r15=0000000000000000][1] R[r13=0000000080001040] R[r 0=0000000000000000] inst=[0000629c] DASM(0000629c)
C0:      23309 [1] pc=[000000008000236a] W[r 0=0000000000000000][0] R[r15=0000000000000000] R[r 0=0000000000000000] inst=[0000dffd] DASM(0000dffd)
C0:      23310 [1] pc=[0000000080002368] W[r15=0000000000000000][1] R[r13=0000000080001040] R[r 0=0000000000000000] inst=[0000629c] DASM(0000629c)
C0:      23312 [1] pc=[000000008000236a] W[r 0=0000000000000000][0] R[r15=0000000000000000] R[r 0=0000000000000000] inst=[0000dffd] DASM(0000dffd)
C0:      23313 [1] pc=[0000000080002368] W[r15=0000000000000000][1] R[r13=0000000080001040] R[r 0=0000000000000000] inst=[0000629c] DASM(0000629c)
C0:      23315 [1] pc=[000000008000236a] W[r 0=0000000000000000][0] R[r15=0000000000000000] R[r 0=0000000000000000] inst=[0000dffd] DASM(0000dffd)
C0:      23316 [1] pc=[0000000080002368] W[r15=0000000000000000][1] R[r13=0000000080001040] R[r 0=0000000000000000] inst=[0000629c] DASM(0000629c)
C0:      23318 [1] pc=[000000008000236a] W[r 0=0000000000000000][0] R[r15=0000000000000000] R[r 0=0000000000000000] inst=[0000dffd] DASM(0000dffd)
C0:      23319 [1] pc=[0000000080002368] W[r15=0000000000000000][1] R[r13=0000000080001040] R[r 0=0000000000000000] inst=[0000629c] DASM(0000629c)
C0:      23321 [1] pc=[000000008000236a] W[r 0=0000000000000000][0] R[r15=0000000000000000] R[r 0=0000000000000000] inst=[0000dffd] DASM(0000dffd)
C0:      23322 [1] pc=[0000000080002368] W[r15=0000000000000000][1] R[r13=0000000080001040] R[r 0=0000000000000000] inst=[0000629c] DASM(0000629c)
C0:      23324 [1] pc=[000000008000236a] W[r 0=0000000000000000][0] R[r15=0000000000000000] R[r 0=0000000000000000] inst=[0000dffd] DASM(0000dffd)
C0:      23325 [1] pc=[0000000080002368] W[r15=0000000000000000][1] R[r13=0000000080001040] R[r 0=0000000000000000] inst=[0000629c] DASM(0000629c)
C0:      23327 [1] pc=[000000008000236a] W[r 0=0000000000000000][0] R[r15=0000000000000000] R[r 0=0000000000000000] inst=[0000dffd] DASM(0000dffd)
C0:      23328 [1] pc=[0000000080002368] W[r15=0000000000000000][1] R[r13=0000000080001040] R[r 0=0000000000000000] inst=[0000629c] DASM(0000629c)
C0:      23330 [1] pc=[000000008000236a] W[r 0=0000000000000000][0] R[r15=0000000000000000] R[r 0=0000000000000000] inst=[0000dffd] DASM(0000dffd)
C0:      23331 [1] pc=[0000000080002368] W[r15=0000000000000000][1] R[r13=0000000080001040] R[r 0=0000000000000000] inst=[0000629c] DASM(0000629c)
C0:      23333 [1] pc=[000000008000236a] W[r 0=0000000000000000][0] R[r15=0000000000000000] R[r 0=0000000000000000] inst=[0000dffd] DASM(0000dffd)
C0:      23334 [1] pc=[0000000080002368] W[r15=0000000000000000][1] R[r13=0000000080001040] R[r 0=0000000000000000] inst=[0000629c] DASM(0000629c)
C0:      23336 [1] pc=[000000008000236a] W[r 0=0000000000000000][0] R[r15=0000000000000000] R[r 0=0000000000000000] inst=[0000dffd] DASM(0000dffd)
C0:      23337 [1] pc=[0000000080002368] W[r15=0000000000000000][1] R[r13=0000000080001040] R[r 0=0000000000000000] inst=[0000629c] DASM(0000629c)
C0:      23339 [1] pc=[000000008000236a] W[r 0=0000000000000000][0] R[r15=0000000000000000] R[r 0=0000000000000000] inst=[0000dffd] DASM(0000dffd)
C0:      23340 [1] pc=[0000000080002368] W[r15=0000000000000000][1] R[r13=0000000080001040] R[r 0=0000000000000000] inst=[0000629c] DASM(0000629c)
C0:      23342 [1] pc=[000000008000236a] W[r 0=0000000000000000][0] R[r15=0000000000000000] R[r 0=0000000000000000] inst=[0000dffd] DASM(0000dffd)
C0:      23343 [1] pc=[0000000080002368] W[r15=0000000000000000][1] R[r13=0000000080001040] R[r 0=0000000000000000] inst=[0000629c] DASM(0000629c)
C0:      23345 [1] pc=[000000008000236a] W[r 0=0000000000000000][0] R[r15=0000000000000000] R[r 0=0000000000000000] inst=[0000dffd] DASM(0000dffd)
C0:      23346 [1] pc=[0000000080002368] W[r15=0000000000000000][1] R[r13=0000000080001040] R[r 0=0000000000000000] inst=[0000629c] DASM(0000629c)
C0:      23348 [1] pc=[000000008000236a] W[r 0=0000000000000000][0] R[r15=0000000000000000] R[r 0=0000000000000000] inst=[0000dffd] DASM(0000dffd)
C0:      23349 [1] pc=[0000000080002368] W[r15=0000000000000000][1] R[r13=0000000080001040] R[r 0=0000000000000000] inst=[0000629c] DASM(0000629c)
C0:      23351 [1] pc=[000000008000236a] W[r 0=0000000000000000][0] R[r15=0000000000000000] R[r 0=0000000000000000] inst=[0000dffd] DASM(0000dffd)
C0:      23352 [1] pc=[0000000080002368] W[r15=0000000000000000][1] R[r13=0000000080001040] R[r 0=0000000000000000] inst=[0000629c] DASM(0000629c)
C0:      23354 [1] pc=[000000008000236a] W[r 0=0000000000000000][0] R[r15=0000000000000000] R[r 0=0000000000000000] inst=[0000dffd] DASM(0000dffd)
C0:      23355 [1] pc=[0000000080002368] W[r15=0000000000000000][1] R[r13=0000000080001040] R[r 0=0000000000000000] inst=[0000629c] DASM(0000629c)
Cycles taken: 17875
C0:      23357 [1] pc=[000000008000236a] W[r 0=0000000000000000][0] R[r15=0000000000000000] R[r 0=0000000000000000] inst=[0000dffd] DASM(0000dffd)
C0:      23358 [1] pc=[0000000080002368] W[r15=0000000000000000][1] R[r13=0000000080001040] R[r 0=0000000000000000] inst=[0000629c] DASM(0000629c)
C0:      23360 [1] pc=[000000008000236a] W[r 0=0000000000000000][0] R[r15=0000000000000000] R[r 0=0000000000000000] inst=[0000dffd] DASM(0000dffd)
C0:      23361 [1] pc=[0000000080002368] W[r15=0000000000000000][1] R[r13=0000000080001040] R[r 0=0000000000000000] inst=[0000629c] DASM(0000629c)
C0:      23363 [1] pc=[000000008000236a] W[r 0=0000000000000000][0] R[r15=0000000000000000] R[r 0=0000000000000000] inst=[0000dffd] DASM(0000dffd)
C0:      23364 [1] pc=[0000000080002368] W[r15=0000000000000000][1] R[r13=0000000080001040] R[r 0=0000000000000000] inst=[0000629c] DASM(0000629c)
C0:      23366 [1] pc=[000000008000236a] W[r 0=0000000000000000][0] R[r15=0000000000000000] R[r 0=0000000000000000] inst=[0000dffd] DASM(0000dffd)
C0:      23367 [1] pc=[0000000080002368] W[r15=0000000000000000][1] R[r13=0000000080001040] R[r 0=0000000000000000] inst=[0000629c] DASM(0000629c)
C0:      23369 [1] pc=[000000008000236a] W[r 0=0000000000000000][0] R[r15=0000000000000000] R[r 0=0000000000000000] inst=[0000dffd] DASM(0000dffd)
C0:      23370 [1] pc=[0000000080002368] W[r15=0000000000000000][1] R[r13=0000000080001040] R[r 0=0000000000000000] inst=[0000629c] DASM(0000629c)
C0:      23372 [1] pc=[000000008000236a] W[r 0=0000000000000000][0] R[r15=0000000000000000] R[r 0=0000000000000000] inst=[0000dffd] DASM(0000dffd)
C0:      23373 [1] pc=[0000000080002368] W[r15=0000000000000000][1] R[r13=0000000080001040] R[r 0=0000000000000000] inst=[0000629c] DASM(0000629c)
C0:      23375 [1] pc=[000000008000236a] W[r 0=0000000000000000][0] R[r15=0000000000000000] R[r 0=0000000000000000] inst=[0000dffd] DASM(0000dffd)
C0:      23381 [1] pc=[0000000080002368] W[r15=0000000000000000][1] R[r13=0000000080001040] R[r 0=0000000000000000] inst=[0000629c] DASM(0000629c)
C0:      23383 [1] pc=[000000008000236a] W[r 0=0000000000000000][0] R[r15=0000000000000000] R[r 0=0000000000000000] inst=[0000dffd] DASM(0000dffd)
C0:      23384 [1] pc=[0000000080002368] W[r15=0000000000000000][1] R[r13=0000000080001040] R[r 0=0000000000000000] inst=[0000629c] DASM(0000629c)
C0:      23386 [1] pc=[000000008000236a] W[r 0=0000000000000000][0] R[r15=0000000000000000] R[r 0=0000000000000000] inst=[0000dffd] DASM(0000dffd)
C0:      23387 [1] pc=[0000000080002368] W[r15=0000000000000000][1] R[r13=0000000080001040] R[r 0=0000000000000000] inst=[0000629c] DASM(0000629c)
C0:      23389 [1] pc=[000000008000236a] W[r 0=0000000000000000][0] R[r15=0000000000000000] R[r 0=0000000000000000] inst=[0000dffd] DASM(0000dffd)
C0:      23390 [1] pc=[0000000080002368] W[r15=0000000000000000][1] R[r13=0000000080001040] R[r 0=0000000000000000] inst=[0000629c] DASM(0000629c)
C0:      23392 [1] pc=[000000008000236a] W[r 0=0000000000000000][0] R[r15=0000000000000000] R[r 0=0000000000000000] inst=[0000dffd] DASM(0000dffd)
C0:      23393 [1] pc=[0000000080002368] W[r15=0000000000000000][1] R[r13=0000000080001040] R[r 0=0000000000000000] inst=[0000629c] DASM(0000629c)
C0:      23395 [1] pc=[000000008000236a] W[r 0=0000000000000000][0] R[r15=0000000000000000] R[r 0=0000000000000000] inst=[0000dffd] DASM(0000dffd)
C0:      23396 [1] pc=[0000000080002368] W[r15=0000000000000000][1] R[r13=0000000080001040] R[r 0=0000000000000000] inst=[0000629c] DASM(0000629c)
C0:      23398 [1] pc=[000000008000236a] W[r 0=0000000000000000][0] R[r15=0000000000000000] R[r 0=0000000000000000] inst=[0000dffd] DASM(0000dffd)
C0:      23399 [1] pc=[0000000080002368] W[r15=0000000000000000][1] R[r13=0000000080001040] R[r 0=0000000000000000] inst=[0000629c] DASM(0000629c)
C0:      23401 [1] pc=[000000008000236a] W[r 0=0000000000000000][0] R[r15=0000000000000000] R[r 0=0000000000000000] inst=[0000dffd] DASM(0000dffd)
C0:      23402 [1] pc=[0000000080002368] W[r15=0000000000000000][1] R[r13=0000000080001040] R[r 0=0000000000000000] inst=[0000629c] DASM(0000629c)
C0:      23404 [1] pc=[000000008000236a] W[r 0=0000000000000000][0] R[r15=0000000000000000] R[r 0=0000000000000000] inst=[0000dffd] DASM(0000dffd)
C0:      23405 [1] pc=[0000000080002368] W[r15=0000000000000000][1] R[r13=0000000080001040] R[r 0=0000000000000000] inst=[0000629c] DASM(0000629c)
C0:      23407 [1] pc=[000000008000236a] W[r 0=0000000000000000][0] R[r15=0000000000000000] R[r 0=0000000000000000] inst=[0000dffd] DASM(0000dffd)
C0:      23408 [1] pc=[0000000080002368] W[r15=0000000000000000][1] R[r13=0000000080001040] R[r 0=0000000000000000] inst=[0000629c] DASM(0000629c)
C0:      23410 [1] pc=[000000008000236a] W[r 0=0000000000000000][0] R[r15=0000000000000000] R[r 0=0000000000000000] inst=[0000dffd] DASM(0000dffd)
C0:      23411 [1] pc=[0000000080002368] W[r15=0000000000000000][1] R[r13=0000000080001040] R[r 0=0000000000000000] inst=[0000629c] DASM(0000629c)
C0:      23413 [1] pc=[000000008000236a] W[r 0=0000000000000000][0] R[r15=0000000000000000] R[r 0=0000000000000000] inst=[0000dffd] DASM(0000dffd)
C0:      23414 [1] pc=[0000000080002368] W[r15=0000000000000000][1] R[r13=0000000080001040] R[r 0=0000000000000000] inst=[0000629c] DASM(0000629c)
C0:      23416 [1] pc=[000000008000236a] W[r 0=0000000000000000][0] R[r15=0000000000000000] R[r 0=0000000000000000] inst=[0000dffd] DASM(0000dffd)
C0:      23417 [1] pc=[0000000080002368] W[r15=0000000000000000][1] R[r13=0000000080001040] R[r 0=0000000000000000] inst=[0000629c] DASM(0000629c)
C0:      23419 [1] pc=[000000008000236a] W[r 0=0000000000000000][0] R[r15=0000000000000000] R[r 0=0000000000000000] inst=[0000dffd] DASM(0000dffd)
C0:      23420 [1] pc=[0000000080002368] W[r15=0000000000000000][1] R[r13=0000000080001040] R[r 0=0000000000000000] inst=[0000629c] DASM(0000629c)
C0:      23422 [1] pc=[000000008000236a] W[r 0=0000000000000000][0] R[r15=0000000000000000] R[r 0=0000000000000000] inst=[0000dffd] DASM(0000dffd)
C0:      23423 [1] pc=[0000000080002368] W[r15=0000000000000000][1] R[r13=0000000080001040] R[r 0=0000000000000000] inst=[0000629c] DASM(0000629c)
C0:      23425 [1] pc=[000000008000236a] W[r 0=0000000000000000][0] R[r15=0000000000000000] R[r 0=0000000000000000] inst=[0000dffd] DASM(0000dffd)
C0:      23426 [1] pc=[0000000080002368] W[r15=0000000000000000][1] R[r13=0000000080001040] R[r 0=0000000000000000] inst=[0000629c] DASM(0000629c)
C0:      23428 [1] pc=[000000008000236a] W[r 0=0000000000000000][0] R[r15=0000000000000000] R[r 0=0000000000000000] inst=[0000dffd] DASM(0000dffd)
C0:      23429 [1] pc=[0000000080002368] W[r15=0000000000000000][1] R[r13=0000000080001040] R[r 0=0000000000000000] inst=[0000629c] DASM(0000629c)
C0:      23431 [1] pc=[000000008000236a] W[r 0=0000000000000000][0] R[r15=0000000000000000] R[r 0=0000000000000000] inst=[0000dffd] DASM(0000dffd)
C0:      23432 [1] pc=[0000000080002368] W[r15=0000000000000000][1] R[r13=0000000080001040] R[r 0=0000000000000000] inst=[0000629c] DASM(0000629c)
C0:      23434 [1] pc=[000000008000236a] W[r 0=0000000000000000][0] R[r15=0000000000000000] R[r 0=0000000000000000] inst=[0000dffd] DASM(0000dffd)
C0:      23435 [1] pc=[0000000080002368] W[r15=0000000000000000][1] R[r13=0000000080001040] R[r 0=0000000000000000] inst=[0000629c] DASM(0000629c)
C0:      23437 [1] pc=[000000008000236a] W[r 0=0000000000000000][0] R[r15=0000000000000000] R[r 0=0000000000000000] inst=[0000dffd] DASM(0000dffd)
C0:      23438 [1] pc=[0000000080002368] W[r15=0000000000000000][1] R[r13=0000000080001040] R[r 0=0000000000000000] inst=[0000629c] DASM(0000629c)
C0:      23440 [1] pc=[000000008000236a] W[r 0=0000000000000000][0] R[r15=0000000000000000] R[r 0=0000000000000000] inst=[0000dffd] DASM(0000dffd)
C0:      23441 [1] pc=[0000000080002368] W[r15=0000000000000000][1] R[r13=0000000080001040] R[r 0=0000000000000000] inst=[0000629c] DASM(0000629c)
C0:      23443 [1] pc=[000000008000236a] W[r 0=0000000000000000][0] R[r15=0000000000000000] R[r 0=0000000000000000] inst=[0000dffd] DASM(0000dffd)
C0:      23444 [1] pc=[0000000080002368] W[r15=0000000000000000][1] R[r13=0000000080001040] R[r 0=0000000000000000] inst=[0000629c] DASM(0000629c)
C0:      23446 [1] pc=[000000008000236a] W[r 0=0000000000000000][0] R[r15=0000000000000000] R[r 0=0000000000000000] inst=[0000dffd] DASM(0000dffd)
C0:      23447 [1] pc=[0000000080002368] W[r15=0000000000000000][1] R[r13=0000000080001040] R[r 0=0000000000000000] inst=[0000629c] DASM(0000629c)
C0:      23449 [1] pc=[000000008000236a] W[r 0=0000000000000000][0] R[r15=0000000000000000] R[r 0=0000000000000000] inst=[0000dffd] DASM(0000dffd)
C0:      23450 [1] pc=[0000000080002368] W[r15=0000000000000000][1] R[r13=0000000080001040] R[r 0=0000000000000000] inst=[0000629c] DASM(0000629c)
C0:      23452 [1] pc=[000000008000236a] W[r 0=0000000000000000][0] R[r15=0000000000000000] R[r 0=0000000000000000] inst=[0000dffd] DASM(0000dffd)
C0:      23453 [1] pc=[0000000080002368] W[r15=0000000000000000][1] R[r13=0000000080001040] R[r 0=0000000000000000] inst=[0000629c] DASM(0000629c)
C0:      23455 [1] pc=[000000008000236a] W[r 0=0000000000000000][0] R[r15=0000000000000000] R[r 0=0000000000000000] inst=[0000dffd] DASM(0000dffd)
C0:      23456 [1] pc=[0000000080002368] W[r15=0000000000000000][1] R[r13=0000000080001040] R[r 0=0000000000000000] inst=[0000629c] DASM(0000629c)
C0:      23458 [1] pc=[000000008000236a] W[r 0=0000000000000000][0] R[r15=0000000000000000] R[r 0=0000000000000000] inst=[0000dffd] DASM(0000dffd)
C0:      23459 [1] pc=[0000000080002368] W[r15=0000000000000000][1] R[r13=0000000080001040] R[r 0=0000000000000000] inst=[0000629c] DASM(0000629c)
C0:      23461 [1] pc=[000000008000236a] W[r 0=0000000000000000][0] R[r15=0000000000000000] R[r 0=0000000000000000] inst=[0000dffd] DASM(0000dffd)
C0:      23462 [1] pc=[0000000080002368] W[r15=0000000000000000][1] R[r13=0000000080001040] R[r 0=0000000000000000] inst=[0000629c] DASM(0000629c)
C0:      23464 [1] pc=[000000008000236a] W[r 0=0000000000000000][0] R[r15=0000000000000000] R[r 0=0000000000000000] inst=[0000dffd] DASM(0000dffd)
C0:      23465 [1] pc=[0000000080002368] W[r15=0000000000000000][1] R[r13=0000000080001040] R[r 0=0000000000000000] inst=[0000629c] DASM(0000629c)
C0:      23467 [1] pc=[000000008000236a] W[r 0=0000000000000000][0] R[r15=0000000000000000] R[r 0=0000000000000000] inst=[0000dffd] DASM(0000dffd)
C0:      23468 [1] pc=[0000000080002368] W[r15=0000000000000000][1] R[r13=0000000080001040] R[r 0=0000000000000000] inst=[0000629c] DASM(0000629c)
C0:      23470 [1] pc=[000000008000236a] W[r 0=0000000000000000][0] R[r15=0000000000000000] R[r 0=0000000000000000] inst=[0000dffd] DASM(0000dffd)
C0:      23471 [1] pc=[0000000080002368] W[r15=0000000000000000][1] R[r13=0000000080001040] R[r 0=0000000000000000] inst=[0000629c] DASM(0000629c)
C0:      23473 [1] pc=[000000008000236a] W[r 0=0000000000000000][0] R[r15=0000000000000000] R[r 0=0000000000000000] inst=[0000dffd] DASM(0000dffd)
C0:      23474 [1] pc=[0000000080002368] W[r15=0000000000000000][1] R[r13=0000000080001040] R[r 0=0000000000000000] inst=[0000629c] DASM(0000629c)
C0:      23476 [1] pc=[000000008000236a] W[r 0=0000000000000000][0] R[r15=0000000000000000] R[r 0=0000000000000000] inst=[0000dffd] DASM(0000dffd)
C0:      23477 [1] pc=[0000000080002368] W[r15=0000000000000000][1] R[r13=0000000080001040] R[r 0=0000000000000000] inst=[0000629c] DASM(0000629c)
C0:      23479 [1] pc=[000000008000236a] W[r 0=0000000000000000][0] R[r15=0000000000000000] R[r 0=0000000000000000] inst=[0000dffd] DASM(0000dffd)
C0:      23480 [1] pc=[0000000080002368] W[r15=0000000000000000][1] R[r13=0000000080001040] R[r 0=0000000000000000] inst=[0000629c] DASM(0000629c)
C0:      23482 [1] pc=[000000008000236a] W[r 0=0000000000000000][0] R[r15=0000000000000000] R[r 0=0000000000000000] inst=[0000dffd] DASM(0000dffd)
C0:      23483 [1] pc=[0000000080002368] W[r15=0000000000000000][1] R[r13=0000000080001040] R[r 0=0000000000000000] inst=[0000629c] DASM(0000629c)
C0:      23485 [1] pc=[000000008000236a] W[r 0=0000000000000000][0] R[r15=0000000000000000] R[r 0=0000000000000000] inst=[0000dffd] DASM(0000dffd)
C0:      23486 [1] pc=[0000000080002368] W[r15=0000000000000000][1] R[r13=0000000080001040] R[r 0=0000000000000000] inst=[0000629c] DASM(0000629c)
C0:      23488 [1] pc=[000000008000236a] W[r 0=0000000000000000][0] R[r15=0000000000000000] R[r 0=0000000000000000] inst=[0000dffd] DASM(0000dffd)
C0:      23489 [1] pc=[0000000080002368] W[r15=0000000000000000][1] R[r13=0000000080001040] R[r 0=0000000000000000] inst=[0000629c] DASM(0000629c)
C0:      23491 [1] pc=[000000008000236a] W[r 0=0000000000000000][0] R[r15=0000000000000000] R[r 0=0000000000000000] inst=[0000dffd] DASM(0000dffd)
C0:      23492 [1] pc=[0000000080002368] W[r15=0000000000000000][1] R[r13=0000000080001040] R[r 0=0000000000000000] inst=[0000629c] DASM(0000629c)
C0:      23494 [1] pc=[000000008000236a] W[r 0=0000000000000000][0] R[r15=0000000000000000] R[r 0=0000000000000000] inst=[0000dffd] DASM(0000dffd)
C0:      23495 [1] pc=[0000000080002368] W[r15=0000000000000000][1] R[r13=0000000080001040] R[r 0=0000000000000000] inst=[0000629c] DASM(0000629c)
C0:      23497 [1] pc=[000000008000236a] W[r 0=0000000000000000][0] R[r15=0000000000000000] R[r 0=0000000000000000] inst=[0000dffd] DASM(0000dffd)
C0:      23498 [1] pc=[0000000080002368] W[r15=0000000000000000][1] R[r13=0000000080001040] R[r 0=0000000000000000] inst=[0000629c] DASM(0000629c)
C0:      23500 [1] pc=[000000008000236a] W[r 0=0000000000000000][0] R[r15=0000000000000000] R[r 0=0000000000000000] inst=[0000dffd] DASM(0000dffd)
C0:      23501 [1] pc=[0000000080002368] W[r15=0000000000000000][1] R[r13=0000000080001040] R[r 0=0000000000000000] inst=[0000629c] DASM(0000629c)
C0:      23503 [1] pc=[000000008000236a] W[r 0=0000000000000000][0] R[r15=0000000000000000] R[r 0=0000000000000000] inst=[0000dffd] DASM(0000dffd)
C0:      23504 [1] pc=[0000000080002368] W[r15=0000000000000000][1] R[r13=0000000080001040] R[r 0=0000000000000000] inst=[0000629c] DASM(0000629c)
C0:      23506 [1] pc=[000000008000236a] W[r 0=0000000000000000][0] R[r15=0000000000000000] R[r 0=0000000000000000] inst=[0000dffd] DASM(0000dffd)
C0:      23507 [1] pc=[0000000080002368] W[r15=0000000000000000][1] R[r13=0000000080001040] R[r 0=0000000000000000] inst=[0000629c] DASM(0000629c)
C0:      23509 [1] pc=[000000008000236a] W[r 0=0000000000000000][0] R[r15=0000000000000000] R[r 0=0000000000000000] inst=[0000dffd] DASM(0000dffd)
C0:      23510 [1] pc=[0000000080002368] W[r15=0000000000000000][1] R[r13=0000000080001040] R[r 0=0000000000000000] inst=[0000629c] DASM(0000629c)
C0:      23512 [1] pc=[000000008000236a] W[r 0=0000000000000000][0] R[r15=0000000000000000] R[r 0=0000000000000000] inst=[0000dffd] DASM(0000dffd)
C0:      23513 [1] pc=[0000000080002368] W[r15=0000000000000000][1] R[r13=0000000080001040] R[r 0=0000000000000000] inst=[0000629c] DASM(0000629c)
C0:      23515 [1] pc=[000000008000236a] W[r 0=0000000000000000][0] R[r15=0000000000000000] R[r 0=0000000000000000] inst=[0000dffd] DASM(0000dffd)
C0:      23516 [1] pc=[0000000080002368] W[r15=0000000000000000][1] R[r13=0000000080001040] R[r 0=0000000000000000] inst=[0000629c] DASM(0000629c)
C0:      23518 [1] pc=[000000008000236a] W[r 0=0000000000000000][0] R[r15=0000000000000000] R[r 0=0000000000000000] inst=[0000dffd] DASM(0000dffd)
C0:      23519 [1] pc=[0000000080002368] W[r15=0000000000000000][1] R[r13=0000000080001040] R[r 0=0000000000000000] inst=[0000629c] DASM(0000629c)
C0:      23521 [1] pc=[000000008000236a] W[r 0=0000000000000000][0] R[r15=0000000000000000] R[r 0=0000000000000000] inst=[0000dffd] DASM(0000dffd)
C0:      23522 [1] pc=[0000000080002368] W[r15=0000000000000000][1] R[r13=0000000080001040] R[r 0=0000000000000000] inst=[0000629c] DASM(0000629c)
C0:      23524 [1] pc=[000000008000236a] W[r 0=0000000000000000][0] R[r15=0000000000000000] R[r 0=0000000000000000] inst=[0000dffd] DASM(0000dffd)
C0:      23525 [1] pc=[0000000080002368] W[r15=0000000000000000][1] R[r13=0000000080001040] R[r 0=0000000000000000] inst=[0000629c] DASM(0000629c)
C0:      23527 [1] pc=[000000008000236a] W[r 0=0000000000000000][0] R[r15=0000000000000000] R[r 0=0000000000000000] inst=[0000dffd] DASM(0000dffd)
C0:      23528 [1] pc=[0000000080002368] W[r15=0000000000000000][1] R[r13=0000000080001040] R[r 0=0000000000000000] inst=[0000629c] DASM(0000629c)
C0:      23530 [1] pc=[000000008000236a] W[r 0=0000000000000000][0] R[r15=0000000000000000] R[r 0=0000000000000000] inst=[0000dffd] DASM(0000dffd)
C0:      23531 [1] pc=[0000000080002368] W[r15=0000000000000000][1] R[r13=0000000080001040] R[r 0=0000000000000000] inst=[0000629c] DASM(0000629c)
C0:      23533 [1] pc=[000000008000236a] W[r 0=0000000000000000][0] R[r15=0000000000000000] R[r 0=0000000000000000] inst=[0000dffd] DASM(0000dffd)
C0:      23534 [1] pc=[0000000080002368] W[r15=0000000000000000][1] R[r13=0000000080001040] R[r 0=0000000000000000] inst=[0000629c] DASM(0000629c)
C0:      23536 [1] pc=[000000008000236a] W[r 0=0000000000000000][0] R[r15=0000000000000000] R[r 0=0000000000000000] inst=[0000dffd] DASM(0000dffd)
C0:      23537 [1] pc=[0000000080002368] W[r15=0000000000000000][1] R[r13=0000000080001040] R[r 0=0000000000000000] inst=[0000629c] DASM(0000629c)
C0:      23539 [1] pc=[000000008000236a] W[r 0=0000000000000000][0] R[r15=0000000000000000] R[r 0=0000000000000000] inst=[0000dffd] DASM(0000dffd)
C0:      23540 [1] pc=[0000000080002368] W[r15=0000000000000000][1] R[r13=0000000080001040] R[r 0=0000000000000000] inst=[0000629c] DASM(0000629c)
C0:      23542 [1] pc=[000000008000236a] W[r 0=0000000000000000][0] R[r15=0000000000000000] R[r 0=0000000000000000] inst=[0000dffd] DASM(0000dffd)
C0:      23543 [1] pc=[0000000080002368] W[r15=0000000000000000][1] R[r13=0000000080001040] R[r 0=0000000000000000] inst=[0000629c] DASM(0000629c)
C0:      23545 [1] pc=[000000008000236a] W[r 0=0000000000000000][0] R[r15=0000000000000000] R[r 0=0000000000000000] inst=[0000dffd] DASM(0000dffd)
C0:      23546 [1] pc=[0000000080002368] W[r15=0000000000000000][1] R[r13=0000000080001040] R[r 0=0000000000000000] inst=[0000629c] DASM(0000629c)
C0:      23548 [1] pc=[000000008000236a] W[r 0=0000000000000000][0] R[r15=0000000000000000] R[r 0=0000000000000000] inst=[0000dffd] DASM(0000dffd)
C0:      23549 [1] pc=[0000000080002368] W[r15=0000000000000000][1] R[r13=0000000080001040] R[r 0=0000000000000000] inst=[0000629c] DASM(0000629c)
C0:      23551 [1] pc=[000000008000236a] W[r 0=0000000000000000][0] R[r15=0000000000000000] R[r 0=0000000000000000] inst=[0000dffd] DASM(0000dffd)
C0:      23552 [1] pc=[0000000080002368] W[r15=0000000000000000][1] R[r13=0000000080001040] R[r 0=0000000000000000] inst=[0000629c] DASM(0000629c)
C0:      23554 [1] pc=[000000008000236a] W[r 0=0000000000000000][0] R[r15=0000000000000000] R[r 0=0000000000000000] inst=[0000dffd] DASM(0000dffd)
C0:      23555 [1] pc=[0000000080002368] W[r15=0000000000000000][1] R[r13=0000000080001040] R[r 0=0000000000000000] inst=[0000629c] DASM(0000629c)
C0:      23557 [1] pc=[000000008000236a] W[r 0=0000000000000000][0] R[r15=0000000000000000] R[r 0=0000000000000000] inst=[0000dffd] DASM(0000dffd)
C0:      23558 [1] pc=[0000000080002368] W[r15=0000000000000000][1] R[r13=0000000080001040] R[r 0=0000000000000000] inst=[0000629c] DASM(0000629c)
C0:      23560 [1] pc=[000000008000236a] W[r 0=0000000000000000][0] R[r15=0000000000000000] R[r 0=0000000000000000] inst=[0000dffd] DASM(0000dffd)
C0:      23561 [1] pc=[0000000080002368] W[r15=0000000000000000][1] R[r13=0000000080001040] R[r 0=0000000000000000] inst=[0000629c] DASM(0000629c)
C0:      23563 [1] pc=[000000008000236a] W[r 0=0000000000000000][0] R[r15=0000000000000000] R[r 0=0000000000000000] inst=[0000dffd] DASM(0000dffd)
C0:      23564 [1] pc=[0000000080002368] W[r15=0000000000000000][1] R[r13=0000000080001040] R[r 0=0000000000000000] inst=[0000629c] DASM(0000629c)
C0:      23566 [1] pc=[000000008000236a] W[r 0=0000000000000000][0] R[r15=0000000000000000] R[r 0=0000000000000000] inst=[0000dffd] DASM(0000dffd)
C0:      23567 [1] pc=[0000000080002368] W[r15=0000000000000000][1] R[r13=0000000080001040] R[r 0=0000000000000000] inst=[0000629c] DASM(0000629c)
C0:      23569 [1] pc=[000000008000236a] W[r 0=0000000000000000][0] R[r15=0000000000000000] R[r 0=0000000000000000] inst=[0000dffd] DASM(0000dffd)
C0:      23570 [1] pc=[0000000080002368] W[r15=0000000000000000][1] R[r13=0000000080001040] R[r 0=0000000000000000] inst=[0000629c] DASM(0000629c)
C0:      23572 [1] pc=[000000008000236a] W[r 0=0000000000000000][0] R[r15=0000000000000000] R[r 0=0000000000000000] inst=[0000dffd] DASM(0000dffd)
C0:      23573 [1] pc=[0000000080002368] W[r15=0000000000000000][1] R[r13=0000000080001040] R[r 0=0000000000000000] inst=[0000629c] DASM(0000629c)
C0:      23575 [1] pc=[000000008000236a] W[r 0=0000000000000000][0] R[r15=0000000000000000] R[r 0=0000000000000000] inst=[0000dffd] DASM(0000dffd)
C0:      23576 [1] pc=[0000000080002368] W[r15=0000000000000000][1] R[r13=0000000080001040] R[r 0=0000000000000000] inst=[0000629c] DASM(0000629c)
C0:      23578 [1] pc=[000000008000236a] W[r 0=0000000000000000][0] R[r15=0000000000000000] R[r 0=0000000000000000] inst=[0000dffd] DASM(0000dffd)
C0:      23579 [1] pc=[0000000080002368] W[r15=0000000000000000][1] R[r13=0000000080001040] R[r 0=0000000000000000] inst=[0000629c] DASM(0000629c)
C0:      23581 [1] pc=[000000008000236a] W[r 0=0000000000000000][0] R[r15=0000000000000000] R[r 0=0000000000000000] inst=[0000dffd] DASM(0000dffd)
C0:      23582 [1] pc=[0000000080002368] W[r15=0000000000000000][1] R[r13=0000000080001040] R[r 0=0000000000000000] inst=[0000629c] DASM(0000629c)
C0:      23584 [1] pc=[000000008000236a] W[r 0=0000000000000000][0] R[r15=0000000000000000] R[r 0=0000000000000000] inst=[0000dffd] DASM(0000dffd)
C0:      23585 [1] pc=[0000000080002368] W[r15=0000000000000000][1] R[r13=0000000080001040] R[r 0=0000000000000000] inst=[0000629c] DASM(0000629c)
C0:      23587 [1] pc=[000000008000236a] W[r 0=0000000000000000][0] R[r15=0000000000000000] R[r 0=0000000000000000] inst=[0000dffd] DASM(0000dffd)
C0:      23588 [1] pc=[0000000080002368] W[r15=0000000000000000][1] R[r13=0000000080001040] R[r 0=0000000000000000] inst=[0000629c] DASM(0000629c)
C0:      23590 [1] pc=[000000008000236a] W[r 0=0000000000000000][0] R[r15=0000000000000000] R[r 0=0000000000000000] inst=[0000dffd] DASM(0000dffd)
C0:      23591 [1] pc=[0000000080002368] W[r15=0000000000000000][1] R[r13=0000000080001040] R[r 0=0000000000000000] inst=[0000629c] DASM(0000629c)
C0:      23593 [1] pc=[000000008000236a] W[r 0=0000000000000000][0] R[r15=0000000000000000] R[r 0=0000000000000000] inst=[0000dffd] DASM(0000dffd)
C0:      23594 [1] pc=[0000000080002368] W[r15=0000000000000000][1] R[r13=0000000080001040] R[r 0=0000000000000000] inst=[0000629c] DASM(0000629c)
C0:      23596 [1] pc=[000000008000236a] W[r 0=0000000000000000][0] R[r15=0000000000000000] R[r 0=0000000000000000] inst=[0000dffd] DASM(0000dffd)
C0:      23597 [1] pc=[0000000080002368] W[r15=0000000000000000][1] R[r13=0000000080001040] R[r 0=0000000000000000] inst=[0000629c] DASM(0000629c)
C0:      23599 [1] pc=[000000008000236a] W[r 0=0000000000000000][0] R[r15=0000000000000000] R[r 0=0000000000000000] inst=[0000dffd] DASM(0000dffd)
C0:      23600 [1] pc=[0000000080002368] W[r15=0000000000000000][1] R[r13=0000000080001040] R[r 0=0000000000000000] inst=[0000629c] DASM(0000629c)
C0:      23602 [1] pc=[000000008000236a] W[r 0=0000000000000000][0] R[r15=0000000000000000] R[r 0=0000000000000000] inst=[0000dffd] DASM(0000dffd)
C0:      23603 [1] pc=[0000000080002368] W[r15=0000000000000000][1] R[r13=0000000080001040] R[r 0=0000000000000000] inst=[0000629c] DASM(0000629c)
C0:      23605 [1] pc=[000000008000236a] W[r 0=0000000000000000][0] R[r15=0000000000000000] R[r 0=0000000000000000] inst=[0000dffd] DASM(0000dffd)
C0:      23606 [1] pc=[0000000080002368] W[r15=0000000000000000][1] R[r13=0000000080001040] R[r 0=0000000000000000] inst=[0000629c] DASM(0000629c)
C0:      23608 [1] pc=[000000008000236a] W[r 0=0000000000000000][0] R[r15=0000000000000000] R[r 0=0000000000000000] inst=[0000dffd] DASM(0000dffd)
C0:      23621 [1] pc=[0000000080002368] W[r15=0000000000000000][1] R[r13=0000000080001040] R[r 0=0000000000000000] inst=[0000629c] DASM(0000629c)
C0:      23623 [1] pc=[000000008000236a] W[r 0=0000000000000000][0] R[r15=0000000000000000] R[r 0=0000000000000000] inst=[0000dffd] DASM(0000dffd)
C0:      23624 [1] pc=[0000000080002368] W[r15=0000000000000000][1] R[r13=0000000080001040] R[r 0=0000000000000000] inst=[0000629c] DASM(0000629c)
C0:      23626 [1] pc=[000000008000236a] W[r 0=0000000000000000][0] R[r15=0000000000000000] R[r 0=0000000000000000] inst=[0000dffd] DASM(0000dffd)
C0:      23627 [1] pc=[0000000080002368] W[r15=0000000000000000][1] R[r13=0000000080001040] R[r 0=0000000000000000] inst=[0000629c] DASM(0000629c)
C0:      23629 [1] pc=[000000008000236a] W[r 0=0000000000000000][0] R[r15=0000000000000000] R[r 0=0000000000000000] inst=[0000dffd] DASM(0000dffd)
C0:      23630 [1] pc=[0000000080002368] W[r15=0000000000000000][1] R[r13=0000000080001040] R[r 0=0000000000000000] inst=[0000629c] DASM(0000629c)
C0:      23632 [1] pc=[000000008000236a] W[r 0=0000000000000000][0] R[r15=0000000000000000] R[r 0=0000000000000000] inst=[0000dffd] DASM(0000dffd)
C0:      23633 [1] pc=[0000000080002368] W[r15=0000000000000000][1] R[r13=0000000080001040] R[r 0=0000000000000000] inst=[0000629c] DASM(0000629c)
C0:      23635 [1] pc=[000000008000236a] W[r 0=0000000000000000][0] R[r15=0000000000000000] R[r 0=0000000000000000] inst=[0000dffd] DASM(0000dffd)
C0:      23636 [1] pc=[0000000080002368] W[r15=0000000000000000][1] R[r13=0000000080001040] R[r 0=0000000000000000] inst=[0000629c] DASM(0000629c)
C0:      23638 [1] pc=[000000008000236a] W[r 0=0000000000000000][0] R[r15=0000000000000000] R[r 0=0000000000000000] inst=[0000dffd] DASM(0000dffd)
C0:      23639 [1] pc=[0000000080002368] W[r15=0000000000000000][1] R[r13=0000000080001040] R[r 0=0000000000000000] inst=[0000629c] DASM(0000629c)
C0:      23641 [1] pc=[000000008000236a] W[r 0=0000000000000000][0] R[r15=0000000000000000] R[r 0=0000000000000000] inst=[0000dffd] DASM(0000dffd)
C0:      23642 [1] pc=[0000000080002368] W[r15=0000000000000000][1] R[r13=0000000080001040] R[r 0=0000000000000000] inst=[0000629c] DASM(0000629c)
C0:      23644 [1] pc=[000000008000236a] W[r 0=0000000000000000][0] R[r15=0000000000000000] R[r 0=0000000000000000] inst=[0000dffd] DASM(0000dffd)
C0:      23645 [1] pc=[0000000080002368] W[r15=0000000000000000][1] R[r13=0000000080001040] R[r 0=0000000000000000] inst=[0000629c] DASM(0000629c)
C0:      23647 [1] pc=[000000008000236a] W[r 0=0000000000000000][0] R[r15=0000000000000000] R[r 0=0000000000000000] inst=[0000dffd] DASM(0000dffd)
C0:      23648 [1] pc=[0000000080002368] W[r15=0000000000000000][1] R[r13=0000000080001040] R[r 0=0000000000000000] inst=[0000629c] DASM(0000629c)
C0:      23650 [1] pc=[000000008000236a] W[r 0=0000000000000000][0] R[r15=0000000000000000] R[r 0=0000000000000000] inst=[0000dffd] DASM(0000dffd)
C0:      23668 [1] pc=[0000000080002368] W[r15=0000000000000001][1] R[r13=0000000080001040] R[r 0=0000000000000000] inst=[0000629c] DASM(0000629c)
C0:      23670 [1] pc=[000000008000236a] W[r 0=0000000000000000][0] R[r15=0000000000000001] R[r 0=0000000000000000] inst=[0000dffd] DASM(0000dffd)
C0:      23674 [1] pc=[000000008000236c] W[r15=000000008000136c][1] R[r 0=0000000000000000] R[r 0=0000000000000000] inst=[fffff797] DASM(fffff797)
C0:      23675 [1] pc=[0000000080002370] W[r 0=0000000000000000][0] R[r15=000000008000136c] R[r 0=0000000000000000] inst=[cc07ba23] DASM(cc07ba23)
C0:      23676 [1] pc=[0000000080002374] W[r 0=0000000000000000][0] R[r 0=0000000000000000] R[r 0=0000000000000000] inst=[0ff0000f] DASM(0ff0000f)
C0:      23679 [1] pc=[0000000080002378] W[r 0=0000000000000000][0] R[r 4=00000000800029c0] R[r 0=0000000000000000] inst=[04022023] DASM(04022023)
C0:      23693 [1] pc=[000000008000237c] W[r15=0000000000000014][1] R[r14=00000000800225c0] R[r 0=0000000000000000] inst=[0000631c] DASM(0000631c)
C0:      23694 [1] pc=[000000008000237e] W[r10=0000000000000000][1] R[r 0=0000000000000000] R[r 0=0000000000000000] inst=[00004501] DASM(00004501)
C0:      23695 [1] pc=[0000000080002380] W[r 2=0000000080022630][1] R[r 2=00000000800225c0] R[r 0=0000000000000000] inst=[00006165] DASM(00006165)
C0:      23696 [1] pc=[0000000080002382] W[r 0=0000000080002384][1] R[r 1=0000000080002062] R[r 0=0000000000000000] inst=[00008082] DASM(00008082)
C0:      23697 [1] pc=[0000000080002062] W[r10=0000000000000000][1] R[r 8=00000000800027e1] R[r 0=0000000000000000] inst=[00044503] DASM(00044503)
C0:      23700 [1] pc=[0000000080002066] W[r 0=0000000000000000][0] R[r10=0000000000000000] R[r20=0000000000000025] inst=[ff451ae3] DASM(ff451ae3)
C0:      23701 [1] pc=[000000008000205a] W[r 0=0000000000000000][0] R[r10=0000000000000000] R[r 0=0000000000000000] inst=[0000cd1d] DASM(0000cd1d)
C0:      23705 [1] pc=[0000000080002098] W[r 1=00000000800024c4][1] R[r 2=0000000080022630] R[r 0=0000000000000000] inst=[000070b6] DASM(000070b6)
C0:      23706 [1] pc=[000000008000209a] W[r 8=00000000000045d3][1] R[r 2=0000000080022630] R[r 0=0000000000000000] inst=[00007416] DASM(00007416)
C0:      23707 [1] pc=[000000008000209c] W[r 9=0000000000000000][1] R[r 2=0000000080022630] R[r 0=0000000000000000] inst=[000064f6] DASM(000064f6)
C0:      23708 [1] pc=[000000008000209e] W[r18=0000000000000001][1] R[r 2=0000000080022630] R[r 0=0000000000000000] inst=[00006956] DASM(00006956)
C0:      23709 [1] pc=[00000000800020a0] W[r19=0000000000000000][1] R[r 2=0000000080022630] R[r 0=0000000000000000] inst=[000069b6] DASM(000069b6)
C0:      23710 [1] pc=[00000000800020a2] W[r20=00000000800029c0][1] R[r 2=0000000080022630] R[r 0=0000000000000000] inst=[00006a16] DASM(00006a16)
C0:      23711 [1] pc=[00000000800020a4] W[r21=00000000800029c0][1] R[r 2=0000000080022630] R[r 0=0000000000000000] inst=[00007af2] DASM(00007af2)
C0:      23712 [1] pc=[00000000800020a6] W[r22=0000000000000000][1] R[r 2=0000000080022630] R[r 0=0000000000000000] inst=[00007b52] DASM(00007b52)
C0:      23713 [1] pc=[00000000800020a8] W[r23=0000000000000000][1] R[r 2=0000000080022630] R[r 0=0000000000000000] inst=[00007bb2] DASM(00007bb2)
C0:      23714 [1] pc=[00000000800020aa] W[r24=0000000000000000][1] R[r 2=0000000080022630] R[r 0=0000000000000000] inst=[00007c12] DASM(00007c12)
C0:      23715 [1] pc=[00000000800020ac] W[r25=0000000000000000][1] R[r 2=0000000080022630] R[r 0=0000000000000000] inst=[00006cf2] DASM(00006cf2)
C0:      23716 [1] pc=[00000000800020ae] W[r26=0000000000000000][1] R[r 2=0000000080022630] R[r 0=0000000000000000] inst=[00006d52] DASM(00006d52)
C0:      23717 [1] pc=[00000000800020b0] W[r27=0000000000000000][1] R[r 2=0000000080022630] R[r 0=0000000000000000] inst=[00006db2] DASM(00006db2)
C0:      23718 [1] pc=[00000000800020b2] W[r 2=00000000800227a0][1] R[r 2=0000000080022630] R[r 0=0000000000000000] inst=[00006175] DASM(00006175)
C0:      23719 [1] pc=[00000000800020b4] W[r 0=00000000800020b6][1] R[r 1=00000000800024c4] R[r 0=0000000000000000] inst=[00008082] DASM(00008082)
C0:      23723 [1] pc=[00000000800024c4] W[r 1=0000000080002794][1] R[r 2=00000000800227a0] R[r 0=0000000000000000] inst=[000060e2] DASM(000060e2)
C0:      23724 [1] pc=[00000000800024c6] W[r10=0000000000000000][1] R[r 0=0000000000000000] R[r 0=0000000000000000] inst=[00004501] DASM(00004501)
C0:      23725 [1] pc=[00000000800024c8] W[r 2=0000000080022800][1] R[r 2=00000000800227a0] R[r 0=0000000000000000] inst=[00006125] DASM(00006125)
C0:      23726 [1] pc=[00000000800024ca] W[r 0=00000000800024cc][1] R[r 1=0000000080002794] R[r 0=0000000000000000] inst=[00008082] DASM(00008082)
C0:      23730 [1] pc=[0000000080002794] W[r10=0000000000000000][1] R[r 0=0000000000000000] R[r 0=0000000000000000] inst=[00004501] DASM(00004501)
C0:      23731 [1] pc=[0000000080002796] W[r 1=000000008000279a][1] R[r 0=0000000000000000] R[r 0=0000000000000000] inst=[c4fff0ef] DASM(c4fff0ef)
C0:      23762 [1] pc=[00000000800023e4] W[r 2=00000000800227f0][1] R[r 2=0000000080022800] R[r 0=0000000000000000] inst=[00001141] DASM(00001141)
C0:      23763 [1] pc=[00000000800023e6] W[r 0=0000000000000000][0] R[r 2=00000000800227f0] R[r 1=000000008000279a] inst=[0000e406] DASM(0000e406)
C0:      23764 [1] pc=[00000000800023e8] W[r 1=00000000800023ec][1] R[r 0=0000000000000000] R[r 0=0000000000000000] inst=[fdbff0ef] DASM(fdbff0ef)
C0:      23766 [1] pc=[00000000800023c2] W[r15=0000000000000000][1] R[r10=0000000000000000] R[r 0=0000000000000000] inst=[00151793] DASM(00151793)
C0:      23767 [1] pc=[00000000800023c6] W[r15=0000000000000001][1] R[r15=0000000000000000] R[r 0=0000000000000000] inst=[0017e793] DASM(0017e793)
C0:      23768 [1] pc=[00000000800023ca] W[r14=00000000800013ca][1] R[r 0=0000000000000000] R[r 0=0000000000000000] inst=[fffff717] DASM(fffff717)
C0:      23782 [1] pc=[00000000800023ce] W[r 0=0000000000000000][0] R[r14=00000000800013ca] R[r15=0000000000000001] inst=[c2f73b23] DASM(c2f73b23)
C0:      23783 [1] pc=[00000000800023d2] W[r 0=00000000800023d4][1] R[r 0=0000000000000000] R[r 0=0000000000000000] inst=[0000a001] DASM(0000a001)
C0:      23784 [1] pc=[00000000800023d2] W[r 0=00000000800023d4][1] R[r 0=0000000000000000] R[r 0=0000000000000000] inst=[0000a001] DASM(0000a001)
C0:      23785 [1] pc=[00000000800023d2] W[r 0=00000000800023d4][1] R[r 0=0000000000000000] R[r 0=0000000000000000] inst=[0000a001] DASM(0000a001)
C0:      23786 [1] pc=[00000000800023d2] W[r 0=00000000800023d4][1] R[r 0=0000000000000000] R[r 0=0000000000000000] inst=[0000a001] DASM(0000a001)
C0:      23787 [1] pc=[00000000800023d2] W[r 0=00000000800023d4][1] R[r 0=0000000000000000] R[r 0=0000000000000000] inst=[0000a001] DASM(0000a001)
C0:      23788 [1] pc=[00000000800023d2] W[r 0=00000000800023d4][1] R[r 0=0000000000000000] R[r 0=0000000000000000] inst=[0000a001] DASM(0000a001)
C0:      23789 [1] pc=[00000000800023d2] W[r 0=00000000800023d4][1] R[r 0=0000000000000000] R[r 0=0000000000000000] inst=[0000a001] DASM(0000a001)
C0:      23791 [1] pc=[00000000800023d2] W[r 0=00000000800023d4][1] R[r 0=0000000000000000] R[r 0=0000000000000000] inst=[0000a001] DASM(0000a001)
C0:      23793 [1] pc=[00000000800023d2] W[r 0=00000000800023d4][1] R[r 0=0000000000000000] R[r 0=0000000000000000] inst=[0000a001] DASM(0000a001)
C0:      23795 [1] pc=[00000000800023d2] W[r 0=00000000800023d4][1] R[r 0=0000000000000000] R[r 0=0000000000000000] inst=[0000a001] DASM(0000a001)
C0:      23797 [1] pc=[00000000800023d2] W[r 0=00000000800023d4][1] R[r 0=0000000000000000] R[r 0=0000000000000000] inst=[0000a001] DASM(0000a001)
C0:      23799 [1] pc=[00000000800023d2] W[r 0=00000000800023d4][1] R[r 0=0000000000000000] R[r 0=0000000000000000] inst=[0000a001] DASM(0000a001)
C0:      23801 [1] pc=[00000000800023d2] W[r 0=00000000800023d4][1] R[r 0=0000000000000000] R[r 0=0000000000000000] inst=[0000a001] DASM(0000a001)
C0:      23803 [1] pc=[00000000800023d2] W[r 0=00000000800023d4][1] R[r 0=0000000000000000] R[r 0=0000000000000000] inst=[0000a001] DASM(0000a001)
C0:      23805 [1] pc=[00000000800023d2] W[r 0=00000000800023d4][1] R[r 0=0000000000000000] R[r 0=0000000000000000] inst=[0000a001] DASM(0000a001)
C0:      23807 [1] pc=[00000000800023d2] W[r 0=00000000800023d4][1] R[r 0=0000000000000000] R[r 0=0000000000000000] inst=[0000a001] DASM(0000a001)
*** PASSED *** Completed after               762756 simulation cycles
*Verdi* : fsdbDumpoff - All FSDB files at 762,755,500 ps.
$finish called from file "/scratch/jfwang/power-prediction/power-mappings-chipyard/generators/rocket-chip/src/main/resources/vsrc/TestDriver.v", line 158.
$finish at simulation time            762755500
           V C S   S i m u l a t i o n   R e p o r t
Time: 762755500 ps
CPU Time:     13.930 seconds;       Data structure size:   7.8Mb
Thu Apr 18 22:27:06 2024
[96m[sim] Pausing tool execution after 'run_simulation' due to pause hook[0m
Action sim config output written to output.json
